Mesh,z,x,y,r,T,Vol
0,1,-0.0024925374891609,-7.83312498242595e-05,0.00249376801639036,293.230987548828,1.17499446297597e-11
0,1,-0.00234268500935286,-7.36217516532633e-05,0.00234384155082273,293.313995361328,1.10431471098299e-11
0,1,-0.00248269998701289,-0.000234684252063744,0.00249376741571473,293.230987548828,1.17496018629164e-11
0,1,-0.0023334400029853,-0.000220574755076086,0.00234384203181633,293.313995361328,1.104322655006e-11
0,1,-0.00246306753251702,-0.000390111250453629,0.0024937699287364,293.230987548828,1.17492814150892e-11
0,1,-0.00231498753419146,-0.000366657754057087,0.00234384410575278,293.313995361328,1.10437122595882e-11
0,1,-0.00243371247779578,-0.00054399899818236,0.00249377050560036,293.230987548828,1.17497341906738e-11
0,1,-0.00228739500744268,-0.000511293757881504,0.00234384240658844,293.313995361328,1.10437032646933e-11
0,1,-0.00239475246053189,-0.000695739494403824,0.00249377079766703,293.230987548828,1.17497567890148e-11
0,1,-0.0022507774992846,-0.000653911512927152,0.00234384291667008,293.313995361328,1.10433308252932e-11
0,1,-0.00234634248772636,-0.000844733993289992,0.00249377196012979,293.230987548828,1.1749905587723e-11
0,1,-0.00220527750207111,-0.000793948493083008,0.00234384365323496,293.313995361328,1.10435304493879e-11
0,1,-0.00228866998804733,-0.000990395259577781,0.00249377085643062,293.230987548828,1.17500368232046e-11
0,1,-0.00215107249096036,-0.000930853246245533,0.00234384313199759,293.313995361328,1.10434444634501e-11
0,1,-0.00222196499817073,-0.00113214750308543,0.00249376952059296,293.230987548828,1.17500363998127e-11
0,1,-0.00208837998798117,-0.00106408225838095,0.00234384343052204,293.313995361328,1.10426827050311e-11
0,1,-0.00214648997643963,-0.00126942998031154,0.00249376656763811,293.230987548828,1.17498783479013e-11
0,1,-0.00201744248624891,-0.0011931124900002,0.00234384120603693,293.313995361328,1.10434155187306e-11
0,1,-0.00206254498334602,-0.00140170499798842,0.00249376596931459,293.230987548828,1.1749790696673e-11
0,1,-0.00193854499957524,-0.0013174350024201,0.00234384122776689,293.313995361328,1.10428879832584e-11
0,1,-0.00197046250104904,-0.00152844999684021,0.00249376860612232,293.230987548828,1.17496674152229e-11
0,1,-0.00185200001578778,-0.00143655750434846,0.00234384332278798,293.313995361328,1.10432891001691e-11
0,1,-0.00187060251482762,-0.00164915999630466,0.00249376872662463,293.230987548828,1.17499735640539e-11
0,1,-0.00175814251997508,-0.00155000999802724,0.00234384216928716,293.313995361328,1.1043010224184e-11
0,1,-0.00176336002186872,-0.00176336002186872,0.00249376765827326,293.230987548828,1.17502163042324e-11
0,1,-0.00165734501206316,-0.00165734501206316,0.00234383979359112,293.313995361328,1.10430907212796e-11
0,1,-0.00164915999630466,-0.00187060251482762,0.00249376872662463,293.230987548828,1.17499735640539e-11
0,1,-0.00155000999802724,-0.00175814251997508,0.00234384216928716,293.313995361328,1.1043010224184e-11
0,1,-0.00152844999684021,-0.00197046250104904,0.00249376860612232,293.230987548828,1.17496674152229e-11
0,1,-0.00143655750434846,-0.00185200001578778,0.00234384332278798,293.313995361328,1.10432891001691e-11
0,1,-0.00140170499798842,-0.00206254498334602,0.00249376596931459,293.230987548828,1.1749790696673e-11
0,1,-0.0013174350024201,-0.00193854499957524,0.00234384122776689,293.313995361328,1.10428879832584e-11
0,1,-0.00126942998031154,-0.00214648997643963,0.00249376656763811,293.230987548828,1.17498783479013e-11
0,1,-0.0011931124900002,-0.00201744248624891,0.00234384120603693,293.313995361328,1.10434155187306e-11
0,1,-0.00113214750308543,-0.00222196499817073,0.00249376952059296,293.230987548828,1.17500363998127e-11
0,1,-0.00106408225838095,-0.00208837998798117,0.00234384343052204,293.313995361328,1.10426827050311e-11
0,1,-0.000990395259577781,-0.00228866998804733,0.00249377085643062,293.230987548828,1.17500368232046e-11
0,1,-0.000930853246245533,-0.00215107249096036,0.00234384313199759,293.313995361328,1.10434444634501e-11
0,1,-0.000844733993289992,-0.00234634248772636,0.00249377196012979,293.230987548828,1.1749905587723e-11
0,1,-0.000793948493083008,-0.00220527750207111,0.00234384365323496,293.313995361328,1.10435304493879e-11
0,1,-0.000695739494403824,-0.00239475246053189,0.00249377079766703,293.230987548828,1.17497567890148e-11
0,1,-0.000653911512927152,-0.0022507774992846,0.00234384291667008,293.313995361328,1.10433308252932e-11
0,1,-0.00054399899818236,-0.00243371247779578,0.00249377050560036,293.230987548828,1.17497341906738e-11
0,1,-0.000511293757881504,-0.00228739500744268,0.00234384240658844,293.313995361328,1.10437032646933e-11
0,1,-0.000390111250453629,-0.00246306753251702,0.0024937699287364,293.230987548828,1.17492814150892e-11
0,1,-0.000366657754057087,-0.00231498753419146,0.00234384410575278,293.313995361328,1.10437122595882e-11
0,1,-0.000234684252063744,-0.00248269998701289,0.00249376741571473,293.230987548828,1.17496018629164e-11
0,1,-0.000220574755076086,-0.0023334400029853,0.00234384203181633,293.313995361328,1.104322655006e-11
0,1,-7.83312498242593e-05,-0.0024925374891609,0.00249376801639036,293.230987548828,1.17499446297597e-11
0,1,-7.36217516532627e-05,-0.00234268500935286,0.00234384155082273,293.313995361328,1.104314710983e-11
0,1,7.83312498242596e-05,-0.0024925374891609,0.00249376801639036,293.230987548828,1.17499446297597e-11
0,1,7.3621751653264e-05,-0.00234268500935286,0.00234384155082273,293.313995361328,1.10431471098298e-11
0,1,0.000234684252063744,-0.00248269998701289,0.00249376741571473,293.230987548828,1.17496018629164e-11
0,1,0.000220574755076086,-0.0023334400029853,0.00234384203181633,293.313995361328,1.104322655006e-11
0,1,0.000390111250453629,-0.00246306753251702,0.0024937699287364,293.230987548828,1.17492814150892e-11
0,1,0.000366657754057087,-0.00231498753419146,0.00234384410575278,293.313995361328,1.10437122595882e-11
0,1,0.00054399899818236,-0.00243371247779578,0.00249377050560036,293.230987548828,1.17497341906738e-11
0,1,0.000511293757881504,-0.00228739500744268,0.00234384240658844,293.313995361328,1.10437032646933e-11
0,1,0.000695739494403824,-0.00239475246053189,0.00249377079766703,293.230987548828,1.17497567890148e-11
0,1,0.000653911512927152,-0.0022507774992846,0.00234384291667008,293.313995361328,1.10433308252932e-11
0,1,0.000844733993289992,-0.00234634248772636,0.00249377196012979,293.230987548828,1.1749905587723e-11
0,1,0.000793948493083008,-0.00220527750207111,0.00234384365323496,293.313995361328,1.10435304493879e-11
0,1,0.000990395259577781,-0.00228866998804733,0.00249377085643062,293.230987548828,1.17500368232046e-11
0,1,0.000930853246245533,-0.00215107249096036,0.00234384313199759,293.313995361328,1.10434444634501e-11
0,1,0.00113214750308543,-0.00222196499817073,0.00249376952059296,293.230987548828,1.17500363998127e-11
0,1,0.00106408225838095,-0.00208837998798117,0.00234384343052204,293.313995361328,1.10426827050311e-11
0,1,0.00126942998031154,-0.00214648997643963,0.00249376656763811,293.230987548828,1.17498783479013e-11
0,1,0.0011931124900002,-0.00201744248624891,0.00234384120603693,293.313995361328,1.10434155187306e-11
0,1,0.00140170499798842,-0.00206254498334602,0.00249376596931459,293.230987548828,1.1749790696673e-11
0,1,0.0013174350024201,-0.00193854499957524,0.00234384122776689,293.313995361328,1.10428879832584e-11
0,1,0.00152844999684021,-0.00197046250104904,0.00249376860612232,293.230987548828,1.17496674152229e-11
0,1,0.00143655750434846,-0.00185200001578778,0.00234384332278798,293.313995361328,1.10432891001691e-11
0,1,0.00164915999630466,-0.00187060251482762,0.00249376872662463,293.230987548828,1.17499735640539e-11
0,1,0.00155000999802724,-0.00175814251997508,0.00234384216928716,293.313995361328,1.1043010224184e-11
0,1,0.00176336002186872,-0.00176336002186872,0.00249376765827326,293.230987548828,1.17502163042324e-11
0,1,0.00165734501206316,-0.00165734501206316,0.00234383979359112,293.313995361328,1.10430907212796e-11
0,1,0.00187060251482762,-0.00164915999630466,0.00249376872662463,293.230987548828,1.17499735640539e-11
0,1,0.00175814251997508,-0.00155000999802724,0.00234384216928716,293.313995361328,1.1043010224184e-11
0,1,0.00197046250104904,-0.00152844999684021,0.00249376860612232,293.230987548828,1.17496674152229e-11
0,1,0.00185200001578778,-0.00143655750434846,0.00234384332278798,293.313995361328,1.10432891001691e-11
0,1,0.00206254498334602,-0.00140170499798842,0.00249376596931459,293.230987548828,1.1749790696673e-11
0,1,0.00193854499957524,-0.0013174350024201,0.00234384122776689,293.313995361328,1.10428879832584e-11
0,1,0.00214648997643963,-0.00126942998031154,0.00249376656763811,293.230987548828,1.17498783479013e-11
0,1,0.00201744248624891,-0.0011931124900002,0.00234384120603693,293.313995361328,1.10434155187306e-11
0,1,0.00222196499817073,-0.00113214750308543,0.00249376952059296,293.230987548828,1.17500363998127e-11
0,1,0.00208837998798117,-0.00106408225838095,0.00234384343052204,293.313995361328,1.10426827050311e-11
0,1,0.00228866998804733,-0.000990395259577781,0.00249377085643062,293.230987548828,1.17500368232046e-11
0,1,0.00215107249096036,-0.000930853246245533,0.00234384313199759,293.313995361328,1.10434444634501e-11
0,1,0.00234634248772636,-0.000844733993289992,0.00249377196012979,293.230987548828,1.1749905587723e-11
0,1,0.00220527750207111,-0.000793948493083008,0.00234384365323496,293.313995361328,1.10435304493879e-11
0,1,0.00239475246053189,-0.000695739494403824,0.00249377079766703,293.230987548828,1.17497567890148e-11
0,1,0.0022507774992846,-0.000653911512927152,0.00234384291667008,293.313995361328,1.10433308252932e-11
0,1,0.00243371247779578,-0.00054399899818236,0.00249377050560036,293.230987548828,1.17497341906738e-11
0,1,0.00228739500744268,-0.000511293757881504,0.00234384240658844,293.313995361328,1.10437032646933e-11
0,1,0.00246306753251702,-0.000390111250453629,0.0024937699287364,293.230987548828,1.17492814150892e-11
0,1,0.00231498753419146,-0.000366657754057087,0.00234384410575278,293.313995361328,1.10437122595882e-11
0,1,0.00248269998701289,-0.000234684252063744,0.00249376741571473,293.230987548828,1.17496018629164e-11
0,1,0.0023334400029853,-0.000220574755076086,0.00234384203181633,293.313995361328,1.104322655006e-11
0,1,0.0024925374891609,-7.83312498242593e-05,0.00249376801639036,293.230987548828,1.17499446297597e-11
0,1,0.00234268500935286,-7.36217516532627e-05,0.00234384155082273,293.313995361328,1.104314710983e-11
0,1,0.0024925374891609,7.83312498242595e-05,0.00249376801639036,293.230987548828,1.17499446297597e-11
0,1,0.00234268500935286,7.3621751653264e-05,0.00234384155082273,293.313995361328,1.10431471098298e-11
0,1,0.00248269998701289,0.000234684252063744,0.00249376741571473,293.230987548828,1.17496018629164e-11
0,1,0.0023334400029853,0.000220574755076086,0.00234384203181633,293.313995361328,1.104322655006e-11
0,1,0.00246306753251702,0.000390111250453629,0.0024937699287364,293.230987548828,1.17492814150892e-11
0,1,0.00231498753419146,0.000366657754057087,0.00234384410575278,293.313995361328,1.10437122595882e-11
0,1,0.00243371247779578,0.00054399899818236,0.00249377050560036,293.230987548828,1.17497341906738e-11
0,1,0.00228739500744268,0.000511293757881504,0.00234384240658844,293.313995361328,1.10437032646933e-11
0,1,0.00239475246053189,0.000695739494403824,0.00249377079766703,293.230987548828,1.17497567890148e-11
0,1,0.0022507774992846,0.000653911512927152,0.00234384291667008,293.313995361328,1.10433308252932e-11
0,1,0.00234634248772636,0.000844733993289992,0.00249377196012979,293.230987548828,1.1749905587723e-11
0,1,0.00220527750207111,0.000793948493083008,0.00234384365323496,293.313995361328,1.10435304493879e-11
0,1,0.00228866998804733,0.000990395259577781,0.00249377085643062,293.230987548828,1.17500368232046e-11
0,1,0.00215107249096036,0.000930853246245533,0.00234384313199759,293.313995361328,1.10434444634501e-11
0,1,0.00222196499817073,0.00113214750308543,0.00249376952059296,293.230987548828,1.17500363998127e-11
0,1,0.00208837998798117,0.00106408225838095,0.00234384343052204,293.313995361328,1.10426827050311e-11
0,1,0.00214648997643963,0.00126942998031154,0.00249376656763811,293.230987548828,1.17498783479013e-11
0,1,0.00201744248624891,0.0011931124900002,0.00234384120603693,293.313995361328,1.10434155187306e-11
0,1,0.00206254498334602,0.00140170499798842,0.00249376596931459,293.230987548828,1.1749790696673e-11
0,1,0.00193854499957524,0.0013174350024201,0.00234384122776689,293.313995361328,1.10428879832584e-11
0,1,0.00197046250104904,0.00152844999684021,0.00249376860612232,293.230987548828,1.17496674152229e-11
0,1,0.00185200001578778,0.00143655750434846,0.00234384332278798,293.313995361328,1.10432891001691e-11
0,1,0.00187060251482762,0.00164915999630466,0.00249376872662463,293.230987548828,1.17499735640539e-11
0,1,0.00175814251997508,0.00155000999802724,0.00234384216928716,293.313995361328,1.1043010224184e-11
0,1,0.00176336002186872,0.00176336002186872,0.00249376765827326,293.230987548828,1.17502163042324e-11
0,1,0.00165734501206316,0.00165734501206316,0.00234383979359112,293.313995361328,1.10430907212796e-11
0,1,0.00164915999630466,0.00187060251482762,0.00249376872662463,293.230987548828,1.17499735640539e-11
0,1,0.00155000999802724,0.00175814251997508,0.00234384216928716,293.313995361328,1.1043010224184e-11
0,1,0.00152844999684021,0.00197046250104904,0.00249376860612232,293.230987548828,1.17496674152229e-11
0,1,0.00143655750434846,0.00185200001578778,0.00234384332278798,293.313995361328,1.10432891001691e-11
0,1,0.00140170499798842,0.00206254498334602,0.00249376596931459,293.230987548828,1.1749790696673e-11
0,1,0.0013174350024201,0.00193854499957524,0.00234384122776689,293.313995361328,1.10428879832584e-11
0,1,0.00126942998031154,0.00214648997643963,0.00249376656763811,293.230987548828,1.17498783479013e-11
0,1,0.0011931124900002,0.00201744248624891,0.00234384120603693,293.313995361328,1.10434155187306e-11
0,1,0.00113214750308543,0.00222196499817073,0.00249376952059296,293.230987548828,1.17500363998127e-11
0,1,0.00106408225838095,0.00208837998798117,0.00234384343052204,293.313995361328,1.10426827050311e-11
0,1,0.000990395259577781,0.00228866998804733,0.00249377085643062,293.230987548828,1.17500368232046e-11
0,1,0.000930853246245533,0.00215107249096036,0.00234384313199759,293.313995361328,1.10434444634501e-11
0,1,0.000844733993289992,0.00234634248772636,0.00249377196012979,293.230987548828,1.1749905587723e-11
0,1,0.000793948493083008,0.00220527750207111,0.00234384365323496,293.313995361328,1.10435304493879e-11
0,1,0.000695739494403824,0.00239475246053189,0.00249377079766703,293.230987548828,1.17497567890148e-11
0,1,0.000653911512927152,0.0022507774992846,0.00234384291667008,293.313995361328,1.10433308252932e-11
0,1,0.00054399899818236,0.00243371247779578,0.00249377050560036,293.230987548828,1.17497341906738e-11
0,1,0.000511293757881504,0.00228739500744268,0.00234384240658844,293.313995361328,1.10437032646933e-11
0,1,0.000390111250453629,0.00246306753251702,0.0024937699287364,293.230987548828,1.17492814150892e-11
0,1,0.000366657754057087,0.00231498753419146,0.00234384410575278,293.313995361328,1.10437122595882e-11
0,1,0.000234684252063744,0.00248269998701289,0.00249376741571473,293.230987548828,1.17496018629164e-11
0,1,0.000220574755076086,0.0023334400029853,0.00234384203181633,293.313995361328,1.104322655006e-11
0,1,7.83312498242603e-05,0.0024925374891609,0.00249376801639036,293.230987548828,1.17499446297596e-11
0,1,7.36217516532636e-05,0.00234268500935286,0.00234384155082273,293.313995361328,1.10431471098298e-11
0,1,-7.83312498242586e-05,0.0024925374891609,0.00249376801639036,293.230987548828,1.17499446297598e-11
0,1,-7.36217516532631e-05,0.00234268500935286,0.00234384155082273,293.313995361328,1.10431471098299e-11
0,1,-0.000234684252063744,0.00248269998701289,0.00249376741571473,293.230987548828,1.17496018629164e-11
0,1,-0.000220574755076086,0.0023334400029853,0.00234384203181633,293.313995361328,1.104322655006e-11
0,1,-0.000390111250453629,0.00246306753251702,0.0024937699287364,293.230987548828,1.17492814150892e-11
0,1,-0.000366657754057087,0.00231498753419146,0.00234384410575278,293.313995361328,1.10437122595882e-11
0,1,-0.00054399899818236,0.00243371247779578,0.00249377050560036,293.230987548828,1.17497341906738e-11
0,1,-0.000511293757881504,0.00228739500744268,0.00234384240658844,293.313995361328,1.10437032646933e-11
0,1,-0.000695739494403824,0.00239475246053189,0.00249377079766703,293.230987548828,1.17497567890148e-11
0,1,-0.000653911512927152,0.0022507774992846,0.00234384291667008,293.313995361328,1.10433308252932e-11
0,1,-0.000844733993289992,0.00234634248772636,0.00249377196012979,293.230987548828,1.1749905587723e-11
0,1,-0.000793948493083008,0.00220527750207111,0.00234384365323496,293.313995361328,1.10435304493879e-11
0,1,-0.000990395259577781,0.00228866998804733,0.00249377085643062,293.230987548828,1.17500368232046e-11
0,1,-0.000930853246245533,0.00215107249096036,0.00234384313199759,293.313995361328,1.10434444634501e-11
0,1,-0.00113214750308543,0.00222196499817073,0.00249376952059296,293.230987548828,1.17500363998127e-11
0,1,-0.00106408225838095,0.00208837998798117,0.00234384343052204,293.313995361328,1.10426827050311e-11
0,1,-0.00126942998031154,0.00214648997643963,0.00249376656763811,293.230987548828,1.17498783479013e-11
0,1,-0.0011931124900002,0.00201744248624891,0.00234384120603693,293.313995361328,1.10434155187306e-11
0,1,-0.00140170499798842,0.00206254498334602,0.00249376596931459,293.230987548828,1.1749790696673e-11
0,1,-0.0013174350024201,0.00193854499957524,0.00234384122776689,293.313995361328,1.10428879832584e-11
0,1,-0.00152844999684021,0.00197046250104904,0.00249376860612232,293.230987548828,1.17496674152229e-11
0,1,-0.00143655750434846,0.00185200001578778,0.00234384332278798,293.313995361328,1.10432891001691e-11
0,1,-0.00164915999630466,0.00187060251482762,0.00249376872662463,293.230987548828,1.17499735640539e-11
0,1,-0.00155000999802724,0.00175814251997508,0.00234384216928716,293.313995361328,1.1043010224184e-11
0,1,-0.00176336002186872,0.00176336002186872,0.00249376765827326,293.230987548828,1.17502163042324e-11
0,1,-0.00165734501206316,0.00165734501206316,0.00234383979359112,293.313995361328,1.10430907212796e-11
0,1,-0.00187060251482762,0.00164915999630466,0.00249376872662463,293.230987548828,1.17499735640539e-11
0,1,-0.00175814251997508,0.00155000999802724,0.00234384216928716,293.313995361328,1.1043010224184e-11
0,1,-0.00197046250104904,0.00152844999684021,0.00249376860612232,293.230987548828,1.17496674152229e-11
0,1,-0.00185200001578778,0.00143655750434846,0.00234384332278798,293.313995361328,1.10432891001691e-11
0,1,-0.00206254498334602,0.00140170499798842,0.00249376596931459,293.230987548828,1.1749790696673e-11
0,1,-0.00193854499957524,0.0013174350024201,0.00234384122776689,293.313995361328,1.10428879832584e-11
0,1,-0.00214648997643963,0.00126942998031154,0.00249376656763811,293.230987548828,1.17498783479013e-11
0,1,-0.00201744248624891,0.0011931124900002,0.00234384120603693,293.313995361328,1.10434155187306e-11
0,1,-0.00222196499817073,0.00113214750308543,0.00249376952059296,293.230987548828,1.17500363998127e-11
0,1,-0.00208837998798117,0.00106408225838095,0.00234384343052204,293.313995361328,1.10426827050311e-11
0,1,-0.00228866998804733,0.000990395259577781,0.00249377085643062,293.230987548828,1.17500368232046e-11
0,1,-0.00215107249096036,0.000930853246245533,0.00234384313199759,293.313995361328,1.10434444634501e-11
0,1,-0.00234634248772636,0.000844733993289992,0.00249377196012979,293.230987548828,1.1749905587723e-11
0,1,-0.00220527750207111,0.000793948493083008,0.00234384365323496,293.313995361328,1.10435304493879e-11
0,1,-0.00239475246053189,0.000695739494403824,0.00249377079766703,293.230987548828,1.17497567890148e-11
0,1,-0.0022507774992846,0.000653911512927152,0.00234384291667008,293.313995361328,1.10433308252932e-11
0,1,-0.00243371247779578,0.00054399899818236,0.00249377050560036,293.230987548828,1.17497341906738e-11
0,1,-0.00228739500744268,0.000511293757881504,0.00234384240658844,293.313995361328,1.10437032646933e-11
0,1,-0.00246306753251702,0.000390111250453629,0.0024937699287364,293.230987548828,1.17492814150892e-11
0,1,-0.00231498753419146,0.000366657754057087,0.00234384410575278,293.313995361328,1.10437122595882e-11
0,1,-0.00248269998701289,0.000234684252063744,0.00249376741571473,293.230987548828,1.17496018629164e-11
0,1,-0.0023334400029853,0.000220574755076086,0.00234384203181633,293.313995361328,1.104322655006e-11
0,1,-0.0024925374891609,7.83312498242594e-05,0.00249376801639036,293.230987548828,1.17499446297597e-11
0,1,-0.00234268500935286,7.36217516532634e-05,0.00234384155082273,293.313995361328,1.10431471098299e-11
1,1,0.00230692996410653,-3.62401497113744e-05,0.00230721459941282,293.316009521484,1.35896081068379e-12
1,1,0.00230465247295797,-0.000108684651422664,0.00230721376871892,293.316009521484,1.35894414945442e-12
1,1,0.00230010249651968,-0.000181022001925157,0.00230721487072121,293.316009521484,1.35890935866058e-12
1,1,0.00229328247951344,-0.000253180500294548,0.00230721583224732,293.316009521484,1.35892871657559e-12
1,1,0.00228419748600572,-0.000325089247780852,0.00230721502554434,293.316009521484,1.35904313238545e-12
1,1,0.00227285746950656,-0.000396677496610209,0.00230721349532476,293.316009521484,1.35901517095627e-12
1,1,0.00225927500287071,-0.000467874000605661,0.00230721252142909,293.316009521484,1.3589383953512e-12
1,1,0.00224346504546702,-0.000538608757779002,0.00230721364511147,293.316009521484,1.3590040533871e-12
1,1,0.00222544249845669,-0.000608812013524584,0.00230721615410195,293.316009521484,1.35901025025287e-12
1,1,0.00220522249583155,-0.000678414508001879,0.00230721748016717,293.316009521484,1.35898234318218e-12
1,1,0.0021828250028193,-0.000747347250580788,0.00230721756795577,293.316009521484,1.35901464652935e-12
1,1,0.00215827248757705,-0.000815542487544008,0.00230721686878835,293.316009521484,1.35909527751872e-12
1,1,0.00213158747646958,-0.000882933236425743,0.00230721396273236,293.316009521484,1.35906687104892e-12
1,1,0.00210280250757933,-0.000949452238273807,0.0023072143243845,293.316009521484,1.35890782085987e-12
1,1,0.00207194255199283,-0.00101503523183055,0.00230721530434762,293.316009521484,1.35908138692982e-12
1,1,0.00203903752844781,-0.00107961500179954,0.00230721533336816,293.316009521484,1.35889676002423e-12
1,1,0.00200412003323436,-0.00114312750520185,0.00230721425116097,293.316009521484,1.35901785923653e-12
1,1,0.00196722248801962,-0.00120551500003785,0.00230721276276947,293.316009521484,1.3590796437754e-12
1,1,0.00192838493967429,-0.00126671500038356,0.0023072137672438,293.316009521484,1.35906885541828e-12
1,1,0.00188764499034733,-0.00132666248828173,0.00230721411390387,293.316009521484,1.35893569096991e-12
1,1,0.00184504251228645,-0.00138529998366721,0.00230721431967052,293.316009521484,1.35900870832378e-12
1,1,0.00180061999708414,-0.00144257000647485,0.00230721490058472,293.316009521484,1.35886621261474e-12
1,1,0.00175441999454051,-0.00149841752136126,0.00230721576484861,293.316009521484,1.35904702698941e-12
1,1,0.00170648749917746,-0.00155278499005362,0.00230721494668025,293.316009521484,1.35889676461509e-12
1,1,0.0016568725113757,-0.00160561999655329,0.00230721522452592,293.316009521484,1.35908671216418e-12
1,1,0.00160561999655329,-0.0016568725113757,0.00230721522452592,293.316009521484,1.35908671216418e-12
1,1,0.00155278499005362,-0.00170648749917746,0.00230721494668025,293.316009521484,1.35889676461509e-12
1,1,0.00149841752136126,-0.00175441999454051,0.00230721576484861,293.316009521484,1.35904702698941e-12
1,1,0.00144257000647485,-0.00180061999708414,0.00230721490058472,293.316009521484,1.35886621261474e-12
1,1,0.00138529998366721,-0.00184504251228645,0.00230721431967052,293.316009521484,1.35900870832378e-12
1,1,0.00132666248828173,-0.00188764499034733,0.00230721411390387,293.316009521484,1.35893569096991e-12
1,1,0.00126671500038356,-0.00192838493967429,0.0023072137672438,293.316009521484,1.35906885541828e-12
1,1,0.00120551500003785,-0.00196722248801962,0.00230721276276947,293.316009521484,1.3590796437754e-12
1,1,0.00114312750520185,-0.00200412003323436,0.00230721425116097,293.316009521484,1.35901785923653e-12
1,1,0.00107961500179954,-0.00203903752844781,0.00230721533336816,293.316009521484,1.35889676002423e-12
1,1,0.00101503523183055,-0.00207194255199283,0.00230721530434762,293.316009521484,1.35908138692982e-12
1,1,0.000949452238273807,-0.00210280250757933,0.0023072143243845,293.316009521484,1.35890782085987e-12
1,1,0.000882933236425743,-0.00213158747646958,0.00230721396273236,293.316009521484,1.35906687104892e-12
1,1,0.000815542487544008,-0.00215827248757705,0.00230721686878835,293.316009521484,1.35909527751872e-12
1,1,0.000747347250580788,-0.0021828250028193,0.00230721756795577,293.316009521484,1.35901464652935e-12
1,1,0.000678414508001879,-0.00220522249583155,0.00230721748016717,293.316009521484,1.35898234318218e-12
1,1,0.000608812013524584,-0.00222544249845669,0.00230721615410195,293.316009521484,1.35901025025287e-12
1,1,0.000538608757779002,-0.00224346504546702,0.00230721364511147,293.316009521484,1.3590040533871e-12
1,1,0.000467874000605661,-0.00225927500287071,0.00230721252142909,293.316009521484,1.3589383953512e-12
1,1,0.000396677496610209,-0.00227285746950656,0.00230721349532476,293.316009521484,1.35901517095627e-12
1,1,0.000325089247780852,-0.00228419748600572,0.00230721502554434,293.316009521484,1.35904313238545e-12
1,1,0.000253180500294548,-0.00229328247951344,0.00230721583224732,293.316009521484,1.35892871657559e-12
1,1,0.000181022001925157,-0.00230010249651968,0.00230721487072121,293.316009521484,1.35890935866058e-12
1,1,0.000108684651422664,-0.00230465247295797,0.00230721376871892,293.316009521484,1.35894414945442e-12
1,1,3.62401497113756e-05,-0.00230692996410653,0.00230721459941282,293.316009521484,1.35896081068374e-12
1,1,-3.62401497113746e-05,-0.00230692996410653,0.00230721459941282,293.316009521484,1.35896081068378e-12
1,1,-0.000108684651422664,-0.00230465247295797,0.00230721376871892,293.316009521484,1.35894414945442e-12
1,1,-0.000181022001925157,-0.00230010249651968,0.00230721487072121,293.316009521484,1.35890935866058e-12
1,1,-0.000253180500294548,-0.00229328247951344,0.00230721583224732,293.316009521484,1.35892871657559e-12
1,1,-0.000325089247780852,-0.00228419748600572,0.00230721502554434,293.316009521484,1.35904313238545e-12
1,1,-0.000396677496610209,-0.00227285746950656,0.00230721349532476,293.316009521484,1.35901517095627e-12
1,1,-0.000467874000605661,-0.00225927500287071,0.00230721252142909,293.316009521484,1.3589383953512e-12
1,1,-0.000538608757779002,-0.00224346504546702,0.00230721364511147,293.316009521484,1.3590040533871e-12
1,1,-0.000608812013524584,-0.00222544249845669,0.00230721615410195,293.316009521484,1.35901025025287e-12
1,1,-0.000678414508001879,-0.00220522249583155,0.00230721748016717,293.316009521484,1.35898234318218e-12
1,1,-0.000747347250580788,-0.0021828250028193,0.00230721756795577,293.316009521484,1.35901464652935e-12
1,1,-0.000815542487544008,-0.00215827248757705,0.00230721686878835,293.316009521484,1.35909527751872e-12
1,1,-0.000882933236425743,-0.00213158747646958,0.00230721396273236,293.316009521484,1.35906687104892e-12
1,1,-0.000949452238273807,-0.00210280250757933,0.0023072143243845,293.316009521484,1.35890782085987e-12
1,1,-0.00101503523183055,-0.00207194255199283,0.00230721530434762,293.316009521484,1.35908138692982e-12
1,1,-0.00107961500179954,-0.00203903752844781,0.00230721533336816,293.316009521484,1.35889676002423e-12
1,1,-0.00114312750520185,-0.00200412003323436,0.00230721425116097,293.316009521484,1.35901785923653e-12
1,1,-0.00120551500003785,-0.00196722248801962,0.00230721276276947,293.316009521484,1.3590796437754e-12
1,1,-0.00126671500038356,-0.00192838493967429,0.0023072137672438,293.316009521484,1.35906885541828e-12
1,1,-0.00132666248828173,-0.00188764499034733,0.00230721411390387,293.316009521484,1.35893569096991e-12
1,1,-0.00138529998366721,-0.00184504251228645,0.00230721431967052,293.316009521484,1.35900870832378e-12
1,1,-0.00144257000647485,-0.00180061999708414,0.00230721490058472,293.316009521484,1.35886621261474e-12
1,1,-0.00149841752136126,-0.00175441999454051,0.00230721576484861,293.316009521484,1.35904702698941e-12
1,1,-0.00155278499005362,-0.00170648749917746,0.00230721494668025,293.316009521484,1.35889676461509e-12
1,1,-0.00160561999655329,-0.0016568725113757,0.00230721522452592,293.316009521484,1.35908671216418e-12
1,1,-0.0016568725113757,-0.00160561999655329,0.00230721522452592,293.316009521484,1.35908671216418e-12
1,1,-0.00170648749917746,-0.00155278499005362,0.00230721494668025,293.316009521484,1.35889676461509e-12
1,1,-0.00175441999454051,-0.00149841752136126,0.00230721576484861,293.316009521484,1.35904702698941e-12
1,1,-0.00180061999708414,-0.00144257000647485,0.00230721490058472,293.316009521484,1.35886621261474e-12
1,1,-0.00184504251228645,-0.00138529998366721,0.00230721431967052,293.316009521484,1.35900870832378e-12
1,1,-0.00188764499034733,-0.00132666248828173,0.00230721411390387,293.316009521484,1.35893569096991e-12
1,1,-0.00192838493967429,-0.00126671500038356,0.0023072137672438,293.316009521484,1.35906885541828e-12
1,1,-0.00196722248801962,-0.00120551500003785,0.00230721276276947,293.316009521484,1.3590796437754e-12
1,1,-0.00200412003323436,-0.00114312750520185,0.00230721425116097,293.316009521484,1.35901785923653e-12
1,1,-0.00203903752844781,-0.00107961500179954,0.00230721533336816,293.316009521484,1.35889676002423e-12
1,1,-0.00207194255199283,-0.00101503523183055,0.00230721530434762,293.316009521484,1.35908138692982e-12
1,1,-0.00210280250757933,-0.000949452238273807,0.0023072143243845,293.316009521484,1.35890782085987e-12
1,1,-0.00213158747646958,-0.000882933236425743,0.00230721396273236,293.316009521484,1.35906687104892e-12
1,1,-0.00215827248757705,-0.000815542487544008,0.00230721686878835,293.316009521484,1.35909527751872e-12
1,1,-0.0021828250028193,-0.000747347250580788,0.00230721756795577,293.316009521484,1.35901464652935e-12
1,1,-0.00220522249583155,-0.000678414508001879,0.00230721748016717,293.316009521484,1.35898234318218e-12
1,1,-0.00222544249845669,-0.000608812013524584,0.00230721615410195,293.316009521484,1.35901025025287e-12
1,1,-0.00224346504546702,-0.000538608757779002,0.00230721364511147,293.316009521484,1.3590040533871e-12
1,1,-0.00225927500287071,-0.000467874000605661,0.00230721252142909,293.316009521484,1.3589383953512e-12
1,1,-0.00227285746950656,-0.000396677496610209,0.00230721349532476,293.316009521484,1.35901517095627e-12
1,1,-0.00228419748600572,-0.000325089247780852,0.00230721502554434,293.316009521484,1.35904313238545e-12
1,1,-0.00229328247951344,-0.000253180500294548,0.00230721583224732,293.316009521484,1.35892871657559e-12
1,1,-0.00230010249651968,-0.000181022001925157,0.00230721487072121,293.316009521484,1.35890935866058e-12
1,1,-0.00230465247295797,-0.000108684651422664,0.00230721376871892,293.316009521484,1.35894414945442e-12
1,1,-0.00230692996410653,-3.62401497113751e-05,0.00230721459941282,293.316009521484,1.35896081068376e-12
1,1,0.00238191249081865,-3.74180508515562e-05,0.00238220637738367,293.294006347656,1.40322585144042e-12
1,1,0.00237956002820283,-0.000112217303467332,0.00238220457791058,293.294006347656,1.40321214109907e-12
1,1,0.00237486005062237,-0.000186905752343591,0.002382203605971,293.294006347656,1.40315977371843e-12
1,1,0.00236782000865787,-0.000261409499216825,0.0023822062294607,293.294006347656,1.40318626469871e-12
1,1,0.00235844252165407,-0.000335655502567533,0.00238220816562068,293.294006347656,1.40320718306677e-12
1,1,0.00234673504019156,-0.0004095705007785,0.00238220766180676,293.294006347656,1.40327812897572e-12
1,1,0.00233271002070978,-0.000483081239508465,0.00238220560084239,293.294006347656,1.40330813222946e-12
1,1,0.00231638498371467,-0.000556115250219591,0.00238220560915837,293.294006347656,1.40317428082758e-12
1,1,0.00229777494678274,-0.000628600013442338,0.00238220647362107,293.294006347656,1.40309467507877e-12
1,1,0.00227689748862758,-0.000700464501278475,0.00238220752481179,293.294006347656,1.40313626683916e-12
1,1,0.00225377251626924,-0.000771637991419993,0.00238220816573473,293.294006347656,1.40311989986612e-12
1,1,0.00222842249786481,-0.000842049732455052,0.00238220792142871,293.294006347656,1.40307021564867e-12
1,1,0.00220087252091616,-0.000911630733753555,0.00238220705398333,293.294006347656,1.40323096805726e-12
1,1,0.00217115005943924,-0.000980312994215637,0.0023822061512873,293.294006347656,1.40326062481969e-12
1,1,0.00213928753510118,-0.00104802800342441,0.00238220776881468,293.294006347656,1.40319458782359e-12
1,1,0.00210531248012558,-0.0011147049954161,0.00238220651199222,293.294006347656,1.40309433452847e-12
1,1,0.00206925999373198,-0.00118028250290081,0.00238220563938411,293.294006347656,1.40317732140124e-12
1,1,0.00203116500051692,-0.00124469751608558,0.00238220552553186,293.294006347656,1.40319745194731e-12
1,1,0.00199106248328462,-0.00130788501701318,0.00238220339813188,293.294006347656,1.403190556473e-12
1,1,0.00194899752386846,-0.00136978251975961,0.00238220391643628,293.294006347656,1.40311381992158e-12
1,1,0.0019050125265494,-0.00143032750929706,0.00238220685713102,293.294006347656,1.40323309044039e-12
1,1,0.00185914500616491,-0.00148946000263095,0.0023822072230151,293.294006347656,1.40327937920228e-12
1,1,0.00181144251837395,-0.00154712001676671,0.00238220577273526,293.294006347656,1.40307149918522e-12
1,1,0.001761952531524,-0.00160325251636095,0.00238220388601848,293.294006347656,1.40309244093785e-12
1,1,0.00171072501689196,-0.00165780750103295,0.00238220607712706,293.294006347656,1.4031081736862e-12
1,1,0.00165780750103295,-0.00171072501689196,0.00238220607712706,293.294006347656,1.4031081736862e-12
1,1,0.00160325251636095,-0.001761952531524,0.00238220388601848,293.294006347656,1.40309244093785e-12
1,1,0.00154712001676671,-0.00181144251837395,0.00238220577273526,293.294006347656,1.40307149918522e-12
1,1,0.00148946000263095,-0.00185914500616491,0.0023822072230151,293.294006347656,1.40327937920228e-12
1,1,0.00143032750929706,-0.0019050125265494,0.00238220685713102,293.294006347656,1.40323309044039e-12
1,1,0.00136978251975961,-0.00194899752386846,0.00238220391643628,293.294006347656,1.40311381992158e-12
1,1,0.00130788501701318,-0.00199106248328462,0.00238220339813188,293.294006347656,1.403190556473e-12
1,1,0.00124469751608558,-0.00203116500051692,0.00238220552553186,293.294006347656,1.40319745194731e-12
1,1,0.00118028250290081,-0.00206925999373198,0.00238220563938411,293.294006347656,1.40317732140124e-12
1,1,0.0011147049954161,-0.00210531248012558,0.00238220651199222,293.294006347656,1.40309433452847e-12
1,1,0.00104802800342441,-0.00213928753510118,0.00238220776881468,293.294006347656,1.40319458782359e-12
1,1,0.000980312994215637,-0.00217115005943924,0.0023822061512873,293.294006347656,1.40326062481969e-12
1,1,0.000911630733753555,-0.00220087252091616,0.00238220705398333,293.294006347656,1.40323096805726e-12
1,1,0.000842049732455052,-0.00222842249786481,0.00238220792142871,293.294006347656,1.40307021564867e-12
1,1,0.000771637991419993,-0.00225377251626924,0.00238220816573473,293.294006347656,1.40311989986612e-12
1,1,0.000700464501278475,-0.00227689748862758,0.00238220752481179,293.294006347656,1.40313626683916e-12
1,1,0.000628600013442338,-0.00229777494678274,0.00238220647362107,293.294006347656,1.40309467507877e-12
1,1,0.000556115250219591,-0.00231638498371467,0.00238220560915837,293.294006347656,1.40317428082758e-12
1,1,0.000483081239508465,-0.00233271002070978,0.00238220560084239,293.294006347656,1.40330813222946e-12
1,1,0.0004095705007785,-0.00234673504019156,0.00238220766180676,293.294006347656,1.40327812897572e-12
1,1,0.000335655502567533,-0.00235844252165407,0.00238220816562068,293.294006347656,1.40320718306677e-12
1,1,0.000261409499216825,-0.00236782000865787,0.0023822062294607,293.294006347656,1.40318626469871e-12
1,1,0.000186905752343591,-0.00237486005062237,0.002382203605971,293.294006347656,1.40315977371843e-12
1,1,0.000112217303467332,-0.00237956002820283,0.00238220457791058,293.294006347656,1.40321214109907e-12
1,1,3.74180508515569e-05,-0.00238191249081865,0.00238220637738367,293.294006347656,1.40322585144039e-12
1,1,-3.74180508515561e-05,-0.00238191249081865,0.00238220637738367,293.294006347656,1.40322585144042e-12
1,1,-0.000112217303467332,-0.00237956002820283,0.00238220457791058,293.294006347656,1.40321214109907e-12
1,1,-0.000186905752343591,-0.00237486005062237,0.002382203605971,293.294006347656,1.40315977371843e-12
1,1,-0.000261409499216825,-0.00236782000865787,0.0023822062294607,293.294006347656,1.40318626469871e-12
1,1,-0.000335655502567533,-0.00235844252165407,0.00238220816562068,293.294006347656,1.40320718306677e-12
1,1,-0.0004095705007785,-0.00234673504019156,0.00238220766180676,293.294006347656,1.40327812897572e-12
1,1,-0.000483081239508465,-0.00233271002070978,0.00238220560084239,293.294006347656,1.40330813222946e-12
1,1,-0.000556115250219591,-0.00231638498371467,0.00238220560915837,293.294006347656,1.40317428082758e-12
1,1,-0.000628600013442338,-0.00229777494678274,0.00238220647362107,293.294006347656,1.40309467507877e-12
1,1,-0.000700464501278475,-0.00227689748862758,0.00238220752481179,293.294006347656,1.40313626683916e-12
1,1,-0.000771637991419993,-0.00225377251626924,0.00238220816573473,293.294006347656,1.40311989986612e-12
1,1,-0.000842049732455052,-0.00222842249786481,0.00238220792142871,293.294006347656,1.40307021564867e-12
1,1,-0.000911630733753555,-0.00220087252091616,0.00238220705398333,293.294006347656,1.40323096805726e-12
1,1,-0.000980312994215637,-0.00217115005943924,0.0023822061512873,293.294006347656,1.40326062481969e-12
1,1,-0.00104802800342441,-0.00213928753510118,0.00238220776881468,293.294006347656,1.40319458782359e-12
1,1,-0.0011147049954161,-0.00210531248012558,0.00238220651199222,293.294006347656,1.40309433452847e-12
1,1,-0.00118028250290081,-0.00206925999373198,0.00238220563938411,293.294006347656,1.40317732140124e-12
1,1,-0.00124469751608558,-0.00203116500051692,0.00238220552553186,293.294006347656,1.40319745194731e-12
1,1,-0.00130788501701318,-0.00199106248328462,0.00238220339813188,293.294006347656,1.403190556473e-12
1,1,-0.00136978251975961,-0.00194899752386846,0.00238220391643628,293.294006347656,1.40311381992158e-12
1,1,-0.00143032750929706,-0.0019050125265494,0.00238220685713102,293.294006347656,1.40323309044039e-12
1,1,-0.00148946000263095,-0.00185914500616491,0.0023822072230151,293.294006347656,1.40327937920228e-12
1,1,-0.00154712001676671,-0.00181144251837395,0.00238220577273526,293.294006347656,1.40307149918522e-12
1,1,-0.00160325251636095,-0.001761952531524,0.00238220388601848,293.294006347656,1.40309244093785e-12
1,1,-0.00165780750103295,-0.00171072501689196,0.00238220607712706,293.294006347656,1.4031081736862e-12
1,1,-0.00171072501689196,-0.00165780750103295,0.00238220607712706,293.294006347656,1.4031081736862e-12
1,1,-0.001761952531524,-0.00160325251636095,0.00238220388601848,293.294006347656,1.40309244093785e-12
1,1,-0.00181144251837395,-0.00154712001676671,0.00238220577273526,293.294006347656,1.40307149918522e-12
1,1,-0.00185914500616491,-0.00148946000263095,0.0023822072230151,293.294006347656,1.40327937920228e-12
1,1,-0.0019050125265494,-0.00143032750929706,0.00238220685713102,293.294006347656,1.40323309044039e-12
1,1,-0.00194899752386846,-0.00136978251975961,0.00238220391643628,293.294006347656,1.40311381992158e-12
1,1,-0.00199106248328462,-0.00130788501701318,0.00238220339813188,293.294006347656,1.403190556473e-12
1,1,-0.00203116500051692,-0.00124469751608558,0.00238220552553186,293.294006347656,1.40319745194731e-12
1,1,-0.00206925999373198,-0.00118028250290081,0.00238220563938411,293.294006347656,1.40317732140124e-12
1,1,-0.00210531248012558,-0.0011147049954161,0.00238220651199222,293.294006347656,1.40309433452847e-12
1,1,-0.00213928753510118,-0.00104802800342441,0.00238220776881468,293.294006347656,1.40319458782359e-12
1,1,-0.00217115005943924,-0.000980312994215637,0.0023822061512873,293.294006347656,1.40326062481969e-12
1,1,-0.00220087252091616,-0.000911630733753555,0.00238220705398333,293.294006347656,1.40323096805726e-12
1,1,-0.00222842249786481,-0.000842049732455052,0.00238220792142871,293.294006347656,1.40307021564867e-12
1,1,-0.00225377251626924,-0.000771637991419993,0.00238220816573473,293.294006347656,1.40311989986612e-12
1,1,-0.00227689748862758,-0.000700464501278475,0.00238220752481179,293.294006347656,1.40313626683916e-12
1,1,-0.00229777494678274,-0.000628600013442338,0.00238220647362107,293.294006347656,1.40309467507877e-12
1,1,-0.00231638498371467,-0.000556115250219591,0.00238220560915837,293.294006347656,1.40317428082758e-12
1,1,-0.00233271002070978,-0.000483081239508465,0.00238220560084239,293.294006347656,1.40330813222946e-12
1,1,-0.00234673504019156,-0.0004095705007785,0.00238220766180676,293.294006347656,1.40327812897572e-12
1,1,-0.00235844252165407,-0.000335655502567533,0.00238220816562068,293.294006347656,1.40320718306677e-12
1,1,-0.00236782000865787,-0.000261409499216825,0.0023822062294607,293.294006347656,1.40318626469871e-12
1,1,-0.00237486005062237,-0.000186905752343591,0.002382203605971,293.294006347656,1.40315977371843e-12
1,1,-0.00237956002820283,-0.000112217303467332,0.00238220457791058,293.294006347656,1.40321214109907e-12
1,1,-0.00238191249081865,-3.74180508515564e-05,0.00238220637738367,293.294006347656,1.40322585144041e-12
1,1,0.00245689501753077,-3.85959501727484e-05,0.00245719815532595,293.252014160156,1.44729915985628e-12
1,1,0.00245447002816945,-0.000115749702672474,0.00245719781719969,293.252014160156,1.44737839807142e-12
1,1,0.00244962249416858,-0.000192789251741488,0.00245719719589693,293.252014160156,1.44743037037154e-12
1,1,0.00244235998252407,-0.000269638498139102,0.0024571990566321,293.252014160156,1.44736141037819e-12
1,1,0.00243268499616534,-0.000346221750078257,0.00245719876908548,293.252014160156,1.44728911236329e-12
1,1,0.00242061004973948,-0.000422463497670833,0.00245719930403784,293.252014160156,1.44724277405908e-12
1,1,0.00240614503854886,-0.000498288245580625,0.0024571986330407,293.252014160156,1.44729653412035e-12
1,1,0.00238930247724056,-0.000573621247895062,0.00245719508053076,293.252014160156,1.44727260940849e-12
1,1,0.00237010495038703,-0.000648387998808175,0.0024571944312259,293.252014160156,1.44726734107369e-12
1,1,0.00234857248142362,-0.000722514756489545,0.00245719764647564,293.252014160156,1.4472889827308e-12
1,1,0.00232472002971917,-0.000795928761363029,0.00245719877294093,293.252014160156,1.44739604395881e-12
1,1,0.00229857000522316,-0.000868557253852487,0.00245719673044943,293.252014160156,1.44734394321288e-12
1,1,0.00227015500422567,-0.000940328507567756,0.00245719788485898,293.252014160156,1.4472637483992e-12
1,1,0.00223949749488384,-0.00101117300800979,0.00245719756668416,293.252014160156,1.44736453086287e-12
1,1,0.00220662995707244,-0.00108102001831867,0.00245719760040889,293.252014160156,1.44723667020903e-12
1,1,0.00217158749001101,-0.00114979752106592,0.00245719892687215,293.252014160156,1.44733751564371e-12
1,1,0.00213440001243725,-0.00121744000352919,0.0024571983182652,293.252014160156,1.44739726452096e-12
1,1,0.00209510501008481,-0.0012838825059589,0.00245719744676527,293.252014160156,1.44737396005793e-12
1,1,0.00205374252982438,-0.00134905750746839,0.00245719647917423,293.252014160156,1.44746869386605e-12
1,1,0.00201035500504076,-0.00141290001920424,0.00245719631095275,293.252014160156,1.44738005625175e-12
1,1,0.00196498495643027,-0.00147535002906807,0.00245719832070357,293.252014160156,1.44728544426065e-12
1,1,0.00191767248907126,-0.00153634499292821,0.00245719834621391,293.252014160156,1.44729449040185e-12
1,1,0.00186846751603298,-0.00159581998013891,0.00245719601730937,293.252014160156,1.44721626632047e-12
1,1,0.00181742000859231,-0.00165372251649387,0.00245719629846508,293.252014160156,1.44755386399233e-12
1,1,0.00176457749330439,-0.00170999500551261,0.00245719690882812,293.252014160156,1.44738728010295e-12
1,1,0.00170999500551261,-0.00176457749330439,0.00245719690882812,293.252014160156,1.44738728010295e-12
1,1,0.00165372251649387,-0.00181742000859231,0.00245719629846508,293.252014160156,1.44755386399233e-12
1,1,0.00159581998013891,-0.00186846751603298,0.00245719601730937,293.252014160156,1.44721626632047e-12
1,1,0.00153634499292821,-0.00191767248907126,0.00245719834621391,293.252014160156,1.44729449040185e-12
1,1,0.00147535002906807,-0.00196498495643027,0.00245719832070357,293.252014160156,1.44728544426065e-12
1,1,0.00141290001920424,-0.00201035500504076,0.00245719631095275,293.252014160156,1.44738005625175e-12
1,1,0.00134905750746839,-0.00205374252982438,0.00245719647917423,293.252014160156,1.44746869386605e-12
1,1,0.0012838825059589,-0.00209510501008481,0.00245719744676527,293.252014160156,1.44737396005793e-12
1,1,0.00121744000352919,-0.00213440001243725,0.0024571983182652,293.252014160156,1.44739726452096e-12
1,1,0.00114979752106592,-0.00217158749001101,0.00245719892687215,293.252014160156,1.44733751564371e-12
1,1,0.00108102001831867,-0.00220662995707244,0.00245719760040889,293.252014160156,1.44723667020903e-12
1,1,0.00101117300800979,-0.00223949749488384,0.00245719756668416,293.252014160156,1.44736453086287e-12
1,1,0.000940328507567756,-0.00227015500422567,0.00245719788485898,293.252014160156,1.4472637483992e-12
1,1,0.000868557253852487,-0.00229857000522316,0.00245719673044943,293.252014160156,1.44734394321288e-12
1,1,0.000795928761363029,-0.00232472002971917,0.00245719877294093,293.252014160156,1.44739604395881e-12
1,1,0.000722514756489545,-0.00234857248142362,0.00245719764647564,293.252014160156,1.4472889827308e-12
1,1,0.000648387998808175,-0.00237010495038703,0.0024571944312259,293.252014160156,1.44726734107369e-12
1,1,0.000573621247895062,-0.00238930247724056,0.00245719508053076,293.252014160156,1.44727260940849e-12
1,1,0.000498288245580625,-0.00240614503854886,0.0024571986330407,293.252014160156,1.44729653412035e-12
1,1,0.000422463497670833,-0.00242061004973948,0.00245719930403784,293.252014160156,1.44724277405908e-12
1,1,0.000346221750078257,-0.00243268499616534,0.00245719876908548,293.252014160156,1.44728911236329e-12
1,1,0.000269638498139102,-0.00244235998252407,0.0024571990566321,293.252014160156,1.44736141037819e-12
1,1,0.000192789251741488,-0.00244962249416858,0.00245719719589693,293.252014160156,1.44743037037154e-12
1,1,0.000115749702672474,-0.00245447002816945,0.00245719781719969,293.252014160156,1.44737839807142e-12
1,1,3.85959501727487e-05,-0.00245689501753077,0.00245719815532595,293.252014160156,1.44729915985627e-12
1,1,-3.85959501727482e-05,-0.00245689501753077,0.00245719815532595,293.252014160156,1.44729915985629e-12
1,1,-0.000115749702672474,-0.00245447002816945,0.00245719781719969,293.252014160156,1.44737839807142e-12
1,1,-0.000192789251741488,-0.00244962249416858,0.00245719719589693,293.252014160156,1.44743037037154e-12
1,1,-0.000269638498139102,-0.00244235998252407,0.0024571990566321,293.252014160156,1.44736141037819e-12
1,1,-0.000346221750078257,-0.00243268499616534,0.00245719876908548,293.252014160156,1.44728911236329e-12
1,1,-0.000422463497670833,-0.00242061004973948,0.00245719930403784,293.252014160156,1.44724277405908e-12
1,1,-0.000498288245580625,-0.00240614503854886,0.0024571986330407,293.252014160156,1.44729653412035e-12
1,1,-0.000573621247895062,-0.00238930247724056,0.00245719508053076,293.252014160156,1.44727260940849e-12
1,1,-0.000648387998808175,-0.00237010495038703,0.0024571944312259,293.252014160156,1.44726734107369e-12
1,1,-0.000722514756489545,-0.00234857248142362,0.00245719764647564,293.252014160156,1.4472889827308e-12
1,1,-0.000795928761363029,-0.00232472002971917,0.00245719877294093,293.252014160156,1.44739604395881e-12
1,1,-0.000868557253852487,-0.00229857000522316,0.00245719673044943,293.252014160156,1.44734394321288e-12
1,1,-0.000940328507567756,-0.00227015500422567,0.00245719788485898,293.252014160156,1.4472637483992e-12
1,1,-0.00101117300800979,-0.00223949749488384,0.00245719756668416,293.252014160156,1.44736453086287e-12
1,1,-0.00108102001831867,-0.00220662995707244,0.00245719760040889,293.252014160156,1.44723667020903e-12
1,1,-0.00114979752106592,-0.00217158749001101,0.00245719892687215,293.252014160156,1.44733751564371e-12
1,1,-0.00121744000352919,-0.00213440001243725,0.0024571983182652,293.252014160156,1.44739726452096e-12
1,1,-0.0012838825059589,-0.00209510501008481,0.00245719744676527,293.252014160156,1.44737396005793e-12
1,1,-0.00134905750746839,-0.00205374252982438,0.00245719647917423,293.252014160156,1.44746869386605e-12
1,1,-0.00141290001920424,-0.00201035500504076,0.00245719631095275,293.252014160156,1.44738005625175e-12
1,1,-0.00147535002906807,-0.00196498495643027,0.00245719832070357,293.252014160156,1.44728544426065e-12
1,1,-0.00153634499292821,-0.00191767248907126,0.00245719834621391,293.252014160156,1.44729449040185e-12
1,1,-0.00159581998013891,-0.00186846751603298,0.00245719601730937,293.252014160156,1.44721626632047e-12
1,1,-0.00165372251649387,-0.00181742000859231,0.00245719629846508,293.252014160156,1.44755386399233e-12
1,1,-0.00170999500551261,-0.00176457749330439,0.00245719690882812,293.252014160156,1.44738728010295e-12
1,1,-0.00176457749330439,-0.00170999500551261,0.00245719690882812,293.252014160156,1.44738728010295e-12
1,1,-0.00181742000859231,-0.00165372251649387,0.00245719629846508,293.252014160156,1.44755386399233e-12
1,1,-0.00186846751603298,-0.00159581998013891,0.00245719601730937,293.252014160156,1.44721626632047e-12
1,1,-0.00191767248907126,-0.00153634499292821,0.00245719834621391,293.252014160156,1.44729449040185e-12
1,1,-0.00196498495643027,-0.00147535002906807,0.00245719832070357,293.252014160156,1.44728544426065e-12
1,1,-0.00201035500504076,-0.00141290001920424,0.00245719631095275,293.252014160156,1.44738005625175e-12
1,1,-0.00205374252982438,-0.00134905750746839,0.00245719647917423,293.252014160156,1.44746869386605e-12
1,1,-0.00209510501008481,-0.0012838825059589,0.00245719744676527,293.252014160156,1.44737396005793e-12
1,1,-0.00213440001243725,-0.00121744000352919,0.0024571983182652,293.252014160156,1.44739726452096e-12
1,1,-0.00217158749001101,-0.00114979752106592,0.00245719892687215,293.252014160156,1.44733751564371e-12
1,1,-0.00220662995707244,-0.00108102001831867,0.00245719760040889,293.252014160156,1.44723667020903e-12
1,1,-0.00223949749488384,-0.00101117300800979,0.00245719756668416,293.252014160156,1.44736453086287e-12
1,1,-0.00227015500422567,-0.000940328507567756,0.00245719788485898,293.252014160156,1.4472637483992e-12
1,1,-0.00229857000522316,-0.000868557253852487,0.00245719673044943,293.252014160156,1.44734394321288e-12
1,1,-0.00232472002971917,-0.000795928761363029,0.00245719877294093,293.252014160156,1.44739604395881e-12
1,1,-0.00234857248142362,-0.000722514756489545,0.00245719764647564,293.252014160156,1.4472889827308e-12
1,1,-0.00237010495038703,-0.000648387998808175,0.0024571944312259,293.252014160156,1.44726734107369e-12
1,1,-0.00238930247724056,-0.000573621247895062,0.00245719508053076,293.252014160156,1.44727260940849e-12
1,1,-0.00240614503854886,-0.000498288245580625,0.0024571986330407,293.252014160156,1.44729653412035e-12
1,1,-0.00242061004973948,-0.000422463497670833,0.00245719930403784,293.252014160156,1.44724277405908e-12
1,1,-0.00243268499616534,-0.000346221750078257,0.00245719876908548,293.252014160156,1.44728911236329e-12
1,1,-0.00244235998252407,-0.000269638498139102,0.0024571990566321,293.252014160156,1.44736141037819e-12
1,1,-0.00244962249416858,-0.000192789251741488,0.00245719719589693,293.252014160156,1.44743037037154e-12
1,1,-0.00245447002816945,-0.000115749702672474,0.00245719781719969,293.252014160156,1.44737839807142e-12
1,1,-0.00245689501753077,-3.85959501727484e-05,0.00245719815532595,293.252014160156,1.44729915985628e-12
1,1,0.00253187498310581,-3.9773874959792e-05,0.00253218737284711,293.191009521484,1.49147078097772e-12
1,1,0.00252937746699899,-0.000119282374726026,0.00253218851104781,293.191009521484,1.49144719642716e-12
1,1,0.00252438243478537,-0.000198672998521943,0.00253218831001855,293.191009521484,1.49140796872752e-12
1,1,0.00251689495053142,-0.000277867497061379,0.00253218690817517,293.191009521484,1.49134316259252e-12
1,1,0.00250692496774718,-0.00035678824497154,0.00253218692944737,293.191009521484,1.49146303490948e-12
1,1,0.00249448249815032,-0.000435356741945725,0.00253218846580105,293.191009521484,1.49150144298083e-12
1,1,0.00247957749525085,-0.000513495251652785,0.00253218915731516,293.191009521484,1.4915519886756e-12
1,1,0.00246222247369587,-0.000591127245570533,0.00253218698567638,293.191009521484,1.49163417096297e-12
1,1,0.0024424375151284,-0.000668175984174013,0.00253218485919443,293.191009521484,1.49155379307903e-12
1,1,0.00242024753242731,-0.000744565244531259,0.00253218789223556,293.191009521484,1.49144538018003e-12
1,1,0.00239566754316911,-0.000820219502202235,0.00253218937071989,293.191009521484,1.49147763924828e-12
1,1,0.00236872001551092,-0.000895064513315447,0.00253218778823346,293.191009521484,1.49150198706798e-12
1,1,0.00233943748753518,-0.000969026281381957,0.00253218871573464,293.191009521484,1.49154328903841e-12
1,1,0.00230784498853609,-0.00104203101363964,0.00253218820874318,293.191009521484,1.49153584602703e-12
1,1,0.00227397499838844,-0.0011140099959448,0.00253218888797037,293.191009521484,1.49168426869659e-12
1,1,0.0022378625581041,-0.00118489001761191,0.00253219137957631,293.191009521484,1.49148582761365e-12
1,1,0.00219954003114253,-0.00125459750415757,0.00253219099714791,293.191009521484,1.49151756846703e-12
1,1,0.00215904496144503,-0.0013230649929028,0.00253218801059204,293.191009521484,1.4914214254819e-12
1,1,0.00211642245994881,-0.00139022749499418,0.00253218808875122,293.191009521484,1.49134141024367e-12
1,1,0.00207170995417982,-0.00145601999247447,0.00253218805635227,293.191009521484,1.49148367568639e-12
1,1,0.00202495243865997,-0.00152037499356084,0.0025321872955767,293.191009521484,1.49143877795153e-12
1,1,0.0019761974690482,-0.00158322998322546,0.00253218751605339,293.191009521484,1.49157049408368e-12
1,1,0.00192549248458818,-0.00164452247554436,0.00253218788417765,293.191009521484,1.49149880325273e-12
1,1,0.00187288748566061,-0.00170419499045238,0.00253219037582626,293.191009521484,1.49161461716945e-12
1,1,0.00181842999882065,-0.00176218250999227,0.00253218776142954,293.191009521484,1.49139797399278e-12
1,1,0.00176218250999227,-0.00181842999882065,0.00253218776142954,293.191009521484,1.49139797399278e-12
1,1,0.00170419499045238,-0.00187288748566061,0.00253219037582626,293.191009521484,1.49161461716945e-12
1,1,0.00164452247554436,-0.00192549248458818,0.00253218788417765,293.191009521484,1.49149880325273e-12
1,1,0.00158322998322546,-0.0019761974690482,0.00253218751605339,293.191009521484,1.49157049408368e-12
1,1,0.00152037499356084,-0.00202495243865997,0.0025321872955767,293.191009521484,1.49143877795153e-12
1,1,0.00145601999247447,-0.00207170995417982,0.00253218805635227,293.191009521484,1.49148367568639e-12
1,1,0.00139022749499418,-0.00211642245994881,0.00253218808875122,293.191009521484,1.49134141024367e-12
1,1,0.0013230649929028,-0.00215904496144503,0.00253218801059204,293.191009521484,1.4914214254819e-12
1,1,0.00125459750415757,-0.00219954003114253,0.00253219099714791,293.191009521484,1.49151756846703e-12
1,1,0.00118489001761191,-0.0022378625581041,0.00253219137957631,293.191009521484,1.49148582761365e-12
1,1,0.0011140099959448,-0.00227397499838844,0.00253218888797037,293.191009521484,1.49168426869659e-12
1,1,0.00104203101363964,-0.00230784498853609,0.00253218820874318,293.191009521484,1.49153584602703e-12
1,1,0.000969026281381957,-0.00233943748753518,0.00253218871573464,293.191009521484,1.49154328903841e-12
1,1,0.000895064513315447,-0.00236872001551092,0.00253218778823346,293.191009521484,1.49150198706798e-12
1,1,0.000820219502202235,-0.00239566754316911,0.00253218937071989,293.191009521484,1.49147763924828e-12
1,1,0.000744565244531259,-0.00242024753242731,0.00253218789223556,293.191009521484,1.49144538018003e-12
1,1,0.000668175984174013,-0.0024424375151284,0.00253218485919443,293.191009521484,1.49155379307903e-12
1,1,0.000591127245570533,-0.00246222247369587,0.00253218698567638,293.191009521484,1.49163417096297e-12
1,1,0.000513495251652785,-0.00247957749525085,0.00253218915731516,293.191009521484,1.4915519886756e-12
1,1,0.000435356741945725,-0.00249448249815032,0.00253218846580105,293.191009521484,1.49150144298083e-12
1,1,0.00035678824497154,-0.00250692496774718,0.00253218692944737,293.191009521484,1.49146303490948e-12
1,1,0.000277867497061379,-0.00251689495053142,0.00253218690817517,293.191009521484,1.49134316259252e-12
1,1,0.000198672998521943,-0.00252438243478537,0.00253218831001855,293.191009521484,1.49140796872752e-12
1,1,0.000119282374726026,-0.00252937746699899,0.00253218851104781,293.191009521484,1.49144719642716e-12
1,1,3.97738749597922e-05,-0.00253187498310581,0.00253218737284711,293.191009521484,1.49147078097772e-12
1,1,-3.97738749597919e-05,-0.00253187498310581,0.00253218737284711,293.191009521484,1.49147078097773e-12
1,1,-0.000119282374726026,-0.00252937746699899,0.00253218851104781,293.191009521484,1.49144719642716e-12
1,1,-0.000198672998521943,-0.00252438243478537,0.00253218831001855,293.191009521484,1.49140796872752e-12
1,1,-0.000277867497061379,-0.00251689495053142,0.00253218690817517,293.191009521484,1.49134316259252e-12
1,1,-0.00035678824497154,-0.00250692496774718,0.00253218692944737,293.191009521484,1.49146303490948e-12
1,1,-0.000435356741945725,-0.00249448249815032,0.00253218846580105,293.191009521484,1.49150144298083e-12
1,1,-0.000513495251652785,-0.00247957749525085,0.00253218915731516,293.191009521484,1.4915519886756e-12
1,1,-0.000591127245570533,-0.00246222247369587,0.00253218698567638,293.191009521484,1.49163417096297e-12
1,1,-0.000668175984174013,-0.0024424375151284,0.00253218485919443,293.191009521484,1.49155379307903e-12
1,1,-0.000744565244531259,-0.00242024753242731,0.00253218789223556,293.191009521484,1.49144538018003e-12
1,1,-0.000820219502202235,-0.00239566754316911,0.00253218937071989,293.191009521484,1.49147763924828e-12
1,1,-0.000895064513315447,-0.00236872001551092,0.00253218778823346,293.191009521484,1.49150198706798e-12
1,1,-0.000969026281381957,-0.00233943748753518,0.00253218871573464,293.191009521484,1.49154328903841e-12
1,1,-0.00104203101363964,-0.00230784498853609,0.00253218820874318,293.191009521484,1.49153584602703e-12
1,1,-0.0011140099959448,-0.00227397499838844,0.00253218888797037,293.191009521484,1.49168426869659e-12
1,1,-0.00118489001761191,-0.0022378625581041,0.00253219137957631,293.191009521484,1.49148582761365e-12
1,1,-0.00125459750415757,-0.00219954003114253,0.00253219099714791,293.191009521484,1.49151756846703e-12
1,1,-0.0013230649929028,-0.00215904496144503,0.00253218801059204,293.191009521484,1.4914214254819e-12
1,1,-0.00139022749499418,-0.00211642245994881,0.00253218808875122,293.191009521484,1.49134141024367e-12
1,1,-0.00145601999247447,-0.00207170995417982,0.00253218805635227,293.191009521484,1.49148367568639e-12
1,1,-0.00152037499356084,-0.00202495243865997,0.0025321872955767,293.191009521484,1.49143877795153e-12
1,1,-0.00158322998322546,-0.0019761974690482,0.00253218751605339,293.191009521484,1.49157049408368e-12
1,1,-0.00164452247554436,-0.00192549248458818,0.00253218788417765,293.191009521484,1.49149880325273e-12
1,1,-0.00170419499045238,-0.00187288748566061,0.00253219037582626,293.191009521484,1.49161461716945e-12
1,1,-0.00176218250999227,-0.00181842999882065,0.00253218776142954,293.191009521484,1.49139797399278e-12
1,1,-0.00181842999882065,-0.00176218250999227,0.00253218776142954,293.191009521484,1.49139797399278e-12
1,1,-0.00187288748566061,-0.00170419499045238,0.00253219037582626,293.191009521484,1.49161461716945e-12
1,1,-0.00192549248458818,-0.00164452247554436,0.00253218788417765,293.191009521484,1.49149880325273e-12
1,1,-0.0019761974690482,-0.00158322998322546,0.00253218751605339,293.191009521484,1.49157049408368e-12
1,1,-0.00202495243865997,-0.00152037499356084,0.0025321872955767,293.191009521484,1.49143877795153e-12
1,1,-0.00207170995417982,-0.00145601999247447,0.00253218805635227,293.191009521484,1.49148367568639e-12
1,1,-0.00211642245994881,-0.00139022749499418,0.00253218808875122,293.191009521484,1.49134141024367e-12
1,1,-0.00215904496144503,-0.0013230649929028,0.00253218801059204,293.191009521484,1.4914214254819e-12
1,1,-0.00219954003114253,-0.00125459750415757,0.00253219099714791,293.191009521484,1.49151756846703e-12
1,1,-0.0022378625581041,-0.00118489001761191,0.00253219137957631,293.191009521484,1.49148582761365e-12
1,1,-0.00227397499838844,-0.0011140099959448,0.00253218888797037,293.191009521484,1.49168426869659e-12
1,1,-0.00230784498853609,-0.00104203101363964,0.00253218820874318,293.191009521484,1.49153584602703e-12
1,1,-0.00233943748753518,-0.000969026281381957,0.00253218871573464,293.191009521484,1.49154328903841e-12
1,1,-0.00236872001551092,-0.000895064513315447,0.00253218778823346,293.191009521484,1.49150198706798e-12
1,1,-0.00239566754316911,-0.000820219502202235,0.00253218937071989,293.191009521484,1.49147763924828e-12
1,1,-0.00242024753242731,-0.000744565244531259,0.00253218789223556,293.191009521484,1.49144538018003e-12
1,1,-0.0024424375151284,-0.000668175984174013,0.00253218485919443,293.191009521484,1.49155379307903e-12
1,1,-0.00246222247369587,-0.000591127245570533,0.00253218698567638,293.191009521484,1.49163417096297e-12
1,1,-0.00247957749525085,-0.000513495251652785,0.00253218915731516,293.191009521484,1.4915519886756e-12
1,1,-0.00249448249815032,-0.000435356741945725,0.00253218846580105,293.191009521484,1.49150144298083e-12
1,1,-0.00250692496774718,-0.00035678824497154,0.00253218692944737,293.191009521484,1.49146303490948e-12
1,1,-0.00251689495053142,-0.000277867497061379,0.00253218690817517,293.191009521484,1.49134316259252e-12
1,1,-0.00252438243478537,-0.000198672998521943,0.00253218831001855,293.191009521484,1.49140796872752e-12
1,1,-0.00252937746699899,-0.000119282374726026,0.00253218851104781,293.191009521484,1.49144719642716e-12
1,1,-0.00253187498310581,-3.97738749597921e-05,0.00253218737284711,293.191009521484,1.49147078097772e-12
1,1,0.00230692996410653,3.62401497113759e-05,0.00230721459941282,293.316009521484,1.35896081068373e-12
1,1,0.00238191249081865,3.74180508515568e-05,0.00238220637738367,293.294006347656,1.4032258514404e-12
1,1,0.00245689501753077,3.85959501727485e-05,0.00245719815532595,293.252014160156,1.44729915985628e-12
1,1,0.00253187498310581,3.9773874959792e-05,0.00253218737284711,293.191009521484,1.49147078097772e-12
1,1,0.00230465247295797,0.000108684651422664,0.00230721376871892,293.316009521484,1.35894414945442e-12
1,1,0.00237956002820283,0.000112217303467332,0.00238220457791058,293.294006347656,1.40321214109907e-12
1,1,0.00245447002816945,0.000115749702672474,0.00245719781719969,293.252014160156,1.44737839807142e-12
1,1,0.00252937746699899,0.000119282374726026,0.00253218851104781,293.191009521484,1.49144719642716e-12
1,1,0.00230010249651968,0.000181022001925157,0.00230721487072121,293.316009521484,1.35890935866058e-12
1,1,0.00237486005062237,0.000186905752343591,0.002382203605971,293.294006347656,1.40315977371843e-12
1,1,0.00244962249416858,0.000192789251741488,0.00245719719589693,293.252014160156,1.44743037037154e-12
1,1,0.00252438243478537,0.000198672998521943,0.00253218831001855,293.191009521484,1.49140796872752e-12
1,1,0.00229328247951344,0.000253180500294548,0.00230721583224732,293.316009521484,1.35892871657559e-12
1,1,0.00236782000865787,0.000261409499216825,0.0023822062294607,293.294006347656,1.40318626469871e-12
1,1,0.00244235998252407,0.000269638498139102,0.0024571990566321,293.252014160156,1.44736141037819e-12
1,1,0.00251689495053142,0.000277867497061379,0.00253218690817517,293.191009521484,1.49134316259252e-12
1,1,0.00228419748600572,0.000325089247780852,0.00230721502554434,293.316009521484,1.35904313238545e-12
1,1,0.00235844252165407,0.000335655502567533,0.00238220816562068,293.294006347656,1.40320718306677e-12
1,1,0.00243268499616534,0.000346221750078257,0.00245719876908548,293.252014160156,1.44728911236329e-12
1,1,0.00250692496774718,0.00035678824497154,0.00253218692944737,293.191009521484,1.49146303490948e-12
1,1,0.00227285746950656,0.000396677496610209,0.00230721349532476,293.316009521484,1.35901517095627e-12
1,1,0.00234673504019156,0.0004095705007785,0.00238220766180676,293.294006347656,1.40327812897572e-12
1,1,0.00242061004973948,0.000422463497670833,0.00245719930403784,293.252014160156,1.44724277405908e-12
1,1,0.00249448249815032,0.000435356741945725,0.00253218846580105,293.191009521484,1.49150144298083e-12
1,1,0.00225927500287071,0.000467874000605661,0.00230721252142909,293.316009521484,1.3589383953512e-12
1,1,0.00233271002070978,0.000483081239508465,0.00238220560084239,293.294006347656,1.40330813222946e-12
1,1,0.00240614503854886,0.000498288245580625,0.0024571986330407,293.252014160156,1.44729653412035e-12
1,1,0.00247957749525085,0.000513495251652785,0.00253218915731516,293.191009521484,1.4915519886756e-12
1,1,0.00224346504546702,0.000538608757779002,0.00230721364511147,293.316009521484,1.3590040533871e-12
1,1,0.00231638498371467,0.000556115250219591,0.00238220560915837,293.294006347656,1.40317428082758e-12
1,1,0.00238930247724056,0.000573621247895062,0.00245719508053076,293.252014160156,1.44727260940849e-12
1,1,0.00246222247369587,0.000591127245570533,0.00253218698567638,293.191009521484,1.49163417096297e-12
1,1,0.00222544249845669,0.000608812013524584,0.00230721615410195,293.316009521484,1.35901025025287e-12
1,1,0.00229777494678274,0.000628600013442338,0.00238220647362107,293.294006347656,1.40309467507877e-12
1,1,0.00237010495038703,0.000648387998808175,0.0024571944312259,293.252014160156,1.44726734107369e-12
1,1,0.0024424375151284,0.000668175984174013,0.00253218485919443,293.191009521484,1.49155379307903e-12
1,1,0.00220522249583155,0.000678414508001879,0.00230721748016717,293.316009521484,1.35898234318218e-12
1,1,0.00227689748862758,0.000700464501278475,0.00238220752481179,293.294006347656,1.40313626683916e-12
1,1,0.00234857248142362,0.000722514756489545,0.00245719764647564,293.252014160156,1.4472889827308e-12
1,1,0.00242024753242731,0.000744565244531259,0.00253218789223556,293.191009521484,1.49144538018003e-12
1,1,0.0021828250028193,0.000747347250580788,0.00230721756795577,293.316009521484,1.35901464652935e-12
1,1,0.00225377251626924,0.000771637991419993,0.00238220816573473,293.294006347656,1.40311989986612e-12
1,1,0.00232472002971917,0.000795928761363029,0.00245719877294093,293.252014160156,1.44739604395881e-12
1,1,0.00239566754316911,0.000820219502202235,0.00253218937071989,293.191009521484,1.49147763924828e-12
1,1,0.00215827248757705,0.000815542487544008,0.00230721686878835,293.316009521484,1.35909527751872e-12
1,1,0.00222842249786481,0.000842049732455052,0.00238220792142871,293.294006347656,1.40307021564867e-12
1,1,0.00229857000522316,0.000868557253852487,0.00245719673044943,293.252014160156,1.44734394321288e-12
1,1,0.00236872001551092,0.000895064513315447,0.00253218778823346,293.191009521484,1.49150198706798e-12
1,1,0.00213158747646958,0.000882933236425743,0.00230721396273236,293.316009521484,1.35906687104892e-12
1,1,0.00220087252091616,0.000911630733753555,0.00238220705398333,293.294006347656,1.40323096805726e-12
1,1,0.00227015500422567,0.000940328507567756,0.00245719788485898,293.252014160156,1.4472637483992e-12
1,1,0.00233943748753518,0.000969026281381957,0.00253218871573464,293.191009521484,1.49154328903841e-12
1,1,0.00210280250757933,0.000949452238273807,0.0023072143243845,293.316009521484,1.35890782085987e-12
1,1,0.00217115005943924,0.000980312994215637,0.0023822061512873,293.294006347656,1.40326062481969e-12
1,1,0.00223949749488384,0.00101117300800979,0.00245719756668416,293.252014160156,1.44736453086287e-12
1,1,0.00230784498853609,0.00104203101363964,0.00253218820874318,293.191009521484,1.49153584602703e-12
1,1,0.00207194255199283,0.00101503523183055,0.00230721530434762,293.316009521484,1.35908138692982e-12
1,1,0.00213928753510118,0.00104802800342441,0.00238220776881468,293.294006347656,1.40319458782359e-12
1,1,0.00220662995707244,0.00108102001831867,0.00245719760040889,293.252014160156,1.44723667020903e-12
1,1,0.00227397499838844,0.0011140099959448,0.00253218888797037,293.191009521484,1.49168426869659e-12
1,1,0.00203903752844781,0.00107961500179954,0.00230721533336816,293.316009521484,1.35889676002423e-12
1,1,0.00210531248012558,0.0011147049954161,0.00238220651199222,293.294006347656,1.40309433452847e-12
1,1,0.00217158749001101,0.00114979752106592,0.00245719892687215,293.252014160156,1.44733751564371e-12
1,1,0.0022378625581041,0.00118489001761191,0.00253219137957631,293.191009521484,1.49148582761365e-12
1,1,0.00200412003323436,0.00114312750520185,0.00230721425116097,293.316009521484,1.35901785923653e-12
1,1,0.00206925999373198,0.00118028250290081,0.00238220563938411,293.294006347656,1.40317732140124e-12
1,1,0.00213440001243725,0.00121744000352919,0.0024571983182652,293.252014160156,1.44739726452096e-12
1,1,0.00219954003114253,0.00125459750415757,0.00253219099714791,293.191009521484,1.49151756846703e-12
1,1,0.00196722248801962,0.00120551500003785,0.00230721276276947,293.316009521484,1.3590796437754e-12
1,1,0.00203116500051692,0.00124469751608558,0.00238220552553186,293.294006347656,1.40319745194731e-12
1,1,0.00209510501008481,0.0012838825059589,0.00245719744676527,293.252014160156,1.44737396005793e-12
1,1,0.00215904496144503,0.0013230649929028,0.00253218801059204,293.191009521484,1.4914214254819e-12
1,1,0.00192838493967429,0.00126671500038356,0.0023072137672438,293.316009521484,1.35906885541828e-12
1,1,0.00199106248328462,0.00130788501701318,0.00238220339813188,293.294006347656,1.403190556473e-12
1,1,0.00205374252982438,0.00134905750746839,0.00245719647917423,293.252014160156,1.44746869386605e-12
1,1,0.00211642245994881,0.00139022749499418,0.00253218808875122,293.191009521484,1.49134141024367e-12
1,1,0.00188764499034733,0.00132666248828173,0.00230721411390387,293.316009521484,1.35893569096991e-12
1,1,0.00194899752386846,0.00136978251975961,0.00238220391643628,293.294006347656,1.40311381992158e-12
1,1,0.00201035500504076,0.00141290001920424,0.00245719631095275,293.252014160156,1.44738005625175e-12
1,1,0.00207170995417982,0.00145601999247447,0.00253218805635227,293.191009521484,1.49148367568639e-12
1,1,0.00184504251228645,0.00138529998366721,0.00230721431967052,293.316009521484,1.35900870832378e-12
1,1,0.0019050125265494,0.00143032750929706,0.00238220685713102,293.294006347656,1.40323309044039e-12
1,1,0.00196498495643027,0.00147535002906807,0.00245719832070357,293.252014160156,1.44728544426065e-12
1,1,0.00202495243865997,0.00152037499356084,0.0025321872955767,293.191009521484,1.49143877795153e-12
1,1,0.00180061999708414,0.00144257000647485,0.00230721490058472,293.316009521484,1.35886621261474e-12
1,1,0.00185914500616491,0.00148946000263095,0.0023822072230151,293.294006347656,1.40327937920228e-12
1,1,0.00191767248907126,0.00153634499292821,0.00245719834621391,293.252014160156,1.44729449040185e-12
1,1,0.0019761974690482,0.00158322998322546,0.00253218751605339,293.191009521484,1.49157049408368e-12
1,1,0.00175441999454051,0.00149841752136126,0.00230721576484861,293.316009521484,1.35904702698941e-12
1,1,0.00181144251837395,0.00154712001676671,0.00238220577273526,293.294006347656,1.40307149918522e-12
1,1,0.00186846751603298,0.00159581998013891,0.00245719601730937,293.252014160156,1.44721626632047e-12
1,1,0.00192549248458818,0.00164452247554436,0.00253218788417765,293.191009521484,1.49149880325273e-12
1,1,0.00170648749917746,0.00155278499005362,0.00230721494668025,293.316009521484,1.35889676461509e-12
1,1,0.001761952531524,0.00160325251636095,0.00238220388601848,293.294006347656,1.40309244093785e-12
1,1,0.00181742000859231,0.00165372251649387,0.00245719629846508,293.252014160156,1.44755386399233e-12
1,1,0.00187288748566061,0.00170419499045238,0.00253219037582626,293.191009521484,1.49161461716945e-12
1,1,0.0016568725113757,0.00160561999655329,0.00230721522452592,293.316009521484,1.35908671216418e-12
1,1,0.00171072501689196,0.00165780750103295,0.00238220607712706,293.294006347656,1.4031081736862e-12
1,1,0.00176457749330439,0.00170999500551261,0.00245719690882812,293.252014160156,1.44738728010295e-12
1,1,0.00181842999882065,0.00176218250999227,0.00253218776142954,293.191009521484,1.49139797399279e-12
1,1,0.00160561999655329,0.0016568725113757,0.00230721522452592,293.316009521484,1.35908671216418e-12
1,1,0.00165780750103295,0.00171072501689196,0.00238220607712706,293.294006347656,1.4031081736862e-12
1,1,0.00170999500551261,0.00176457749330439,0.00245719690882812,293.252014160156,1.44738728010295e-12
1,1,0.00176218250999227,0.00181842999882065,0.00253218776142954,293.191009521484,1.49139797399279e-12
1,1,0.00155278499005362,0.00170648749917746,0.00230721494668025,293.316009521484,1.35889676461509e-12
1,1,0.00160325251636095,0.001761952531524,0.00238220388601848,293.294006347656,1.40309244093785e-12
1,1,0.00165372251649387,0.00181742000859231,0.00245719629846508,293.252014160156,1.44755386399233e-12
1,1,0.00170419499045238,0.00187288748566061,0.00253219037582626,293.191009521484,1.49161461716945e-12
1,1,0.00149841752136126,0.00175441999454051,0.00230721576484861,293.316009521484,1.35904702698941e-12
1,1,0.00154712001676671,0.00181144251837395,0.00238220577273526,293.294006347656,1.40307149918522e-12
1,1,0.00159581998013891,0.00186846751603298,0.00245719601730937,293.252014160156,1.44721626632047e-12
1,1,0.00164452247554436,0.00192549248458818,0.00253218788417765,293.191009521484,1.49149880325273e-12
1,1,0.00144257000647485,0.00180061999708414,0.00230721490058472,293.316009521484,1.35886621261474e-12
1,1,0.00148946000263095,0.00185914500616491,0.0023822072230151,293.294006347656,1.40327937920228e-12
1,1,0.00153634499292821,0.00191767248907126,0.00245719834621391,293.252014160156,1.44729449040185e-12
1,1,0.00158322998322546,0.0019761974690482,0.00253218751605339,293.191009521484,1.49157049408368e-12
1,1,0.00138529998366721,0.00184504251228645,0.00230721431967052,293.316009521484,1.35900870832378e-12
1,1,0.00143032750929706,0.0019050125265494,0.00238220685713102,293.294006347656,1.40323309044039e-12
1,1,0.00147535002906807,0.00196498495643027,0.00245719832070357,293.252014160156,1.44728544426065e-12
1,1,0.00152037499356084,0.00202495243865997,0.0025321872955767,293.191009521484,1.49143877795153e-12
1,1,0.00132666248828173,0.00188764499034733,0.00230721411390387,293.316009521484,1.35893569096991e-12
1,1,0.00136978251975961,0.00194899752386846,0.00238220391643628,293.294006347656,1.40311381992158e-12
1,1,0.00141290001920424,0.00201035500504076,0.00245719631095275,293.252014160156,1.44738005625175e-12
1,1,0.00145601999247447,0.00207170995417982,0.00253218805635227,293.191009521484,1.49148367568639e-12
1,1,0.00126671500038356,0.00192838493967429,0.0023072137672438,293.316009521484,1.35906885541828e-12
1,1,0.00130788501701318,0.00199106248328462,0.00238220339813188,293.294006347656,1.403190556473e-12
1,1,0.00134905750746839,0.00205374252982438,0.00245719647917423,293.252014160156,1.44746869386605e-12
1,1,0.00139022749499418,0.00211642245994881,0.00253218808875122,293.191009521484,1.49134141024367e-12
1,1,0.00120551500003785,0.00196722248801962,0.00230721276276947,293.316009521484,1.3590796437754e-12
1,1,0.00124469751608558,0.00203116500051692,0.00238220552553186,293.294006347656,1.40319745194731e-12
1,1,0.0012838825059589,0.00209510501008481,0.00245719744676527,293.252014160156,1.44737396005793e-12
1,1,0.0013230649929028,0.00215904496144503,0.00253218801059204,293.191009521484,1.4914214254819e-12
1,1,0.00114312750520185,0.00200412003323436,0.00230721425116097,293.316009521484,1.35901785923653e-12
1,1,0.00118028250290081,0.00206925999373198,0.00238220563938411,293.294006347656,1.40317732140124e-12
1,1,0.00121744000352919,0.00213440001243725,0.0024571983182652,293.252014160156,1.44739726452096e-12
1,1,0.00125459750415757,0.00219954003114253,0.00253219099714791,293.191009521484,1.49151756846703e-12
1,1,0.00107961500179954,0.00203903752844781,0.00230721533336816,293.316009521484,1.35889676002423e-12
1,1,0.0011147049954161,0.00210531248012558,0.00238220651199222,293.294006347656,1.40309433452847e-12
1,1,0.00114979752106592,0.00217158749001101,0.00245719892687215,293.252014160156,1.44733751564371e-12
1,1,0.00118489001761191,0.0022378625581041,0.00253219137957631,293.191009521484,1.49148582761365e-12
1,1,0.00101503523183055,0.00207194255199283,0.00230721530434762,293.316009521484,1.35908138692982e-12
1,1,0.00104802800342441,0.00213928753510118,0.00238220776881468,293.294006347656,1.40319458782359e-12
1,1,0.00108102001831867,0.00220662995707244,0.00245719760040889,293.252014160156,1.44723667020903e-12
1,1,0.0011140099959448,0.00227397499838844,0.00253218888797037,293.191009521484,1.49168426869659e-12
1,1,0.000949452238273807,0.00210280250757933,0.0023072143243845,293.316009521484,1.35890782085987e-12
1,1,0.000980312994215637,0.00217115005943924,0.0023822061512873,293.294006347656,1.40326062481969e-12
1,1,0.00101117300800979,0.00223949749488384,0.00245719756668416,293.252014160156,1.44736453086287e-12
1,1,0.00104203101363964,0.00230784498853609,0.00253218820874318,293.191009521484,1.49153584602703e-12
1,1,0.000882933236425743,0.00213158747646958,0.00230721396273236,293.316009521484,1.35906687104892e-12
1,1,0.000911630733753555,0.00220087252091616,0.00238220705398333,293.294006347656,1.40323096805726e-12
1,1,0.000940328507567756,0.00227015500422567,0.00245719788485898,293.252014160156,1.4472637483992e-12
1,1,0.000969026281381957,0.00233943748753518,0.00253218871573464,293.191009521484,1.49154328903841e-12
1,1,0.000815542487544008,0.00215827248757705,0.00230721686878835,293.316009521484,1.35909527751872e-12
1,1,0.000842049732455052,0.00222842249786481,0.00238220792142871,293.294006347656,1.40307021564867e-12
1,1,0.000868557253852487,0.00229857000522316,0.00245719673044943,293.252014160156,1.44734394321288e-12
1,1,0.000895064513315447,0.00236872001551092,0.00253218778823346,293.191009521484,1.49150198706798e-12
1,1,0.000747347250580788,0.0021828250028193,0.00230721756795577,293.316009521484,1.35901464652935e-12
1,1,0.000771637991419993,0.00225377251626924,0.00238220816573473,293.294006347656,1.40311989986612e-12
1,1,0.000795928761363029,0.00232472002971917,0.00245719877294093,293.252014160156,1.44739604395881e-12
1,1,0.000820219502202235,0.00239566754316911,0.00253218937071989,293.191009521484,1.49147763924828e-12
1,1,0.000678414508001879,0.00220522249583155,0.00230721748016717,293.316009521484,1.35898234318218e-12
1,1,0.000700464501278475,0.00227689748862758,0.00238220752481179,293.294006347656,1.40313626683916e-12
1,1,0.000722514756489545,0.00234857248142362,0.00245719764647564,293.252014160156,1.4472889827308e-12
1,1,0.000744565244531259,0.00242024753242731,0.00253218789223556,293.191009521484,1.49144538018003e-12
1,1,0.000608812013524584,0.00222544249845669,0.00230721615410195,293.316009521484,1.35901025025287e-12
1,1,0.000628600013442338,0.00229777494678274,0.00238220647362107,293.294006347656,1.40309467507877e-12
1,1,0.000648387998808175,0.00237010495038703,0.0024571944312259,293.252014160156,1.44726734107369e-12
1,1,0.000668175984174013,0.0024424375151284,0.00253218485919443,293.191009521484,1.49155379307903e-12
1,1,0.000538608757779002,0.00224346504546702,0.00230721364511147,293.316009521484,1.3590040533871e-12
1,1,0.000556115250219591,0.00231638498371467,0.00238220560915837,293.294006347656,1.40317428082758e-12
1,1,0.000573621247895062,0.00238930247724056,0.00245719508053076,293.252014160156,1.44727260940849e-12
1,1,0.000591127245570533,0.00246222247369587,0.00253218698567638,293.191009521484,1.49163417096297e-12
1,1,0.000467874000605661,0.00225927500287071,0.00230721252142909,293.316009521484,1.3589383953512e-12
1,1,0.000483081239508465,0.00233271002070978,0.00238220560084239,293.294006347656,1.40330813222946e-12
1,1,0.000498288245580625,0.00240614503854886,0.0024571986330407,293.252014160156,1.44729653412035e-12
1,1,0.000513495251652785,0.00247957749525085,0.00253218915731516,293.191009521484,1.4915519886756e-12
1,1,0.000396677496610209,0.00227285746950656,0.00230721349532476,293.316009521484,1.35901517095627e-12
1,1,0.0004095705007785,0.00234673504019156,0.00238220766180676,293.294006347656,1.40327812897572e-12
1,1,0.000422463497670833,0.00242061004973948,0.00245719930403784,293.252014160156,1.44724277405908e-12
1,1,0.000435356741945725,0.00249448249815032,0.00253218846580105,293.191009521484,1.49150144298083e-12
1,1,0.000325089247780852,0.00228419748600572,0.00230721502554434,293.316009521484,1.35904313238545e-12
1,1,0.000335655502567533,0.00235844252165407,0.00238220816562068,293.294006347656,1.40320718306677e-12
1,1,0.000346221750078257,0.00243268499616534,0.00245719876908548,293.252014160156,1.44728911236329e-12
1,1,0.00035678824497154,0.00250692496774718,0.00253218692944737,293.191009521484,1.49146303490948e-12
1,1,0.000253180500294548,0.00229328247951344,0.00230721583224732,293.316009521484,1.35892871657559e-12
1,1,0.000261409499216825,0.00236782000865787,0.0023822062294607,293.294006347656,1.40318626469871e-12
1,1,0.000269638498139102,0.00244235998252407,0.0024571990566321,293.252014160156,1.44736141037819e-12
1,1,0.000277867497061379,0.00251689495053142,0.00253218690817517,293.191009521484,1.49134316259252e-12
1,1,0.000181022001925157,0.00230010249651968,0.00230721487072121,293.316009521484,1.35890935866058e-12
1,1,0.000186905752343591,0.00237486005062237,0.002382203605971,293.294006347656,1.40315977371843e-12
1,1,0.000192789251741488,0.00244962249416858,0.00245719719589693,293.252014160156,1.44743037037154e-12
1,1,0.000198672998521943,0.00252438243478537,0.00253218831001855,293.191009521484,1.49140796872752e-12
1,1,0.000108684651422664,0.00230465247295797,0.00230721376871892,293.316009521484,1.35894414945442e-12
1,1,0.000112217303467332,0.00237956002820283,0.00238220457791058,293.294006347656,1.40321214109907e-12
1,1,0.000115749702672474,0.00245447002816945,0.00245719781719969,293.252014160156,1.44737839807142e-12
1,1,0.000119282374726026,0.00252937746699899,0.00253218851104781,293.191009521484,1.49144719642716e-12
1,1,3.62401497113756e-05,0.00230692996410653,0.00230721459941282,293.316009521484,1.35896081068374e-12
1,1,3.74180508515572e-05,0.00238191249081865,0.00238220637738367,293.294006347656,1.40322585144038e-12
1,1,3.85959501727495e-05,0.00245689501753077,0.00245719815532595,293.252014160156,1.44729915985624e-12
1,1,3.97738749597934e-05,0.00253187498310581,0.00253218737284711,293.191009521484,1.49147078097767e-12
1,1,-3.62401497113747e-05,0.00230692996410653,0.00230721459941282,293.316009521484,1.35896081068378e-12
1,1,-3.74180508515557e-05,0.00238191249081865,0.00238220637738367,293.294006347656,1.40322585144044e-12
1,1,-3.85959501727474e-05,0.00245689501753077,0.00245719815532595,293.252014160156,1.44729915985632e-12
1,1,-3.97738749597907e-05,0.00253187498310581,0.00253218737284711,293.191009521484,1.49147078097777e-12
1,1,-0.000108684651422664,0.00230465247295797,0.00230721376871892,293.316009521484,1.35894414945442e-12
1,1,-0.000112217303467332,0.00237956002820283,0.00238220457791058,293.294006347656,1.40321214109907e-12
1,1,-0.000115749702672474,0.00245447002816945,0.00245719781719969,293.252014160156,1.44737839807142e-12
1,1,-0.000119282374726026,0.00252937746699899,0.00253218851104781,293.191009521484,1.49144719642716e-12
1,1,-0.000181022001925157,0.00230010249651968,0.00230721487072121,293.316009521484,1.35890935866058e-12
1,1,-0.000186905752343591,0.00237486005062237,0.002382203605971,293.294006347656,1.40315977371843e-12
1,1,-0.000192789251741488,0.00244962249416858,0.00245719719589693,293.252014160156,1.44743037037154e-12
1,1,-0.000198672998521943,0.00252438243478537,0.00253218831001855,293.191009521484,1.49140796872752e-12
1,1,-0.000253180500294548,0.00229328247951344,0.00230721583224732,293.316009521484,1.35892871657559e-12
1,1,-0.000261409499216825,0.00236782000865787,0.0023822062294607,293.294006347656,1.40318626469871e-12
1,1,-0.000269638498139102,0.00244235998252407,0.0024571990566321,293.252014160156,1.44736141037819e-12
1,1,-0.000277867497061379,0.00251689495053142,0.00253218690817517,293.191009521484,1.49134316259252e-12
1,1,-0.000325089247780852,0.00228419748600572,0.00230721502554434,293.316009521484,1.35904313238545e-12
1,1,-0.000335655502567533,0.00235844252165407,0.00238220816562068,293.294006347656,1.40320718306677e-12
1,1,-0.000346221750078257,0.00243268499616534,0.00245719876908548,293.252014160156,1.44728911236329e-12
1,1,-0.00035678824497154,0.00250692496774718,0.00253218692944737,293.191009521484,1.49146303490948e-12
1,1,-0.000396677496610209,0.00227285746950656,0.00230721349532476,293.316009521484,1.35901517095627e-12
1,1,-0.0004095705007785,0.00234673504019156,0.00238220766180676,293.294006347656,1.40327812897572e-12
1,1,-0.000422463497670833,0.00242061004973948,0.00245719930403784,293.252014160156,1.44724277405908e-12
1,1,-0.000435356741945725,0.00249448249815032,0.00253218846580105,293.191009521484,1.49150144298083e-12
1,1,-0.000467874000605661,0.00225927500287071,0.00230721252142909,293.316009521484,1.3589383953512e-12
1,1,-0.000483081239508465,0.00233271002070978,0.00238220560084239,293.294006347656,1.40330813222946e-12
1,1,-0.000498288245580625,0.00240614503854886,0.0024571986330407,293.252014160156,1.44729653412035e-12
1,1,-0.000513495251652785,0.00247957749525085,0.00253218915731516,293.191009521484,1.4915519886756e-12
1,1,-0.000538608757779002,0.00224346504546702,0.00230721364511147,293.316009521484,1.3590040533871e-12
1,1,-0.000556115250219591,0.00231638498371467,0.00238220560915837,293.294006347656,1.40317428082758e-12
1,1,-0.000573621247895062,0.00238930247724056,0.00245719508053076,293.252014160156,1.44727260940849e-12
1,1,-0.000591127245570533,0.00246222247369587,0.00253218698567638,293.191009521484,1.49163417096297e-12
1,1,-0.000608812013524584,0.00222544249845669,0.00230721615410195,293.316009521484,1.35901025025287e-12
1,1,-0.000628600013442338,0.00229777494678274,0.00238220647362107,293.294006347656,1.40309467507877e-12
1,1,-0.000648387998808175,0.00237010495038703,0.0024571944312259,293.252014160156,1.44726734107369e-12
1,1,-0.000668175984174013,0.0024424375151284,0.00253218485919443,293.191009521484,1.49155379307903e-12
1,1,-0.000678414508001879,0.00220522249583155,0.00230721748016717,293.316009521484,1.35898234318218e-12
1,1,-0.000700464501278475,0.00227689748862758,0.00238220752481179,293.294006347656,1.40313626683916e-12
1,1,-0.000722514756489545,0.00234857248142362,0.00245719764647564,293.252014160156,1.4472889827308e-12
1,1,-0.000744565244531259,0.00242024753242731,0.00253218789223556,293.191009521484,1.49144538018003e-12
1,1,-0.000747347250580788,0.0021828250028193,0.00230721756795577,293.316009521484,1.35901464652935e-12
1,1,-0.000771637991419993,0.00225377251626924,0.00238220816573473,293.294006347656,1.40311989986612e-12
1,1,-0.000795928761363029,0.00232472002971917,0.00245719877294093,293.252014160156,1.44739604395881e-12
1,1,-0.000820219502202235,0.00239566754316911,0.00253218937071989,293.191009521484,1.49147763924828e-12
1,1,-0.000815542487544008,0.00215827248757705,0.00230721686878835,293.316009521484,1.35909527751872e-12
1,1,-0.000842049732455052,0.00222842249786481,0.00238220792142871,293.294006347656,1.40307021564867e-12
1,1,-0.000868557253852487,0.00229857000522316,0.00245719673044943,293.252014160156,1.44734394321288e-12
1,1,-0.000895064513315447,0.00236872001551092,0.00253218778823346,293.191009521484,1.49150198706798e-12
1,1,-0.000882933236425743,0.00213158747646958,0.00230721396273236,293.316009521484,1.35906687104892e-12
1,1,-0.000911630733753555,0.00220087252091616,0.00238220705398333,293.294006347656,1.40323096805726e-12
1,1,-0.000940328507567756,0.00227015500422567,0.00245719788485898,293.252014160156,1.4472637483992e-12
1,1,-0.000969026281381957,0.00233943748753518,0.00253218871573464,293.191009521484,1.49154328903841e-12
1,1,-0.000949452238273807,0.00210280250757933,0.0023072143243845,293.316009521484,1.35890782085987e-12
1,1,-0.000980312994215637,0.00217115005943924,0.0023822061512873,293.294006347656,1.40326062481969e-12
1,1,-0.00101117300800979,0.00223949749488384,0.00245719756668416,293.252014160156,1.44736453086287e-12
1,1,-0.00104203101363964,0.00230784498853609,0.00253218820874318,293.191009521484,1.49153584602703e-12
1,1,-0.00101503523183055,0.00207194255199283,0.00230721530434762,293.316009521484,1.35908138692982e-12
1,1,-0.00104802800342441,0.00213928753510118,0.00238220776881468,293.294006347656,1.40319458782359e-12
1,1,-0.00108102001831867,0.00220662995707244,0.00245719760040889,293.252014160156,1.44723667020903e-12
1,1,-0.0011140099959448,0.00227397499838844,0.00253218888797037,293.191009521484,1.49168426869659e-12
1,1,-0.00107961500179954,0.00203903752844781,0.00230721533336816,293.316009521484,1.35889676002423e-12
1,1,-0.0011147049954161,0.00210531248012558,0.00238220651199222,293.294006347656,1.40309433452847e-12
1,1,-0.00114979752106592,0.00217158749001101,0.00245719892687215,293.252014160156,1.44733751564371e-12
1,1,-0.00118489001761191,0.0022378625581041,0.00253219137957631,293.191009521484,1.49148582761365e-12
1,1,-0.00114312750520185,0.00200412003323436,0.00230721425116097,293.316009521484,1.35901785923653e-12
1,1,-0.00118028250290081,0.00206925999373198,0.00238220563938411,293.294006347656,1.40317732140124e-12
1,1,-0.00121744000352919,0.00213440001243725,0.0024571983182652,293.252014160156,1.44739726452096e-12
1,1,-0.00125459750415757,0.00219954003114253,0.00253219099714791,293.191009521484,1.49151756846703e-12
1,1,-0.00120551500003785,0.00196722248801962,0.00230721276276947,293.316009521484,1.3590796437754e-12
1,1,-0.00124469751608558,0.00203116500051692,0.00238220552553186,293.294006347656,1.40319745194731e-12
1,1,-0.0012838825059589,0.00209510501008481,0.00245719744676527,293.252014160156,1.44737396005793e-12
1,1,-0.0013230649929028,0.00215904496144503,0.00253218801059204,293.191009521484,1.4914214254819e-12
1,1,-0.00126671500038356,0.00192838493967429,0.0023072137672438,293.316009521484,1.35906885541828e-12
1,1,-0.00130788501701318,0.00199106248328462,0.00238220339813188,293.294006347656,1.403190556473e-12
1,1,-0.00134905750746839,0.00205374252982438,0.00245719647917423,293.252014160156,1.44746869386605e-12
1,1,-0.00139022749499418,0.00211642245994881,0.00253218808875122,293.191009521484,1.49134141024367e-12
1,1,-0.00132666248828173,0.00188764499034733,0.00230721411390387,293.316009521484,1.35893569096991e-12
1,1,-0.00136978251975961,0.00194899752386846,0.00238220391643628,293.294006347656,1.40311381992158e-12
1,1,-0.00141290001920424,0.00201035500504076,0.00245719631095275,293.252014160156,1.44738005625175e-12
1,1,-0.00145601999247447,0.00207170995417982,0.00253218805635227,293.191009521484,1.49148367568639e-12
1,1,-0.00138529998366721,0.00184504251228645,0.00230721431967052,293.316009521484,1.35900870832378e-12
1,1,-0.00143032750929706,0.0019050125265494,0.00238220685713102,293.294006347656,1.40323309044039e-12
1,1,-0.00147535002906807,0.00196498495643027,0.00245719832070357,293.252014160156,1.44728544426065e-12
1,1,-0.00152037499356084,0.00202495243865997,0.0025321872955767,293.191009521484,1.49143877795153e-12
1,1,-0.00144257000647485,0.00180061999708414,0.00230721490058472,293.316009521484,1.35886621261474e-12
1,1,-0.00148946000263095,0.00185914500616491,0.0023822072230151,293.294006347656,1.40327937920228e-12
1,1,-0.00153634499292821,0.00191767248907126,0.00245719834621391,293.252014160156,1.44729449040185e-12
1,1,-0.00158322998322546,0.0019761974690482,0.00253218751605339,293.191009521484,1.49157049408368e-12
1,1,-0.00149841752136126,0.00175441999454051,0.00230721576484861,293.316009521484,1.35904702698941e-12
1,1,-0.00154712001676671,0.00181144251837395,0.00238220577273526,293.294006347656,1.40307149918522e-12
1,1,-0.00159581998013891,0.00186846751603298,0.00245719601730937,293.252014160156,1.44721626632047e-12
1,1,-0.00164452247554436,0.00192549248458818,0.00253218788417765,293.191009521484,1.49149880325273e-12
1,1,-0.00155278499005362,0.00170648749917746,0.00230721494668025,293.316009521484,1.35889676461509e-12
1,1,-0.00160325251636095,0.001761952531524,0.00238220388601848,293.294006347656,1.40309244093785e-12
1,1,-0.00165372251649387,0.00181742000859231,0.00245719629846508,293.252014160156,1.44755386399233e-12
1,1,-0.00170419499045238,0.00187288748566061,0.00253219037582626,293.191009521484,1.49161461716945e-12
1,1,-0.00160561999655329,0.0016568725113757,0.00230721522452592,293.316009521484,1.35908671216418e-12
1,1,-0.00165780750103295,0.00171072501689196,0.00238220607712706,293.294006347656,1.4031081736862e-12
1,1,-0.00170999500551261,0.00176457749330439,0.00245719690882812,293.252014160156,1.44738728010295e-12
1,1,-0.00176218250999227,0.00181842999882065,0.00253218776142954,293.191009521484,1.49139797399279e-12
1,1,-0.0016568725113757,0.00160561999655329,0.00230721522452592,293.316009521484,1.35908671216418e-12
1,1,-0.00171072501689196,0.00165780750103295,0.00238220607712706,293.294006347656,1.4031081736862e-12
1,1,-0.00176457749330439,0.00170999500551261,0.00245719690882812,293.252014160156,1.44738728010295e-12
1,1,-0.00181842999882065,0.00176218250999227,0.00253218776142954,293.191009521484,1.49139797399279e-12
1,1,-0.00170648749917746,0.00155278499005362,0.00230721494668025,293.316009521484,1.35889676461509e-12
1,1,-0.001761952531524,0.00160325251636095,0.00238220388601848,293.294006347656,1.40309244093785e-12
1,1,-0.00181742000859231,0.00165372251649387,0.00245719629846508,293.252014160156,1.44755386399233e-12
1,1,-0.00187288748566061,0.00170419499045238,0.00253219037582626,293.191009521484,1.49161461716945e-12
1,1,-0.00175441999454051,0.00149841752136126,0.00230721576484861,293.316009521484,1.35904702698941e-12
1,1,-0.00181144251837395,0.00154712001676671,0.00238220577273526,293.294006347656,1.40307149918522e-12
1,1,-0.00186846751603298,0.00159581998013891,0.00245719601730937,293.252014160156,1.44721626632047e-12
1,1,-0.00192549248458818,0.00164452247554436,0.00253218788417765,293.191009521484,1.49149880325273e-12
1,1,-0.00180061999708414,0.00144257000647485,0.00230721490058472,293.316009521484,1.35886621261474e-12
1,1,-0.00185914500616491,0.00148946000263095,0.0023822072230151,293.294006347656,1.40327937920228e-12
1,1,-0.00191767248907126,0.00153634499292821,0.00245719834621391,293.252014160156,1.44729449040185e-12
1,1,-0.0019761974690482,0.00158322998322546,0.00253218751605339,293.191009521484,1.49157049408368e-12
1,1,-0.00184504251228645,0.00138529998366721,0.00230721431967052,293.316009521484,1.35900870832378e-12
1,1,-0.0019050125265494,0.00143032750929706,0.00238220685713102,293.294006347656,1.40323309044039e-12
1,1,-0.00196498495643027,0.00147535002906807,0.00245719832070357,293.252014160156,1.44728544426065e-12
1,1,-0.00202495243865997,0.00152037499356084,0.0025321872955767,293.191009521484,1.49143877795153e-12
1,1,-0.00188764499034733,0.00132666248828173,0.00230721411390387,293.316009521484,1.35893569096991e-12
1,1,-0.00194899752386846,0.00136978251975961,0.00238220391643628,293.294006347656,1.40311381992158e-12
1,1,-0.00201035500504076,0.00141290001920424,0.00245719631095275,293.252014160156,1.44738005625175e-12
1,1,-0.00207170995417982,0.00145601999247447,0.00253218805635227,293.191009521484,1.49148367568639e-12
1,1,-0.00192838493967429,0.00126671500038356,0.0023072137672438,293.316009521484,1.35906885541828e-12
1,1,-0.00199106248328462,0.00130788501701318,0.00238220339813188,293.294006347656,1.403190556473e-12
1,1,-0.00205374252982438,0.00134905750746839,0.00245719647917423,293.252014160156,1.44746869386605e-12
1,1,-0.00211642245994881,0.00139022749499418,0.00253218808875122,293.191009521484,1.49134141024367e-12
1,1,-0.00196722248801962,0.00120551500003785,0.00230721276276947,293.316009521484,1.3590796437754e-12
1,1,-0.00203116500051692,0.00124469751608558,0.00238220552553186,293.294006347656,1.40319745194731e-12
1,1,-0.00209510501008481,0.0012838825059589,0.00245719744676527,293.252014160156,1.44737396005793e-12
1,1,-0.00215904496144503,0.0013230649929028,0.00253218801059204,293.191009521484,1.4914214254819e-12
1,1,-0.00200412003323436,0.00114312750520185,0.00230721425116097,293.316009521484,1.35901785923653e-12
1,1,-0.00206925999373198,0.00118028250290081,0.00238220563938411,293.294006347656,1.40317732140124e-12
1,1,-0.00213440001243725,0.00121744000352919,0.0024571983182652,293.252014160156,1.44739726452096e-12
1,1,-0.00219954003114253,0.00125459750415757,0.00253219099714791,293.191009521484,1.49151756846703e-12
1,1,-0.00203903752844781,0.00107961500179954,0.00230721533336816,293.316009521484,1.35889676002423e-12
1,1,-0.00210531248012558,0.0011147049954161,0.00238220651199222,293.294006347656,1.40309433452847e-12
1,1,-0.00217158749001101,0.00114979752106592,0.00245719892687215,293.252014160156,1.44733751564371e-12
1,1,-0.0022378625581041,0.00118489001761191,0.00253219137957631,293.191009521484,1.49148582761365e-12
1,1,-0.00207194255199283,0.00101503523183055,0.00230721530434762,293.316009521484,1.35908138692982e-12
1,1,-0.00213928753510118,0.00104802800342441,0.00238220776881468,293.294006347656,1.40319458782359e-12
1,1,-0.00220662995707244,0.00108102001831867,0.00245719760040889,293.252014160156,1.44723667020903e-12
1,1,-0.00227397499838844,0.0011140099959448,0.00253218888797037,293.191009521484,1.49168426869659e-12
1,1,-0.00210280250757933,0.000949452238273807,0.0023072143243845,293.316009521484,1.35890782085987e-12
1,1,-0.00217115005943924,0.000980312994215637,0.0023822061512873,293.294006347656,1.40326062481969e-12
1,1,-0.00223949749488384,0.00101117300800979,0.00245719756668416,293.252014160156,1.44736453086287e-12
1,1,-0.00230784498853609,0.00104203101363964,0.00253218820874318,293.191009521484,1.49153584602703e-12
1,1,-0.00213158747646958,0.000882933236425743,0.00230721396273236,293.316009521484,1.35906687104892e-12
1,1,-0.00220087252091616,0.000911630733753555,0.00238220705398333,293.294006347656,1.40323096805726e-12
1,1,-0.00227015500422567,0.000940328507567756,0.00245719788485898,293.252014160156,1.4472637483992e-12
1,1,-0.00233943748753518,0.000969026281381957,0.00253218871573464,293.191009521484,1.49154328903841e-12
1,1,-0.00215827248757705,0.000815542487544008,0.00230721686878835,293.316009521484,1.35909527751872e-12
1,1,-0.00222842249786481,0.000842049732455052,0.00238220792142871,293.294006347656,1.40307021564867e-12
1,1,-0.00229857000522316,0.000868557253852487,0.00245719673044943,293.252014160156,1.44734394321288e-12
1,1,-0.00236872001551092,0.000895064513315447,0.00253218778823346,293.191009521484,1.49150198706798e-12
1,1,-0.0021828250028193,0.000747347250580788,0.00230721756795577,293.316009521484,1.35901464652935e-12
1,1,-0.00225377251626924,0.000771637991419993,0.00238220816573473,293.294006347656,1.40311989986612e-12
1,1,-0.00232472002971917,0.000795928761363029,0.00245719877294093,293.252014160156,1.44739604395881e-12
1,1,-0.00239566754316911,0.000820219502202235,0.00253218937071989,293.191009521484,1.49147763924828e-12
1,1,-0.00220522249583155,0.000678414508001879,0.00230721748016717,293.316009521484,1.35898234318218e-12
1,1,-0.00227689748862758,0.000700464501278475,0.00238220752481179,293.294006347656,1.40313626683916e-12
1,1,-0.00234857248142362,0.000722514756489545,0.00245719764647564,293.252014160156,1.4472889827308e-12
1,1,-0.00242024753242731,0.000744565244531259,0.00253218789223556,293.191009521484,1.49144538018003e-12
1,1,-0.00222544249845669,0.000608812013524584,0.00230721615410195,293.316009521484,1.35901025025287e-12
1,1,-0.00229777494678274,0.000628600013442338,0.00238220647362107,293.294006347656,1.40309467507877e-12
1,1,-0.00237010495038703,0.000648387998808175,0.0024571944312259,293.252014160156,1.44726734107369e-12
1,1,-0.0024424375151284,0.000668175984174013,0.00253218485919443,293.191009521484,1.49155379307903e-12
1,1,-0.00224346504546702,0.000538608757779002,0.00230721364511147,293.316009521484,1.3590040533871e-12
1,1,-0.00231638498371467,0.000556115250219591,0.00238220560915837,293.294006347656,1.40317428082758e-12
1,1,-0.00238930247724056,0.000573621247895062,0.00245719508053076,293.252014160156,1.44727260940849e-12
1,1,-0.00246222247369587,0.000591127245570533,0.00253218698567638,293.191009521484,1.49163417096297e-12
1,1,-0.00225927500287071,0.000467874000605661,0.00230721252142909,293.316009521484,1.3589383953512e-12
1,1,-0.00233271002070978,0.000483081239508465,0.00238220560084239,293.294006347656,1.40330813222946e-12
1,1,-0.00240614503854886,0.000498288245580625,0.0024571986330407,293.252014160156,1.44729653412035e-12
1,1,-0.00247957749525085,0.000513495251652785,0.00253218915731516,293.191009521484,1.4915519886756e-12
1,1,-0.00227285746950656,0.000396677496610209,0.00230721349532476,293.316009521484,1.35901517095627e-12
1,1,-0.00234673504019156,0.0004095705007785,0.00238220766180676,293.294006347656,1.40327812897572e-12
1,1,-0.00242061004973948,0.000422463497670833,0.00245719930403784,293.252014160156,1.44724277405908e-12
1,1,-0.00249448249815032,0.000435356741945725,0.00253218846580105,293.191009521484,1.49150144298083e-12
1,1,-0.00228419748600572,0.000325089247780852,0.00230721502554434,293.316009521484,1.35904313238545e-12
1,1,-0.00235844252165407,0.000335655502567533,0.00238220816562068,293.294006347656,1.40320718306677e-12
1,1,-0.00243268499616534,0.000346221750078257,0.00245719876908548,293.252014160156,1.44728911236329e-12
1,1,-0.00250692496774718,0.00035678824497154,0.00253218692944737,293.191009521484,1.49146303490948e-12
1,1,-0.00229328247951344,0.000253180500294548,0.00230721583224732,293.316009521484,1.35892871657559e-12
1,1,-0.00236782000865787,0.000261409499216825,0.0023822062294607,293.294006347656,1.40318626469871e-12
1,1,-0.00244235998252407,0.000269638498139102,0.0024571990566321,293.252014160156,1.44736141037819e-12
1,1,-0.00251689495053142,0.000277867497061379,0.00253218690817517,293.191009521484,1.49134316259252e-12
1,1,-0.00230010249651968,0.000181022001925157,0.00230721487072121,293.316009521484,1.35890935866058e-12
1,1,-0.00237486005062237,0.000186905752343591,0.002382203605971,293.294006347656,1.40315977371843e-12
1,1,-0.00244962249416858,0.000192789251741488,0.00245719719589693,293.252014160156,1.44743037037154e-12
1,1,-0.00252438243478537,0.000198672998521943,0.00253218831001855,293.191009521484,1.49140796872752e-12
1,1,-0.00230465247295797,0.000108684651422664,0.00230721376871892,293.316009521484,1.35894414945442e-12
1,1,-0.00237956002820283,0.000112217303467332,0.00238220457791058,293.294006347656,1.40321214109907e-12
1,1,-0.00245447002816945,0.000115749702672474,0.00245719781719969,293.252014160156,1.44737839807142e-12
1,1,-0.00252937746699899,0.000119282374726026,0.00253218851104781,293.191009521484,1.49144719642716e-12
1,1,-0.00230692996410653,3.62401497113751e-05,0.00230721459941282,293.316009521484,1.35896081068376e-12
1,1,-0.00238191249081865,3.74180508515565e-05,0.00238220637738367,293.294006347656,1.40322585144041e-12
1,1,-0.00245689501753077,3.85959501727484e-05,0.00245719815532595,293.252014160156,1.44729915985628e-12
1,1,-0.00253187498310581,3.97738749597919e-05,0.00253218737284711,293.191009521484,1.49147078097772e-12
2,1,0.00228860997594893,-1.79750504685208e-05,0.00228868056409196,293.316009521484,1.68523953173039e-13
2,1,0.00232610746752471,-1.82695748662803e-05,0.00232617921232222,293.311004638672,1.71262929176357e-13
2,1,0.00236360501730815,-1.85640992640397e-05,0.00236367791875833,293.299987792969,1.7404710969771e-13
2,1,0.00240110250888392,-1.8858600014937e-05,0.00240117656680287,293.283996582031,1.76784061781562e-13
2,1,0.0024386000004597,-1.91531007658341e-05,0.0024386752148474,293.263000488281,1.79569303998195e-13
2,1,0.00247609749203548,-1.94476251635933e-05,0.00247617386307765,293.236999511719,1.82305716725148e-13
2,1,0.00251359498361126,-1.97421495613526e-05,0.0025136725113079,293.205993652344,1.85091941672266e-13
2,1,0.00255109253339469,-2.00366494027548e-05,0.00255117121755116,293.170013427734,1.87827955459301e-13
2,1,0.00228804495418444,-5.39207258043461e-05,0.00228868022166491,293.316009521484,1.685215571562e-13
2,1,0.0023255324922502,-5.48042007721961e-05,0.00232617816878538,293.311004638672,1.71259839483037e-13
2,1,0.00236302003031597,-5.56876739210566e-05,0.002363676115863,293.299987792969,1.74043810073049e-13
2,1,0.00240051001310349,-5.65711252420442e-05,0.00240117650646954,293.283996582031,1.76804053118136e-13
2,1,0.002437999995891,-5.74545765630319e-05,0.00243867689707607,293.263000488281,1.79565418089391e-13
2,1,0.00247548753395677,-5.83380497118924e-05,0.00247617484415369,293.236999511719,1.82302210170253e-13
2,1,0.00251297501381487,-5.92215246797423e-05,0.00251367273308265,293.205993652344,1.85087084538449e-13
2,1,0.00255046249367297,-6.01050005570869e-05,0.00255117062203305,293.170013427734,1.87824212767737e-13
2,1,0.00228691496886313,-8.98531743587228e-05,0.00228867945937228,293.316009521484,1.68515251006212e-13
2,1,0.00232438498642296,-9.1325375251472e-05,0.00232617838724232,293.311004638672,1.71274788904548e-13
2,1,0.00236185500398278,-9.27975743252318e-05,0.00236367731504094,293.299987792969,1.74036290265305e-13
2,1,0.00239932502154261,-9.42697752179811e-05,0.00240117624291098,293.283996582031,1.76797640425957e-13
2,1,0.00243679498089477,-9.57419761107303e-05,0.00243867511261823,293.263000488281,1.79560418829882e-13
2,1,0.0024742649984546,-9.72141751844902e-05,0.00247617404041686,293.236999511719,1.82321034751488e-13
2,1,0.00251173501601443,-9.86863760772394e-05,0.0025136729682869,293.205993652344,1.85081442304719e-13
2,1,0.00254920497536659,-0.000100158600616851,0.00255117183892252,293.170013427734,1.87841192555822e-13
2,1,0.00228522246470675,-0.000125763248433941,0.00228868042938656,293.316009521484,1.68525040417088e-13
2,1,0.00232266500825062,-0.000127823999719112,0.00232617963954981,293.311004638672,1.71265329078419e-13
2,1,0.00236010749358684,-0.000129884499983746,0.00236367877779972,293.299987792969,1.74049095102603e-13
2,1,0.00239754747599363,-0.000131945000248379,0.00240117541690189,293.283996582031,1.76762128184586e-13
2,1,0.00243498751660809,-0.00013400575153355,0.00243867212791743,293.263000488281,1.7957190679407e-13
2,1,0.00247243250487372,-0.000136066251798184,0.00247617376531506,293.236999511719,1.82330690443842e-13
2,1,0.00250987499020994,-0.000138126752062817,0.00251367290356497,293.205993652344,1.850683506305e-13
2,1,0.00254731747554615,-0.00014018749789102,0.00255117205530865,293.170013427734,1.87855527081259e-13
2,1,0.00228296499699354,-0.000161642248713179,0.00228868027344729,293.316009521484,1.68536335769523e-13
2,1,0.00232037005480379,-0.000164290999236982,0.00232617899647908,293.311004638672,1.71251394548765e-13
2,1,0.00235777505440637,-0.000166939498740248,0.00236367764371977,293.299987792969,1.74058963347515e-13
2,1,0.0023951799958013,-0.000169587750860956,0.00240117621542626,293.283996582031,1.76772581443906e-13
2,1,0.00243258249247447,-0.000172236250364222,0.00243867236598786,293.263000488281,1.79556158379948e-13
2,1,0.00246998999500647,-0.00017488449884695,0.00247617349217881,293.236999511719,1.82341465640781e-13
2,1,0.00250739499460906,-0.000177533001988195,0.00251367213967643,293.205993652344,1.85055938637579e-13
2,1,0.00254479999421164,-0.00018018174887402,0.00255117080438901,293.170013427734,1.87864976488912e-13
2,1,0.00228014501044527,-0.000197481749637518,0.00228868091050245,293.316009521484,1.6851987550336e-13
2,1,0.00231750257080421,-0.000200717498955783,0.00232617834227541,293.311004638672,1.71257915255631e-13
2,1,0.00235486257588491,-0.000203953248274047,0.00236367820965224,293.299987792969,1.74062812121231e-13
2,1,0.00239222252275795,-0.000207188750209752,0.00240117799769277,293.283996582031,1.76777036994144e-13
2,1,0.00242957746377215,-0.000210424248507479,0.00243867279823051,293.263000488281,1.79538678182993e-13
2,1,0.00246693746885285,-0.000213659746805206,0.0024761726439477,293.236999511719,1.82348321161908e-13
2,1,0.00250429747393355,-0.000216895499761449,0.00251367251163844,293.205993652344,1.8505880562614e-13
2,1,0.00254165497608483,-0.000220131249079714,0.00255116988542084,293.170013427734,1.87844395329861e-13
2,1,0.00227676000213251,-0.000233272501645843,0.00228867913158103,293.316009521484,1.68501055420448e-13
2,1,0.00231406255625188,-0.000237094496696955,0.00232617697405227,293.311004638672,1.71282259119099e-13
2,1,0.00235136755509302,-0.000240916499024024,0.00236367724925509,293.299987792969,1.74042957570086e-13
2,1,0.0023886724957265,-0.000244738501351094,0.0024011774665534,293.283996582031,1.76804226823299e-13
2,1,0.00242597499163821,-0.000248560496402206,0.00243867525112011,293.263000488281,1.79539697411604e-13
2,1,0.00246327748754993,-0.000252382498729276,0.00247617303642842,293.236999511719,1.82326607221836e-13
2,1,0.00250058248639107,-0.000256204501056345,0.00251367331163126,293.205993652344,1.85088392123009e-13
2,1,0.00253788498230278,-0.000260026496107457,0.00255117109619797,293.170013427734,1.87821636557396e-13
2,1,0.00227281253319234,-0.000269005249720067,0.00228867661223973,293.316009521484,1.68493533441839e-13
2,1,0.00231005251407623,-0.000273412741080392,0.00232617650765694,293.311004638672,1.71300341797327e-13
2,1,0.00234729249496013,-0.000277820246992633,0.00236367640478455,293.299987792969,1.74016329039358e-13
2,1,0.00238453247584403,-0.000282227752904873,0.00240117630191216,293.283996582031,1.76824457695113e-13
2,1,0.00242177251493558,-0.000286635251541156,0.00243867625598879,293.263000488281,1.79539529960641e-13
2,1,0.00245900999289006,-0.000291042750177439,0.00247617366668092,293.236999511719,1.82321148227454e-13
2,1,0.00249624997377396,-0.000295450248813722,0.00251367356295335,293.205993652344,1.8508396920239e-13
2,1,0.00253348750993609,-0.000299857747450005,0.00255117103144967,293.170013427734,1.87823014483749e-13
2,1,0.00226830755127594,-0.000304672001220752,0.00228867738563199,293.316009521484,1.68516669598622e-13
2,1,0.00230547500541434,-0.000309663744701538,0.00232617854761255,293.311004638672,1.7129598497132e-13
2,1,0.00234263995662332,-0.000314655495458283,0.00236367722990898,293.299987792969,1.74011672585656e-13
2,1,0.00237980496603996,-0.000319647500873543,0.00240117600379546,293.283996582031,1.76821066936284e-13
2,1,0.00241697003366426,-0.000324639506288804,0.00243867483537155,293.263000488281,1.79537375331381e-13
2,1,0.0024541350430809,-0.000329631504428107,0.00247617360828945,293.236999511719,1.82347030802811e-13
2,1,0.00249129999428988,-0.000334623247908894,0.00251367228961729,293.205993652344,1.85059262396117e-13
2,1,0.0025284625007771,-0.000339614998665638,0.00255116854895058,293.170013427734,1.87841571860869e-13
2,1,0.00226324249524623,-0.000340263752150349,0.00228867778713296,293.316009521484,1.68526564098888e-13
2,1,0.00230032752733678,-0.000345838750945404,0.00232617952331259,293.311004638672,1.71291080654405e-13
2,1,0.00233740999829024,-0.000351413495081943,0.00236367868895772,293.299987792969,1.74027352244775e-13
2,1,0.00237449246924371,-0.000356988501152955,0.00240117789354527,293.283996582031,1.7680801253093e-13
2,1,0.00241157249547541,-0.000362563754606526,0.00243867471735939,293.263000488281,1.79523951924262e-13
2,1,0.00244865252170712,-0.00036813900078414,0.00247617154009188,293.236999511719,1.82333943144218e-13
2,1,0.00248573505086824,-0.000373713752196636,0.00251367076437942,293.205993652344,1.85068568695902e-13
2,1,0.00252281752182171,-0.000379288750991691,0.00255116996788522,293.170013427734,1.87854951245712e-13
2,1,0.00225761998444796,-0.000375771000108216,0.0022886790597856,293.316009521484,1.68510799945932e-13
2,1,0.00229461002163589,-0.000381928002752829,0.00232617801354037,293.311004638672,1.71274195812515e-13
2,1,0.00233160000061616,-0.000388084743462969,0.00236367686687119,293.299987792969,1.74038900970195e-13
2,1,0.00236858997959644,-0.000394241251342464,0.00240117568197429,293.283996582031,1.76802778040588e-13
2,1,0.00240557995857671,-0.000400398253987078,0.00243867457831131,293.263000488281,1.79558600640318e-13
2,1,0.00244256993755698,-0.000406555242079776,0.0024761734722591,293.236999511719,1.82313989516906e-13
2,1,0.00247955997474492,-0.000412711749959271,0.00251367234477993,293.205993652344,1.85077424229614e-13
2,1,0.00251655001193285,-0.000418868752603885,0.00255117129853469,293.170013427734,1.87841446499913e-13
2,1,0.00225144001888111,-0.000411185748816933,0.00228867994237935,293.316009521484,1.68521468227091e-13
2,1,0.00228832749417052,-0.000417922747146804,0.00232617758203441,293.311004638672,1.71257529556097e-13
2,1,0.00232521496945992,-0.000424659992859233,0.00236367526613444,293.299987792969,1.74040825071395e-13
2,1,0.00236210500588641,-0.000431396998465061,0.00240117542656056,293.283996582031,1.76799424698111e-13
2,1,0.00239899498410523,-0.000438134251453448,0.0024386755741711,293.263000488281,1.79564124392499e-13
2,1,0.00243588496232405,-0.000444871242507361,0.00247617567472231,293.236999511719,1.82326355712193e-13
2,1,0.00247277243761346,-0.000451607993454672,0.00251367326993246,293.205993652344,1.85062495677878e-13
2,1,0.00250965997111052,-0.000458345246443059,0.00255117101260018,293.170013427734,1.87849089387318e-13
2,1,0.0022447049850598,-0.000446499245299492,0.00228868128973986,293.316009521484,1.68518339439051e-13
2,1,0.00228148250607774,-0.000453814747743309,0.00232617932473145,293.311004638672,1.71258395523481e-13
2,1,0.00231826002709568,-0.000461130497569684,0.00236367740798496,293.299987792969,1.74041315037648e-13
2,1,0.00235504005104303,-0.000468446247396059,0.00240117794607485,293.283996582031,1.76805730761967e-13
2,1,0.00239181751385331,-0.000475762004498392,0.00243867597365861,293.263000488281,1.79542370498186e-13
2,1,0.00242859497666359,-0.000483077506942209,0.00247617395156098,293.236999511719,1.82328055626987e-13
2,1,0.00246537243947387,-0.00049039299483411,0.00251367192662441,293.205993652344,1.85066632362009e-13
2,1,0.00250214996049181,-0.000497708737384528,0.00255117000845848,293.170013427734,1.87851544802999e-13
2,1,0.00223741499939933,-0.000481702503748238,0.00228868153784104,293.316009521484,1.68523106317322e-13
2,1,0.00227407255442813,-0.000489594996906817,0.00232617910828024,293.311004638672,1.71263002957476e-13
2,1,0.00231073005124927,-0.000497487249958795,0.00236367657128,293.299987792969,1.74045517834814e-13
2,1,0.00234738999279216,-0.000505379750393331,0.00240117647630665,293.283996582031,1.76803966315105e-13
2,1,0.00238404999254271,-0.000513272258103825,0.00243867643976849,293.263000488281,1.79561748617642e-13
2,1,0.00242070748936385,-0.00052116451843176,0.00247617390429962,293.236999511719,1.82297844208266e-13
2,1,0.00245736498618498,-0.000529056997038424,0.00251367141477227,293.205993652344,1.8508531876515e-13
2,1,0.00249402498593554,-0.000536949490197003,0.00255117137517133,293.170013427734,1.87842460437812e-13
2,1,0.00222957000369206,-0.000516786749358289,0.00228867886468935,293.316009521484,1.68514147933959e-13
2,1,0.0022661000257358,-0.000525253999512643,0.00232617735580153,293.311004638672,1.71269693808624e-13
2,1,0.00230262998957187,-0.000533721249666996,0.00236367579020936,293.299987792969,1.74030899151693e-13
2,1,0.00233916245633736,-0.000542188747203909,0.0024011767187637,293.283996582031,1.76817625315476e-13
2,1,0.00237569498131052,-0.000550656011910178,0.002438677651449,293.263000488281,1.79556404112689e-13
2,1,0.00241222250042483,-0.000559123014681973,0.0024761736484146,293.236999511719,1.82295936812035e-13
2,1,0.00244875252246857,-0.000567590250284411,0.00251367213624094,293.205993652344,1.85101283415423e-13
2,1,0.00248528498923406,-0.000576057747821324,0.00255117306479531,293.170013427734,1.87839821021416e-13
2,1,0.00222117750672624,-0.000551743491087109,0.00228867874467859,293.316009521484,1.68521635936608e-13
2,1,0.00225757248699665,-0.000560783504624851,0.00232617963044636,293.311004638672,1.71281513442186e-13
2,1,0.00229396496433765,-0.000569823750993237,0.00236367814323453,293.299987792969,1.74023870373903e-13
2,1,0.00233035744167864,-0.000578863997361623,0.00240117665602273,293.283996582031,1.76809297116089e-13
2,1,0.0023667499772273,-0.000587903763516806,0.00243867510953441,293.263000488281,1.79550139073498e-13
2,1,0.00240314000984654,-0.000596943500568159,0.00247617112692071,293.236999511719,1.82307207624441e-13
2,1,0.00243953499011695,-0.000605983499553986,0.00251367200918032,293.205993652344,1.85115918441834e-13
2,1,0.00247592997038737,-0.000615023745922372,0.00255117295107776,293.170013427734,1.87825808863675e-13
2,1,0.00221224006963894,-0.00058656424516812,0.00228868165969532,293.316009521484,1.68524994173179e-13
2,1,0.0022484875516966,-0.000596174751990475,0.00232618155031921,293.311004638672,1.71267355064724e-13
2,1,0.00228473253082484,-0.000605785506195389,0.00236367908501253,293.299987792969,1.74028208540438e-13
2,1,0.00232097750995308,-0.000615396260400303,0.00240117661970599,293.283996582031,1.76787954355263e-13
2,1,0.00235722248908132,-0.000625006505288184,0.00243867402386692,293.263000488281,1.79547723425079e-13
2,1,0.00239346746820956,-0.000634616735624149,0.00247617142429836,293.236999511719,1.82308944935258e-13
2,1,0.00242971495026723,-0.000644227242446505,0.00251367131492212,293.205993652344,1.85096934512037e-13
2,1,0.00246596243232489,-0.000653837996651419,0.00255117126894742,293.170013427734,1.87839964065651e-13
2,1,0.00220275501487777,-0.000621240251348354,0.0022886828319941,293.316009521484,1.68512013596806e-13
2,1,0.00223884504521266,-0.000631418763077818,0.00232618073047646,293.311004638672,1.71273375204432e-13
2,1,0.00227493507554755,-0.000641597507637925,0.00236367869215842,293.299987792969,1.74032960265485e-13
2,1,0.00231102504767478,-0.000651776252198033,0.00240117659781814,293.283996582031,1.76790991734802e-13
2,1,0.00234711496159434,-0.000661954996758141,0.00243867444745564,293.263000488281,1.79555313715804e-13
2,1,0.00238320493372157,-0.000672133741318248,0.00247617235311545,293.236999511719,1.82318821634933e-13
2,1,0.00241929496405646,-0.000682312253047712,0.00251367025159785,293.205993652344,1.85080183242558e-13
2,1,0.00245538499439135,-0.00069249099760782,0.00255116821327997,293.170013427734,1.87839814855943e-13
2,1,0.00219272245885804,-0.000655763011309318,0.00228868016738511,293.316009521484,1.68512310542406e-13
2,1,0.00222864747047424,-0.000666507257847115,0.00232617743786112,293.311004638672,1.71276667771383e-13
2,1,0.00226457504322752,-0.000677251504384913,0.00236367716209312,293.299987792969,1.74054869276639e-13
2,1,0.00230050249956548,-0.00068799575092271,0.0024011767747908,293.283996582031,1.76788817332659e-13
2,1,0.00233642745297402,-0.000698740244843066,0.00243867406038077,293.263000488281,1.79550709628393e-13
2,1,0.00237235252279788,-0.000709484753315337,0.00247617146167474,293.236999511719,1.82311721434549e-13
2,1,0.0024082800373435,-0.000720229014405049,0.00251367113430896,293.205993652344,1.85090728388311e-13
2,1,0.00244420755188912,-0.000730973246390931,0.00255117079860426,293.170013427734,1.87824891748865e-13
2,1,0.00218214996857569,-0.000690124012180604,0.00228867857890599,293.316009521484,1.68498029925263e-13
2,1,0.00221790245268494,-0.000701431243214756,0.00232617649342944,293.311004638672,1.71277985073615e-13
2,1,0.00225365749793127,-0.000712738503352739,0.00236367685865546,293.299987792969,1.74040937497054e-13
2,1,0.00228941248496994,-0.000724045763490722,0.00240117716838327,293.283996582031,1.76805454160143e-13
2,1,0.0023251649690792,-0.000735352994524874,0.00243867508290665,293.263000488281,1.79538716292632e-13
2,1,0.00236091751139611,-0.000746660254662856,0.00247617306170429,293.236999511719,1.82319904461982e-13
2,1,0.00239667249843478,-0.000757967762183398,0.00251367344602733,293.205993652344,1.85084848678081e-13
2,1,0.00243242748547345,-0.000769275240600109,0.00255117382157451,293.170013427734,1.87852069548824e-13
2,1,0.00217103998875245,-0.000724314508261159,0.00228867781473056,293.316009521484,1.68508477555063e-13
2,1,0.00220661249477416,-0.000736181740649045,0.00232617760658091,293.311004638672,1.71289530402477e-13
2,1,0.00224218500079587,-0.000748049249523319,0.00236367748593296,293.299987792969,1.74026685997142e-13
2,1,0.00227775744860992,-0.000759916758397594,0.00240117731006927,293.283996582031,1.76809534855694e-13
2,1,0.00231332745170221,-0.000771784252719954,0.00243867481053656,293.263000488281,1.79531782338959e-13
2,1,0.0023488974547945,-0.000783651761594228,0.00247617231560928,293.236999511719,1.82344896780751e-13
2,1,0.0023844699608162,-0.000795519503299147,0.00251367226864684,293.205993652344,1.85079980964377e-13
2,1,0.00242004246683791,-0.00080738723045215,0.00255117221707907,293.170013427734,1.87860658443809e-13
2,1,0.00215939502231777,-0.000758326263166964,0.0022886776933023,293.316009521484,1.68508289585625e-13
2,1,0.00219477753853425,-0.000770750746596605,0.00232617822985121,293.311004638672,1.71291575924287e-13
2,1,0.00223015999654308,-0.000783175491960719,0.00236367879826954,293.299987792969,1.74029876362413e-13
2,1,0.00226553995162249,-0.000795600499259308,0.00240117709193205,293.283996582031,1.76799706277036e-13
2,1,0.00230091746198013,-0.000808025259175338,0.00243867299700277,293.263000488281,1.79535843539451e-13
2,1,0.0023362974752672,-0.000820450019091368,0.00247617126361787,293.236999511719,1.82333971590607e-13
2,1,0.00237167999148369,-0.000832874997286126,0.00251367196410121,293.205993652344,1.85072639282244e-13
2,1,0.00240706000477076,-0.000845299728098325,0.00255117022107308,293.170013427734,1.878392260257e-13
2,1,0.0021472200169228,-0.000792151011410169,0.00228868019302656,293.316009521484,1.68503953060619e-13
2,1,0.00218240253161639,-0.000805129995569587,0.00232618037128928,293.311004638672,1.71288758270736e-13
2,1,0.00221758498810232,-0.000818108994280919,0.00236368049997881,293.299987792969,1.74032227745576e-13
2,1,0.00225276249693707,-0.000831088007544167,0.00240117599186104,293.283996582031,1.76770076889512e-13
2,1,0.00228794000577182,-0.000844066758872941,0.00243867139308383,293.263000488281,1.79553485487335e-13
2,1,0.0023231225204654,-0.000857045757584274,0.00247617157638293,293.236999511719,1.82342234349918e-13
2,1,0.00235830497695133,-0.00087002498912625,0.00251367178565889,293.205993652344,1.85080381565993e-13
2,1,0.0023934849887155,-0.000883003740455024,0.00255116953510816,293.170013427734,1.87834930964117e-13
2,1,0.0021345125278458,-0.000825780240120366,0.00228868012979182,293.316009521484,1.68528086499884e-13
2,1,0.00216948753222823,-0.000839310232549906,0.00232618095146459,293.311004638672,1.71284093520453e-13
2,1,0.00220446003368124,-0.000852840501465835,0.0023636795385666,293.299987792969,1.74028709858056e-13
2,1,0.00223943003220484,-0.000866370261064731,0.00240117560757191,293.283996582031,1.76783770291683e-13
2,1,0.00227440253365785,-0.000879900006111711,0.00243867400565648,293.263000488281,1.79556824912393e-13
2,1,0.00230937503511086,-0.000893430260475725,0.00247617258750819,293.236999511719,1.82300024741154e-13
2,1,0.00234434747835621,-0.000906960252905264,0.00251367102056437,293.205993652344,1.85085145209487e-13
2,1,0.00237932248273864,-0.00092049001250416,0.00255117175822905,293.170013427734,1.87843487535047e-13
2,1,0.00212127750273794,-0.000859205742017366,0.00228867925903516,293.316009521484,1.68506587665083e-13
2,1,0.0021560350432992,-0.000873283483088017,0.00232617951795826,293.311004638672,1.71298010597429e-13
2,1,0.00219079002272338,-0.000887361238710582,0.00236367740853744,293.299987792969,1.74011325635263e-13
2,1,0.00222554500214756,-0.000901438746950589,0.00240117520624544,293.283996582031,1.7681392378426e-13
2,1,0.00226030254270881,-0.000915516502573155,0.00243867547063149,293.263000488281,1.79563501127423e-13
2,1,0.00229505752213299,-0.000929594258195721,0.00247617336121074,293.236999511719,1.82318356096372e-13
2,1,0.00232981250155717,-0.000943671766435727,0.00251367115891877,293.205993652344,1.85078707707291e-13
2,1,0.00236456998391077,-0.000957749260123819,0.00255117127102033,293.170013427734,1.87868690243079e-13
2,1,0.00210751994745806,-0.000892419513547793,0.00228867929537856,293.316009521484,1.68517010054473e-13
2,1,0.00214205001248047,-0.000907041496247984,0.00232617766558863,293.311004638672,1.71276786781368e-13
2,1,0.00217658001929522,-0.000921663231565617,0.00236367588573712,293.299987792969,1.74037196878312e-13
2,1,0.00221111252903938,-0.00093628499598708,0.00240117642204513,293.283996582031,1.76812978661819e-13
2,1,0.00224564253585413,-0.000950907007791102,0.00243867475000329,293.263000488281,1.7952864748243e-13
2,1,0.00228017248446122,-0.00096552875766065,0.0024761729222257,293.236999511719,1.82334275726576e-13
2,1,0.00231470249127597,-0.000980151249677874,0.00251367143743256,293.205993652344,1.85061459156253e-13
2,1,0.00234923249809071,-0.000994772999547422,0.00255116966325529,293.170013427734,1.87861921467175e-13
2,1,0.0020932424813509,-0.000925413012737408,0.00228867938555749,293.316009521484,1.68501876138008e-13
2,1,0.00212753750383854,-0.000940575249842368,0.00232617661213751,293.311004638672,1.71266224470713e-13
2,1,0.0021618350292556,-0.000955737734329887,0.0023636762279421,293.299987792969,1.74043555984383e-13
2,1,0.00219613505760208,-0.000970900233369321,0.002401178138828,293.283996582031,1.76809394342361e-13
2,1,0.00223043002188206,-0.000986063503660262,0.00243867572993286,293.263000488281,1.79540143035195e-13
2,1,0.00226472498616204,-0.00100122627918608,0.00247617312098315,293.236999511719,1.8234755918109e-13
2,1,0.0022990225115791,-0.00101638850173913,0.00251367263087598,293.205993652344,1.85069168367179e-13
2,1,0.00233332003699616,-0.00103154999669641,0.00255117184657014,293.170013427734,1.87833687849158e-13
2,1,0.00207844999385998,-0.000958177988650277,0.00228868071930325,293.316009521484,1.68493641781887e-13
2,1,0.00211250252323225,-0.000973876973148435,0.0023261778241337,293.311004638672,1.71272657615828e-13
2,1,0.00214655755553395,-0.000989576466963626,0.00236367741521302,293.299987792969,1.7404198226825e-13
2,1,0.00218061252962798,-0.00100527697941288,0.00240117737989263,293.283996582031,1.76820980414677e-13
2,1,0.00221466500079259,-0.00102097625494935,0.00243867455370864,293.263000488281,1.79535512286071e-13
2,1,0.00224871747195721,-0.00103667500661686,0.00247617150820166,293.236999511719,1.82309648668276e-13
2,1,0.0022827725042589,-0.00105237500974908,0.00251367131251181,293.205993652344,1.85099575662287e-13
2,1,0.00231683003949001,-0.00106807250995189,0.00255117234196325,293.170013427734,1.87869599721986e-13
2,1,0.00206314248498529,-0.000990706728771329,0.00228868012963456,293.316009521484,1.68525954913012e-13
2,1,0.00209694501245394,-0.00100693947752006,0.00232617830284865,293.311004638672,1.71275162869015e-13
2,1,0.0021307475399226,-0.00102317298296839,0.00236367680361817,293.299987792969,1.74066614229961e-13
2,1,0.002164552512113,-0.00103940500412136,0.00240117686568217,293.283996582031,1.76788717905824e-13
2,1,0.002198354981374,-0.00105563501711003,0.00243867380218855,293.263000488281,1.79523185227014e-13
2,1,0.00223215745063499,-0.0010718675039243,0.00247617180954678,293.236999511719,1.82333921416409e-13
2,1,0.00226595997810364,-0.00108810252277181,0.00251367096542682,293.205993652344,1.85068863695044e-13
2,1,0.00229976500850171,-0.00110433253576048,0.00255117021068137,293.170013427734,1.87859152838412e-13
2,1,0.00204732501879334,-0.00102299050195143,0.00228867850508978,293.316009521484,1.68529284221238e-13
2,1,0.00208087003557011,-0.00103975250385702,0.00232617827653224,293.311004638672,1.71251276044452e-13
2,1,0.00211441249120981,-0.00105651500052772,0.00236367597807401,293.299987792969,1.74017255394331e-13
2,1,0.00214795995270833,-0.00107327502337284,0.00240117705182995,293.283996582031,1.76817161197371e-13
2,1,0.0021815049694851,-0.00109003501711413,0.00243867592566606,293.263000488281,1.79540834655797e-13
2,1,0.00221504748333246,-0.00110679751378484,0.0024761736792757,293.236999511719,1.82330129097135e-13
2,1,0.00224858999717981,-0.00112356001045555,0.00251367143288695,293.205993652344,1.85052857356888e-13
2,1,0.00228213501395658,-0.00114032000419684,0.00255117030672162,293.170013427734,1.87864884678922e-13
2,1,0.00203100504586473,-0.00105502252699807,0.00228867953824938,293.316009521484,1.68524182968311e-13
2,1,0.00206428254023194,-0.00107230999856256,0.00232617951562722,293.311004638672,1.71292533119333e-13
2,1,0.00209755747346207,-0.00108959499630146,0.00236367607984719,293.299987792969,1.74017301126745e-13
2,1,0.00213083496782929,-0.00110688002314419,0.00240117493027054,293.283996582031,1.76817248743876e-13
2,1,0.00216411252040416,-0.00112416749470867,0.00243867495930262,293.263000488281,1.79562453475505e-13
2,1,0.00219739001477137,-0.00114145249244757,0.00247617379630988,293.236999511719,1.82319995264439e-13
2,1,0.00223066750913858,-0.00115873749018647,0.00251367263331767,293.205993652344,1.85033821495322e-13
2,1,0.0022639450035058,-0.00117602499085478,0.00255117262411109,293.170013427734,1.87846034442237e-13
2,1,0.00201418501092121,-0.00108679503318854,0.00228868187006909,293.316009521484,1.68514669028696e-13
2,1,0.00204718497116119,-0.00110460250289179,0.00232617991469771,293.311004638672,1.7125200405651e-13
2,1,0.00208018498960882,-0.00112240749876946,0.00236367683584025,293.299987792969,1.74019837830708e-13
2,1,0.00211318500805646,-0.00114021249464713,0.00240117375698303,293.283996582031,1.76787933244933e-13
2,1,0.0021461850265041,-0.00115801996435039,0.00243867185283803,293.263000488281,1.79547130126796e-13
2,1,0.00217919005081058,-0.00117582749226131,0.00247617438180539,293.236999511719,1.82367454766641e-13
2,1,0.00221219501690939,-0.0011936325172428,0.00251367567101608,293.205993652344,1.85092041592651e-13
2,1,0.00224519497714937,-0.00121144001604989,0.00255117372946331,293.170013427734,1.87851908978856e-13
2,1,0.0019968650303781,-0.00111829754314385,0.0022886806995622,293.316009521484,1.68526436280721e-13
2,1,0.00202958250883967,-0.00113662003423087,0.0023261793272237,293.311004638672,1.71254969731397e-13
2,1,0.00206229754257947,-0.00115494249621406,0.00236367580765436,293.299987792969,1.74036380055994e-13
2,1,0.00209501502104104,-0.00117326495819725,0.00240117442109505,293.283996582031,1.76803730761663e-13
2,1,0.0021277324995026,-0.00119158744928427,0.00243867304875651,293.263000488281,1.79554024259421e-13
2,1,0.00216045253910124,-0.00120991247240454,0.00247617514820521,293.236999511719,1.82346529922256e-13
2,1,0.00219317252049223,-0.00122823499259539,0.00251367597388327,293.205993652344,1.85061452597762e-13
2,1,0.00222588749602437,-0.00124655748368241,0.0025511724177488,293.170013427734,1.87844368770003e-13
2,1,0.00197905005188659,-0.00114952251897193,0.00228867672018044,293.316009521484,1.68528344258856e-13
2,1,0.00201147753978148,-0.0011683575285133,0.00232617738091468,293.311004638672,1.71271002435656e-13
2,1,0.00204390252474695,-0.00118719250895083,0.00236367586271382,293.299987792969,1.74020506422475e-13
2,1,0.00207633001264185,-0.00120602748938836,0.00240117650883014,293.283996582031,1.76803409672548e-13
2,1,0.00210875499760732,-0.00122486246982589,0.00243867499062951,293.263000488281,1.79534858490085e-13
2,1,0.00214117998257279,-0.00124369745026343,0.00247617347242922,293.236999511719,1.8235045992835e-13
2,1,0.00217360752867535,-0.00126253245980479,0.00251367418349612,293.205993652344,1.85090796038267e-13
2,1,0.00220603251364082,-0.00128136746934615,0.00255117267991389,293.170013427734,1.87840162656745e-13
2,1,0.00196074999985285,-0.00118046748684719,0.00228867735808835,293.316009521484,1.68549941559969e-13
2,1,0.00199287745635957,-0.00119980997988023,0.00232617809805835,293.311004638672,1.71285033791152e-13
2,1,0.00202500494197011,-0.00121914999908768,0.00236367758699846,293.299987792969,1.74049628087199e-13
2,1,0.00205713248578832,-0.00123849252122454,0.00240117841678096,293.283996582031,1.76807803309709e-13
2,1,0.00208925502374768,-0.00125783501425758,0.0024386749429449,293.263000488281,1.79539208607254e-13
2,1,0.00212138000642881,-0.00127717497525737,0.00247617225755793,293.236999511719,1.8231412087012e-13
2,1,0.00215350755024701,-0.0012965174682904,0.00251367307232923,293.205993652344,1.85071462567037e-13
2,1,0.00218563503585756,-0.00131585999042727,0.00255117385224436,293.170013427734,1.87844955588568e-13
2,1,0.00194196749362163,-0.00121112249325961,0.0022886798465409,293.316009521484,1.68544298616117e-13
2,1,0.00197378743905574,-0.00123096499009989,0.0023261796279363,293.311004638672,1.71231562167153e-13
2,1,0.00200560491066426,-0.00125080748694018,0.00236367731026597,293.299987792969,1.74053223997308e-13
2,1,0.0020374224986881,-0.00127065248670988,0.00240117641587253,293.283996582031,1.76803753700714e-13
2,1,0.00206924002850428,-0.00129049501265399,0.00243867416299292,293.263000488281,1.7953587979877e-13
2,1,0.00210106000304222,-0.00131033750949427,0.00247617396908445,293.236999511719,1.82326789870281e-13
2,1,0.0021328775328584,-0.00133018248016015,0.00251367300989949,293.205993652344,1.85075712693254e-13
2,1,0.00216469500446692,-0.00135002497700043,0.00255117069222917,293.170013427734,1.8783309994471e-13
2,1,0.00192270500701852,-0.00124147499445826,0.00228867968616826,293.316009521484,1.68526966464851e-13
2,1,0.00195420999079943,-0.00126181499217637,0.00232618007957711,293.311004638672,1.71270667023398e-13
2,1,0.00198570993961766,-0.0012821574928239,0.00236367760083749,293.299987792969,1.74046484234449e-13
2,1,0.00201721000485122,-0.00130249999347143,0.00240117521990065,293.283996582031,1.76797404791095e-13
2,1,0.00204871501773596,-0.00132283751736395,0.00243867429585061,293.263000488281,1.7958614051806e-13
2,1,0.00208021997241303,-0.00134317751508206,0.00247617466481024,293.236999511719,1.82315128877171e-13
2,1,0.00211171997943893,-0.00136351998662576,0.00251367221918242,293.205993652344,1.85064905545796e-13
2,1,0.00214321998646483,-0.00138385998434387,0.00255116843165059,293.170013427734,1.87847390675296e-13
2,1,0.0019029674876947,-0.00127152248751372,0.00228867968389553,293.316009521484,1.68554879247858e-13
2,1,0.00193414749810472,-0.00129235748318024,0.00232618021846045,293.311004638672,1.71286413305459e-13
2,1,0.0019653249764815,-0.00131319000502117,0.0023636772733327,293.299987792969,1.74028916700839e-13
2,1,0.00199650251306593,-0.0013340225268621,0.00240117437660286,293.283996582031,1.7675936463478e-13
2,1,0.00202768255257979,-0.0013548550195992,0.00243867354481276,293.263000488281,1.79573516674338e-13
2,1,0.0020588650368154,-0.00137568748323247,0.00247617472956643,293.236999511719,1.82342323129687e-13
2,1,0.00209004251519218,-0.00139652247889899,0.00251367315882177,293.205993652344,1.85078071041479e-13
2,1,0.00212121999356896,-0.00141735500073992,0.00255117021369393,293.170013427734,1.87821693847638e-13
2,1,0.00188275999971665,-0.00130125498981215,0.0022886786067607,293.316009521484,1.68499602359852e-13
2,1,0.00191360749886371,-0.00132257750374265,0.00232617817742184,293.311004638672,1.7125687915794e-13
2,1,0.00194445499801077,-0.00134389751474373,0.00236367632501225,293.299987792969,1.74031864015677e-13
2,1,0.00197530252626166,-0.00136521502281539,0.00240117307347399,293.283996582031,1.76788811039286e-13
2,1,0.00200615002540872,-0.00138653750764206,0.00243867262758773,293.263000488281,1.79584550015645e-13
2,1,0.00203700002748519,-0.00140785999246873,0.00247617424071262,293.236999511719,1.82348190778322e-13
2,1,0.00206784752663225,-0.00142918000346981,0.00251367238830303,293.205993652344,1.85071178026922e-13
2,1,0.00209869496757165,-0.00145049751154147,0.00255116906493838,293.170013427734,1.87840011075375e-13
2,1,0.00186209002276883,-0.00133066499256529,0.00228867834684868,293.316009521484,1.68502614108504e-13
2,1,0.00189259753096849,-0.0013524699897971,0.00232617722616523,293.311004638672,1.71281045797081e-13
2,1,0.00192310501006432,-0.00137427498702891,0.00236367608180728,293.299987792969,1.74043447821362e-13
2,1,0.0019536150211934,-0.00139607500750571,0.002401174103978,293.283996582031,1.76801396362139e-13
2,1,0.00198412500321865,-0.00141787753091194,0.00243867355770762,293.263000488281,1.795525913048e-13
2,1,0.00201463495614007,-0.00143968002521433,0.00247617297083678,293.236999511719,1.82277142957372e-13
2,1,0.00204514496726915,-0.00146148251951672,0.00251367243132419,293.205993652344,1.85067400852403e-13
2,1,0.00207565247546881,-0.00148328501381911,0.00255116985540755,293.170013427734,1.87822173936343e-13
2,1,0.00184095749864355,-0.00135974999284372,0.00228867746850673,293.316009521484,1.68546227785897e-13
2,1,0.00187112003914081,-0.00138203249662183,0.00232617798600904,293.311004638672,1.71293003761201e-13
2,1,0.0019012825214304,-0.0014043124683667,0.00236367695235769,293.299987792969,1.74016650935685e-13
2,1,0.00193144750664942,-0.0014265899953898,0.00240117647953842,293.283996582031,1.76796666812129e-13
2,1,0.00196161252097227,-0.00144886752241291,0.00243867603013153,293.263000488281,1.79547612554129e-13
2,1,0.00199177500326186,-0.00147114502033219,0.00247617352672768,293.236999511719,1.82321721036275e-13
2,1,0.00202193751465529,-0.00149342502118088,0.00251367253377594,293.205993652344,1.85102710467148e-13
2,1,0.00205210002604872,-0.00151570499292575,0.00255117152353369,293.170013427734,1.87815096003322e-13
2,1,0.00181936999433674,-0.00138850000803359,0.00228867635296084,293.316009521484,1.68516708696736e-13
2,1,0.00184918002923951,-0.00141125250956975,0.00232617721300531,293.311004638672,1.71286376382921e-13
2,1,0.00187899000593461,-0.00143400247907266,0.00236367649063671,293.299987792969,1.74033546077787e-13
2,1,0.00190880248555914,-0.00145675250678323,0.00240117779327062,293.283996582031,1.76842064829544e-13
2,1,0.00193861502339132,-0.00147950250538997,0.00243867912452084,293.263000488281,1.79555067783801e-13
2,1,0.00196842252626084,-0.0015022500010673,0.00247617493477294,293.236999511719,1.8229241008584e-13
2,1,0.00199823000002652,-0.00152500002877787,0.00251367225802778,293.205993652344,1.85072768571689e-13
2,1,0.00202804000582546,-0.00154774999828078,0.00255117155879543,293.170013427734,1.87847619212007e-13
2,1,0.00179733749246225,-0.00141690750024281,0.0022886784234695,293.316009521484,1.68501586588605e-13
2,1,0.00182678501005284,-0.00144012249074876,0.00232617631776144,293.311004638672,1.71271522702852e-13
2,1,0.00185623500146903,-0.00146333748125471,0.00236367615479016,293.299987792969,1.7400963099657e-13
2,1,0.00188568499288522,-0.00148655500379391,0.00240117755938565,293.283996582031,1.76809451042863e-13
2,1,0.0019151349843014,-0.00150976999429986,0.00243867739641457,293.263000488281,1.79547159568435e-13
2,1,0.00194458247278817,-0.00153298248187639,0.00247617371830307,293.236999511719,1.82313959096533e-13
2,1,0.00197402996127494,-0.00155620000441559,0.0025136731573047,293.205993652344,1.8511905398784e-13
2,1,0.00200347998179495,-0.00157941499492154,0.00255117301718956,293.170013427734,1.87826391938402e-13
2,1,0.00177486249594949,-0.00144496498978697,0.00228868099595337,293.316009521484,1.685014469206e-13
2,1,0.00180393998743966,-0.00146863999543712,0.00232617774782611,293.311004638672,1.71272197185657e-13
2,1,0.00183302248478867,-0.00149231249815784,0.00236367680148935,293.299987792969,1.74068472371861e-13
2,1,0.00186210250831209,-0.00151598997763358,0.00240117707879857,293.283996582031,1.76795639592077e-13
2,1,0.00189118250273168,-0.00153966498328373,0.00243867577168195,293.263000488281,1.79569278523319e-13
2,1,0.00192026249715127,-0.00156333748600446,0.00247617288433428,293.236999511719,1.82295956173265e-13
2,1,0.00194933998864144,-0.00158701499458402,0.00251367121643845,293.205993652344,1.85094172669615e-13
2,1,0.00197842248599045,-0.00161069000023417,0.00255117185033212,293.170013427734,1.87864208024353e-13
2,1,0.00175194750772789,-0.00147266499698162,0.0022886813371828,293.316009521484,1.68523856033049e-13
2,1,0.00178064999636263,-0.00149679501191713,0.00232617921004514,293.311004638672,1.71252172212407e-13
2,1,0.00180935498792678,-0.00152092252392322,0.00236367738833211,293.299987792969,1.74051047138801e-13
2,1,0.00183806000859477,-0.00154505000682548,0.00240117557017116,293.283996582031,1.76773523146072e-13
2,1,0.00186676502926275,-0.00156917999265715,0.00243867536253472,293.263000488281,1.79570436105993e-13
2,1,0.00189547002082691,-0.00159330747555941,0.00247617352209555,293.236999511719,1.82296294977847e-13
2,1,0.00192417250946164,-0.00161743749049492,0.00251367139495727,293.205993652344,1.85092315754204e-13
2,1,0.0019528775010258,-0.00164156750543043,0.00255117118376989,293.170013427734,1.87820845492383e-13
2,1,0.00172859750455245,-0.0015000024868641,0.00228868014220936,293.316009521484,1.68532224881871e-13
2,1,0.00175692001357675,-0.00152458000229672,0.00232617972596908,293.311004638672,1.71288276371097e-13
2,1,0.00178524252260104,-0.00154915751772933,0.00236367930972884,293.299987792969,1.74048547095647e-13
2,1,0.00181356503162533,-0.0015737300273031,0.00240117561264677,293.283996582031,1.76773593302367e-13
2,1,0.00184188751154579,-0.00159830501070246,0.0024386735149308,293.263000488281,1.79562846225226e-13
2,1,0.00187020999146625,-0.00162288246792741,0.00247617303855897,293.236999511719,1.82287489801713e-13
2,1,0.00189853250049055,-0.00164745998336002,0.00251367262231809,293.205993652344,1.85080410484172e-13
2,1,0.00192685500951484,-0.00167203749879263,0.00255117220607727,293.170013427734,1.87803255123906e-13
2,1,0.00170482249814086,-0.00152697000885382,0.00228868022189782,293.316009521484,1.68523342111742e-13
2,1,0.0017327549867332,-0.00155198751599528,0.00232617821627105,293.311004638672,1.71245846721253e-13
2,1,0.00176068750442937,-0.00157700502313673,0.00236367623232375,293.299987792969,1.74032188279431e-13
2,1,0.00178862252505496,-0.00160202253027819,0.00240117611279409,293.283996582031,1.76790163274401e-13
2,1,0.0018165550136473,-0.00162704003741965,0.00243867410716842,293.263000488281,1.79576672545484e-13
2,1,0.00184448747313581,-0.00165205998928286,0.00247617371093876,293.236999511719,1.82366052950243e-13
2,1,0.00187242246465757,-0.00167707749642432,0.0025136735697316,293.205993652344,1.85089112366815e-13
2,1,0.00190035498235375,-0.00170209500356577,0.00255117158578569,293.170013427734,1.8784057593574e-13
2,1,0.00168062999728136,-0.00155355752212927,0.00228868044128628,293.316009521484,1.68500235583366e-13
2,1,0.00170816498575732,-0.00157901001512073,0.00232617717433967,293.311004638672,1.71221133085442e-13
2,1,0.00173570000333712,-0.00160446250811219,0.00236367392876474,293.299987792969,1.7404057310309e-13
2,1,0.00176323752384633,-0.0016299175331369,0.00240117423989323,293.283996582031,1.76792304769737e-13
2,1,0.00179077251232229,-0.00165537252905779,0.00243867267193616,293.263000488281,1.79544759964307e-13
2,1,0.00181830997462384,-0.00168082999880426,0.00247617459980044,293.236999511719,1.82333309419267e-13
2,1,0.00184584746602923,-0.00170628499472514,0.00251367486980132,293.205993652344,1.85085412062934e-13
2,1,0.00187338248360902,-0.0017317374877166,0.00255117162422604,293.170013427734,1.87871879807915e-13
2,1,0.00165602250490338,-0.00157976249465719,0.00228868085941923,293.316009521484,1.68529592023966e-13
2,1,0.00168315501650795,-0.00160564749967307,0.00232618028166397,293.311004638672,1.71281738821199e-13
2,1,0.00171028752811253,-0.0016315299726557,0.00236367795617152,293.299987792969,1.74034317099083e-13
2,1,0.00173742003971711,-0.00165741250384599,0.00240117567085701,293.283996582031,1.76785343212462e-13
2,1,0.00176455252221785,-0.00168329750886187,0.00243867507204342,293.263000488281,1.7957070868785e-13
2,1,0.00179168750764802,-0.00170918248477392,0.00247617626418636,293.236999511719,1.82322013919556e-13
2,1,0.00181881751632318,-0.0017350674897898,0.00251367387538827,293.205993652344,1.85037563225357e-13
2,1,0.00184594749589451,-0.00176095249480568,0.0025511714655353,293.170013427734,1.87858543242578e-13
2,1,0.00163100252393633,-0.00160558000789024,0.00228868005514609,293.316009521484,1.68543586155384e-13
2,1,0.00165772752370685,-0.00163189001614228,0.00232618261700153,293.311004638672,1.71294758684995e-13
2,1,0.00168445002054796,-0.00165819498943165,0.00236367986298911,293.299987792969,1.740136150342e-13
2,1,0.00171117251738906,-0.00168449999182485,0.00240117712939415,293.283996582031,1.76830783401411e-13
2,1,0.00173789501423016,-0.00171080749714747,0.0024386761516819,293.263000488281,1.79547788584791e-13
2,1,0.00176461751107126,-0.00173711247043684,0.00247617339766958,293.236999511719,1.82332621325665e-13
2,1,0.00179134000791237,-0.00176341997575946,0.0025136724199575,293.205993652344,1.85083909954892e-13
2,1,0.00181806000182405,-0.00178972751018591,0.00255116967898036,293.170013427734,1.87800509316459e-13
2,1,0.00160558000789024,-0.00163100252393633,0.00228868005514609,293.316009521484,1.68543586155384e-13
2,1,0.00163189001614228,-0.00165772752370685,0.00232618261700153,293.311004638672,1.71294758684995e-13
2,1,0.00165819498943165,-0.00168445002054796,0.00236367986298911,293.299987792969,1.740136150342e-13
2,1,0.00168449999182485,-0.00171117251738906,0.00240117712939415,293.283996582031,1.76830783401411e-13
2,1,0.00171080749714747,-0.00173789501423016,0.0024386761516819,293.263000488281,1.79547788584791e-13
2,1,0.00173711247043684,-0.00176461751107126,0.00247617339766958,293.236999511719,1.82332621325665e-13
2,1,0.00176341997575946,-0.00179134000791237,0.0025136724199575,293.205993652344,1.85083909954892e-13
2,1,0.00178972751018591,-0.00181806000182405,0.00255116967898036,293.170013427734,1.87800509316459e-13
2,1,0.00157976249465719,-0.00165602250490338,0.00228868085941923,293.316009521484,1.68529592023966e-13
2,1,0.00160564749967307,-0.00168315501650795,0.00232618028166397,293.311004638672,1.71281738821199e-13
2,1,0.0016315299726557,-0.00171028752811253,0.00236367795617152,293.299987792969,1.74034317099083e-13
2,1,0.00165741250384599,-0.00173742003971711,0.00240117567085701,293.283996582031,1.76785343212462e-13
2,1,0.00168329750886187,-0.00176455252221785,0.00243867507204342,293.263000488281,1.7957070868785e-13
2,1,0.00170918248477392,-0.00179168750764802,0.00247617626418636,293.236999511719,1.82322013919556e-13
2,1,0.0017350674897898,-0.00181881751632318,0.00251367387538827,293.205993652344,1.85037563225357e-13
2,1,0.00176095249480568,-0.00184594749589451,0.0025511714655353,293.170013427734,1.87858543242578e-13
2,1,0.00155355752212927,-0.00168062999728136,0.00228868044128628,293.316009521484,1.68500235583366e-13
2,1,0.00157901001512073,-0.00170816498575732,0.00232617717433967,293.311004638672,1.71221133085442e-13
2,1,0.00160446250811219,-0.00173570000333712,0.00236367392876474,293.299987792969,1.7404057310309e-13
2,1,0.0016299175331369,-0.00176323752384633,0.00240117423989323,293.283996582031,1.76792304769737e-13
2,1,0.00165537252905779,-0.00179077251232229,0.00243867267193616,293.263000488281,1.79544759964307e-13
2,1,0.00168082999880426,-0.00181830997462384,0.00247617459980044,293.236999511719,1.82333309419267e-13
2,1,0.00170628499472514,-0.00184584746602923,0.00251367486980132,293.205993652344,1.85085412062934e-13
2,1,0.0017317374877166,-0.00187338248360902,0.00255117162422604,293.170013427734,1.87871879807915e-13
2,1,0.00152697000885382,-0.00170482249814086,0.00228868022189782,293.316009521484,1.68523342111742e-13
2,1,0.00155198751599528,-0.0017327549867332,0.00232617821627105,293.311004638672,1.71245846721253e-13
2,1,0.00157700502313673,-0.00176068750442937,0.00236367623232375,293.299987792969,1.74032188279431e-13
2,1,0.00160202253027819,-0.00178862252505496,0.00240117611279409,293.283996582031,1.76790163274401e-13
2,1,0.00162704003741965,-0.0018165550136473,0.00243867410716842,293.263000488281,1.79576672545484e-13
2,1,0.00165205998928286,-0.00184448747313581,0.00247617371093876,293.236999511719,1.82366052950243e-13
2,1,0.00167707749642432,-0.00187242246465757,0.0025136735697316,293.205993652344,1.85089112366815e-13
2,1,0.00170209500356577,-0.00190035498235375,0.00255117158578569,293.170013427734,1.8784057593574e-13
2,1,0.0015000024868641,-0.00172859750455245,0.00228868014220936,293.316009521484,1.68532224881871e-13
2,1,0.00152458000229672,-0.00175692001357675,0.00232617972596908,293.311004638672,1.71288276371097e-13
2,1,0.00154915751772933,-0.00178524252260104,0.00236367930972884,293.299987792969,1.74048547095647e-13
2,1,0.0015737300273031,-0.00181356503162533,0.00240117561264677,293.283996582031,1.76773593302367e-13
2,1,0.00159830501070246,-0.00184188751154579,0.0024386735149308,293.263000488281,1.79562846225226e-13
2,1,0.00162288246792741,-0.00187020999146625,0.00247617303855897,293.236999511719,1.82287489801713e-13
2,1,0.00164745998336002,-0.00189853250049055,0.00251367262231809,293.205993652344,1.85080410484172e-13
2,1,0.00167203749879263,-0.00192685500951484,0.00255117220607727,293.170013427734,1.87803255123906e-13
2,1,0.00147266499698162,-0.00175194750772789,0.0022886813371828,293.316009521484,1.68523856033049e-13
2,1,0.00149679501191713,-0.00178064999636263,0.00232617921004514,293.311004638672,1.71252172212407e-13
2,1,0.00152092252392322,-0.00180935498792678,0.00236367738833211,293.299987792969,1.74051047138801e-13
2,1,0.00154505000682548,-0.00183806000859477,0.00240117557017116,293.283996582031,1.76773523146072e-13
2,1,0.00156917999265715,-0.00186676502926275,0.00243867536253472,293.263000488281,1.79570436105993e-13
2,1,0.00159330747555941,-0.00189547002082691,0.00247617352209555,293.236999511719,1.82296294977847e-13
2,1,0.00161743749049492,-0.00192417250946164,0.00251367139495727,293.205993652344,1.85092315754204e-13
2,1,0.00164156750543043,-0.0019528775010258,0.00255117118376989,293.170013427734,1.87820845492383e-13
2,1,0.00144496498978697,-0.00177486249594949,0.00228868099595337,293.316009521484,1.685014469206e-13
2,1,0.00146863999543712,-0.00180393998743966,0.00232617774782611,293.311004638672,1.71272197185657e-13
2,1,0.00149231249815784,-0.00183302248478867,0.00236367680148935,293.299987792969,1.74068472371861e-13
2,1,0.00151598997763358,-0.00186210250831209,0.00240117707879857,293.283996582031,1.76795639592077e-13
2,1,0.00153966498328373,-0.00189118250273168,0.00243867577168195,293.263000488281,1.79569278523319e-13
2,1,0.00156333748600446,-0.00192026249715127,0.00247617288433428,293.236999511719,1.82295956173265e-13
2,1,0.00158701499458402,-0.00194933998864144,0.00251367121643845,293.205993652344,1.85094172669615e-13
2,1,0.00161069000023417,-0.00197842248599045,0.00255117185033212,293.170013427734,1.87864208024353e-13
2,1,0.00141690750024281,-0.00179733749246225,0.0022886784234695,293.316009521484,1.68501586588605e-13
2,1,0.00144012249074876,-0.00182678501005284,0.00232617631776144,293.311004638672,1.71271522702852e-13
2,1,0.00146333748125471,-0.00185623500146903,0.00236367615479016,293.299987792969,1.7400963099657e-13
2,1,0.00148655500379391,-0.00188568499288522,0.00240117755938565,293.283996582031,1.76809451042863e-13
2,1,0.00150976999429986,-0.0019151349843014,0.00243867739641457,293.263000488281,1.79547159568435e-13
2,1,0.00153298248187639,-0.00194458247278817,0.00247617371830307,293.236999511719,1.82313959096533e-13
2,1,0.00155620000441559,-0.00197402996127494,0.0025136731573047,293.205993652344,1.8511905398784e-13
2,1,0.00157941499492154,-0.00200347998179495,0.00255117301718956,293.170013427734,1.87826391938402e-13
2,1,0.00138850000803359,-0.00181936999433674,0.00228867635296084,293.316009521484,1.68516708696736e-13
2,1,0.00141125250956975,-0.00184918002923951,0.00232617721300531,293.311004638672,1.71286376382921e-13
2,1,0.00143400247907266,-0.00187899000593461,0.00236367649063671,293.299987792969,1.74033546077787e-13
2,1,0.00145675250678323,-0.00190880248555914,0.00240117779327062,293.283996582031,1.76842064829544e-13
2,1,0.00147950250538997,-0.00193861502339132,0.00243867912452084,293.263000488281,1.79555067783801e-13
2,1,0.0015022500010673,-0.00196842252626084,0.00247617493477294,293.236999511719,1.8229241008584e-13
2,1,0.00152500002877787,-0.00199823000002652,0.00251367225802778,293.205993652344,1.85072768571689e-13
2,1,0.00154774999828078,-0.00202804000582546,0.00255117155879543,293.170013427734,1.87847619212007e-13
2,1,0.00135974999284372,-0.00184095749864355,0.00228867746850673,293.316009521484,1.68546227785897e-13
2,1,0.00138203249662183,-0.00187112003914081,0.00232617798600904,293.311004638672,1.71293003761201e-13
2,1,0.0014043124683667,-0.0019012825214304,0.00236367695235769,293.299987792969,1.74016650935685e-13
2,1,0.0014265899953898,-0.00193144750664942,0.00240117647953842,293.283996582031,1.76796666812129e-13
2,1,0.00144886752241291,-0.00196161252097227,0.00243867603013153,293.263000488281,1.79547612554129e-13
2,1,0.00147114502033219,-0.00199177500326186,0.00247617352672768,293.236999511719,1.82321721036275e-13
2,1,0.00149342502118088,-0.00202193751465529,0.00251367253377594,293.205993652344,1.85102710467148e-13
2,1,0.00151570499292575,-0.00205210002604872,0.00255117152353369,293.170013427734,1.87815096003322e-13
2,1,0.00133066499256529,-0.00186209002276883,0.00228867834684868,293.316009521484,1.68502614108504e-13
2,1,0.0013524699897971,-0.00189259753096849,0.00232617722616523,293.311004638672,1.71281045797081e-13
2,1,0.00137427498702891,-0.00192310501006432,0.00236367608180728,293.299987792969,1.74043447821362e-13
2,1,0.00139607500750571,-0.0019536150211934,0.002401174103978,293.283996582031,1.76801396362139e-13
2,1,0.00141787753091194,-0.00198412500321865,0.00243867355770762,293.263000488281,1.795525913048e-13
2,1,0.00143968002521433,-0.00201463495614007,0.00247617297083678,293.236999511719,1.82277142957372e-13
2,1,0.00146148251951672,-0.00204514496726915,0.00251367243132419,293.205993652344,1.85067400852403e-13
2,1,0.00148328501381911,-0.00207565247546881,0.00255116985540755,293.170013427734,1.87822173936343e-13
2,1,0.00130125498981215,-0.00188275999971665,0.0022886786067607,293.316009521484,1.68499602359852e-13
2,1,0.00132257750374265,-0.00191360749886371,0.00232617817742184,293.311004638672,1.7125687915794e-13
2,1,0.00134389751474373,-0.00194445499801077,0.00236367632501225,293.299987792969,1.74031864015677e-13
2,1,0.00136521502281539,-0.00197530252626166,0.00240117307347399,293.283996582031,1.76788811039286e-13
2,1,0.00138653750764206,-0.00200615002540872,0.00243867262758773,293.263000488281,1.79584550015645e-13
2,1,0.00140785999246873,-0.00203700002748519,0.00247617424071262,293.236999511719,1.82348190778322e-13
2,1,0.00142918000346981,-0.00206784752663225,0.00251367238830303,293.205993652344,1.85071178026922e-13
2,1,0.00145049751154147,-0.00209869496757165,0.00255116906493838,293.170013427734,1.87840011075375e-13
2,1,0.00127152248751372,-0.0019029674876947,0.00228867968389553,293.316009521484,1.68554879247858e-13
2,1,0.00129235748318024,-0.00193414749810472,0.00232618021846045,293.311004638672,1.71286413305459e-13
2,1,0.00131319000502117,-0.0019653249764815,0.0023636772733327,293.299987792969,1.74028916700839e-13
2,1,0.0013340225268621,-0.00199650251306593,0.00240117437660286,293.283996582031,1.7675936463478e-13
2,1,0.0013548550195992,-0.00202768255257979,0.00243867354481276,293.263000488281,1.79573516674338e-13
2,1,0.00137568748323247,-0.0020588650368154,0.00247617472956643,293.236999511719,1.82342323129687e-13
2,1,0.00139652247889899,-0.00209004251519218,0.00251367315882177,293.205993652344,1.85078071041479e-13
2,1,0.00141735500073992,-0.00212121999356896,0.00255117021369393,293.170013427734,1.87821693847638e-13
2,1,0.00124147499445826,-0.00192270500701852,0.00228867968616826,293.316009521484,1.68526966464851e-13
2,1,0.00126181499217637,-0.00195420999079943,0.00232618007957711,293.311004638672,1.71270667023398e-13
2,1,0.0012821574928239,-0.00198570993961766,0.00236367760083749,293.299987792969,1.74046484234449e-13
2,1,0.00130249999347143,-0.00201721000485122,0.00240117521990065,293.283996582031,1.76797404791095e-13
2,1,0.00132283751736395,-0.00204871501773596,0.00243867429585061,293.263000488281,1.7958614051806e-13
2,1,0.00134317751508206,-0.00208021997241303,0.00247617466481024,293.236999511719,1.82315128877171e-13
2,1,0.00136351998662576,-0.00211171997943893,0.00251367221918242,293.205993652344,1.85064905545796e-13
2,1,0.00138385998434387,-0.00214321998646483,0.00255116843165059,293.170013427734,1.87847390675296e-13
2,1,0.00121112249325961,-0.00194196749362163,0.0022886798465409,293.316009521484,1.68544298616117e-13
2,1,0.00123096499009989,-0.00197378743905574,0.0023261796279363,293.311004638672,1.71231562167153e-13
2,1,0.00125080748694018,-0.00200560491066426,0.00236367731026597,293.299987792969,1.74053223997308e-13
2,1,0.00127065248670988,-0.0020374224986881,0.00240117641587253,293.283996582031,1.76803753700714e-13
2,1,0.00129049501265399,-0.00206924002850428,0.00243867416299292,293.263000488281,1.7953587979877e-13
2,1,0.00131033750949427,-0.00210106000304222,0.00247617396908445,293.236999511719,1.82326789870281e-13
2,1,0.00133018248016015,-0.0021328775328584,0.00251367300989949,293.205993652344,1.85075712693254e-13
2,1,0.00135002497700043,-0.00216469500446692,0.00255117069222917,293.170013427734,1.8783309994471e-13
2,1,0.00118046748684719,-0.00196074999985285,0.00228867735808835,293.316009521484,1.68549941559969e-13
2,1,0.00119980997988023,-0.00199287745635957,0.00232617809805835,293.311004638672,1.71285033791152e-13
2,1,0.00121914999908768,-0.00202500494197011,0.00236367758699846,293.299987792969,1.74049628087199e-13
2,1,0.00123849252122454,-0.00205713248578832,0.00240117841678096,293.283996582031,1.76807803309709e-13
2,1,0.00125783501425758,-0.00208925502374768,0.0024386749429449,293.263000488281,1.79539208607254e-13
2,1,0.00127717497525737,-0.00212138000642881,0.00247617225755793,293.236999511719,1.8231412087012e-13
2,1,0.0012965174682904,-0.00215350755024701,0.00251367307232923,293.205993652344,1.85071462567037e-13
2,1,0.00131585999042727,-0.00218563503585756,0.00255117385224436,293.170013427734,1.87844955588568e-13
2,1,0.00114952251897193,-0.00197905005188659,0.00228867672018044,293.316009521484,1.68528344258856e-13
2,1,0.0011683575285133,-0.00201147753978148,0.00232617738091468,293.311004638672,1.71271002435656e-13
2,1,0.00118719250895083,-0.00204390252474695,0.00236367586271382,293.299987792969,1.74020506422475e-13
2,1,0.00120602748938836,-0.00207633001264185,0.00240117650883014,293.283996582031,1.76803409672548e-13
2,1,0.00122486246982589,-0.00210875499760732,0.00243867499062951,293.263000488281,1.79534858490085e-13
2,1,0.00124369745026343,-0.00214117998257279,0.00247617347242922,293.236999511719,1.8235045992835e-13
2,1,0.00126253245980479,-0.00217360752867535,0.00251367418349612,293.205993652344,1.85090796038267e-13
2,1,0.00128136746934615,-0.00220603251364082,0.00255117267991389,293.170013427734,1.87840162656745e-13
2,1,0.00111829754314385,-0.0019968650303781,0.0022886806995622,293.316009521484,1.68526436280721e-13
2,1,0.00113662003423087,-0.00202958250883967,0.0023261793272237,293.311004638672,1.71254969731397e-13
2,1,0.00115494249621406,-0.00206229754257947,0.00236367580765436,293.299987792969,1.74036380055994e-13
2,1,0.00117326495819725,-0.00209501502104104,0.00240117442109505,293.283996582031,1.76803730761663e-13
2,1,0.00119158744928427,-0.0021277324995026,0.00243867304875651,293.263000488281,1.79554024259421e-13
2,1,0.00120991247240454,-0.00216045253910124,0.00247617514820521,293.236999511719,1.82346529922256e-13
2,1,0.00122823499259539,-0.00219317252049223,0.00251367597388327,293.205993652344,1.85061452597762e-13
2,1,0.00124655748368241,-0.00222588749602437,0.0025511724177488,293.170013427734,1.87844368770003e-13
2,1,0.00108679503318854,-0.00201418501092121,0.00228868187006909,293.316009521484,1.68514669028696e-13
2,1,0.00110460250289179,-0.00204718497116119,0.00232617991469771,293.311004638672,1.7125200405651e-13
2,1,0.00112240749876946,-0.00208018498960882,0.00236367683584025,293.299987792969,1.74019837830708e-13
2,1,0.00114021249464713,-0.00211318500805646,0.00240117375698303,293.283996582031,1.76787933244933e-13
2,1,0.00115801996435039,-0.0021461850265041,0.00243867185283803,293.263000488281,1.79547130126796e-13
2,1,0.00117582749226131,-0.00217919005081058,0.00247617438180539,293.236999511719,1.82367454766641e-13
2,1,0.0011936325172428,-0.00221219501690939,0.00251367567101608,293.205993652344,1.85092041592651e-13
2,1,0.00121144001604989,-0.00224519497714937,0.00255117372946331,293.170013427734,1.87851908978856e-13
2,1,0.00105502252699807,-0.00203100504586473,0.00228867953824938,293.316009521484,1.68524182968311e-13
2,1,0.00107230999856256,-0.00206428254023194,0.00232617951562722,293.311004638672,1.71292533119333e-13
2,1,0.00108959499630146,-0.00209755747346207,0.00236367607984719,293.299987792969,1.74017301126745e-13
2,1,0.00110688002314419,-0.00213083496782929,0.00240117493027054,293.283996582031,1.76817248743876e-13
2,1,0.00112416749470867,-0.00216411252040416,0.00243867495930262,293.263000488281,1.79562453475505e-13
2,1,0.00114145249244757,-0.00219739001477137,0.00247617379630988,293.236999511719,1.82319995264439e-13
2,1,0.00115873749018647,-0.00223066750913858,0.00251367263331767,293.205993652344,1.85033821495322e-13
2,1,0.00117602499085478,-0.0022639450035058,0.00255117262411109,293.170013427734,1.87846034442237e-13
2,1,0.00102299050195143,-0.00204732501879334,0.00228867850508978,293.316009521484,1.68529284221238e-13
2,1,0.00103975250385702,-0.00208087003557011,0.00232617827653224,293.311004638672,1.71251276044452e-13
2,1,0.00105651500052772,-0.00211441249120981,0.00236367597807401,293.299987792969,1.74017255394331e-13
2,1,0.00107327502337284,-0.00214795995270833,0.00240117705182995,293.283996582031,1.76817161197371e-13
2,1,0.00109003501711413,-0.0021815049694851,0.00243867592566606,293.263000488281,1.79540834655797e-13
2,1,0.00110679751378484,-0.00221504748333246,0.0024761736792757,293.236999511719,1.82330129097135e-13
2,1,0.00112356001045555,-0.00224858999717981,0.00251367143288695,293.205993652344,1.85052857356888e-13
2,1,0.00114032000419684,-0.00228213501395658,0.00255117030672162,293.170013427734,1.87864884678922e-13
2,1,0.000990706728771329,-0.00206314248498529,0.00228868012963456,293.316009521484,1.68525954913012e-13
2,1,0.00100693947752006,-0.00209694501245394,0.00232617830284865,293.311004638672,1.71275162869015e-13
2,1,0.00102317298296839,-0.0021307475399226,0.00236367680361817,293.299987792969,1.74066614229961e-13
2,1,0.00103940500412136,-0.002164552512113,0.00240117686568217,293.283996582031,1.76788717905824e-13
2,1,0.00105563501711003,-0.002198354981374,0.00243867380218855,293.263000488281,1.79523185227014e-13
2,1,0.0010718675039243,-0.00223215745063499,0.00247617180954678,293.236999511719,1.82333921416409e-13
2,1,0.00108810252277181,-0.00226595997810364,0.00251367096542682,293.205993652344,1.85068863695044e-13
2,1,0.00110433253576048,-0.00229976500850171,0.00255117021068137,293.170013427734,1.87859152838412e-13
2,1,0.000958177988650277,-0.00207844999385998,0.00228868071930325,293.316009521484,1.68493641781887e-13
2,1,0.000973876973148435,-0.00211250252323225,0.0023261778241337,293.311004638672,1.71272657615828e-13
2,1,0.000989576466963626,-0.00214655755553395,0.00236367741521302,293.299987792969,1.7404198226825e-13
2,1,0.00100527697941288,-0.00218061252962798,0.00240117737989263,293.283996582031,1.76820980414677e-13
2,1,0.00102097625494935,-0.00221466500079259,0.00243867455370864,293.263000488281,1.79535512286071e-13
2,1,0.00103667500661686,-0.00224871747195721,0.00247617150820166,293.236999511719,1.82309648668276e-13
2,1,0.00105237500974908,-0.0022827725042589,0.00251367131251181,293.205993652344,1.85099575662287e-13
2,1,0.00106807250995189,-0.00231683003949001,0.00255117234196325,293.170013427734,1.87869599721986e-13
2,1,0.000925413012737408,-0.0020932424813509,0.00228867938555749,293.316009521484,1.68501876138008e-13
2,1,0.000940575249842368,-0.00212753750383854,0.00232617661213751,293.311004638672,1.71266224470713e-13
2,1,0.000955737734329887,-0.0021618350292556,0.0023636762279421,293.299987792969,1.74043555984383e-13
2,1,0.000970900233369321,-0.00219613505760208,0.002401178138828,293.283996582031,1.76809394342361e-13
2,1,0.000986063503660262,-0.00223043002188206,0.00243867572993286,293.263000488281,1.79540143035195e-13
2,1,0.00100122627918608,-0.00226472498616204,0.00247617312098315,293.236999511719,1.8234755918109e-13
2,1,0.00101638850173913,-0.0022990225115791,0.00251367263087598,293.205993652344,1.85069168367179e-13
2,1,0.00103154999669641,-0.00233332003699616,0.00255117184657014,293.170013427734,1.87833687849158e-13
2,1,0.000892419513547793,-0.00210751994745806,0.00228867929537856,293.316009521484,1.68517010054473e-13
2,1,0.000907041496247984,-0.00214205001248047,0.00232617766558863,293.311004638672,1.71276786781368e-13
2,1,0.000921663231565617,-0.00217658001929522,0.00236367588573712,293.299987792969,1.74037196878312e-13
2,1,0.00093628499598708,-0.00221111252903938,0.00240117642204513,293.283996582031,1.76812978661819e-13
2,1,0.000950907007791102,-0.00224564253585413,0.00243867475000329,293.263000488281,1.7952864748243e-13
2,1,0.00096552875766065,-0.00228017248446122,0.0024761729222257,293.236999511719,1.82334275726576e-13
2,1,0.000980151249677874,-0.00231470249127597,0.00251367143743256,293.205993652344,1.85061459156253e-13
2,1,0.000994772999547422,-0.00234923249809071,0.00255116966325529,293.170013427734,1.87861921467175e-13
2,1,0.000859205742017366,-0.00212127750273794,0.00228867925903516,293.316009521484,1.68506587665083e-13
2,1,0.000873283483088017,-0.0021560350432992,0.00232617951795826,293.311004638672,1.71298010597429e-13
2,1,0.000887361238710582,-0.00219079002272338,0.00236367740853744,293.299987792969,1.74011325635263e-13
2,1,0.000901438746950589,-0.00222554500214756,0.00240117520624544,293.283996582031,1.7681392378426e-13
2,1,0.000915516502573155,-0.00226030254270881,0.00243867547063149,293.263000488281,1.79563501127423e-13
2,1,0.000929594258195721,-0.00229505752213299,0.00247617336121074,293.236999511719,1.82318356096372e-13
2,1,0.000943671766435727,-0.00232981250155717,0.00251367115891877,293.205993652344,1.85078707707291e-13
2,1,0.000957749260123819,-0.00236456998391077,0.00255117127102033,293.170013427734,1.87868690243079e-13
2,1,0.000825780240120366,-0.0021345125278458,0.00228868012979182,293.316009521484,1.68528086499884e-13
2,1,0.000839310232549906,-0.00216948753222823,0.00232618095146459,293.311004638672,1.71284093520453e-13
2,1,0.000852840501465835,-0.00220446003368124,0.0023636795385666,293.299987792969,1.74028709858056e-13
2,1,0.000866370261064731,-0.00223943003220484,0.00240117560757191,293.283996582031,1.76783770291683e-13
2,1,0.000879900006111711,-0.00227440253365785,0.00243867400565648,293.263000488281,1.79556824912393e-13
2,1,0.000893430260475725,-0.00230937503511086,0.00247617258750819,293.236999511719,1.82300024741154e-13
2,1,0.000906960252905264,-0.00234434747835621,0.00251367102056437,293.205993652344,1.85085145209487e-13
2,1,0.00092049001250416,-0.00237932248273864,0.00255117175822905,293.170013427734,1.87843487535047e-13
2,1,0.000792151011410169,-0.0021472200169228,0.00228868019302656,293.316009521484,1.68503953060619e-13
2,1,0.000805129995569587,-0.00218240253161639,0.00232618037128928,293.311004638672,1.71288758270736e-13
2,1,0.000818108994280919,-0.00221758498810232,0.00236368049997881,293.299987792969,1.74032227745576e-13
2,1,0.000831088007544167,-0.00225276249693707,0.00240117599186104,293.283996582031,1.76770076889512e-13
2,1,0.000844066758872941,-0.00228794000577182,0.00243867139308383,293.263000488281,1.79553485487335e-13
2,1,0.000857045757584274,-0.0023231225204654,0.00247617157638293,293.236999511719,1.82342234349918e-13
2,1,0.00087002498912625,-0.00235830497695133,0.00251367178565889,293.205993652344,1.85080381565993e-13
2,1,0.000883003740455024,-0.0023934849887155,0.00255116953510816,293.170013427734,1.87834930964117e-13
2,1,0.000758326263166964,-0.00215939502231777,0.0022886776933023,293.316009521484,1.68508289585625e-13
2,1,0.000770750746596605,-0.00219477753853425,0.00232617822985121,293.311004638672,1.71291575924287e-13
2,1,0.000783175491960719,-0.00223015999654308,0.00236367879826954,293.299987792969,1.74029876362413e-13
2,1,0.000795600499259308,-0.00226553995162249,0.00240117709193205,293.283996582031,1.76799706277036e-13
2,1,0.000808025259175338,-0.00230091746198013,0.00243867299700277,293.263000488281,1.79535843539451e-13
2,1,0.000820450019091368,-0.0023362974752672,0.00247617126361787,293.236999511719,1.82333971590607e-13
2,1,0.000832874997286126,-0.00237167999148369,0.00251367196410121,293.205993652344,1.85072639282244e-13
2,1,0.000845299728098325,-0.00240706000477076,0.00255117022107308,293.170013427734,1.878392260257e-13
2,1,0.000724314508261159,-0.00217103998875245,0.00228867781473056,293.316009521484,1.68508477555063e-13
2,1,0.000736181740649045,-0.00220661249477416,0.00232617760658091,293.311004638672,1.71289530402477e-13
2,1,0.000748049249523319,-0.00224218500079587,0.00236367748593296,293.299987792969,1.74026685997142e-13
2,1,0.000759916758397594,-0.00227775744860992,0.00240117731006927,293.283996582031,1.76809534855694e-13
2,1,0.000771784252719954,-0.00231332745170221,0.00243867481053656,293.263000488281,1.79531782338959e-13
2,1,0.000783651761594228,-0.0023488974547945,0.00247617231560928,293.236999511719,1.82344896780751e-13
2,1,0.000795519503299147,-0.0023844699608162,0.00251367226864684,293.205993652344,1.85079980964377e-13
2,1,0.00080738723045215,-0.00242004246683791,0.00255117221707907,293.170013427734,1.87860658443809e-13
2,1,0.000690124012180604,-0.00218214996857569,0.00228867857890599,293.316009521484,1.68498029925263e-13
2,1,0.000701431243214756,-0.00221790245268494,0.00232617649342944,293.311004638672,1.71277985073615e-13
2,1,0.000712738503352739,-0.00225365749793127,0.00236367685865546,293.299987792969,1.74040937497054e-13
2,1,0.000724045763490722,-0.00228941248496994,0.00240117716838327,293.283996582031,1.76805454160143e-13
2,1,0.000735352994524874,-0.0023251649690792,0.00243867508290665,293.263000488281,1.79538716292632e-13
2,1,0.000746660254662856,-0.00236091751139611,0.00247617306170429,293.236999511719,1.82319904461982e-13
2,1,0.000757967762183398,-0.00239667249843478,0.00251367344602733,293.205993652344,1.85084848678081e-13
2,1,0.000769275240600109,-0.00243242748547345,0.00255117382157451,293.170013427734,1.87852069548824e-13
2,1,0.000655763011309318,-0.00219272245885804,0.00228868016738511,293.316009521484,1.68512310542406e-13
2,1,0.000666507257847115,-0.00222864747047424,0.00232617743786112,293.311004638672,1.71276667771383e-13
2,1,0.000677251504384913,-0.00226457504322752,0.00236367716209312,293.299987792969,1.74054869276639e-13
2,1,0.00068799575092271,-0.00230050249956548,0.0024011767747908,293.283996582031,1.76788817332659e-13
2,1,0.000698740244843066,-0.00233642745297402,0.00243867406038077,293.263000488281,1.79550709628393e-13
2,1,0.000709484753315337,-0.00237235252279788,0.00247617146167474,293.236999511719,1.82311721434549e-13
2,1,0.000720229014405049,-0.0024082800373435,0.00251367113430896,293.205993652344,1.85090728388311e-13
2,1,0.000730973246390931,-0.00244420755188912,0.00255117079860426,293.170013427734,1.87824891748865e-13
2,1,0.000621240251348354,-0.00220275501487777,0.0022886828319941,293.316009521484,1.68512013596806e-13
2,1,0.000631418763077818,-0.00223884504521266,0.00232618073047646,293.311004638672,1.71273375204432e-13
2,1,0.000641597507637925,-0.00227493507554755,0.00236367869215842,293.299987792969,1.74032960265485e-13
2,1,0.000651776252198033,-0.00231102504767478,0.00240117659781814,293.283996582031,1.76790991734802e-13
2,1,0.000661954996758141,-0.00234711496159434,0.00243867444745564,293.263000488281,1.79555313715804e-13
2,1,0.000672133741318248,-0.00238320493372157,0.00247617235311545,293.236999511719,1.82318821634933e-13
2,1,0.000682312253047712,-0.00241929496405646,0.00251367025159785,293.205993652344,1.85080183242558e-13
2,1,0.00069249099760782,-0.00245538499439135,0.00255116821327997,293.170013427734,1.87839814855943e-13
2,1,0.00058656424516812,-0.00221224006963894,0.00228868165969532,293.316009521484,1.68524994173179e-13
2,1,0.000596174751990475,-0.0022484875516966,0.00232618155031921,293.311004638672,1.71267355064724e-13
2,1,0.000605785506195389,-0.00228473253082484,0.00236367908501253,293.299987792969,1.74028208540438e-13
2,1,0.000615396260400303,-0.00232097750995308,0.00240117661970599,293.283996582031,1.76787954355263e-13
2,1,0.000625006505288184,-0.00235722248908132,0.00243867402386692,293.263000488281,1.79547723425079e-13
2,1,0.000634616735624149,-0.00239346746820956,0.00247617142429836,293.236999511719,1.82308944935258e-13
2,1,0.000644227242446505,-0.00242971495026723,0.00251367131492212,293.205993652344,1.85096934512037e-13
2,1,0.000653837996651419,-0.00246596243232489,0.00255117126894742,293.170013427734,1.87839964065651e-13
2,1,0.000551743491087109,-0.00222117750672624,0.00228867874467859,293.316009521484,1.68521635936608e-13
2,1,0.000560783504624851,-0.00225757248699665,0.00232617963044636,293.311004638672,1.71281513442186e-13
2,1,0.000569823750993237,-0.00229396496433765,0.00236367814323453,293.299987792969,1.74023870373903e-13
2,1,0.000578863997361623,-0.00233035744167864,0.00240117665602273,293.283996582031,1.76809297116089e-13
2,1,0.000587903763516806,-0.0023667499772273,0.00243867510953441,293.263000488281,1.79550139073498e-13
2,1,0.000596943500568159,-0.00240314000984654,0.00247617112692071,293.236999511719,1.82307207624441e-13
2,1,0.000605983499553986,-0.00243953499011695,0.00251367200918032,293.205993652344,1.85115918441834e-13
2,1,0.000615023745922372,-0.00247592997038737,0.00255117295107776,293.170013427734,1.87825808863675e-13
2,1,0.000516786749358289,-0.00222957000369206,0.00228867886468935,293.316009521484,1.68514147933959e-13
2,1,0.000525253999512643,-0.0022661000257358,0.00232617735580153,293.311004638672,1.71269693808624e-13
2,1,0.000533721249666996,-0.00230262998957187,0.00236367579020936,293.299987792969,1.74030899151693e-13
2,1,0.000542188747203909,-0.00233916245633736,0.0024011767187637,293.283996582031,1.76817625315476e-13
2,1,0.000550656011910178,-0.00237569498131052,0.002438677651449,293.263000488281,1.79556404112689e-13
2,1,0.000559123014681973,-0.00241222250042483,0.0024761736484146,293.236999511719,1.82295936812035e-13
2,1,0.000567590250284411,-0.00244875252246857,0.00251367213624094,293.205993652344,1.85101283415423e-13
2,1,0.000576057747821324,-0.00248528498923406,0.00255117306479531,293.170013427734,1.87839821021416e-13
2,1,0.000481702503748238,-0.00223741499939933,0.00228868153784104,293.316009521484,1.68523106317322e-13
2,1,0.000489594996906817,-0.00227407255442813,0.00232617910828024,293.311004638672,1.71263002957476e-13
2,1,0.000497487249958795,-0.00231073005124927,0.00236367657128,293.299987792969,1.74045517834814e-13
2,1,0.000505379750393331,-0.00234738999279216,0.00240117647630665,293.283996582031,1.76803966315105e-13
2,1,0.000513272258103825,-0.00238404999254271,0.00243867643976849,293.263000488281,1.79561748617642e-13
2,1,0.00052116451843176,-0.00242070748936385,0.00247617390429962,293.236999511719,1.82297844208266e-13
2,1,0.000529056997038424,-0.00245736498618498,0.00251367141477227,293.205993652344,1.8508531876515e-13
2,1,0.000536949490197003,-0.00249402498593554,0.00255117137517133,293.170013427734,1.87842460437812e-13
2,1,0.000446499245299492,-0.0022447049850598,0.00228868128973986,293.316009521484,1.68518339439051e-13
2,1,0.000453814747743309,-0.00228148250607774,0.00232617932473145,293.311004638672,1.71258395523481e-13
2,1,0.000461130497569684,-0.00231826002709568,0.00236367740798496,293.299987792969,1.74041315037648e-13
2,1,0.000468446247396059,-0.00235504005104303,0.00240117794607485,293.283996582031,1.76805730761967e-13
2,1,0.000475762004498392,-0.00239181751385331,0.00243867597365861,293.263000488281,1.79542370498186e-13
2,1,0.000483077506942209,-0.00242859497666359,0.00247617395156098,293.236999511719,1.82328055626987e-13
2,1,0.00049039299483411,-0.00246537243947387,0.00251367192662441,293.205993652344,1.85066632362009e-13
2,1,0.000497708737384528,-0.00250214996049181,0.00255117000845848,293.170013427734,1.87851544802999e-13
2,1,0.000411185748816933,-0.00225144001888111,0.00228867994237935,293.316009521484,1.68521468227091e-13
2,1,0.000417922747146804,-0.00228832749417052,0.00232617758203441,293.311004638672,1.71257529556097e-13
2,1,0.000424659992859233,-0.00232521496945992,0.00236367526613444,293.299987792969,1.74040825071395e-13
2,1,0.000431396998465061,-0.00236210500588641,0.00240117542656056,293.283996582031,1.76799424698111e-13
2,1,0.000438134251453448,-0.00239899498410523,0.0024386755741711,293.263000488281,1.79564124392499e-13
2,1,0.000444871242507361,-0.00243588496232405,0.00247617567472231,293.236999511719,1.82326355712193e-13
2,1,0.000451607993454672,-0.00247277243761346,0.00251367326993246,293.205993652344,1.85062495677878e-13
2,1,0.000458345246443059,-0.00250965997111052,0.00255117101260018,293.170013427734,1.87849089387318e-13
2,1,0.000375771000108216,-0.00225761998444796,0.0022886790597856,293.316009521484,1.68510799945932e-13
2,1,0.000381928002752829,-0.00229461002163589,0.00232617801354037,293.311004638672,1.71274195812515e-13
2,1,0.000388084743462969,-0.00233160000061616,0.00236367686687119,293.299987792969,1.74038900970195e-13
2,1,0.000394241251342464,-0.00236858997959644,0.00240117568197429,293.283996582031,1.76802778040588e-13
2,1,0.000400398253987078,-0.00240557995857671,0.00243867457831131,293.263000488281,1.79558600640318e-13
2,1,0.000406555242079776,-0.00244256993755698,0.0024761734722591,293.236999511719,1.82313989516906e-13
2,1,0.000412711749959271,-0.00247955997474492,0.00251367234477993,293.205993652344,1.85077424229614e-13
2,1,0.000418868752603885,-0.00251655001193285,0.00255117129853469,293.170013427734,1.87841446499913e-13
2,1,0.000340263752150349,-0.00226324249524623,0.00228867778713296,293.316009521484,1.68526564098888e-13
2,1,0.000345838750945404,-0.00230032752733678,0.00232617952331259,293.311004638672,1.71291080654405e-13
2,1,0.000351413495081943,-0.00233740999829024,0.00236367868895772,293.299987792969,1.74027352244775e-13
2,1,0.000356988501152955,-0.00237449246924371,0.00240117789354527,293.283996582031,1.7680801253093e-13
2,1,0.000362563754606526,-0.00241157249547541,0.00243867471735939,293.263000488281,1.79523951924262e-13
2,1,0.00036813900078414,-0.00244865252170712,0.00247617154009188,293.236999511719,1.82333943144218e-13
2,1,0.000373713752196636,-0.00248573505086824,0.00251367076437942,293.205993652344,1.85068568695902e-13
2,1,0.000379288750991691,-0.00252281752182171,0.00255116996788522,293.170013427734,1.87854951245712e-13
2,1,0.000304672001220752,-0.00226830755127594,0.00228867738563199,293.316009521484,1.68516669598622e-13
2,1,0.000309663744701538,-0.00230547500541434,0.00232617854761255,293.311004638672,1.7129598497132e-13
2,1,0.000314655495458283,-0.00234263995662332,0.00236367722990898,293.299987792969,1.74011672585656e-13
2,1,0.000319647500873543,-0.00237980496603996,0.00240117600379546,293.283996582031,1.76821066936284e-13
2,1,0.000324639506288804,-0.00241697003366426,0.00243867483537155,293.263000488281,1.79537375331381e-13
2,1,0.000329631504428107,-0.0024541350430809,0.00247617360828945,293.236999511719,1.82347030802811e-13
2,1,0.000334623247908894,-0.00249129999428988,0.00251367228961729,293.205993652344,1.85059262396117e-13
2,1,0.000339614998665638,-0.0025284625007771,0.00255116854895058,293.170013427734,1.87841571860869e-13
2,1,0.000269005249720067,-0.00227281253319234,0.00228867661223973,293.316009521484,1.68493533441839e-13
2,1,0.000273412741080392,-0.00231005251407623,0.00232617650765694,293.311004638672,1.71300341797327e-13
2,1,0.000277820246992633,-0.00234729249496013,0.00236367640478455,293.299987792969,1.74016329039358e-13
2,1,0.000282227752904873,-0.00238453247584403,0.00240117630191216,293.283996582031,1.76824457695113e-13
2,1,0.000286635251541156,-0.00242177251493558,0.00243867625598879,293.263000488281,1.79539529960641e-13
2,1,0.000291042750177439,-0.00245900999289006,0.00247617366668092,293.236999511719,1.82321148227454e-13
2,1,0.000295450248813722,-0.00249624997377396,0.00251367356295335,293.205993652344,1.8508396920239e-13
2,1,0.000299857747450005,-0.00253348750993609,0.00255117103144967,293.170013427734,1.87823014483749e-13
2,1,0.000233272501645843,-0.00227676000213251,0.00228867913158103,293.316009521484,1.68501055420448e-13
2,1,0.000237094496696955,-0.00231406255625188,0.00232617697405227,293.311004638672,1.71282259119099e-13
2,1,0.000240916499024024,-0.00235136755509302,0.00236367724925509,293.299987792969,1.74042957570086e-13
2,1,0.000244738501351094,-0.0023886724957265,0.0024011774665534,293.283996582031,1.76804226823299e-13
2,1,0.000248560496402206,-0.00242597499163821,0.00243867525112011,293.263000488281,1.79539697411604e-13
2,1,0.000252382498729276,-0.00246327748754993,0.00247617303642842,293.236999511719,1.82326607221836e-13
2,1,0.000256204501056345,-0.00250058248639107,0.00251367331163126,293.205993652344,1.85088392123009e-13
2,1,0.000260026496107457,-0.00253788498230278,0.00255117109619797,293.170013427734,1.87821636557396e-13
2,1,0.000197481749637518,-0.00228014501044527,0.00228868091050245,293.316009521484,1.6851987550336e-13
2,1,0.000200717498955783,-0.00231750257080421,0.00232617834227541,293.311004638672,1.71257915255631e-13
2,1,0.000203953248274047,-0.00235486257588491,0.00236367820965224,293.299987792969,1.74062812121231e-13
2,1,0.000207188750209752,-0.00239222252275795,0.00240117799769277,293.283996582031,1.76777036994144e-13
2,1,0.000210424248507479,-0.00242957746377215,0.00243867279823051,293.263000488281,1.79538678182993e-13
2,1,0.000213659746805206,-0.00246693746885285,0.0024761726439477,293.236999511719,1.82348321161908e-13
2,1,0.000216895499761449,-0.00250429747393355,0.00251367251163844,293.205993652344,1.8505880562614e-13
2,1,0.000220131249079714,-0.00254165497608483,0.00255116988542084,293.170013427734,1.87844395329861e-13
2,1,0.000161642248713179,-0.00228296499699354,0.00228868027344729,293.316009521484,1.68536335769523e-13
2,1,0.000164290999236982,-0.00232037005480379,0.00232617899647908,293.311004638672,1.71251394548765e-13
2,1,0.000166939498740248,-0.00235777505440637,0.00236367764371977,293.299987792969,1.74058963347515e-13
2,1,0.000169587750860956,-0.0023951799958013,0.00240117621542626,293.283996582031,1.76772581443906e-13
2,1,0.000172236250364222,-0.00243258249247447,0.00243867236598786,293.263000488281,1.79556158379948e-13
2,1,0.00017488449884695,-0.00246998999500647,0.00247617349217881,293.236999511719,1.82341465640781e-13
2,1,0.000177533001988195,-0.00250739499460906,0.00251367213967643,293.205993652344,1.85055938637579e-13
2,1,0.00018018174887402,-0.00254479999421164,0.00255117080438901,293.170013427734,1.87864976488912e-13
2,1,0.000125763248433941,-0.00228522246470675,0.00228868042938656,293.316009521484,1.68525040417088e-13
2,1,0.000127823999719112,-0.00232266500825062,0.00232617963954981,293.311004638672,1.71265329078419e-13
2,1,0.000129884499983746,-0.00236010749358684,0.00236367877779972,293.299987792969,1.74049095102603e-13
2,1,0.000131945000248379,-0.00239754747599363,0.00240117541690189,293.283996582031,1.76762128184586e-13
2,1,0.00013400575153355,-0.00243498751660809,0.00243867212791743,293.263000488281,1.7957190679407e-13
2,1,0.000136066251798184,-0.00247243250487372,0.00247617376531506,293.236999511719,1.82330690443842e-13
2,1,0.000138126752062817,-0.00250987499020994,0.00251367290356497,293.205993652344,1.850683506305e-13
2,1,0.00014018749789102,-0.00254731747554615,0.00255117205530865,293.170013427734,1.87855527081259e-13
2,1,8.98531743587228e-05,-0.00228691496886313,0.00228867945937228,293.316009521484,1.68515251006212e-13
2,1,9.1325375251472e-05,-0.00232438498642296,0.00232617838724232,293.311004638672,1.71274788904548e-13
2,1,9.27975743252318e-05,-0.00236185500398278,0.00236367731504094,293.299987792969,1.74036290265305e-13
2,1,9.42697752179811e-05,-0.00239932502154261,0.00240117624291098,293.283996582031,1.76797640425957e-13
2,1,9.57419761107303e-05,-0.00243679498089477,0.00243867511261823,293.263000488281,1.79560418829882e-13
2,1,9.72141751844902e-05,-0.0024742649984546,0.00247617404041686,293.236999511719,1.82321034751488e-13
2,1,9.86863760772394e-05,-0.00251173501601443,0.0025136729682869,293.205993652344,1.85081442304719e-13
2,1,0.000100158600616851,-0.00254920497536659,0.00255117183892252,293.170013427734,1.87841192555822e-13
2,1,5.39207258043461e-05,-0.00228804495418444,0.00228868022166491,293.316009521484,1.685215571562e-13
2,1,5.48042007721961e-05,-0.0023255324922502,0.00232617816878538,293.311004638672,1.71259839483037e-13
2,1,5.56876739210566e-05,-0.00236302003031597,0.002363676115863,293.299987792969,1.74043810073049e-13
2,1,5.65711252420442e-05,-0.00240051001310349,0.00240117650646954,293.283996582031,1.76804053118136e-13
2,1,5.74545765630319e-05,-0.002437999995891,0.00243867689707607,293.263000488281,1.79565418089391e-13
2,1,5.83380497118924e-05,-0.00247548753395677,0.00247617484415369,293.236999511719,1.82302210170253e-13
2,1,5.92215246797423e-05,-0.00251297501381487,0.00251367273308265,293.205993652344,1.85087084538449e-13
2,1,6.01050005570869e-05,-0.00255046249367297,0.00255117062203305,293.170013427734,1.87824212767737e-13
2,1,1.7975050468522e-05,-0.00228860997594893,0.00228868056409196,293.316009521484,1.68523953173028e-13
2,1,1.82695748662812e-05,-0.00232610746752471,0.00232617921232222,293.311004638672,1.71262929176348e-13
2,1,1.85640992640404e-05,-0.00236360501730815,0.00236367791875833,293.299987792969,1.74047109697704e-13
2,1,1.88586000149373e-05,-0.00240110250888392,0.00240117656680287,293.283996582031,1.76784061781559e-13
2,1,1.91531007658343e-05,-0.0024386000004597,0.0024386752148474,293.263000488281,1.79569303998193e-13
2,1,1.94476251635935e-05,-0.00247609749203548,0.00247617386307765,293.236999511719,1.82305716725146e-13
2,1,1.97421495613527e-05,-0.00251359498361126,0.0025136725113079,293.205993652344,1.85091941672265e-13
2,1,2.00366494027549e-05,-0.00255109253339469,0.00255117121755116,293.170013427734,1.878279554593e-13
2,1,-1.79750504685214e-05,-0.00228860997594893,0.00228868056409196,293.316009521484,1.68523953173034e-13
2,1,-1.82695748662806e-05,-0.00232610746752471,0.00232617921232222,293.311004638672,1.71262929176353e-13
2,1,-1.85640992640399e-05,-0.00236360501730815,0.00236367791875833,293.299987792969,1.74047109697708e-13
2,1,-1.88586000149369e-05,-0.00240110250888392,0.00240117656680287,293.283996582031,1.76784061781563e-13
2,1,-1.91531007658339e-05,-0.0024386000004597,0.0024386752148474,293.263000488281,1.79569303998197e-13
2,1,-1.94476251635932e-05,-0.00247609749203548,0.00247617386307765,293.236999511719,1.82305716725149e-13
2,1,-1.97421495613524e-05,-0.00251359498361126,0.0025136725113079,293.205993652344,1.85091941672267e-13
2,1,-2.00366494027548e-05,-0.00255109253339469,0.00255117121755116,293.170013427734,1.87827955459302e-13
2,1,-5.39207258043461e-05,-0.00228804495418444,0.00228868022166491,293.316009521484,1.685215571562e-13
2,1,-5.48042007721961e-05,-0.0023255324922502,0.00232617816878538,293.311004638672,1.71259839483037e-13
2,1,-5.56876739210566e-05,-0.00236302003031597,0.002363676115863,293.299987792969,1.74043810073049e-13
2,1,-5.65711252420442e-05,-0.00240051001310349,0.00240117650646954,293.283996582031,1.76804053118136e-13
2,1,-5.74545765630319e-05,-0.002437999995891,0.00243867689707607,293.263000488281,1.79565418089391e-13
2,1,-5.83380497118924e-05,-0.00247548753395677,0.00247617484415369,293.236999511719,1.82302210170253e-13
2,1,-5.92215246797423e-05,-0.00251297501381487,0.00251367273308265,293.205993652344,1.85087084538449e-13
2,1,-6.01050005570869e-05,-0.00255046249367297,0.00255117062203305,293.170013427734,1.87824212767737e-13
2,1,-8.98531743587228e-05,-0.00228691496886313,0.00228867945937228,293.316009521484,1.68515251006212e-13
2,1,-9.1325375251472e-05,-0.00232438498642296,0.00232617838724232,293.311004638672,1.71274788904548e-13
2,1,-9.27975743252318e-05,-0.00236185500398278,0.00236367731504094,293.299987792969,1.74036290265305e-13
2,1,-9.42697752179811e-05,-0.00239932502154261,0.00240117624291098,293.283996582031,1.76797640425957e-13
2,1,-9.57419761107303e-05,-0.00243679498089477,0.00243867511261823,293.263000488281,1.79560418829882e-13
2,1,-9.72141751844902e-05,-0.0024742649984546,0.00247617404041686,293.236999511719,1.82321034751488e-13
2,1,-9.86863760772394e-05,-0.00251173501601443,0.0025136729682869,293.205993652344,1.85081442304719e-13
2,1,-0.000100158600616851,-0.00254920497536659,0.00255117183892252,293.170013427734,1.87841192555822e-13
2,1,-0.000125763248433941,-0.00228522246470675,0.00228868042938656,293.316009521484,1.68525040417088e-13
2,1,-0.000127823999719112,-0.00232266500825062,0.00232617963954981,293.311004638672,1.71265329078419e-13
2,1,-0.000129884499983746,-0.00236010749358684,0.00236367877779972,293.299987792969,1.74049095102603e-13
2,1,-0.000131945000248379,-0.00239754747599363,0.00240117541690189,293.283996582031,1.76762128184586e-13
2,1,-0.00013400575153355,-0.00243498751660809,0.00243867212791743,293.263000488281,1.7957190679407e-13
2,1,-0.000136066251798184,-0.00247243250487372,0.00247617376531506,293.236999511719,1.82330690443842e-13
2,1,-0.000138126752062817,-0.00250987499020994,0.00251367290356497,293.205993652344,1.850683506305e-13
2,1,-0.00014018749789102,-0.00254731747554615,0.00255117205530865,293.170013427734,1.87855527081259e-13
2,1,-0.000161642248713179,-0.00228296499699354,0.00228868027344729,293.316009521484,1.68536335769523e-13
2,1,-0.000164290999236982,-0.00232037005480379,0.00232617899647908,293.311004638672,1.71251394548765e-13
2,1,-0.000166939498740248,-0.00235777505440637,0.00236367764371977,293.299987792969,1.74058963347515e-13
2,1,-0.000169587750860956,-0.0023951799958013,0.00240117621542626,293.283996582031,1.76772581443906e-13
2,1,-0.000172236250364222,-0.00243258249247447,0.00243867236598786,293.263000488281,1.79556158379948e-13
2,1,-0.00017488449884695,-0.00246998999500647,0.00247617349217881,293.236999511719,1.82341465640781e-13
2,1,-0.000177533001988195,-0.00250739499460906,0.00251367213967643,293.205993652344,1.85055938637579e-13
2,1,-0.00018018174887402,-0.00254479999421164,0.00255117080438901,293.170013427734,1.87864976488912e-13
2,1,-0.000197481749637518,-0.00228014501044527,0.00228868091050245,293.316009521484,1.6851987550336e-13
2,1,-0.000200717498955783,-0.00231750257080421,0.00232617834227541,293.311004638672,1.71257915255631e-13
2,1,-0.000203953248274047,-0.00235486257588491,0.00236367820965224,293.299987792969,1.74062812121231e-13
2,1,-0.000207188750209752,-0.00239222252275795,0.00240117799769277,293.283996582031,1.76777036994144e-13
2,1,-0.000210424248507479,-0.00242957746377215,0.00243867279823051,293.263000488281,1.79538678182993e-13
2,1,-0.000213659746805206,-0.00246693746885285,0.0024761726439477,293.236999511719,1.82348321161908e-13
2,1,-0.000216895499761449,-0.00250429747393355,0.00251367251163844,293.205993652344,1.8505880562614e-13
2,1,-0.000220131249079714,-0.00254165497608483,0.00255116988542084,293.170013427734,1.87844395329861e-13
2,1,-0.000233272501645843,-0.00227676000213251,0.00228867913158103,293.316009521484,1.68501055420448e-13
2,1,-0.000237094496696955,-0.00231406255625188,0.00232617697405227,293.311004638672,1.71282259119099e-13
2,1,-0.000240916499024024,-0.00235136755509302,0.00236367724925509,293.299987792969,1.74042957570086e-13
2,1,-0.000244738501351094,-0.0023886724957265,0.0024011774665534,293.283996582031,1.76804226823299e-13
2,1,-0.000248560496402206,-0.00242597499163821,0.00243867525112011,293.263000488281,1.79539697411604e-13
2,1,-0.000252382498729276,-0.00246327748754993,0.00247617303642842,293.236999511719,1.82326607221836e-13
2,1,-0.000256204501056345,-0.00250058248639107,0.00251367331163126,293.205993652344,1.85088392123009e-13
2,1,-0.000260026496107457,-0.00253788498230278,0.00255117109619797,293.170013427734,1.87821636557396e-13
2,1,-0.000269005249720067,-0.00227281253319234,0.00228867661223973,293.316009521484,1.68493533441839e-13
2,1,-0.000273412741080392,-0.00231005251407623,0.00232617650765694,293.311004638672,1.71300341797327e-13
2,1,-0.000277820246992633,-0.00234729249496013,0.00236367640478455,293.299987792969,1.74016329039358e-13
2,1,-0.000282227752904873,-0.00238453247584403,0.00240117630191216,293.283996582031,1.76824457695113e-13
2,1,-0.000286635251541156,-0.00242177251493558,0.00243867625598879,293.263000488281,1.79539529960641e-13
2,1,-0.000291042750177439,-0.00245900999289006,0.00247617366668092,293.236999511719,1.82321148227454e-13
2,1,-0.000295450248813722,-0.00249624997377396,0.00251367356295335,293.205993652344,1.8508396920239e-13
2,1,-0.000299857747450005,-0.00253348750993609,0.00255117103144967,293.170013427734,1.87823014483749e-13
2,1,-0.000304672001220752,-0.00226830755127594,0.00228867738563199,293.316009521484,1.68516669598622e-13
2,1,-0.000309663744701538,-0.00230547500541434,0.00232617854761255,293.311004638672,1.7129598497132e-13
2,1,-0.000314655495458283,-0.00234263995662332,0.00236367722990898,293.299987792969,1.74011672585656e-13
2,1,-0.000319647500873543,-0.00237980496603996,0.00240117600379546,293.283996582031,1.76821066936284e-13
2,1,-0.000324639506288804,-0.00241697003366426,0.00243867483537155,293.263000488281,1.79537375331381e-13
2,1,-0.000329631504428107,-0.0024541350430809,0.00247617360828945,293.236999511719,1.82347030802811e-13
2,1,-0.000334623247908894,-0.00249129999428988,0.00251367228961729,293.205993652344,1.85059262396117e-13
2,1,-0.000339614998665638,-0.0025284625007771,0.00255116854895058,293.170013427734,1.87841571860869e-13
2,1,-0.000340263752150349,-0.00226324249524623,0.00228867778713296,293.316009521484,1.68526564098888e-13
2,1,-0.000345838750945404,-0.00230032752733678,0.00232617952331259,293.311004638672,1.71291080654405e-13
2,1,-0.000351413495081943,-0.00233740999829024,0.00236367868895772,293.299987792969,1.74027352244775e-13
2,1,-0.000356988501152955,-0.00237449246924371,0.00240117789354527,293.283996582031,1.7680801253093e-13
2,1,-0.000362563754606526,-0.00241157249547541,0.00243867471735939,293.263000488281,1.79523951924262e-13
2,1,-0.00036813900078414,-0.00244865252170712,0.00247617154009188,293.236999511719,1.82333943144218e-13
2,1,-0.000373713752196636,-0.00248573505086824,0.00251367076437942,293.205993652344,1.85068568695902e-13
2,1,-0.000379288750991691,-0.00252281752182171,0.00255116996788522,293.170013427734,1.87854951245712e-13
2,1,-0.000375771000108216,-0.00225761998444796,0.0022886790597856,293.316009521484,1.68510799945932e-13
2,1,-0.000381928002752829,-0.00229461002163589,0.00232617801354037,293.311004638672,1.71274195812515e-13
2,1,-0.000388084743462969,-0.00233160000061616,0.00236367686687119,293.299987792969,1.74038900970195e-13
2,1,-0.000394241251342464,-0.00236858997959644,0.00240117568197429,293.283996582031,1.76802778040588e-13
2,1,-0.000400398253987078,-0.00240557995857671,0.00243867457831131,293.263000488281,1.79558600640318e-13
2,1,-0.000406555242079776,-0.00244256993755698,0.0024761734722591,293.236999511719,1.82313989516906e-13
2,1,-0.000412711749959271,-0.00247955997474492,0.00251367234477993,293.205993652344,1.85077424229614e-13
2,1,-0.000418868752603885,-0.00251655001193285,0.00255117129853469,293.170013427734,1.87841446499913e-13
2,1,-0.000411185748816933,-0.00225144001888111,0.00228867994237935,293.316009521484,1.68521468227091e-13
2,1,-0.000417922747146804,-0.00228832749417052,0.00232617758203441,293.311004638672,1.71257529556097e-13
2,1,-0.000424659992859233,-0.00232521496945992,0.00236367526613444,293.299987792969,1.74040825071395e-13
2,1,-0.000431396998465061,-0.00236210500588641,0.00240117542656056,293.283996582031,1.76799424698111e-13
2,1,-0.000438134251453448,-0.00239899498410523,0.0024386755741711,293.263000488281,1.79564124392499e-13
2,1,-0.000444871242507361,-0.00243588496232405,0.00247617567472231,293.236999511719,1.82326355712193e-13
2,1,-0.000451607993454672,-0.00247277243761346,0.00251367326993246,293.205993652344,1.85062495677878e-13
2,1,-0.000458345246443059,-0.00250965997111052,0.00255117101260018,293.170013427734,1.87849089387318e-13
2,1,-0.000446499245299492,-0.0022447049850598,0.00228868128973986,293.316009521484,1.68518339439051e-13
2,1,-0.000453814747743309,-0.00228148250607774,0.00232617932473145,293.311004638672,1.71258395523481e-13
2,1,-0.000461130497569684,-0.00231826002709568,0.00236367740798496,293.299987792969,1.74041315037648e-13
2,1,-0.000468446247396059,-0.00235504005104303,0.00240117794607485,293.283996582031,1.76805730761967e-13
2,1,-0.000475762004498392,-0.00239181751385331,0.00243867597365861,293.263000488281,1.79542370498186e-13
2,1,-0.000483077506942209,-0.00242859497666359,0.00247617395156098,293.236999511719,1.82328055626987e-13
2,1,-0.00049039299483411,-0.00246537243947387,0.00251367192662441,293.205993652344,1.85066632362009e-13
2,1,-0.000497708737384528,-0.00250214996049181,0.00255117000845848,293.170013427734,1.87851544802999e-13
2,1,-0.000481702503748238,-0.00223741499939933,0.00228868153784104,293.316009521484,1.68523106317322e-13
2,1,-0.000489594996906817,-0.00227407255442813,0.00232617910828024,293.311004638672,1.71263002957476e-13
2,1,-0.000497487249958795,-0.00231073005124927,0.00236367657128,293.299987792969,1.74045517834814e-13
2,1,-0.000505379750393331,-0.00234738999279216,0.00240117647630665,293.283996582031,1.76803966315105e-13
2,1,-0.000513272258103825,-0.00238404999254271,0.00243867643976849,293.263000488281,1.79561748617642e-13
2,1,-0.00052116451843176,-0.00242070748936385,0.00247617390429962,293.236999511719,1.82297844208266e-13
2,1,-0.000529056997038424,-0.00245736498618498,0.00251367141477227,293.205993652344,1.8508531876515e-13
2,1,-0.000536949490197003,-0.00249402498593554,0.00255117137517133,293.170013427734,1.87842460437812e-13
2,1,-0.000516786749358289,-0.00222957000369206,0.00228867886468935,293.316009521484,1.68514147933959e-13
2,1,-0.000525253999512643,-0.0022661000257358,0.00232617735580153,293.311004638672,1.71269693808624e-13
2,1,-0.000533721249666996,-0.00230262998957187,0.00236367579020936,293.299987792969,1.74030899151693e-13
2,1,-0.000542188747203909,-0.00233916245633736,0.0024011767187637,293.283996582031,1.76817625315476e-13
2,1,-0.000550656011910178,-0.00237569498131052,0.002438677651449,293.263000488281,1.79556404112689e-13
2,1,-0.000559123014681973,-0.00241222250042483,0.0024761736484146,293.236999511719,1.82295936812035e-13
2,1,-0.000567590250284411,-0.00244875252246857,0.00251367213624094,293.205993652344,1.85101283415423e-13
2,1,-0.000576057747821324,-0.00248528498923406,0.00255117306479531,293.170013427734,1.87839821021416e-13
2,1,-0.000551743491087109,-0.00222117750672624,0.00228867874467859,293.316009521484,1.68521635936608e-13
2,1,-0.000560783504624851,-0.00225757248699665,0.00232617963044636,293.311004638672,1.71281513442186e-13
2,1,-0.000569823750993237,-0.00229396496433765,0.00236367814323453,293.299987792969,1.74023870373903e-13
2,1,-0.000578863997361623,-0.00233035744167864,0.00240117665602273,293.283996582031,1.76809297116089e-13
2,1,-0.000587903763516806,-0.0023667499772273,0.00243867510953441,293.263000488281,1.79550139073498e-13
2,1,-0.000596943500568159,-0.00240314000984654,0.00247617112692071,293.236999511719,1.82307207624441e-13
2,1,-0.000605983499553986,-0.00243953499011695,0.00251367200918032,293.205993652344,1.85115918441834e-13
2,1,-0.000615023745922372,-0.00247592997038737,0.00255117295107776,293.170013427734,1.87825808863675e-13
2,1,-0.00058656424516812,-0.00221224006963894,0.00228868165969532,293.316009521484,1.68524994173179e-13
2,1,-0.000596174751990475,-0.0022484875516966,0.00232618155031921,293.311004638672,1.71267355064724e-13
2,1,-0.000605785506195389,-0.00228473253082484,0.00236367908501253,293.299987792969,1.74028208540438e-13
2,1,-0.000615396260400303,-0.00232097750995308,0.00240117661970599,293.283996582031,1.76787954355263e-13
2,1,-0.000625006505288184,-0.00235722248908132,0.00243867402386692,293.263000488281,1.79547723425079e-13
2,1,-0.000634616735624149,-0.00239346746820956,0.00247617142429836,293.236999511719,1.82308944935258e-13
2,1,-0.000644227242446505,-0.00242971495026723,0.00251367131492212,293.205993652344,1.85096934512037e-13
2,1,-0.000653837996651419,-0.00246596243232489,0.00255117126894742,293.170013427734,1.87839964065651e-13
2,1,-0.000621240251348354,-0.00220275501487777,0.0022886828319941,293.316009521484,1.68512013596806e-13
2,1,-0.000631418763077818,-0.00223884504521266,0.00232618073047646,293.311004638672,1.71273375204432e-13
2,1,-0.000641597507637925,-0.00227493507554755,0.00236367869215842,293.299987792969,1.74032960265485e-13
2,1,-0.000651776252198033,-0.00231102504767478,0.00240117659781814,293.283996582031,1.76790991734802e-13
2,1,-0.000661954996758141,-0.00234711496159434,0.00243867444745564,293.263000488281,1.79555313715804e-13
2,1,-0.000672133741318248,-0.00238320493372157,0.00247617235311545,293.236999511719,1.82318821634933e-13
2,1,-0.000682312253047712,-0.00241929496405646,0.00251367025159785,293.205993652344,1.85080183242558e-13
2,1,-0.00069249099760782,-0.00245538499439135,0.00255116821327997,293.170013427734,1.87839814855943e-13
2,1,-0.000655763011309318,-0.00219272245885804,0.00228868016738511,293.316009521484,1.68512310542406e-13
2,1,-0.000666507257847115,-0.00222864747047424,0.00232617743786112,293.311004638672,1.71276667771383e-13
2,1,-0.000677251504384913,-0.00226457504322752,0.00236367716209312,293.299987792969,1.74054869276639e-13
2,1,-0.00068799575092271,-0.00230050249956548,0.0024011767747908,293.283996582031,1.76788817332659e-13
2,1,-0.000698740244843066,-0.00233642745297402,0.00243867406038077,293.263000488281,1.79550709628393e-13
2,1,-0.000709484753315337,-0.00237235252279788,0.00247617146167474,293.236999511719,1.82311721434549e-13
2,1,-0.000720229014405049,-0.0024082800373435,0.00251367113430896,293.205993652344,1.85090728388311e-13
2,1,-0.000730973246390931,-0.00244420755188912,0.00255117079860426,293.170013427734,1.87824891748865e-13
2,1,-0.000690124012180604,-0.00218214996857569,0.00228867857890599,293.316009521484,1.68498029925263e-13
2,1,-0.000701431243214756,-0.00221790245268494,0.00232617649342944,293.311004638672,1.71277985073615e-13
2,1,-0.000712738503352739,-0.00225365749793127,0.00236367685865546,293.299987792969,1.74040937497054e-13
2,1,-0.000724045763490722,-0.00228941248496994,0.00240117716838327,293.283996582031,1.76805454160143e-13
2,1,-0.000735352994524874,-0.0023251649690792,0.00243867508290665,293.263000488281,1.79538716292632e-13
2,1,-0.000746660254662856,-0.00236091751139611,0.00247617306170429,293.236999511719,1.82319904461982e-13
2,1,-0.000757967762183398,-0.00239667249843478,0.00251367344602733,293.205993652344,1.85084848678081e-13
2,1,-0.000769275240600109,-0.00243242748547345,0.00255117382157451,293.170013427734,1.87852069548824e-13
2,1,-0.000724314508261159,-0.00217103998875245,0.00228867781473056,293.316009521484,1.68508477555063e-13
2,1,-0.000736181740649045,-0.00220661249477416,0.00232617760658091,293.311004638672,1.71289530402477e-13
2,1,-0.000748049249523319,-0.00224218500079587,0.00236367748593296,293.299987792969,1.74026685997142e-13
2,1,-0.000759916758397594,-0.00227775744860992,0.00240117731006927,293.283996582031,1.76809534855694e-13
2,1,-0.000771784252719954,-0.00231332745170221,0.00243867481053656,293.263000488281,1.79531782338959e-13
2,1,-0.000783651761594228,-0.0023488974547945,0.00247617231560928,293.236999511719,1.82344896780751e-13
2,1,-0.000795519503299147,-0.0023844699608162,0.00251367226864684,293.205993652344,1.85079980964377e-13
2,1,-0.00080738723045215,-0.00242004246683791,0.00255117221707907,293.170013427734,1.87860658443809e-13
2,1,-0.000758326263166964,-0.00215939502231777,0.0022886776933023,293.316009521484,1.68508289585625e-13
2,1,-0.000770750746596605,-0.00219477753853425,0.00232617822985121,293.311004638672,1.71291575924287e-13
2,1,-0.000783175491960719,-0.00223015999654308,0.00236367879826954,293.299987792969,1.74029876362413e-13
2,1,-0.000795600499259308,-0.00226553995162249,0.00240117709193205,293.283996582031,1.76799706277036e-13
2,1,-0.000808025259175338,-0.00230091746198013,0.00243867299700277,293.263000488281,1.79535843539451e-13
2,1,-0.000820450019091368,-0.0023362974752672,0.00247617126361787,293.236999511719,1.82333971590607e-13
2,1,-0.000832874997286126,-0.00237167999148369,0.00251367196410121,293.205993652344,1.85072639282244e-13
2,1,-0.000845299728098325,-0.00240706000477076,0.00255117022107308,293.170013427734,1.878392260257e-13
2,1,-0.000792151011410169,-0.0021472200169228,0.00228868019302656,293.316009521484,1.68503953060619e-13
2,1,-0.000805129995569587,-0.00218240253161639,0.00232618037128928,293.311004638672,1.71288758270736e-13
2,1,-0.000818108994280919,-0.00221758498810232,0.00236368049997881,293.299987792969,1.74032227745576e-13
2,1,-0.000831088007544167,-0.00225276249693707,0.00240117599186104,293.283996582031,1.76770076889512e-13
2,1,-0.000844066758872941,-0.00228794000577182,0.00243867139308383,293.263000488281,1.79553485487335e-13
2,1,-0.000857045757584274,-0.0023231225204654,0.00247617157638293,293.236999511719,1.82342234349918e-13
2,1,-0.00087002498912625,-0.00235830497695133,0.00251367178565889,293.205993652344,1.85080381565993e-13
2,1,-0.000883003740455024,-0.0023934849887155,0.00255116953510816,293.170013427734,1.87834930964117e-13
2,1,-0.000825780240120366,-0.0021345125278458,0.00228868012979182,293.316009521484,1.68528086499884e-13
2,1,-0.000839310232549906,-0.00216948753222823,0.00232618095146459,293.311004638672,1.71284093520453e-13
2,1,-0.000852840501465835,-0.00220446003368124,0.0023636795385666,293.299987792969,1.74028709858056e-13
2,1,-0.000866370261064731,-0.00223943003220484,0.00240117560757191,293.283996582031,1.76783770291683e-13
2,1,-0.000879900006111711,-0.00227440253365785,0.00243867400565648,293.263000488281,1.79556824912393e-13
2,1,-0.000893430260475725,-0.00230937503511086,0.00247617258750819,293.236999511719,1.82300024741154e-13
2,1,-0.000906960252905264,-0.00234434747835621,0.00251367102056437,293.205993652344,1.85085145209487e-13
2,1,-0.00092049001250416,-0.00237932248273864,0.00255117175822905,293.170013427734,1.87843487535047e-13
2,1,-0.000859205742017366,-0.00212127750273794,0.00228867925903516,293.316009521484,1.68506587665083e-13
2,1,-0.000873283483088017,-0.0021560350432992,0.00232617951795826,293.311004638672,1.71298010597429e-13
2,1,-0.000887361238710582,-0.00219079002272338,0.00236367740853744,293.299987792969,1.74011325635263e-13
2,1,-0.000901438746950589,-0.00222554500214756,0.00240117520624544,293.283996582031,1.7681392378426e-13
2,1,-0.000915516502573155,-0.00226030254270881,0.00243867547063149,293.263000488281,1.79563501127423e-13
2,1,-0.000929594258195721,-0.00229505752213299,0.00247617336121074,293.236999511719,1.82318356096372e-13
2,1,-0.000943671766435727,-0.00232981250155717,0.00251367115891877,293.205993652344,1.85078707707291e-13
2,1,-0.000957749260123819,-0.00236456998391077,0.00255117127102033,293.170013427734,1.87868690243079e-13
2,1,-0.000892419513547793,-0.00210751994745806,0.00228867929537856,293.316009521484,1.68517010054473e-13
2,1,-0.000907041496247984,-0.00214205001248047,0.00232617766558863,293.311004638672,1.71276786781368e-13
2,1,-0.000921663231565617,-0.00217658001929522,0.00236367588573712,293.299987792969,1.74037196878312e-13
2,1,-0.00093628499598708,-0.00221111252903938,0.00240117642204513,293.283996582031,1.76812978661819e-13
2,1,-0.000950907007791102,-0.00224564253585413,0.00243867475000329,293.263000488281,1.7952864748243e-13
2,1,-0.00096552875766065,-0.00228017248446122,0.0024761729222257,293.236999511719,1.82334275726576e-13
2,1,-0.000980151249677874,-0.00231470249127597,0.00251367143743256,293.205993652344,1.85061459156253e-13
2,1,-0.000994772999547422,-0.00234923249809071,0.00255116966325529,293.170013427734,1.87861921467175e-13
2,1,-0.000925413012737408,-0.0020932424813509,0.00228867938555749,293.316009521484,1.68501876138008e-13
2,1,-0.000940575249842368,-0.00212753750383854,0.00232617661213751,293.311004638672,1.71266224470713e-13
2,1,-0.000955737734329887,-0.0021618350292556,0.0023636762279421,293.299987792969,1.74043555984383e-13
2,1,-0.000970900233369321,-0.00219613505760208,0.002401178138828,293.283996582031,1.76809394342361e-13
2,1,-0.000986063503660262,-0.00223043002188206,0.00243867572993286,293.263000488281,1.79540143035195e-13
2,1,-0.00100122627918608,-0.00226472498616204,0.00247617312098315,293.236999511719,1.8234755918109e-13
2,1,-0.00101638850173913,-0.0022990225115791,0.00251367263087598,293.205993652344,1.85069168367179e-13
2,1,-0.00103154999669641,-0.00233332003699616,0.00255117184657014,293.170013427734,1.87833687849158e-13
2,1,-0.000958177988650277,-0.00207844999385998,0.00228868071930325,293.316009521484,1.68493641781887e-13
2,1,-0.000973876973148435,-0.00211250252323225,0.0023261778241337,293.311004638672,1.71272657615828e-13
2,1,-0.000989576466963626,-0.00214655755553395,0.00236367741521302,293.299987792969,1.7404198226825e-13
2,1,-0.00100527697941288,-0.00218061252962798,0.00240117737989263,293.283996582031,1.76820980414677e-13
2,1,-0.00102097625494935,-0.00221466500079259,0.00243867455370864,293.263000488281,1.79535512286071e-13
2,1,-0.00103667500661686,-0.00224871747195721,0.00247617150820166,293.236999511719,1.82309648668276e-13
2,1,-0.00105237500974908,-0.0022827725042589,0.00251367131251181,293.205993652344,1.85099575662287e-13
2,1,-0.00106807250995189,-0.00231683003949001,0.00255117234196325,293.170013427734,1.87869599721986e-13
2,1,-0.000990706728771329,-0.00206314248498529,0.00228868012963456,293.316009521484,1.68525954913012e-13
2,1,-0.00100693947752006,-0.00209694501245394,0.00232617830284865,293.311004638672,1.71275162869015e-13
2,1,-0.00102317298296839,-0.0021307475399226,0.00236367680361817,293.299987792969,1.74066614229961e-13
2,1,-0.00103940500412136,-0.002164552512113,0.00240117686568217,293.283996582031,1.76788717905824e-13
2,1,-0.00105563501711003,-0.002198354981374,0.00243867380218855,293.263000488281,1.79523185227014e-13
2,1,-0.0010718675039243,-0.00223215745063499,0.00247617180954678,293.236999511719,1.82333921416409e-13
2,1,-0.00108810252277181,-0.00226595997810364,0.00251367096542682,293.205993652344,1.85068863695044e-13
2,1,-0.00110433253576048,-0.00229976500850171,0.00255117021068137,293.170013427734,1.87859152838412e-13
2,1,-0.00102299050195143,-0.00204732501879334,0.00228867850508978,293.316009521484,1.68529284221238e-13
2,1,-0.00103975250385702,-0.00208087003557011,0.00232617827653224,293.311004638672,1.71251276044452e-13
2,1,-0.00105651500052772,-0.00211441249120981,0.00236367597807401,293.299987792969,1.74017255394331e-13
2,1,-0.00107327502337284,-0.00214795995270833,0.00240117705182995,293.283996582031,1.76817161197371e-13
2,1,-0.00109003501711413,-0.0021815049694851,0.00243867592566606,293.263000488281,1.79540834655797e-13
2,1,-0.00110679751378484,-0.00221504748333246,0.0024761736792757,293.236999511719,1.82330129097135e-13
2,1,-0.00112356001045555,-0.00224858999717981,0.00251367143288695,293.205993652344,1.85052857356888e-13
2,1,-0.00114032000419684,-0.00228213501395658,0.00255117030672162,293.170013427734,1.87864884678922e-13
2,1,-0.00105502252699807,-0.00203100504586473,0.00228867953824938,293.316009521484,1.68524182968311e-13
2,1,-0.00107230999856256,-0.00206428254023194,0.00232617951562722,293.311004638672,1.71292533119333e-13
2,1,-0.00108959499630146,-0.00209755747346207,0.00236367607984719,293.299987792969,1.74017301126745e-13
2,1,-0.00110688002314419,-0.00213083496782929,0.00240117493027054,293.283996582031,1.76817248743876e-13
2,1,-0.00112416749470867,-0.00216411252040416,0.00243867495930262,293.263000488281,1.79562453475505e-13
2,1,-0.00114145249244757,-0.00219739001477137,0.00247617379630988,293.236999511719,1.82319995264439e-13
2,1,-0.00115873749018647,-0.00223066750913858,0.00251367263331767,293.205993652344,1.85033821495322e-13
2,1,-0.00117602499085478,-0.0022639450035058,0.00255117262411109,293.170013427734,1.87846034442237e-13
2,1,-0.00108679503318854,-0.00201418501092121,0.00228868187006909,293.316009521484,1.68514669028696e-13
2,1,-0.00110460250289179,-0.00204718497116119,0.00232617991469771,293.311004638672,1.7125200405651e-13
2,1,-0.00112240749876946,-0.00208018498960882,0.00236367683584025,293.299987792969,1.74019837830708e-13
2,1,-0.00114021249464713,-0.00211318500805646,0.00240117375698303,293.283996582031,1.76787933244933e-13
2,1,-0.00115801996435039,-0.0021461850265041,0.00243867185283803,293.263000488281,1.79547130126796e-13
2,1,-0.00117582749226131,-0.00217919005081058,0.00247617438180539,293.236999511719,1.82367454766641e-13
2,1,-0.0011936325172428,-0.00221219501690939,0.00251367567101608,293.205993652344,1.85092041592651e-13
2,1,-0.00121144001604989,-0.00224519497714937,0.00255117372946331,293.170013427734,1.87851908978856e-13
2,1,-0.00111829754314385,-0.0019968650303781,0.0022886806995622,293.316009521484,1.68526436280721e-13
2,1,-0.00113662003423087,-0.00202958250883967,0.0023261793272237,293.311004638672,1.71254969731397e-13
2,1,-0.00115494249621406,-0.00206229754257947,0.00236367580765436,293.299987792969,1.74036380055994e-13
2,1,-0.00117326495819725,-0.00209501502104104,0.00240117442109505,293.283996582031,1.76803730761663e-13
2,1,-0.00119158744928427,-0.0021277324995026,0.00243867304875651,293.263000488281,1.79554024259421e-13
2,1,-0.00120991247240454,-0.00216045253910124,0.00247617514820521,293.236999511719,1.82346529922256e-13
2,1,-0.00122823499259539,-0.00219317252049223,0.00251367597388327,293.205993652344,1.85061452597762e-13
2,1,-0.00124655748368241,-0.00222588749602437,0.0025511724177488,293.170013427734,1.87844368770003e-13
2,1,-0.00114952251897193,-0.00197905005188659,0.00228867672018044,293.316009521484,1.68528344258856e-13
2,1,-0.0011683575285133,-0.00201147753978148,0.00232617738091468,293.311004638672,1.71271002435656e-13
2,1,-0.00118719250895083,-0.00204390252474695,0.00236367586271382,293.299987792969,1.74020506422475e-13
2,1,-0.00120602748938836,-0.00207633001264185,0.00240117650883014,293.283996582031,1.76803409672548e-13
2,1,-0.00122486246982589,-0.00210875499760732,0.00243867499062951,293.263000488281,1.79534858490085e-13
2,1,-0.00124369745026343,-0.00214117998257279,0.00247617347242922,293.236999511719,1.8235045992835e-13
2,1,-0.00126253245980479,-0.00217360752867535,0.00251367418349612,293.205993652344,1.85090796038267e-13
2,1,-0.00128136746934615,-0.00220603251364082,0.00255117267991389,293.170013427734,1.87840162656745e-13
2,1,-0.00118046748684719,-0.00196074999985285,0.00228867735808835,293.316009521484,1.68549941559969e-13
2,1,-0.00119980997988023,-0.00199287745635957,0.00232617809805835,293.311004638672,1.71285033791152e-13
2,1,-0.00121914999908768,-0.00202500494197011,0.00236367758699846,293.299987792969,1.74049628087199e-13
2,1,-0.00123849252122454,-0.00205713248578832,0.00240117841678096,293.283996582031,1.76807803309709e-13
2,1,-0.00125783501425758,-0.00208925502374768,0.0024386749429449,293.263000488281,1.79539208607254e-13
2,1,-0.00127717497525737,-0.00212138000642881,0.00247617225755793,293.236999511719,1.8231412087012e-13
2,1,-0.0012965174682904,-0.00215350755024701,0.00251367307232923,293.205993652344,1.85071462567037e-13
2,1,-0.00131585999042727,-0.00218563503585756,0.00255117385224436,293.170013427734,1.87844955588568e-13
2,1,-0.00121112249325961,-0.00194196749362163,0.0022886798465409,293.316009521484,1.68544298616117e-13
2,1,-0.00123096499009989,-0.00197378743905574,0.0023261796279363,293.311004638672,1.71231562167153e-13
2,1,-0.00125080748694018,-0.00200560491066426,0.00236367731026597,293.299987792969,1.74053223997308e-13
2,1,-0.00127065248670988,-0.0020374224986881,0.00240117641587253,293.283996582031,1.76803753700714e-13
2,1,-0.00129049501265399,-0.00206924002850428,0.00243867416299292,293.263000488281,1.7953587979877e-13
2,1,-0.00131033750949427,-0.00210106000304222,0.00247617396908445,293.236999511719,1.82326789870281e-13
2,1,-0.00133018248016015,-0.0021328775328584,0.00251367300989949,293.205993652344,1.85075712693254e-13
2,1,-0.00135002497700043,-0.00216469500446692,0.00255117069222917,293.170013427734,1.8783309994471e-13
2,1,-0.00124147499445826,-0.00192270500701852,0.00228867968616826,293.316009521484,1.68526966464851e-13
2,1,-0.00126181499217637,-0.00195420999079943,0.00232618007957711,293.311004638672,1.71270667023398e-13
2,1,-0.0012821574928239,-0.00198570993961766,0.00236367760083749,293.299987792969,1.74046484234449e-13
2,1,-0.00130249999347143,-0.00201721000485122,0.00240117521990065,293.283996582031,1.76797404791095e-13
2,1,-0.00132283751736395,-0.00204871501773596,0.00243867429585061,293.263000488281,1.7958614051806e-13
2,1,-0.00134317751508206,-0.00208021997241303,0.00247617466481024,293.236999511719,1.82315128877171e-13
2,1,-0.00136351998662576,-0.00211171997943893,0.00251367221918242,293.205993652344,1.85064905545796e-13
2,1,-0.00138385998434387,-0.00214321998646483,0.00255116843165059,293.170013427734,1.87847390675296e-13
2,1,-0.00127152248751372,-0.0019029674876947,0.00228867968389553,293.316009521484,1.68554879247858e-13
2,1,-0.00129235748318024,-0.00193414749810472,0.00232618021846045,293.311004638672,1.71286413305459e-13
2,1,-0.00131319000502117,-0.0019653249764815,0.0023636772733327,293.299987792969,1.74028916700839e-13
2,1,-0.0013340225268621,-0.00199650251306593,0.00240117437660286,293.283996582031,1.7675936463478e-13
2,1,-0.0013548550195992,-0.00202768255257979,0.00243867354481276,293.263000488281,1.79573516674338e-13
2,1,-0.00137568748323247,-0.0020588650368154,0.00247617472956643,293.236999511719,1.82342323129687e-13
2,1,-0.00139652247889899,-0.00209004251519218,0.00251367315882177,293.205993652344,1.85078071041479e-13
2,1,-0.00141735500073992,-0.00212121999356896,0.00255117021369393,293.170013427734,1.87821693847638e-13
2,1,-0.00130125498981215,-0.00188275999971665,0.0022886786067607,293.316009521484,1.68499602359852e-13
2,1,-0.00132257750374265,-0.00191360749886371,0.00232617817742184,293.311004638672,1.7125687915794e-13
2,1,-0.00134389751474373,-0.00194445499801077,0.00236367632501225,293.299987792969,1.74031864015677e-13
2,1,-0.00136521502281539,-0.00197530252626166,0.00240117307347399,293.283996582031,1.76788811039286e-13
2,1,-0.00138653750764206,-0.00200615002540872,0.00243867262758773,293.263000488281,1.79584550015645e-13
2,1,-0.00140785999246873,-0.00203700002748519,0.00247617424071262,293.236999511719,1.82348190778322e-13
2,1,-0.00142918000346981,-0.00206784752663225,0.00251367238830303,293.205993652344,1.85071178026922e-13
2,1,-0.00145049751154147,-0.00209869496757165,0.00255116906493838,293.170013427734,1.87840011075375e-13
2,1,-0.00133066499256529,-0.00186209002276883,0.00228867834684868,293.316009521484,1.68502614108504e-13
2,1,-0.0013524699897971,-0.00189259753096849,0.00232617722616523,293.311004638672,1.71281045797081e-13
2,1,-0.00137427498702891,-0.00192310501006432,0.00236367608180728,293.299987792969,1.74043447821362e-13
2,1,-0.00139607500750571,-0.0019536150211934,0.002401174103978,293.283996582031,1.76801396362139e-13
2,1,-0.00141787753091194,-0.00198412500321865,0.00243867355770762,293.263000488281,1.795525913048e-13
2,1,-0.00143968002521433,-0.00201463495614007,0.00247617297083678,293.236999511719,1.82277142957372e-13
2,1,-0.00146148251951672,-0.00204514496726915,0.00251367243132419,293.205993652344,1.85067400852403e-13
2,1,-0.00148328501381911,-0.00207565247546881,0.00255116985540755,293.170013427734,1.87822173936343e-13
2,1,-0.00135974999284372,-0.00184095749864355,0.00228867746850673,293.316009521484,1.68546227785897e-13
2,1,-0.00138203249662183,-0.00187112003914081,0.00232617798600904,293.311004638672,1.71293003761201e-13
2,1,-0.0014043124683667,-0.0019012825214304,0.00236367695235769,293.299987792969,1.74016650935685e-13
2,1,-0.0014265899953898,-0.00193144750664942,0.00240117647953842,293.283996582031,1.76796666812129e-13
2,1,-0.00144886752241291,-0.00196161252097227,0.00243867603013153,293.263000488281,1.79547612554129e-13
2,1,-0.00147114502033219,-0.00199177500326186,0.00247617352672768,293.236999511719,1.82321721036275e-13
2,1,-0.00149342502118088,-0.00202193751465529,0.00251367253377594,293.205993652344,1.85102710467148e-13
2,1,-0.00151570499292575,-0.00205210002604872,0.00255117152353369,293.170013427734,1.87815096003322e-13
2,1,-0.00138850000803359,-0.00181936999433674,0.00228867635296084,293.316009521484,1.68516708696736e-13
2,1,-0.00141125250956975,-0.00184918002923951,0.00232617721300531,293.311004638672,1.71286376382921e-13
2,1,-0.00143400247907266,-0.00187899000593461,0.00236367649063671,293.299987792969,1.74033546077787e-13
2,1,-0.00145675250678323,-0.00190880248555914,0.00240117779327062,293.283996582031,1.76842064829544e-13
2,1,-0.00147950250538997,-0.00193861502339132,0.00243867912452084,293.263000488281,1.79555067783801e-13
2,1,-0.0015022500010673,-0.00196842252626084,0.00247617493477294,293.236999511719,1.8229241008584e-13
2,1,-0.00152500002877787,-0.00199823000002652,0.00251367225802778,293.205993652344,1.85072768571689e-13
2,1,-0.00154774999828078,-0.00202804000582546,0.00255117155879543,293.170013427734,1.87847619212007e-13
2,1,-0.00141690750024281,-0.00179733749246225,0.0022886784234695,293.316009521484,1.68501586588605e-13
2,1,-0.00144012249074876,-0.00182678501005284,0.00232617631776144,293.311004638672,1.71271522702852e-13
2,1,-0.00146333748125471,-0.00185623500146903,0.00236367615479016,293.299987792969,1.7400963099657e-13
2,1,-0.00148655500379391,-0.00188568499288522,0.00240117755938565,293.283996582031,1.76809451042863e-13
2,1,-0.00150976999429986,-0.0019151349843014,0.00243867739641457,293.263000488281,1.79547159568435e-13
2,1,-0.00153298248187639,-0.00194458247278817,0.00247617371830307,293.236999511719,1.82313959096533e-13
2,1,-0.00155620000441559,-0.00197402996127494,0.0025136731573047,293.205993652344,1.8511905398784e-13
2,1,-0.00157941499492154,-0.00200347998179495,0.00255117301718956,293.170013427734,1.87826391938402e-13
2,1,-0.00144496498978697,-0.00177486249594949,0.00228868099595337,293.316009521484,1.685014469206e-13
2,1,-0.00146863999543712,-0.00180393998743966,0.00232617774782611,293.311004638672,1.71272197185657e-13
2,1,-0.00149231249815784,-0.00183302248478867,0.00236367680148935,293.299987792969,1.74068472371861e-13
2,1,-0.00151598997763358,-0.00186210250831209,0.00240117707879857,293.283996582031,1.76795639592077e-13
2,1,-0.00153966498328373,-0.00189118250273168,0.00243867577168195,293.263000488281,1.79569278523319e-13
2,1,-0.00156333748600446,-0.00192026249715127,0.00247617288433428,293.236999511719,1.82295956173265e-13
2,1,-0.00158701499458402,-0.00194933998864144,0.00251367121643845,293.205993652344,1.85094172669615e-13
2,1,-0.00161069000023417,-0.00197842248599045,0.00255117185033212,293.170013427734,1.87864208024353e-13
2,1,-0.00147266499698162,-0.00175194750772789,0.0022886813371828,293.316009521484,1.68523856033049e-13
2,1,-0.00149679501191713,-0.00178064999636263,0.00232617921004514,293.311004638672,1.71252172212407e-13
2,1,-0.00152092252392322,-0.00180935498792678,0.00236367738833211,293.299987792969,1.74051047138801e-13
2,1,-0.00154505000682548,-0.00183806000859477,0.00240117557017116,293.283996582031,1.76773523146072e-13
2,1,-0.00156917999265715,-0.00186676502926275,0.00243867536253472,293.263000488281,1.79570436105993e-13
2,1,-0.00159330747555941,-0.00189547002082691,0.00247617352209555,293.236999511719,1.82296294977847e-13
2,1,-0.00161743749049492,-0.00192417250946164,0.00251367139495727,293.205993652344,1.85092315754204e-13
2,1,-0.00164156750543043,-0.0019528775010258,0.00255117118376989,293.170013427734,1.87820845492383e-13
2,1,-0.0015000024868641,-0.00172859750455245,0.00228868014220936,293.316009521484,1.68532224881871e-13
2,1,-0.00152458000229672,-0.00175692001357675,0.00232617972596908,293.311004638672,1.71288276371097e-13
2,1,-0.00154915751772933,-0.00178524252260104,0.00236367930972884,293.299987792969,1.74048547095647e-13
2,1,-0.0015737300273031,-0.00181356503162533,0.00240117561264677,293.283996582031,1.76773593302367e-13
2,1,-0.00159830501070246,-0.00184188751154579,0.0024386735149308,293.263000488281,1.79562846225226e-13
2,1,-0.00162288246792741,-0.00187020999146625,0.00247617303855897,293.236999511719,1.82287489801713e-13
2,1,-0.00164745998336002,-0.00189853250049055,0.00251367262231809,293.205993652344,1.85080410484172e-13
2,1,-0.00167203749879263,-0.00192685500951484,0.00255117220607727,293.170013427734,1.87803255123906e-13
2,1,-0.00152697000885382,-0.00170482249814086,0.00228868022189782,293.316009521484,1.68523342111742e-13
2,1,-0.00155198751599528,-0.0017327549867332,0.00232617821627105,293.311004638672,1.71245846721253e-13
2,1,-0.00157700502313673,-0.00176068750442937,0.00236367623232375,293.299987792969,1.74032188279431e-13
2,1,-0.00160202253027819,-0.00178862252505496,0.00240117611279409,293.283996582031,1.76790163274401e-13
2,1,-0.00162704003741965,-0.0018165550136473,0.00243867410716842,293.263000488281,1.79576672545484e-13
2,1,-0.00165205998928286,-0.00184448747313581,0.00247617371093876,293.236999511719,1.82366052950243e-13
2,1,-0.00167707749642432,-0.00187242246465757,0.0025136735697316,293.205993652344,1.85089112366815e-13
2,1,-0.00170209500356577,-0.00190035498235375,0.00255117158578569,293.170013427734,1.8784057593574e-13
2,1,-0.00155355752212927,-0.00168062999728136,0.00228868044128628,293.316009521484,1.68500235583366e-13
2,1,-0.00157901001512073,-0.00170816498575732,0.00232617717433967,293.311004638672,1.71221133085442e-13
2,1,-0.00160446250811219,-0.00173570000333712,0.00236367392876474,293.299987792969,1.7404057310309e-13
2,1,-0.0016299175331369,-0.00176323752384633,0.00240117423989323,293.283996582031,1.76792304769737e-13
2,1,-0.00165537252905779,-0.00179077251232229,0.00243867267193616,293.263000488281,1.79544759964307e-13
2,1,-0.00168082999880426,-0.00181830997462384,0.00247617459980044,293.236999511719,1.82333309419267e-13
2,1,-0.00170628499472514,-0.00184584746602923,0.00251367486980132,293.205993652344,1.85085412062934e-13
2,1,-0.0017317374877166,-0.00187338248360902,0.00255117162422604,293.170013427734,1.87871879807915e-13
2,1,-0.00157976249465719,-0.00165602250490338,0.00228868085941923,293.316009521484,1.68529592023966e-13
2,1,-0.00160564749967307,-0.00168315501650795,0.00232618028166397,293.311004638672,1.71281738821199e-13
2,1,-0.0016315299726557,-0.00171028752811253,0.00236367795617152,293.299987792969,1.74034317099083e-13
2,1,-0.00165741250384599,-0.00173742003971711,0.00240117567085701,293.283996582031,1.76785343212462e-13
2,1,-0.00168329750886187,-0.00176455252221785,0.00243867507204342,293.263000488281,1.7957070868785e-13
2,1,-0.00170918248477392,-0.00179168750764802,0.00247617626418636,293.236999511719,1.82322013919556e-13
2,1,-0.0017350674897898,-0.00181881751632318,0.00251367387538827,293.205993652344,1.85037563225357e-13
2,1,-0.00176095249480568,-0.00184594749589451,0.0025511714655353,293.170013427734,1.87858543242578e-13
2,1,-0.00160558000789024,-0.00163100252393633,0.00228868005514609,293.316009521484,1.68543586155384e-13
2,1,-0.00163189001614228,-0.00165772752370685,0.00232618261700153,293.311004638672,1.71294758684995e-13
2,1,-0.00165819498943165,-0.00168445002054796,0.00236367986298911,293.299987792969,1.740136150342e-13
2,1,-0.00168449999182485,-0.00171117251738906,0.00240117712939415,293.283996582031,1.76830783401411e-13
2,1,-0.00171080749714747,-0.00173789501423016,0.0024386761516819,293.263000488281,1.79547788584791e-13
2,1,-0.00173711247043684,-0.00176461751107126,0.00247617339766958,293.236999511719,1.82332621325665e-13
2,1,-0.00176341997575946,-0.00179134000791237,0.0025136724199575,293.205993652344,1.85083909954892e-13
2,1,-0.00178972751018591,-0.00181806000182405,0.00255116967898036,293.170013427734,1.87800509316459e-13
2,1,-0.00163100252393633,-0.00160558000789024,0.00228868005514609,293.316009521484,1.68543586155384e-13
2,1,-0.00165772752370685,-0.00163189001614228,0.00232618261700153,293.311004638672,1.71294758684995e-13
2,1,-0.00168445002054796,-0.00165819498943165,0.00236367986298911,293.299987792969,1.740136150342e-13
2,1,-0.00171117251738906,-0.00168449999182485,0.00240117712939415,293.283996582031,1.76830783401411e-13
2,1,-0.00173789501423016,-0.00171080749714747,0.0024386761516819,293.263000488281,1.79547788584791e-13
2,1,-0.00176461751107126,-0.00173711247043684,0.00247617339766958,293.236999511719,1.82332621325665e-13
2,1,-0.00179134000791237,-0.00176341997575946,0.0025136724199575,293.205993652344,1.85083909954892e-13
2,1,-0.00181806000182405,-0.00178972751018591,0.00255116967898036,293.170013427734,1.87800509316459e-13
2,1,-0.00165602250490338,-0.00157976249465719,0.00228868085941923,293.316009521484,1.68529592023966e-13
2,1,-0.00168315501650795,-0.00160564749967307,0.00232618028166397,293.311004638672,1.71281738821199e-13
2,1,-0.00171028752811253,-0.0016315299726557,0.00236367795617152,293.299987792969,1.74034317099083e-13
2,1,-0.00173742003971711,-0.00165741250384599,0.00240117567085701,293.283996582031,1.76785343212462e-13
2,1,-0.00176455252221785,-0.00168329750886187,0.00243867507204342,293.263000488281,1.7957070868785e-13
2,1,-0.00179168750764802,-0.00170918248477392,0.00247617626418636,293.236999511719,1.82322013919556e-13
2,1,-0.00181881751632318,-0.0017350674897898,0.00251367387538827,293.205993652344,1.85037563225357e-13
2,1,-0.00184594749589451,-0.00176095249480568,0.0025511714655353,293.170013427734,1.87858543242578e-13
2,1,-0.00168062999728136,-0.00155355752212927,0.00228868044128628,293.316009521484,1.68500235583366e-13
2,1,-0.00170816498575732,-0.00157901001512073,0.00232617717433967,293.311004638672,1.71221133085442e-13
2,1,-0.00173570000333712,-0.00160446250811219,0.00236367392876474,293.299987792969,1.7404057310309e-13
2,1,-0.00176323752384633,-0.0016299175331369,0.00240117423989323,293.283996582031,1.76792304769737e-13
2,1,-0.00179077251232229,-0.00165537252905779,0.00243867267193616,293.263000488281,1.79544759964307e-13
2,1,-0.00181830997462384,-0.00168082999880426,0.00247617459980044,293.236999511719,1.82333309419267e-13
2,1,-0.00184584746602923,-0.00170628499472514,0.00251367486980132,293.205993652344,1.85085412062934e-13
2,1,-0.00187338248360902,-0.0017317374877166,0.00255117162422604,293.170013427734,1.87871879807915e-13
2,1,-0.00170482249814086,-0.00152697000885382,0.00228868022189782,293.316009521484,1.68523342111742e-13
2,1,-0.0017327549867332,-0.00155198751599528,0.00232617821627105,293.311004638672,1.71245846721253e-13
2,1,-0.00176068750442937,-0.00157700502313673,0.00236367623232375,293.299987792969,1.74032188279431e-13
2,1,-0.00178862252505496,-0.00160202253027819,0.00240117611279409,293.283996582031,1.76790163274401e-13
2,1,-0.0018165550136473,-0.00162704003741965,0.00243867410716842,293.263000488281,1.79576672545484e-13
2,1,-0.00184448747313581,-0.00165205998928286,0.00247617371093876,293.236999511719,1.82366052950243e-13
2,1,-0.00187242246465757,-0.00167707749642432,0.0025136735697316,293.205993652344,1.85089112366815e-13
2,1,-0.00190035498235375,-0.00170209500356577,0.00255117158578569,293.170013427734,1.8784057593574e-13
2,1,-0.00172859750455245,-0.0015000024868641,0.00228868014220936,293.316009521484,1.68532224881871e-13
2,1,-0.00175692001357675,-0.00152458000229672,0.00232617972596908,293.311004638672,1.71288276371097e-13
2,1,-0.00178524252260104,-0.00154915751772933,0.00236367930972884,293.299987792969,1.74048547095647e-13
2,1,-0.00181356503162533,-0.0015737300273031,0.00240117561264677,293.283996582031,1.76773593302367e-13
2,1,-0.00184188751154579,-0.00159830501070246,0.0024386735149308,293.263000488281,1.79562846225226e-13
2,1,-0.00187020999146625,-0.00162288246792741,0.00247617303855897,293.236999511719,1.82287489801713e-13
2,1,-0.00189853250049055,-0.00164745998336002,0.00251367262231809,293.205993652344,1.85080410484172e-13
2,1,-0.00192685500951484,-0.00167203749879263,0.00255117220607727,293.170013427734,1.87803255123906e-13
2,1,-0.00175194750772789,-0.00147266499698162,0.0022886813371828,293.316009521484,1.68523856033049e-13
2,1,-0.00178064999636263,-0.00149679501191713,0.00232617921004514,293.311004638672,1.71252172212407e-13
2,1,-0.00180935498792678,-0.00152092252392322,0.00236367738833211,293.299987792969,1.74051047138801e-13
2,1,-0.00183806000859477,-0.00154505000682548,0.00240117557017116,293.283996582031,1.76773523146072e-13
2,1,-0.00186676502926275,-0.00156917999265715,0.00243867536253472,293.263000488281,1.79570436105993e-13
2,1,-0.00189547002082691,-0.00159330747555941,0.00247617352209555,293.236999511719,1.82296294977847e-13
2,1,-0.00192417250946164,-0.00161743749049492,0.00251367139495727,293.205993652344,1.85092315754204e-13
2,1,-0.0019528775010258,-0.00164156750543043,0.00255117118376989,293.170013427734,1.87820845492383e-13
2,1,-0.00177486249594949,-0.00144496498978697,0.00228868099595337,293.316009521484,1.685014469206e-13
2,1,-0.00180393998743966,-0.00146863999543712,0.00232617774782611,293.311004638672,1.71272197185657e-13
2,1,-0.00183302248478867,-0.00149231249815784,0.00236367680148935,293.299987792969,1.74068472371861e-13
2,1,-0.00186210250831209,-0.00151598997763358,0.00240117707879857,293.283996582031,1.76795639592077e-13
2,1,-0.00189118250273168,-0.00153966498328373,0.00243867577168195,293.263000488281,1.79569278523319e-13
2,1,-0.00192026249715127,-0.00156333748600446,0.00247617288433428,293.236999511719,1.82295956173265e-13
2,1,-0.00194933998864144,-0.00158701499458402,0.00251367121643845,293.205993652344,1.85094172669615e-13
2,1,-0.00197842248599045,-0.00161069000023417,0.00255117185033212,293.170013427734,1.87864208024353e-13
2,1,-0.00179733749246225,-0.00141690750024281,0.0022886784234695,293.316009521484,1.68501586588605e-13
2,1,-0.00182678501005284,-0.00144012249074876,0.00232617631776144,293.311004638672,1.71271522702852e-13
2,1,-0.00185623500146903,-0.00146333748125471,0.00236367615479016,293.299987792969,1.7400963099657e-13
2,1,-0.00188568499288522,-0.00148655500379391,0.00240117755938565,293.283996582031,1.76809451042863e-13
2,1,-0.0019151349843014,-0.00150976999429986,0.00243867739641457,293.263000488281,1.79547159568435e-13
2,1,-0.00194458247278817,-0.00153298248187639,0.00247617371830307,293.236999511719,1.82313959096533e-13
2,1,-0.00197402996127494,-0.00155620000441559,0.0025136731573047,293.205993652344,1.8511905398784e-13
2,1,-0.00200347998179495,-0.00157941499492154,0.00255117301718956,293.170013427734,1.87826391938402e-13
2,1,-0.00181936999433674,-0.00138850000803359,0.00228867635296084,293.316009521484,1.68516708696736e-13
2,1,-0.00184918002923951,-0.00141125250956975,0.00232617721300531,293.311004638672,1.71286376382921e-13
2,1,-0.00187899000593461,-0.00143400247907266,0.00236367649063671,293.299987792969,1.74033546077787e-13
2,1,-0.00190880248555914,-0.00145675250678323,0.00240117779327062,293.283996582031,1.76842064829544e-13
2,1,-0.00193861502339132,-0.00147950250538997,0.00243867912452084,293.263000488281,1.79555067783801e-13
2,1,-0.00196842252626084,-0.0015022500010673,0.00247617493477294,293.236999511719,1.8229241008584e-13
2,1,-0.00199823000002652,-0.00152500002877787,0.00251367225802778,293.205993652344,1.85072768571689e-13
2,1,-0.00202804000582546,-0.00154774999828078,0.00255117155879543,293.170013427734,1.87847619212007e-13
2,1,-0.00184095749864355,-0.00135974999284372,0.00228867746850673,293.316009521484,1.68546227785897e-13
2,1,-0.00187112003914081,-0.00138203249662183,0.00232617798600904,293.311004638672,1.71293003761201e-13
2,1,-0.0019012825214304,-0.0014043124683667,0.00236367695235769,293.299987792969,1.74016650935685e-13
2,1,-0.00193144750664942,-0.0014265899953898,0.00240117647953842,293.283996582031,1.76796666812129e-13
2,1,-0.00196161252097227,-0.00144886752241291,0.00243867603013153,293.263000488281,1.79547612554129e-13
2,1,-0.00199177500326186,-0.00147114502033219,0.00247617352672768,293.236999511719,1.82321721036275e-13
2,1,-0.00202193751465529,-0.00149342502118088,0.00251367253377594,293.205993652344,1.85102710467148e-13
2,1,-0.00205210002604872,-0.00151570499292575,0.00255117152353369,293.170013427734,1.87815096003322e-13
2,1,-0.00186209002276883,-0.00133066499256529,0.00228867834684868,293.316009521484,1.68502614108504e-13
2,1,-0.00189259753096849,-0.0013524699897971,0.00232617722616523,293.311004638672,1.71281045797081e-13
2,1,-0.00192310501006432,-0.00137427498702891,0.00236367608180728,293.299987792969,1.74043447821362e-13
2,1,-0.0019536150211934,-0.00139607500750571,0.002401174103978,293.283996582031,1.76801396362139e-13
2,1,-0.00198412500321865,-0.00141787753091194,0.00243867355770762,293.263000488281,1.795525913048e-13
2,1,-0.00201463495614007,-0.00143968002521433,0.00247617297083678,293.236999511719,1.82277142957372e-13
2,1,-0.00204514496726915,-0.00146148251951672,0.00251367243132419,293.205993652344,1.85067400852403e-13
2,1,-0.00207565247546881,-0.00148328501381911,0.00255116985540755,293.170013427734,1.87822173936343e-13
2,1,-0.00188275999971665,-0.00130125498981215,0.0022886786067607,293.316009521484,1.68499602359852e-13
2,1,-0.00191360749886371,-0.00132257750374265,0.00232617817742184,293.311004638672,1.7125687915794e-13
2,1,-0.00194445499801077,-0.00134389751474373,0.00236367632501225,293.299987792969,1.74031864015677e-13
2,1,-0.00197530252626166,-0.00136521502281539,0.00240117307347399,293.283996582031,1.76788811039286e-13
2,1,-0.00200615002540872,-0.00138653750764206,0.00243867262758773,293.263000488281,1.79584550015645e-13
2,1,-0.00203700002748519,-0.00140785999246873,0.00247617424071262,293.236999511719,1.82348190778322e-13
2,1,-0.00206784752663225,-0.00142918000346981,0.00251367238830303,293.205993652344,1.85071178026922e-13
2,1,-0.00209869496757165,-0.00145049751154147,0.00255116906493838,293.170013427734,1.87840011075375e-13
2,1,-0.0019029674876947,-0.00127152248751372,0.00228867968389553,293.316009521484,1.68554879247858e-13
2,1,-0.00193414749810472,-0.00129235748318024,0.00232618021846045,293.311004638672,1.71286413305459e-13
2,1,-0.0019653249764815,-0.00131319000502117,0.0023636772733327,293.299987792969,1.74028916700839e-13
2,1,-0.00199650251306593,-0.0013340225268621,0.00240117437660286,293.283996582031,1.7675936463478e-13
2,1,-0.00202768255257979,-0.0013548550195992,0.00243867354481276,293.263000488281,1.79573516674338e-13
2,1,-0.0020588650368154,-0.00137568748323247,0.00247617472956643,293.236999511719,1.82342323129687e-13
2,1,-0.00209004251519218,-0.00139652247889899,0.00251367315882177,293.205993652344,1.85078071041479e-13
2,1,-0.00212121999356896,-0.00141735500073992,0.00255117021369393,293.170013427734,1.87821693847638e-13
2,1,-0.00192270500701852,-0.00124147499445826,0.00228867968616826,293.316009521484,1.68526966464851e-13
2,1,-0.00195420999079943,-0.00126181499217637,0.00232618007957711,293.311004638672,1.71270667023398e-13
2,1,-0.00198570993961766,-0.0012821574928239,0.00236367760083749,293.299987792969,1.74046484234449e-13
2,1,-0.00201721000485122,-0.00130249999347143,0.00240117521990065,293.283996582031,1.76797404791095e-13
2,1,-0.00204871501773596,-0.00132283751736395,0.00243867429585061,293.263000488281,1.7958614051806e-13
2,1,-0.00208021997241303,-0.00134317751508206,0.00247617466481024,293.236999511719,1.82315128877171e-13
2,1,-0.00211171997943893,-0.00136351998662576,0.00251367221918242,293.205993652344,1.85064905545796e-13
2,1,-0.00214321998646483,-0.00138385998434387,0.00255116843165059,293.170013427734,1.87847390675296e-13
2,1,-0.00194196749362163,-0.00121112249325961,0.0022886798465409,293.316009521484,1.68544298616117e-13
2,1,-0.00197378743905574,-0.00123096499009989,0.0023261796279363,293.311004638672,1.71231562167153e-13
2,1,-0.00200560491066426,-0.00125080748694018,0.00236367731026597,293.299987792969,1.74053223997308e-13
2,1,-0.0020374224986881,-0.00127065248670988,0.00240117641587253,293.283996582031,1.76803753700714e-13
2,1,-0.00206924002850428,-0.00129049501265399,0.00243867416299292,293.263000488281,1.7953587979877e-13
2,1,-0.00210106000304222,-0.00131033750949427,0.00247617396908445,293.236999511719,1.82326789870281e-13
2,1,-0.0021328775328584,-0.00133018248016015,0.00251367300989949,293.205993652344,1.85075712693254e-13
2,1,-0.00216469500446692,-0.00135002497700043,0.00255117069222917,293.170013427734,1.8783309994471e-13
2,1,-0.00196074999985285,-0.00118046748684719,0.00228867735808835,293.316009521484,1.68549941559969e-13
2,1,-0.00199287745635957,-0.00119980997988023,0.00232617809805835,293.311004638672,1.71285033791152e-13
2,1,-0.00202500494197011,-0.00121914999908768,0.00236367758699846,293.299987792969,1.74049628087199e-13
2,1,-0.00205713248578832,-0.00123849252122454,0.00240117841678096,293.283996582031,1.76807803309709e-13
2,1,-0.00208925502374768,-0.00125783501425758,0.0024386749429449,293.263000488281,1.79539208607254e-13
2,1,-0.00212138000642881,-0.00127717497525737,0.00247617225755793,293.236999511719,1.8231412087012e-13
2,1,-0.00215350755024701,-0.0012965174682904,0.00251367307232923,293.205993652344,1.85071462567037e-13
2,1,-0.00218563503585756,-0.00131585999042727,0.00255117385224436,293.170013427734,1.87844955588568e-13
2,1,-0.00197905005188659,-0.00114952251897193,0.00228867672018044,293.316009521484,1.68528344258856e-13
2,1,-0.00201147753978148,-0.0011683575285133,0.00232617738091468,293.311004638672,1.71271002435656e-13
2,1,-0.00204390252474695,-0.00118719250895083,0.00236367586271382,293.299987792969,1.74020506422475e-13
2,1,-0.00207633001264185,-0.00120602748938836,0.00240117650883014,293.283996582031,1.76803409672548e-13
2,1,-0.00210875499760732,-0.00122486246982589,0.00243867499062951,293.263000488281,1.79534858490085e-13
2,1,-0.00214117998257279,-0.00124369745026343,0.00247617347242922,293.236999511719,1.8235045992835e-13
2,1,-0.00217360752867535,-0.00126253245980479,0.00251367418349612,293.205993652344,1.85090796038267e-13
2,1,-0.00220603251364082,-0.00128136746934615,0.00255117267991389,293.170013427734,1.87840162656745e-13
2,1,-0.0019968650303781,-0.00111829754314385,0.0022886806995622,293.316009521484,1.68526436280721e-13
2,1,-0.00202958250883967,-0.00113662003423087,0.0023261793272237,293.311004638672,1.71254969731397e-13
2,1,-0.00206229754257947,-0.00115494249621406,0.00236367580765436,293.299987792969,1.74036380055994e-13
2,1,-0.00209501502104104,-0.00117326495819725,0.00240117442109505,293.283996582031,1.76803730761663e-13
2,1,-0.0021277324995026,-0.00119158744928427,0.00243867304875651,293.263000488281,1.79554024259421e-13
2,1,-0.00216045253910124,-0.00120991247240454,0.00247617514820521,293.236999511719,1.82346529922256e-13
2,1,-0.00219317252049223,-0.00122823499259539,0.00251367597388327,293.205993652344,1.85061452597762e-13
2,1,-0.00222588749602437,-0.00124655748368241,0.0025511724177488,293.170013427734,1.87844368770003e-13
2,1,-0.00201418501092121,-0.00108679503318854,0.00228868187006909,293.316009521484,1.68514669028696e-13
2,1,-0.00204718497116119,-0.00110460250289179,0.00232617991469771,293.311004638672,1.7125200405651e-13
2,1,-0.00208018498960882,-0.00112240749876946,0.00236367683584025,293.299987792969,1.74019837830708e-13
2,1,-0.00211318500805646,-0.00114021249464713,0.00240117375698303,293.283996582031,1.76787933244933e-13
2,1,-0.0021461850265041,-0.00115801996435039,0.00243867185283803,293.263000488281,1.79547130126796e-13
2,1,-0.00217919005081058,-0.00117582749226131,0.00247617438180539,293.236999511719,1.82367454766641e-13
2,1,-0.00221219501690939,-0.0011936325172428,0.00251367567101608,293.205993652344,1.85092041592651e-13
2,1,-0.00224519497714937,-0.00121144001604989,0.00255117372946331,293.170013427734,1.87851908978856e-13
2,1,-0.00203100504586473,-0.00105502252699807,0.00228867953824938,293.316009521484,1.68524182968311e-13
2,1,-0.00206428254023194,-0.00107230999856256,0.00232617951562722,293.311004638672,1.71292533119333e-13
2,1,-0.00209755747346207,-0.00108959499630146,0.00236367607984719,293.299987792969,1.74017301126745e-13
2,1,-0.00213083496782929,-0.00110688002314419,0.00240117493027054,293.283996582031,1.76817248743876e-13
2,1,-0.00216411252040416,-0.00112416749470867,0.00243867495930262,293.263000488281,1.79562453475505e-13
2,1,-0.00219739001477137,-0.00114145249244757,0.00247617379630988,293.236999511719,1.82319995264439e-13
2,1,-0.00223066750913858,-0.00115873749018647,0.00251367263331767,293.205993652344,1.85033821495322e-13
2,1,-0.0022639450035058,-0.00117602499085478,0.00255117262411109,293.170013427734,1.87846034442237e-13
2,1,-0.00204732501879334,-0.00102299050195143,0.00228867850508978,293.316009521484,1.68529284221238e-13
2,1,-0.00208087003557011,-0.00103975250385702,0.00232617827653224,293.311004638672,1.71251276044452e-13
2,1,-0.00211441249120981,-0.00105651500052772,0.00236367597807401,293.299987792969,1.74017255394331e-13
2,1,-0.00214795995270833,-0.00107327502337284,0.00240117705182995,293.283996582031,1.76817161197371e-13
2,1,-0.0021815049694851,-0.00109003501711413,0.00243867592566606,293.263000488281,1.79540834655797e-13
2,1,-0.00221504748333246,-0.00110679751378484,0.0024761736792757,293.236999511719,1.82330129097135e-13
2,1,-0.00224858999717981,-0.00112356001045555,0.00251367143288695,293.205993652344,1.85052857356888e-13
2,1,-0.00228213501395658,-0.00114032000419684,0.00255117030672162,293.170013427734,1.87864884678922e-13
2,1,-0.00206314248498529,-0.000990706728771329,0.00228868012963456,293.316009521484,1.68525954913012e-13
2,1,-0.00209694501245394,-0.00100693947752006,0.00232617830284865,293.311004638672,1.71275162869015e-13
2,1,-0.0021307475399226,-0.00102317298296839,0.00236367680361817,293.299987792969,1.74066614229961e-13
2,1,-0.002164552512113,-0.00103940500412136,0.00240117686568217,293.283996582031,1.76788717905824e-13
2,1,-0.002198354981374,-0.00105563501711003,0.00243867380218855,293.263000488281,1.79523185227014e-13
2,1,-0.00223215745063499,-0.0010718675039243,0.00247617180954678,293.236999511719,1.82333921416409e-13
2,1,-0.00226595997810364,-0.00108810252277181,0.00251367096542682,293.205993652344,1.85068863695044e-13
2,1,-0.00229976500850171,-0.00110433253576048,0.00255117021068137,293.170013427734,1.87859152838412e-13
2,1,-0.00207844999385998,-0.000958177988650277,0.00228868071930325,293.316009521484,1.68493641781887e-13
2,1,-0.00211250252323225,-0.000973876973148435,0.0023261778241337,293.311004638672,1.71272657615828e-13
2,1,-0.00214655755553395,-0.000989576466963626,0.00236367741521302,293.299987792969,1.7404198226825e-13
2,1,-0.00218061252962798,-0.00100527697941288,0.00240117737989263,293.283996582031,1.76820980414677e-13
2,1,-0.00221466500079259,-0.00102097625494935,0.00243867455370864,293.263000488281,1.79535512286071e-13
2,1,-0.00224871747195721,-0.00103667500661686,0.00247617150820166,293.236999511719,1.82309648668276e-13
2,1,-0.0022827725042589,-0.00105237500974908,0.00251367131251181,293.205993652344,1.85099575662287e-13
2,1,-0.00231683003949001,-0.00106807250995189,0.00255117234196325,293.170013427734,1.87869599721986e-13
2,1,-0.0020932424813509,-0.000925413012737408,0.00228867938555749,293.316009521484,1.68501876138008e-13
2,1,-0.00212753750383854,-0.000940575249842368,0.00232617661213751,293.311004638672,1.71266224470713e-13
2,1,-0.0021618350292556,-0.000955737734329887,0.0023636762279421,293.299987792969,1.74043555984383e-13
2,1,-0.00219613505760208,-0.000970900233369321,0.002401178138828,293.283996582031,1.76809394342361e-13
2,1,-0.00223043002188206,-0.000986063503660262,0.00243867572993286,293.263000488281,1.79540143035195e-13
2,1,-0.00226472498616204,-0.00100122627918608,0.00247617312098315,293.236999511719,1.8234755918109e-13
2,1,-0.0022990225115791,-0.00101638850173913,0.00251367263087598,293.205993652344,1.85069168367179e-13
2,1,-0.00233332003699616,-0.00103154999669641,0.00255117184657014,293.170013427734,1.87833687849158e-13
2,1,-0.00210751994745806,-0.000892419513547793,0.00228867929537856,293.316009521484,1.68517010054473e-13
2,1,-0.00214205001248047,-0.000907041496247984,0.00232617766558863,293.311004638672,1.71276786781368e-13
2,1,-0.00217658001929522,-0.000921663231565617,0.00236367588573712,293.299987792969,1.74037196878312e-13
2,1,-0.00221111252903938,-0.00093628499598708,0.00240117642204513,293.283996582031,1.76812978661819e-13
2,1,-0.00224564253585413,-0.000950907007791102,0.00243867475000329,293.263000488281,1.7952864748243e-13
2,1,-0.00228017248446122,-0.00096552875766065,0.0024761729222257,293.236999511719,1.82334275726576e-13
2,1,-0.00231470249127597,-0.000980151249677874,0.00251367143743256,293.205993652344,1.85061459156253e-13
2,1,-0.00234923249809071,-0.000994772999547422,0.00255116966325529,293.170013427734,1.87861921467175e-13
2,1,-0.00212127750273794,-0.000859205742017366,0.00228867925903516,293.316009521484,1.68506587665083e-13
2,1,-0.0021560350432992,-0.000873283483088017,0.00232617951795826,293.311004638672,1.71298010597429e-13
2,1,-0.00219079002272338,-0.000887361238710582,0.00236367740853744,293.299987792969,1.74011325635263e-13
2,1,-0.00222554500214756,-0.000901438746950589,0.00240117520624544,293.283996582031,1.7681392378426e-13
2,1,-0.00226030254270881,-0.000915516502573155,0.00243867547063149,293.263000488281,1.79563501127423e-13
2,1,-0.00229505752213299,-0.000929594258195721,0.00247617336121074,293.236999511719,1.82318356096372e-13
2,1,-0.00232981250155717,-0.000943671766435727,0.00251367115891877,293.205993652344,1.85078707707291e-13
2,1,-0.00236456998391077,-0.000957749260123819,0.00255117127102033,293.170013427734,1.87868690243079e-13
2,1,-0.0021345125278458,-0.000825780240120366,0.00228868012979182,293.316009521484,1.68528086499884e-13
2,1,-0.00216948753222823,-0.000839310232549906,0.00232618095146459,293.311004638672,1.71284093520453e-13
2,1,-0.00220446003368124,-0.000852840501465835,0.0023636795385666,293.299987792969,1.74028709858056e-13
2,1,-0.00223943003220484,-0.000866370261064731,0.00240117560757191,293.283996582031,1.76783770291683e-13
2,1,-0.00227440253365785,-0.000879900006111711,0.00243867400565648,293.263000488281,1.79556824912393e-13
2,1,-0.00230937503511086,-0.000893430260475725,0.00247617258750819,293.236999511719,1.82300024741154e-13
2,1,-0.00234434747835621,-0.000906960252905264,0.00251367102056437,293.205993652344,1.85085145209487e-13
2,1,-0.00237932248273864,-0.00092049001250416,0.00255117175822905,293.170013427734,1.87843487535047e-13
2,1,-0.0021472200169228,-0.000792151011410169,0.00228868019302656,293.316009521484,1.68503953060619e-13
2,1,-0.00218240253161639,-0.000805129995569587,0.00232618037128928,293.311004638672,1.71288758270736e-13
2,1,-0.00221758498810232,-0.000818108994280919,0.00236368049997881,293.299987792969,1.74032227745576e-13
2,1,-0.00225276249693707,-0.000831088007544167,0.00240117599186104,293.283996582031,1.76770076889512e-13
2,1,-0.00228794000577182,-0.000844066758872941,0.00243867139308383,293.263000488281,1.79553485487335e-13
2,1,-0.0023231225204654,-0.000857045757584274,0.00247617157638293,293.236999511719,1.82342234349918e-13
2,1,-0.00235830497695133,-0.00087002498912625,0.00251367178565889,293.205993652344,1.85080381565993e-13
2,1,-0.0023934849887155,-0.000883003740455024,0.00255116953510816,293.170013427734,1.87834930964117e-13
2,1,-0.00215939502231777,-0.000758326263166964,0.0022886776933023,293.316009521484,1.68508289585625e-13
2,1,-0.00219477753853425,-0.000770750746596605,0.00232617822985121,293.311004638672,1.71291575924287e-13
2,1,-0.00223015999654308,-0.000783175491960719,0.00236367879826954,293.299987792969,1.74029876362413e-13
2,1,-0.00226553995162249,-0.000795600499259308,0.00240117709193205,293.283996582031,1.76799706277036e-13
2,1,-0.00230091746198013,-0.000808025259175338,0.00243867299700277,293.263000488281,1.79535843539451e-13
2,1,-0.0023362974752672,-0.000820450019091368,0.00247617126361787,293.236999511719,1.82333971590607e-13
2,1,-0.00237167999148369,-0.000832874997286126,0.00251367196410121,293.205993652344,1.85072639282244e-13
2,1,-0.00240706000477076,-0.000845299728098325,0.00255117022107308,293.170013427734,1.878392260257e-13
2,1,-0.00217103998875245,-0.000724314508261159,0.00228867781473056,293.316009521484,1.68508477555063e-13
2,1,-0.00220661249477416,-0.000736181740649045,0.00232617760658091,293.311004638672,1.71289530402477e-13
2,1,-0.00224218500079587,-0.000748049249523319,0.00236367748593296,293.299987792969,1.74026685997142e-13
2,1,-0.00227775744860992,-0.000759916758397594,0.00240117731006927,293.283996582031,1.76809534855694e-13
2,1,-0.00231332745170221,-0.000771784252719954,0.00243867481053656,293.263000488281,1.79531782338959e-13
2,1,-0.0023488974547945,-0.000783651761594228,0.00247617231560928,293.236999511719,1.82344896780751e-13
2,1,-0.0023844699608162,-0.000795519503299147,0.00251367226864684,293.205993652344,1.85079980964377e-13
2,1,-0.00242004246683791,-0.00080738723045215,0.00255117221707907,293.170013427734,1.87860658443809e-13
2,1,-0.00218214996857569,-0.000690124012180604,0.00228867857890599,293.316009521484,1.68498029925263e-13
2,1,-0.00221790245268494,-0.000701431243214756,0.00232617649342944,293.311004638672,1.71277985073615e-13
2,1,-0.00225365749793127,-0.000712738503352739,0.00236367685865546,293.299987792969,1.74040937497054e-13
2,1,-0.00228941248496994,-0.000724045763490722,0.00240117716838327,293.283996582031,1.76805454160143e-13
2,1,-0.0023251649690792,-0.000735352994524874,0.00243867508290665,293.263000488281,1.79538716292632e-13
2,1,-0.00236091751139611,-0.000746660254662856,0.00247617306170429,293.236999511719,1.82319904461982e-13
2,1,-0.00239667249843478,-0.000757967762183398,0.00251367344602733,293.205993652344,1.85084848678081e-13
2,1,-0.00243242748547345,-0.000769275240600109,0.00255117382157451,293.170013427734,1.87852069548824e-13
2,1,-0.00219272245885804,-0.000655763011309318,0.00228868016738511,293.316009521484,1.68512310542406e-13
2,1,-0.00222864747047424,-0.000666507257847115,0.00232617743786112,293.311004638672,1.71276667771383e-13
2,1,-0.00226457504322752,-0.000677251504384913,0.00236367716209312,293.299987792969,1.74054869276639e-13
2,1,-0.00230050249956548,-0.00068799575092271,0.0024011767747908,293.283996582031,1.76788817332659e-13
2,1,-0.00233642745297402,-0.000698740244843066,0.00243867406038077,293.263000488281,1.79550709628393e-13
2,1,-0.00237235252279788,-0.000709484753315337,0.00247617146167474,293.236999511719,1.82311721434549e-13
2,1,-0.0024082800373435,-0.000720229014405049,0.00251367113430896,293.205993652344,1.85090728388311e-13
2,1,-0.00244420755188912,-0.000730973246390931,0.00255117079860426,293.170013427734,1.87824891748865e-13
2,1,-0.00220275501487777,-0.000621240251348354,0.0022886828319941,293.316009521484,1.68512013596806e-13
2,1,-0.00223884504521266,-0.000631418763077818,0.00232618073047646,293.311004638672,1.71273375204432e-13
2,1,-0.00227493507554755,-0.000641597507637925,0.00236367869215842,293.299987792969,1.74032960265485e-13
2,1,-0.00231102504767478,-0.000651776252198033,0.00240117659781814,293.283996582031,1.76790991734802e-13
2,1,-0.00234711496159434,-0.000661954996758141,0.00243867444745564,293.263000488281,1.79555313715804e-13
2,1,-0.00238320493372157,-0.000672133741318248,0.00247617235311545,293.236999511719,1.82318821634933e-13
2,1,-0.00241929496405646,-0.000682312253047712,0.00251367025159785,293.205993652344,1.85080183242558e-13
2,1,-0.00245538499439135,-0.00069249099760782,0.00255116821327997,293.170013427734,1.87839814855943e-13
2,1,-0.00221224006963894,-0.00058656424516812,0.00228868165969532,293.316009521484,1.68524994173179e-13
2,1,-0.0022484875516966,-0.000596174751990475,0.00232618155031921,293.311004638672,1.71267355064724e-13
2,1,-0.00228473253082484,-0.000605785506195389,0.00236367908501253,293.299987792969,1.74028208540438e-13
2,1,-0.00232097750995308,-0.000615396260400303,0.00240117661970599,293.283996582031,1.76787954355263e-13
2,1,-0.00235722248908132,-0.000625006505288184,0.00243867402386692,293.263000488281,1.79547723425079e-13
2,1,-0.00239346746820956,-0.000634616735624149,0.00247617142429836,293.236999511719,1.82308944935258e-13
2,1,-0.00242971495026723,-0.000644227242446505,0.00251367131492212,293.205993652344,1.85096934512037e-13
2,1,-0.00246596243232489,-0.000653837996651419,0.00255117126894742,293.170013427734,1.87839964065651e-13
2,1,-0.00222117750672624,-0.000551743491087109,0.00228867874467859,293.316009521484,1.68521635936608e-13
2,1,-0.00225757248699665,-0.000560783504624851,0.00232617963044636,293.311004638672,1.71281513442186e-13
2,1,-0.00229396496433765,-0.000569823750993237,0.00236367814323453,293.299987792969,1.74023870373903e-13
2,1,-0.00233035744167864,-0.000578863997361623,0.00240117665602273,293.283996582031,1.76809297116089e-13
2,1,-0.0023667499772273,-0.000587903763516806,0.00243867510953441,293.263000488281,1.79550139073498e-13
2,1,-0.00240314000984654,-0.000596943500568159,0.00247617112692071,293.236999511719,1.82307207624441e-13
2,1,-0.00243953499011695,-0.000605983499553986,0.00251367200918032,293.205993652344,1.85115918441834e-13
2,1,-0.00247592997038737,-0.000615023745922372,0.00255117295107776,293.170013427734,1.87825808863675e-13
2,1,-0.00222957000369206,-0.000516786749358289,0.00228867886468935,293.316009521484,1.68514147933959e-13
2,1,-0.0022661000257358,-0.000525253999512643,0.00232617735580153,293.311004638672,1.71269693808624e-13
2,1,-0.00230262998957187,-0.000533721249666996,0.00236367579020936,293.299987792969,1.74030899151693e-13
2,1,-0.00233916245633736,-0.000542188747203909,0.0024011767187637,293.283996582031,1.76817625315476e-13
2,1,-0.00237569498131052,-0.000550656011910178,0.002438677651449,293.263000488281,1.79556404112689e-13
2,1,-0.00241222250042483,-0.000559123014681973,0.0024761736484146,293.236999511719,1.82295936812035e-13
2,1,-0.00244875252246857,-0.000567590250284411,0.00251367213624094,293.205993652344,1.85101283415423e-13
2,1,-0.00248528498923406,-0.000576057747821324,0.00255117306479531,293.170013427734,1.87839821021416e-13
2,1,-0.00223741499939933,-0.000481702503748238,0.00228868153784104,293.316009521484,1.68523106317322e-13
2,1,-0.00227407255442813,-0.000489594996906817,0.00232617910828024,293.311004638672,1.71263002957476e-13
2,1,-0.00231073005124927,-0.000497487249958795,0.00236367657128,293.299987792969,1.74045517834814e-13
2,1,-0.00234738999279216,-0.000505379750393331,0.00240117647630665,293.283996582031,1.76803966315105e-13
2,1,-0.00238404999254271,-0.000513272258103825,0.00243867643976849,293.263000488281,1.79561748617642e-13
2,1,-0.00242070748936385,-0.00052116451843176,0.00247617390429962,293.236999511719,1.82297844208266e-13
2,1,-0.00245736498618498,-0.000529056997038424,0.00251367141477227,293.205993652344,1.8508531876515e-13
2,1,-0.00249402498593554,-0.000536949490197003,0.00255117137517133,293.170013427734,1.87842460437812e-13
2,1,-0.0022447049850598,-0.000446499245299492,0.00228868128973986,293.316009521484,1.68518339439051e-13
2,1,-0.00228148250607774,-0.000453814747743309,0.00232617932473145,293.311004638672,1.71258395523481e-13
2,1,-0.00231826002709568,-0.000461130497569684,0.00236367740798496,293.299987792969,1.74041315037648e-13
2,1,-0.00235504005104303,-0.000468446247396059,0.00240117794607485,293.283996582031,1.76805730761967e-13
2,1,-0.00239181751385331,-0.000475762004498392,0.00243867597365861,293.263000488281,1.79542370498186e-13
2,1,-0.00242859497666359,-0.000483077506942209,0.00247617395156098,293.236999511719,1.82328055626987e-13
2,1,-0.00246537243947387,-0.00049039299483411,0.00251367192662441,293.205993652344,1.85066632362009e-13
2,1,-0.00250214996049181,-0.000497708737384528,0.00255117000845848,293.170013427734,1.87851544802999e-13
2,1,-0.00225144001888111,-0.000411185748816933,0.00228867994237935,293.316009521484,1.68521468227091e-13
2,1,-0.00228832749417052,-0.000417922747146804,0.00232617758203441,293.311004638672,1.71257529556097e-13
2,1,-0.00232521496945992,-0.000424659992859233,0.00236367526613444,293.299987792969,1.74040825071395e-13
2,1,-0.00236210500588641,-0.000431396998465061,0.00240117542656056,293.283996582031,1.76799424698111e-13
2,1,-0.00239899498410523,-0.000438134251453448,0.0024386755741711,293.263000488281,1.79564124392499e-13
2,1,-0.00243588496232405,-0.000444871242507361,0.00247617567472231,293.236999511719,1.82326355712193e-13
2,1,-0.00247277243761346,-0.000451607993454672,0.00251367326993246,293.205993652344,1.85062495677878e-13
2,1,-0.00250965997111052,-0.000458345246443059,0.00255117101260018,293.170013427734,1.87849089387318e-13
2,1,-0.00225761998444796,-0.000375771000108216,0.0022886790597856,293.316009521484,1.68510799945932e-13
2,1,-0.00229461002163589,-0.000381928002752829,0.00232617801354037,293.311004638672,1.71274195812515e-13
2,1,-0.00233160000061616,-0.000388084743462969,0.00236367686687119,293.299987792969,1.74038900970195e-13
2,1,-0.00236858997959644,-0.000394241251342464,0.00240117568197429,293.283996582031,1.76802778040588e-13
2,1,-0.00240557995857671,-0.000400398253987078,0.00243867457831131,293.263000488281,1.79558600640318e-13
2,1,-0.00244256993755698,-0.000406555242079776,0.0024761734722591,293.236999511719,1.82313989516906e-13
2,1,-0.00247955997474492,-0.000412711749959271,0.00251367234477993,293.205993652344,1.85077424229614e-13
2,1,-0.00251655001193285,-0.000418868752603885,0.00255117129853469,293.170013427734,1.87841446499913e-13
2,1,-0.00226324249524623,-0.000340263752150349,0.00228867778713296,293.316009521484,1.68526564098888e-13
2,1,-0.00230032752733678,-0.000345838750945404,0.00232617952331259,293.311004638672,1.71291080654405e-13
2,1,-0.00233740999829024,-0.000351413495081943,0.00236367868895772,293.299987792969,1.74027352244775e-13
2,1,-0.00237449246924371,-0.000356988501152955,0.00240117789354527,293.283996582031,1.7680801253093e-13
2,1,-0.00241157249547541,-0.000362563754606526,0.00243867471735939,293.263000488281,1.79523951924262e-13
2,1,-0.00244865252170712,-0.00036813900078414,0.00247617154009188,293.236999511719,1.82333943144218e-13
2,1,-0.00248573505086824,-0.000373713752196636,0.00251367076437942,293.205993652344,1.85068568695902e-13
2,1,-0.00252281752182171,-0.000379288750991691,0.00255116996788522,293.170013427734,1.87854951245712e-13
2,1,-0.00226830755127594,-0.000304672001220752,0.00228867738563199,293.316009521484,1.68516669598622e-13
2,1,-0.00230547500541434,-0.000309663744701538,0.00232617854761255,293.311004638672,1.7129598497132e-13
2,1,-0.00234263995662332,-0.000314655495458283,0.00236367722990898,293.299987792969,1.74011672585656e-13
2,1,-0.00237980496603996,-0.000319647500873543,0.00240117600379546,293.283996582031,1.76821066936284e-13
2,1,-0.00241697003366426,-0.000324639506288804,0.00243867483537155,293.263000488281,1.79537375331381e-13
2,1,-0.0024541350430809,-0.000329631504428107,0.00247617360828945,293.236999511719,1.82347030802811e-13
2,1,-0.00249129999428988,-0.000334623247908894,0.00251367228961729,293.205993652344,1.85059262396117e-13
2,1,-0.0025284625007771,-0.000339614998665638,0.00255116854895058,293.170013427734,1.87841571860869e-13
2,1,-0.00227281253319234,-0.000269005249720067,0.00228867661223973,293.316009521484,1.68493533441839e-13
2,1,-0.00231005251407623,-0.000273412741080392,0.00232617650765694,293.311004638672,1.71300341797327e-13
2,1,-0.00234729249496013,-0.000277820246992633,0.00236367640478455,293.299987792969,1.74016329039358e-13
2,1,-0.00238453247584403,-0.000282227752904873,0.00240117630191216,293.283996582031,1.76824457695113e-13
2,1,-0.00242177251493558,-0.000286635251541156,0.00243867625598879,293.263000488281,1.79539529960641e-13
2,1,-0.00245900999289006,-0.000291042750177439,0.00247617366668092,293.236999511719,1.82321148227454e-13
2,1,-0.00249624997377396,-0.000295450248813722,0.00251367356295335,293.205993652344,1.8508396920239e-13
2,1,-0.00253348750993609,-0.000299857747450005,0.00255117103144967,293.170013427734,1.87823014483749e-13
2,1,-0.00227676000213251,-0.000233272501645843,0.00228867913158103,293.316009521484,1.68501055420448e-13
2,1,-0.00231406255625188,-0.000237094496696955,0.00232617697405227,293.311004638672,1.71282259119099e-13
2,1,-0.00235136755509302,-0.000240916499024024,0.00236367724925509,293.299987792969,1.74042957570086e-13
2,1,-0.0023886724957265,-0.000244738501351094,0.0024011774665534,293.283996582031,1.76804226823299e-13
2,1,-0.00242597499163821,-0.000248560496402206,0.00243867525112011,293.263000488281,1.79539697411604e-13
2,1,-0.00246327748754993,-0.000252382498729276,0.00247617303642842,293.236999511719,1.82326607221836e-13
2,1,-0.00250058248639107,-0.000256204501056345,0.00251367331163126,293.205993652344,1.85088392123009e-13
2,1,-0.00253788498230278,-0.000260026496107457,0.00255117109619797,293.170013427734,1.87821636557396e-13
2,1,-0.00228014501044527,-0.000197481749637518,0.00228868091050245,293.316009521484,1.6851987550336e-13
2,1,-0.00231750257080421,-0.000200717498955783,0.00232617834227541,293.311004638672,1.71257915255631e-13
2,1,-0.00235486257588491,-0.000203953248274047,0.00236367820965224,293.299987792969,1.74062812121231e-13
2,1,-0.00239222252275795,-0.000207188750209752,0.00240117799769277,293.283996582031,1.76777036994144e-13
2,1,-0.00242957746377215,-0.000210424248507479,0.00243867279823051,293.263000488281,1.79538678182993e-13
2,1,-0.00246693746885285,-0.000213659746805206,0.0024761726439477,293.236999511719,1.82348321161908e-13
2,1,-0.00250429747393355,-0.000216895499761449,0.00251367251163844,293.205993652344,1.8505880562614e-13
2,1,-0.00254165497608483,-0.000220131249079714,0.00255116988542084,293.170013427734,1.87844395329861e-13
2,1,-0.00228296499699354,-0.000161642248713179,0.00228868027344729,293.316009521484,1.68536335769523e-13
2,1,-0.00232037005480379,-0.000164290999236982,0.00232617899647908,293.311004638672,1.71251394548765e-13
2,1,-0.00235777505440637,-0.000166939498740248,0.00236367764371977,293.299987792969,1.74058963347515e-13
2,1,-0.0023951799958013,-0.000169587750860956,0.00240117621542626,293.283996582031,1.76772581443906e-13
2,1,-0.00243258249247447,-0.000172236250364222,0.00243867236598786,293.263000488281,1.79556158379948e-13
2,1,-0.00246998999500647,-0.00017488449884695,0.00247617349217881,293.236999511719,1.82341465640781e-13
2,1,-0.00250739499460906,-0.000177533001988195,0.00251367213967643,293.205993652344,1.85055938637579e-13
2,1,-0.00254479999421164,-0.00018018174887402,0.00255117080438901,293.170013427734,1.87864976488912e-13
2,1,-0.00228522246470675,-0.000125763248433941,0.00228868042938656,293.316009521484,1.68525040417088e-13
2,1,-0.00232266500825062,-0.000127823999719112,0.00232617963954981,293.311004638672,1.71265329078419e-13
2,1,-0.00236010749358684,-0.000129884499983746,0.00236367877779972,293.299987792969,1.74049095102603e-13
2,1,-0.00239754747599363,-0.000131945000248379,0.00240117541690189,293.283996582031,1.76762128184586e-13
2,1,-0.00243498751660809,-0.00013400575153355,0.00243867212791743,293.263000488281,1.7957190679407e-13
2,1,-0.00247243250487372,-0.000136066251798184,0.00247617376531506,293.236999511719,1.82330690443842e-13
2,1,-0.00250987499020994,-0.000138126752062817,0.00251367290356497,293.205993652344,1.850683506305e-13
2,1,-0.00254731747554615,-0.00014018749789102,0.00255117205530865,293.170013427734,1.87855527081259e-13
2,1,-0.00228691496886313,-8.98531743587228e-05,0.00228867945937228,293.316009521484,1.68515251006212e-13
2,1,-0.00232438498642296,-9.1325375251472e-05,0.00232617838724232,293.311004638672,1.71274788904548e-13
2,1,-0.00236185500398278,-9.27975743252318e-05,0.00236367731504094,293.299987792969,1.74036290265305e-13
2,1,-0.00239932502154261,-9.42697752179811e-05,0.00240117624291098,293.283996582031,1.76797640425957e-13
2,1,-0.00243679498089477,-9.57419761107303e-05,0.00243867511261823,293.263000488281,1.79560418829882e-13
2,1,-0.0024742649984546,-9.72141751844902e-05,0.00247617404041686,293.236999511719,1.82321034751488e-13
2,1,-0.00251173501601443,-9.86863760772394e-05,0.0025136729682869,293.205993652344,1.85081442304719e-13
2,1,-0.00254920497536659,-0.000100158600616851,0.00255117183892252,293.170013427734,1.87841192555822e-13
2,1,-0.00228804495418444,-5.39207258043461e-05,0.00228868022166491,293.316009521484,1.685215571562e-13
2,1,-0.0023255324922502,-5.48042007721961e-05,0.00232617816878538,293.311004638672,1.71259839483037e-13
2,1,-0.00236302003031597,-5.56876739210566e-05,0.002363676115863,293.299987792969,1.74043810073049e-13
2,1,-0.00240051001310349,-5.65711252420442e-05,0.00240117650646954,293.283996582031,1.76804053118136e-13
2,1,-0.002437999995891,-5.74545765630319e-05,0.00243867689707607,293.263000488281,1.79565418089391e-13
2,1,-0.00247548753395677,-5.83380497118924e-05,0.00247617484415369,293.236999511719,1.82302210170253e-13
2,1,-0.00251297501381487,-5.92215246797423e-05,0.00251367273308265,293.205993652344,1.85087084538449e-13
2,1,-0.00255046249367297,-6.01050005570869e-05,0.00255117062203305,293.170013427734,1.87824212767737e-13
2,1,-0.00228860997594893,-1.79750504685217e-05,0.00228868056409196,293.316009521484,1.68523953173031e-13
2,1,-0.00232610746752471,-1.82695748662809e-05,0.00232617921232222,293.311004638672,1.71262929176351e-13
2,1,-0.00236360501730815,-1.85640992640401e-05,0.00236367791875833,293.299987792969,1.74047109697706e-13
2,1,-0.00240110250888392,-1.88586000149371e-05,0.00240117656680287,293.283996582031,1.76784061781561e-13
2,1,-0.0024386000004597,-1.91531007658341e-05,0.0024386752148474,293.263000488281,1.79569303998195e-13
2,1,-0.00247609749203548,-1.94476251635934e-05,0.00247617386307765,293.236999511719,1.82305716725147e-13
2,1,-0.00251359498361126,-1.97421495613527e-05,0.0025136725113079,293.205993652344,1.85091941672265e-13
2,1,-0.00255109253339469,-2.0036649402755e-05,0.00255117121755116,293.170013427734,1.878279554593e-13
2,1,0.00228860997594893,1.79750504685225e-05,0.00228868056409196,293.316009521484,1.68523953173022e-13
2,1,0.00232610746752471,1.82695748662815e-05,0.00232617921232222,293.311004638672,1.71262929176345e-13
2,1,0.00236360501730815,1.85640992640405e-05,0.00236367791875833,293.299987792969,1.74047109697703e-13
2,1,0.00240110250888392,1.88586000149372e-05,0.00240117656680287,293.283996582031,1.7678406178156e-13
2,1,0.0024386000004597,1.91531007658341e-05,0.0024386752148474,293.263000488281,1.79569303998195e-13
2,1,0.00247609749203548,1.94476251635933e-05,0.00247617386307765,293.236999511719,1.82305716725148e-13
2,1,0.00251359498361126,1.97421495613526e-05,0.0025136725113079,293.205993652344,1.85091941672266e-13
2,1,0.00255109253339469,2.00366494027548e-05,0.00255117121755116,293.170013427734,1.87827955459301e-13
2,1,0.00228804495418444,5.39207258043461e-05,0.00228868022166491,293.316009521484,1.685215571562e-13
2,1,0.0023255324922502,5.48042007721961e-05,0.00232617816878538,293.311004638672,1.71259839483037e-13
2,1,0.00236302003031597,5.56876739210566e-05,0.002363676115863,293.299987792969,1.74043810073049e-13
2,1,0.00240051001310349,5.65711252420442e-05,0.00240117650646954,293.283996582031,1.76804053118136e-13
2,1,0.002437999995891,5.74545765630319e-05,0.00243867689707607,293.263000488281,1.79565418089391e-13
2,1,0.00247548753395677,5.83380497118924e-05,0.00247617484415369,293.236999511719,1.82302210170253e-13
2,1,0.00251297501381487,5.92215246797423e-05,0.00251367273308265,293.205993652344,1.85087084538449e-13
2,1,0.00255046249367297,6.01050005570869e-05,0.00255117062203305,293.170013427734,1.87824212767737e-13
2,1,0.00228691496886313,8.98531743587228e-05,0.00228867945937228,293.316009521484,1.68515251006212e-13
2,1,0.00232438498642296,9.1325375251472e-05,0.00232617838724232,293.311004638672,1.71274788904548e-13
2,1,0.00236185500398278,9.27975743252318e-05,0.00236367731504094,293.299987792969,1.74036290265305e-13
2,1,0.00239932502154261,9.42697752179811e-05,0.00240117624291098,293.283996582031,1.76797640425957e-13
2,1,0.00243679498089477,9.57419761107303e-05,0.00243867511261823,293.263000488281,1.79560418829882e-13
2,1,0.0024742649984546,9.72141751844902e-05,0.00247617404041686,293.236999511719,1.82321034751488e-13
2,1,0.00251173501601443,9.86863760772394e-05,0.0025136729682869,293.205993652344,1.85081442304719e-13
2,1,0.00254920497536659,0.000100158600616851,0.00255117183892252,293.170013427734,1.87841192555822e-13
2,1,0.00228522246470675,0.000125763248433941,0.00228868042938656,293.316009521484,1.68525040417088e-13
2,1,0.00232266500825062,0.000127823999719112,0.00232617963954981,293.311004638672,1.71265329078419e-13
2,1,0.00236010749358684,0.000129884499983746,0.00236367877779972,293.299987792969,1.74049095102603e-13
2,1,0.00239754747599363,0.000131945000248379,0.00240117541690189,293.283996582031,1.76762128184586e-13
2,1,0.00243498751660809,0.00013400575153355,0.00243867212791743,293.263000488281,1.7957190679407e-13
2,1,0.00247243250487372,0.000136066251798184,0.00247617376531506,293.236999511719,1.82330690443842e-13
2,1,0.00250987499020994,0.000138126752062817,0.00251367290356497,293.205993652344,1.850683506305e-13
2,1,0.00254731747554615,0.00014018749789102,0.00255117205530865,293.170013427734,1.87855527081259e-13
2,1,0.00228296499699354,0.000161642248713179,0.00228868027344729,293.316009521484,1.68536335769523e-13
2,1,0.00232037005480379,0.000164290999236982,0.00232617899647908,293.311004638672,1.71251394548765e-13
2,1,0.00235777505440637,0.000166939498740248,0.00236367764371977,293.299987792969,1.74058963347515e-13
2,1,0.0023951799958013,0.000169587750860956,0.00240117621542626,293.283996582031,1.76772581443906e-13
2,1,0.00243258249247447,0.000172236250364222,0.00243867236598786,293.263000488281,1.79556158379948e-13
2,1,0.00246998999500647,0.00017488449884695,0.00247617349217881,293.236999511719,1.82341465640781e-13
2,1,0.00250739499460906,0.000177533001988195,0.00251367213967643,293.205993652344,1.85055938637579e-13
2,1,0.00254479999421164,0.00018018174887402,0.00255117080438901,293.170013427734,1.87864976488912e-13
2,1,0.00228014501044527,0.000197481749637518,0.00228868091050245,293.316009521484,1.6851987550336e-13
2,1,0.00231750257080421,0.000200717498955783,0.00232617834227541,293.311004638672,1.71257915255631e-13
2,1,0.00235486257588491,0.000203953248274047,0.00236367820965224,293.299987792969,1.74062812121231e-13
2,1,0.00239222252275795,0.000207188750209752,0.00240117799769277,293.283996582031,1.76777036994144e-13
2,1,0.00242957746377215,0.000210424248507479,0.00243867279823051,293.263000488281,1.79538678182993e-13
2,1,0.00246693746885285,0.000213659746805206,0.0024761726439477,293.236999511719,1.82348321161908e-13
2,1,0.00250429747393355,0.000216895499761449,0.00251367251163844,293.205993652344,1.8505880562614e-13
2,1,0.00254165497608483,0.000220131249079714,0.00255116988542084,293.170013427734,1.87844395329861e-13
2,1,0.00227676000213251,0.000233272501645843,0.00228867913158103,293.316009521484,1.68501055420448e-13
2,1,0.00231406255625188,0.000237094496696955,0.00232617697405227,293.311004638672,1.71282259119099e-13
2,1,0.00235136755509302,0.000240916499024024,0.00236367724925509,293.299987792969,1.74042957570086e-13
2,1,0.0023886724957265,0.000244738501351094,0.0024011774665534,293.283996582031,1.76804226823299e-13
2,1,0.00242597499163821,0.000248560496402206,0.00243867525112011,293.263000488281,1.79539697411604e-13
2,1,0.00246327748754993,0.000252382498729276,0.00247617303642842,293.236999511719,1.82326607221836e-13
2,1,0.00250058248639107,0.000256204501056345,0.00251367331163126,293.205993652344,1.85088392123009e-13
2,1,0.00253788498230278,0.000260026496107457,0.00255117109619797,293.170013427734,1.87821636557396e-13
2,1,0.00227281253319234,0.000269005249720067,0.00228867661223973,293.316009521484,1.68493533441839e-13
2,1,0.00231005251407623,0.000273412741080392,0.00232617650765694,293.311004638672,1.71300341797327e-13
2,1,0.00234729249496013,0.000277820246992633,0.00236367640478455,293.299987792969,1.74016329039358e-13
2,1,0.00238453247584403,0.000282227752904873,0.00240117630191216,293.283996582031,1.76824457695113e-13
2,1,0.00242177251493558,0.000286635251541156,0.00243867625598879,293.263000488281,1.7953952996064e-13
2,1,0.00245900999289006,0.000291042750177439,0.00247617366668092,293.236999511719,1.82321148227454e-13
2,1,0.00249624997377396,0.000295450248813722,0.00251367356295335,293.205993652344,1.8508396920239e-13
2,1,0.00253348750993609,0.000299857747450005,0.00255117103144967,293.170013427734,1.87823014483749e-13
2,1,0.00226830755127594,0.000304672001220752,0.00228867738563199,293.316009521484,1.68516669598622e-13
2,1,0.00230547500541434,0.000309663744701538,0.00232617854761255,293.311004638672,1.7129598497132e-13
2,1,0.00234263995662332,0.000314655495458283,0.00236367722990898,293.299987792969,1.74011672585656e-13
2,1,0.00237980496603996,0.000319647500873543,0.00240117600379546,293.283996582031,1.76821066936284e-13
2,1,0.00241697003366426,0.000324639506288804,0.00243867483537155,293.263000488281,1.79537375331381e-13
2,1,0.0024541350430809,0.000329631504428107,0.00247617360828945,293.236999511719,1.82347030802811e-13
2,1,0.00249129999428988,0.000334623247908894,0.00251367228961729,293.205993652344,1.85059262396117e-13
2,1,0.0025284625007771,0.000339614998665638,0.00255116854895058,293.170013427734,1.87841571860869e-13
2,1,0.00226324249524623,0.000340263752150349,0.00228867778713296,293.316009521484,1.68526564098888e-13
2,1,0.00230032752733678,0.000345838750945404,0.00232617952331259,293.311004638672,1.71291080654405e-13
2,1,0.00233740999829024,0.000351413495081943,0.00236367868895772,293.299987792969,1.74027352244775e-13
2,1,0.00237449246924371,0.000356988501152955,0.00240117789354527,293.283996582031,1.7680801253093e-13
2,1,0.00241157249547541,0.000362563754606526,0.00243867471735939,293.263000488281,1.79523951924261e-13
2,1,0.00244865252170712,0.00036813900078414,0.00247617154009188,293.236999511719,1.82333943144218e-13
2,1,0.00248573505086824,0.000373713752196636,0.00251367076437942,293.205993652344,1.85068568695902e-13
2,1,0.00252281752182171,0.000379288750991691,0.00255116996788522,293.170013427734,1.87854951245712e-13
2,1,0.00225761998444796,0.000375771000108216,0.0022886790597856,293.316009521484,1.68510799945932e-13
2,1,0.00229461002163589,0.000381928002752829,0.00232617801354037,293.311004638672,1.71274195812515e-13
2,1,0.00233160000061616,0.000388084743462969,0.00236367686687119,293.299987792969,1.74038900970195e-13
2,1,0.00236858997959644,0.000394241251342464,0.00240117568197429,293.283996582031,1.76802778040588e-13
2,1,0.00240557995857671,0.000400398253987078,0.00243867457831131,293.263000488281,1.79558600640318e-13
2,1,0.00244256993755698,0.000406555242079776,0.0024761734722591,293.236999511719,1.82313989516906e-13
2,1,0.00247955997474492,0.000412711749959271,0.00251367234477993,293.205993652344,1.85077424229614e-13
2,1,0.00251655001193285,0.000418868752603885,0.00255117129853469,293.170013427734,1.87841446499913e-13
2,1,0.00225144001888111,0.000411185748816933,0.00228867994237935,293.316009521484,1.68521468227091e-13
2,1,0.00228832749417052,0.000417922747146804,0.00232617758203441,293.311004638672,1.71257529556097e-13
2,1,0.00232521496945992,0.000424659992859233,0.00236367526613444,293.299987792969,1.74040825071395e-13
2,1,0.00236210500588641,0.000431396998465061,0.00240117542656056,293.283996582031,1.76799424698111e-13
2,1,0.00239899498410523,0.000438134251453448,0.0024386755741711,293.263000488281,1.79564124392499e-13
2,1,0.00243588496232405,0.000444871242507361,0.00247617567472231,293.236999511719,1.82326355712193e-13
2,1,0.00247277243761346,0.000451607993454672,0.00251367326993246,293.205993652344,1.85062495677878e-13
2,1,0.00250965997111052,0.000458345246443059,0.00255117101260018,293.170013427734,1.87849089387318e-13
2,1,0.0022447049850598,0.000446499245299492,0.00228868128973986,293.316009521484,1.68518339439051e-13
2,1,0.00228148250607774,0.000453814747743309,0.00232617932473145,293.311004638672,1.71258395523481e-13
2,1,0.00231826002709568,0.000461130497569684,0.00236367740798496,293.299987792969,1.74041315037648e-13
2,1,0.00235504005104303,0.000468446247396059,0.00240117794607485,293.283996582031,1.76805730761967e-13
2,1,0.00239181751385331,0.000475762004498392,0.00243867597365861,293.263000488281,1.79542370498186e-13
2,1,0.00242859497666359,0.000483077506942209,0.00247617395156098,293.236999511719,1.82328055626987e-13
2,1,0.00246537243947387,0.00049039299483411,0.00251367192662441,293.205993652344,1.85066632362009e-13
2,1,0.00250214996049181,0.000497708737384528,0.00255117000845848,293.170013427734,1.87851544802999e-13
2,1,0.00223741499939933,0.000481702503748238,0.00228868153784104,293.316009521484,1.68523106317322e-13
2,1,0.00227407255442813,0.000489594996906817,0.00232617910828024,293.311004638672,1.71263002957476e-13
2,1,0.00231073005124927,0.000497487249958795,0.00236367657128,293.299987792969,1.74045517834814e-13
2,1,0.00234738999279216,0.000505379750393331,0.00240117647630665,293.283996582031,1.76803966315105e-13
2,1,0.00238404999254271,0.000513272258103825,0.00243867643976849,293.263000488281,1.79561748617642e-13
2,1,0.00242070748936385,0.00052116451843176,0.00247617390429962,293.236999511719,1.82297844208266e-13
2,1,0.00245736498618498,0.000529056997038424,0.00251367141477227,293.205993652344,1.8508531876515e-13
2,1,0.00249402498593554,0.000536949490197003,0.00255117137517133,293.170013427734,1.87842460437812e-13
2,1,0.00222957000369206,0.000516786749358289,0.00228867886468935,293.316009521484,1.68514147933959e-13
2,1,0.0022661000257358,0.000525253999512643,0.00232617735580153,293.311004638672,1.71269693808624e-13
2,1,0.00230262998957187,0.000533721249666996,0.00236367579020936,293.299987792969,1.74030899151693e-13
2,1,0.00233916245633736,0.000542188747203909,0.0024011767187637,293.283996582031,1.76817625315476e-13
2,1,0.00237569498131052,0.000550656011910178,0.002438677651449,293.263000488281,1.79556404112689e-13
2,1,0.00241222250042483,0.000559123014681973,0.0024761736484146,293.236999511719,1.82295936812035e-13
2,1,0.00244875252246857,0.000567590250284411,0.00251367213624094,293.205993652344,1.85101283415423e-13
2,1,0.00248528498923406,0.000576057747821324,0.00255117306479531,293.170013427734,1.87839821021416e-13
2,1,0.00222117750672624,0.000551743491087109,0.00228867874467859,293.316009521484,1.68521635936608e-13
2,1,0.00225757248699665,0.000560783504624851,0.00232617963044636,293.311004638672,1.71281513442186e-13
2,1,0.00229396496433765,0.000569823750993237,0.00236367814323453,293.299987792969,1.74023870373903e-13
2,1,0.00233035744167864,0.000578863997361623,0.00240117665602273,293.283996582031,1.76809297116089e-13
2,1,0.0023667499772273,0.000587903763516806,0.00243867510953441,293.263000488281,1.79550139073498e-13
2,1,0.00240314000984654,0.000596943500568159,0.00247617112692071,293.236999511719,1.82307207624441e-13
2,1,0.00243953499011695,0.000605983499553986,0.00251367200918032,293.205993652344,1.85115918441834e-13
2,1,0.00247592997038737,0.000615023745922372,0.00255117295107776,293.170013427734,1.87825808863675e-13
2,1,0.00221224006963894,0.00058656424516812,0.00228868165969532,293.316009521484,1.68524994173179e-13
2,1,0.0022484875516966,0.000596174751990475,0.00232618155031921,293.311004638672,1.71267355064724e-13
2,1,0.00228473253082484,0.000605785506195389,0.00236367908501253,293.299987792969,1.74028208540438e-13
2,1,0.00232097750995308,0.000615396260400303,0.00240117661970599,293.283996582031,1.76787954355263e-13
2,1,0.00235722248908132,0.000625006505288184,0.00243867402386692,293.263000488281,1.79547723425079e-13
2,1,0.00239346746820956,0.000634616735624149,0.00247617142429836,293.236999511719,1.82308944935258e-13
2,1,0.00242971495026723,0.000644227242446505,0.00251367131492212,293.205993652344,1.85096934512037e-13
2,1,0.00246596243232489,0.000653837996651419,0.00255117126894742,293.170013427734,1.87839964065651e-13
2,1,0.00220275501487777,0.000621240251348354,0.0022886828319941,293.316009521484,1.68512013596806e-13
2,1,0.00223884504521266,0.000631418763077818,0.00232618073047646,293.311004638672,1.71273375204432e-13
2,1,0.00227493507554755,0.000641597507637925,0.00236367869215842,293.299987792969,1.74032960265485e-13
2,1,0.00231102504767478,0.000651776252198033,0.00240117659781814,293.283996582031,1.76790991734802e-13
2,1,0.00234711496159434,0.000661954996758141,0.00243867444745564,293.263000488281,1.79555313715804e-13
2,1,0.00238320493372157,0.000672133741318248,0.00247617235311545,293.236999511719,1.82318821634933e-13
2,1,0.00241929496405646,0.000682312253047712,0.00251367025159785,293.205993652344,1.85080183242558e-13
2,1,0.00245538499439135,0.00069249099760782,0.00255116821327997,293.170013427734,1.87839814855943e-13
2,1,0.00219272245885804,0.000655763011309318,0.00228868016738511,293.316009521484,1.68512310542406e-13
2,1,0.00222864747047424,0.000666507257847115,0.00232617743786112,293.311004638672,1.71276667771383e-13
2,1,0.00226457504322752,0.000677251504384913,0.00236367716209312,293.299987792969,1.74054869276639e-13
2,1,0.00230050249956548,0.00068799575092271,0.0024011767747908,293.283996582031,1.76788817332659e-13
2,1,0.00233642745297402,0.000698740244843066,0.00243867406038077,293.263000488281,1.79550709628393e-13
2,1,0.00237235252279788,0.000709484753315337,0.00247617146167474,293.236999511719,1.82311721434549e-13
2,1,0.0024082800373435,0.000720229014405049,0.00251367113430896,293.205993652344,1.85090728388311e-13
2,1,0.00244420755188912,0.000730973246390931,0.00255117079860426,293.170013427734,1.87824891748865e-13
2,1,0.00218214996857569,0.000690124012180604,0.00228867857890599,293.316009521484,1.68498029925263e-13
2,1,0.00221790245268494,0.000701431243214756,0.00232617649342944,293.311004638672,1.71277985073615e-13
2,1,0.00225365749793127,0.000712738503352739,0.00236367685865546,293.299987792969,1.74040937497054e-13
2,1,0.00228941248496994,0.000724045763490722,0.00240117716838327,293.283996582031,1.76805454160143e-13
2,1,0.0023251649690792,0.000735352994524874,0.00243867508290665,293.263000488281,1.79538716292632e-13
2,1,0.00236091751139611,0.000746660254662856,0.00247617306170429,293.236999511719,1.82319904461982e-13
2,1,0.00239667249843478,0.000757967762183398,0.00251367344602733,293.205993652344,1.85084848678081e-13
2,1,0.00243242748547345,0.000769275240600109,0.00255117382157451,293.170013427734,1.87852069548824e-13
2,1,0.00217103998875245,0.000724314508261159,0.00228867781473056,293.316009521484,1.68508477555063e-13
2,1,0.00220661249477416,0.000736181740649045,0.00232617760658091,293.311004638672,1.71289530402477e-13
2,1,0.00224218500079587,0.000748049249523319,0.00236367748593296,293.299987792969,1.74026685997142e-13
2,1,0.00227775744860992,0.000759916758397594,0.00240117731006927,293.283996582031,1.76809534855694e-13
2,1,0.00231332745170221,0.000771784252719954,0.00243867481053656,293.263000488281,1.79531782338959e-13
2,1,0.0023488974547945,0.000783651761594228,0.00247617231560928,293.236999511719,1.82344896780751e-13
2,1,0.0023844699608162,0.000795519503299147,0.00251367226864684,293.205993652344,1.85079980964377e-13
2,1,0.00242004246683791,0.00080738723045215,0.00255117221707907,293.170013427734,1.87860658443809e-13
2,1,0.00215939502231777,0.000758326263166964,0.0022886776933023,293.316009521484,1.68508289585625e-13
2,1,0.00219477753853425,0.000770750746596605,0.00232617822985121,293.311004638672,1.71291575924287e-13
2,1,0.00223015999654308,0.000783175491960719,0.00236367879826954,293.299987792969,1.74029876362413e-13
2,1,0.00226553995162249,0.000795600499259308,0.00240117709193205,293.283996582031,1.76799706277036e-13
2,1,0.00230091746198013,0.000808025259175338,0.00243867299700277,293.263000488281,1.79535843539451e-13
2,1,0.0023362974752672,0.000820450019091368,0.00247617126361787,293.236999511719,1.82333971590607e-13
2,1,0.00237167999148369,0.000832874997286126,0.00251367196410121,293.205993652344,1.85072639282244e-13
2,1,0.00240706000477076,0.000845299728098325,0.00255117022107308,293.170013427734,1.878392260257e-13
2,1,0.0021472200169228,0.000792151011410169,0.00228868019302656,293.316009521484,1.68503953060619e-13
2,1,0.00218240253161639,0.000805129995569587,0.00232618037128928,293.311004638672,1.71288758270736e-13
2,1,0.00221758498810232,0.000818108994280919,0.00236368049997881,293.299987792969,1.74032227745576e-13
2,1,0.00225276249693707,0.000831088007544167,0.00240117599186104,293.283996582031,1.76770076889512e-13
2,1,0.00228794000577182,0.000844066758872941,0.00243867139308383,293.263000488281,1.79553485487335e-13
2,1,0.0023231225204654,0.000857045757584274,0.00247617157638293,293.236999511719,1.82342234349918e-13
2,1,0.00235830497695133,0.00087002498912625,0.00251367178565889,293.205993652344,1.85080381565993e-13
2,1,0.0023934849887155,0.000883003740455024,0.00255116953510816,293.170013427734,1.87834930964117e-13
2,1,0.0021345125278458,0.000825780240120366,0.00228868012979182,293.316009521484,1.68528086499884e-13
2,1,0.00216948753222823,0.000839310232549906,0.00232618095146459,293.311004638672,1.71284093520453e-13
2,1,0.00220446003368124,0.000852840501465835,0.0023636795385666,293.299987792969,1.74028709858056e-13
2,1,0.00223943003220484,0.000866370261064731,0.00240117560757191,293.283996582031,1.76783770291683e-13
2,1,0.00227440253365785,0.000879900006111711,0.00243867400565648,293.263000488281,1.79556824912393e-13
2,1,0.00230937503511086,0.000893430260475725,0.00247617258750819,293.236999511719,1.82300024741154e-13
2,1,0.00234434747835621,0.000906960252905264,0.00251367102056437,293.205993652344,1.85085145209487e-13
2,1,0.00237932248273864,0.00092049001250416,0.00255117175822905,293.170013427734,1.87843487535047e-13
2,1,0.00212127750273794,0.000859205742017366,0.00228867925903516,293.316009521484,1.68506587665083e-13
2,1,0.0021560350432992,0.000873283483088017,0.00232617951795826,293.311004638672,1.71298010597429e-13
2,1,0.00219079002272338,0.000887361238710582,0.00236367740853744,293.299987792969,1.74011325635263e-13
2,1,0.00222554500214756,0.000901438746950589,0.00240117520624544,293.283996582031,1.7681392378426e-13
2,1,0.00226030254270881,0.000915516502573155,0.00243867547063149,293.263000488281,1.79563501127423e-13
2,1,0.00229505752213299,0.000929594258195721,0.00247617336121074,293.236999511719,1.82318356096372e-13
2,1,0.00232981250155717,0.000943671766435727,0.00251367115891877,293.205993652344,1.85078707707291e-13
2,1,0.00236456998391077,0.000957749260123819,0.00255117127102033,293.170013427734,1.87868690243079e-13
2,1,0.00210751994745806,0.000892419513547793,0.00228867929537856,293.316009521484,1.68517010054473e-13
2,1,0.00214205001248047,0.000907041496247984,0.00232617766558863,293.311004638672,1.71276786781368e-13
2,1,0.00217658001929522,0.000921663231565617,0.00236367588573712,293.299987792969,1.74037196878312e-13
2,1,0.00221111252903938,0.00093628499598708,0.00240117642204513,293.283996582031,1.76812978661819e-13
2,1,0.00224564253585413,0.000950907007791102,0.00243867475000329,293.263000488281,1.7952864748243e-13
2,1,0.00228017248446122,0.00096552875766065,0.0024761729222257,293.236999511719,1.82334275726576e-13
2,1,0.00231470249127597,0.000980151249677874,0.00251367143743256,293.205993652344,1.85061459156253e-13
2,1,0.00234923249809071,0.000994772999547422,0.00255116966325529,293.170013427734,1.87861921467175e-13
2,1,0.0020932424813509,0.000925413012737408,0.00228867938555749,293.316009521484,1.68501876138008e-13
2,1,0.00212753750383854,0.000940575249842368,0.00232617661213751,293.311004638672,1.71266224470713e-13
2,1,0.0021618350292556,0.000955737734329887,0.0023636762279421,293.299987792969,1.74043555984383e-13
2,1,0.00219613505760208,0.000970900233369321,0.002401178138828,293.283996582031,1.76809394342361e-13
2,1,0.00223043002188206,0.000986063503660262,0.00243867572993286,293.263000488281,1.79540143035195e-13
2,1,0.00226472498616204,0.00100122627918608,0.00247617312098315,293.236999511719,1.8234755918109e-13
2,1,0.0022990225115791,0.00101638850173913,0.00251367263087598,293.205993652344,1.85069168367179e-13
2,1,0.00233332003699616,0.00103154999669641,0.00255117184657014,293.170013427734,1.87833687849157e-13
2,1,0.00207844999385998,0.000958177988650277,0.00228868071930325,293.316009521484,1.68493641781887e-13
2,1,0.00211250252323225,0.000973876973148435,0.0023261778241337,293.311004638672,1.71272657615828e-13
2,1,0.00214655755553395,0.000989576466963626,0.00236367741521302,293.299987792969,1.7404198226825e-13
2,1,0.00218061252962798,0.00100527697941288,0.00240117737989263,293.283996582031,1.76820980414677e-13
2,1,0.00221466500079259,0.00102097625494935,0.00243867455370864,293.263000488281,1.79535512286071e-13
2,1,0.00224871747195721,0.00103667500661686,0.00247617150820166,293.236999511719,1.82309648668276e-13
2,1,0.0022827725042589,0.00105237500974908,0.00251367131251181,293.205993652344,1.85099575662287e-13
2,1,0.00231683003949001,0.00106807250995189,0.00255117234196325,293.170013427734,1.87869599721986e-13
2,1,0.00206314248498529,0.000990706728771329,0.00228868012963456,293.316009521484,1.68525954913012e-13
2,1,0.00209694501245394,0.00100693947752006,0.00232617830284865,293.311004638672,1.71275162869015e-13
2,1,0.0021307475399226,0.00102317298296839,0.00236367680361817,293.299987792969,1.74066614229961e-13
2,1,0.002164552512113,0.00103940500412136,0.00240117686568217,293.283996582031,1.76788717905824e-13
2,1,0.002198354981374,0.00105563501711003,0.00243867380218855,293.263000488281,1.79523185227014e-13
2,1,0.00223215745063499,0.0010718675039243,0.00247617180954678,293.236999511719,1.82333921416409e-13
2,1,0.00226595997810364,0.00108810252277181,0.00251367096542682,293.205993652344,1.85068863695044e-13
2,1,0.00229976500850171,0.00110433253576048,0.00255117021068137,293.170013427734,1.87859152838412e-13
2,1,0.00204732501879334,0.00102299050195143,0.00228867850508978,293.316009521484,1.68529284221238e-13
2,1,0.00208087003557011,0.00103975250385702,0.00232617827653224,293.311004638672,1.71251276044452e-13
2,1,0.00211441249120981,0.00105651500052772,0.00236367597807401,293.299987792969,1.74017255394331e-13
2,1,0.00214795995270833,0.00107327502337284,0.00240117705182995,293.283996582031,1.76817161197371e-13
2,1,0.0021815049694851,0.00109003501711413,0.00243867592566606,293.263000488281,1.79540834655797e-13
2,1,0.00221504748333246,0.00110679751378484,0.0024761736792757,293.236999511719,1.82330129097135e-13
2,1,0.00224858999717981,0.00112356001045555,0.00251367143288695,293.205993652344,1.85052857356888e-13
2,1,0.00228213501395658,0.00114032000419684,0.00255117030672162,293.170013427734,1.87864884678922e-13
2,1,0.00203100504586473,0.00105502252699807,0.00228867953824938,293.316009521484,1.68524182968311e-13
2,1,0.00206428254023194,0.00107230999856256,0.00232617951562722,293.311004638672,1.71292533119333e-13
2,1,0.00209755747346207,0.00108959499630146,0.00236367607984719,293.299987792969,1.74017301126745e-13
2,1,0.00213083496782929,0.00110688002314419,0.00240117493027054,293.283996582031,1.76817248743876e-13
2,1,0.00216411252040416,0.00112416749470867,0.00243867495930262,293.263000488281,1.79562453475505e-13
2,1,0.00219739001477137,0.00114145249244757,0.00247617379630988,293.236999511719,1.82319995264439e-13
2,1,0.00223066750913858,0.00115873749018647,0.00251367263331767,293.205993652344,1.85033821495322e-13
2,1,0.0022639450035058,0.00117602499085478,0.00255117262411109,293.170013427734,1.87846034442237e-13
2,1,0.00201418501092121,0.00108679503318854,0.00228868187006909,293.316009521484,1.68514669028696e-13
2,1,0.00204718497116119,0.00110460250289179,0.00232617991469771,293.311004638672,1.7125200405651e-13
2,1,0.00208018498960882,0.00112240749876946,0.00236367683584025,293.299987792969,1.74019837830708e-13
2,1,0.00211318500805646,0.00114021249464713,0.00240117375698303,293.283996582031,1.76787933244933e-13
2,1,0.0021461850265041,0.00115801996435039,0.00243867185283803,293.263000488281,1.79547130126795e-13
2,1,0.00217919005081058,0.00117582749226131,0.00247617438180539,293.236999511719,1.82367454766641e-13
2,1,0.00221219501690939,0.0011936325172428,0.00251367567101608,293.205993652344,1.85092041592651e-13
2,1,0.00224519497714937,0.00121144001604989,0.00255117372946331,293.170013427734,1.87851908978856e-13
2,1,0.0019968650303781,0.00111829754314385,0.0022886806995622,293.316009521484,1.68526436280721e-13
2,1,0.00202958250883967,0.00113662003423087,0.0023261793272237,293.311004638672,1.71254969731397e-13
2,1,0.00206229754257947,0.00115494249621406,0.00236367580765436,293.299987792969,1.74036380055994e-13
2,1,0.00209501502104104,0.00117326495819725,0.00240117442109505,293.283996582031,1.76803730761663e-13
2,1,0.0021277324995026,0.00119158744928427,0.00243867304875651,293.263000488281,1.79554024259421e-13
2,1,0.00216045253910124,0.00120991247240454,0.00247617514820521,293.236999511719,1.82346529922256e-13
2,1,0.00219317252049223,0.00122823499259539,0.00251367597388327,293.205993652344,1.85061452597762e-13
2,1,0.00222588749602437,0.00124655748368241,0.0025511724177488,293.170013427734,1.87844368770003e-13
2,1,0.00197905005188659,0.00114952251897193,0.00228867672018044,293.316009521484,1.68528344258856e-13
2,1,0.00201147753978148,0.0011683575285133,0.00232617738091468,293.311004638672,1.71271002435656e-13
2,1,0.00204390252474695,0.00118719250895083,0.00236367586271382,293.299987792969,1.74020506422475e-13
2,1,0.00207633001264185,0.00120602748938836,0.00240117650883014,293.283996582031,1.76803409672548e-13
2,1,0.00210875499760732,0.00122486246982589,0.00243867499062951,293.263000488281,1.79534858490085e-13
2,1,0.00214117998257279,0.00124369745026343,0.00247617347242922,293.236999511719,1.8235045992835e-13
2,1,0.00217360752867535,0.00126253245980479,0.00251367418349612,293.205993652344,1.85090796038267e-13
2,1,0.00220603251364082,0.00128136746934615,0.00255117267991389,293.170013427734,1.87840162656745e-13
2,1,0.00196074999985285,0.00118046748684719,0.00228867735808835,293.316009521484,1.68549941559969e-13
2,1,0.00199287745635957,0.00119980997988023,0.00232617809805835,293.311004638672,1.71285033791152e-13
2,1,0.00202500494197011,0.00121914999908768,0.00236367758699846,293.299987792969,1.74049628087199e-13
2,1,0.00205713248578832,0.00123849252122454,0.00240117841678096,293.283996582031,1.76807803309709e-13
2,1,0.00208925502374768,0.00125783501425758,0.0024386749429449,293.263000488281,1.79539208607254e-13
2,1,0.00212138000642881,0.00127717497525737,0.00247617225755793,293.236999511719,1.8231412087012e-13
2,1,0.00215350755024701,0.0012965174682904,0.00251367307232923,293.205993652344,1.85071462567037e-13
2,1,0.00218563503585756,0.00131585999042727,0.00255117385224436,293.170013427734,1.87844955588568e-13
2,1,0.00194196749362163,0.00121112249325961,0.0022886798465409,293.316009521484,1.68544298616117e-13
2,1,0.00197378743905574,0.00123096499009989,0.0023261796279363,293.311004638672,1.71231562167153e-13
2,1,0.00200560491066426,0.00125080748694018,0.00236367731026597,293.299987792969,1.74053223997308e-13
2,1,0.0020374224986881,0.00127065248670988,0.00240117641587253,293.283996582031,1.76803753700714e-13
2,1,0.00206924002850428,0.00129049501265399,0.00243867416299292,293.263000488281,1.7953587979877e-13
2,1,0.00210106000304222,0.00131033750949427,0.00247617396908445,293.236999511719,1.82326789870281e-13
2,1,0.0021328775328584,0.00133018248016015,0.00251367300989949,293.205993652344,1.85075712693254e-13
2,1,0.00216469500446692,0.00135002497700043,0.00255117069222917,293.170013427734,1.8783309994471e-13
2,1,0.00192270500701852,0.00124147499445826,0.00228867968616826,293.316009521484,1.68526966464851e-13
2,1,0.00195420999079943,0.00126181499217637,0.00232618007957711,293.311004638672,1.71270667023398e-13
2,1,0.00198570993961766,0.0012821574928239,0.00236367760083749,293.299987792969,1.74046484234449e-13
2,1,0.00201721000485122,0.00130249999347143,0.00240117521990065,293.283996582031,1.76797404791095e-13
2,1,0.00204871501773596,0.00132283751736395,0.00243867429585061,293.263000488281,1.7958614051806e-13
2,1,0.00208021997241303,0.00134317751508206,0.00247617466481024,293.236999511719,1.82315128877171e-13
2,1,0.00211171997943893,0.00136351998662576,0.00251367221918242,293.205993652344,1.85064905545796e-13
2,1,0.00214321998646483,0.00138385998434387,0.00255116843165059,293.170013427734,1.87847390675296e-13
2,1,0.0019029674876947,0.00127152248751372,0.00228867968389553,293.316009521484,1.68554879247858e-13
2,1,0.00193414749810472,0.00129235748318024,0.00232618021846045,293.311004638672,1.71286413305459e-13
2,1,0.0019653249764815,0.00131319000502117,0.0023636772733327,293.299987792969,1.74028916700839e-13
2,1,0.00199650251306593,0.0013340225268621,0.00240117437660286,293.283996582031,1.7675936463478e-13
2,1,0.00202768255257979,0.0013548550195992,0.00243867354481276,293.263000488281,1.79573516674338e-13
2,1,0.0020588650368154,0.00137568748323247,0.00247617472956643,293.236999511719,1.82342323129687e-13
2,1,0.00209004251519218,0.00139652247889899,0.00251367315882177,293.205993652344,1.85078071041479e-13
2,1,0.00212121999356896,0.00141735500073992,0.00255117021369393,293.170013427734,1.87821693847638e-13
2,1,0.00188275999971665,0.00130125498981215,0.0022886786067607,293.316009521484,1.68499602359852e-13
2,1,0.00191360749886371,0.00132257750374265,0.00232617817742184,293.311004638672,1.7125687915794e-13
2,1,0.00194445499801077,0.00134389751474373,0.00236367632501225,293.299987792969,1.74031864015677e-13
2,1,0.00197530252626166,0.00136521502281539,0.00240117307347399,293.283996582031,1.76788811039286e-13
2,1,0.00200615002540872,0.00138653750764206,0.00243867262758773,293.263000488281,1.79584550015645e-13
2,1,0.00203700002748519,0.00140785999246873,0.00247617424071262,293.236999511719,1.82348190778322e-13
2,1,0.00206784752663225,0.00142918000346981,0.00251367238830303,293.205993652344,1.85071178026922e-13
2,1,0.00209869496757165,0.00145049751154147,0.00255116906493838,293.170013427734,1.87840011075375e-13
2,1,0.00186209002276883,0.00133066499256529,0.00228867834684868,293.316009521484,1.68502614108504e-13
2,1,0.00189259753096849,0.0013524699897971,0.00232617722616523,293.311004638672,1.71281045797081e-13
2,1,0.00192310501006432,0.00137427498702891,0.00236367608180728,293.299987792969,1.74043447821362e-13
2,1,0.0019536150211934,0.00139607500750571,0.002401174103978,293.283996582031,1.76801396362139e-13
2,1,0.00198412500321865,0.00141787753091194,0.00243867355770762,293.263000488281,1.795525913048e-13
2,1,0.00201463495614007,0.00143968002521433,0.00247617297083678,293.236999511719,1.82277142957372e-13
2,1,0.00204514496726915,0.00146148251951672,0.00251367243132419,293.205993652344,1.85067400852403e-13
2,1,0.00207565247546881,0.00148328501381911,0.00255116985540755,293.170013427734,1.87822173936343e-13
2,1,0.00184095749864355,0.00135974999284372,0.00228867746850673,293.316009521484,1.68546227785897e-13
2,1,0.00187112003914081,0.00138203249662183,0.00232617798600904,293.311004638672,1.71293003761201e-13
2,1,0.0019012825214304,0.0014043124683667,0.00236367695235769,293.299987792969,1.74016650935685e-13
2,1,0.00193144750664942,0.0014265899953898,0.00240117647953842,293.283996582031,1.76796666812129e-13
2,1,0.00196161252097227,0.00144886752241291,0.00243867603013153,293.263000488281,1.79547612554129e-13
2,1,0.00199177500326186,0.00147114502033219,0.00247617352672768,293.236999511719,1.82321721036275e-13
2,1,0.00202193751465529,0.00149342502118088,0.00251367253377594,293.205993652344,1.85102710467148e-13
2,1,0.00205210002604872,0.00151570499292575,0.00255117152353369,293.170013427734,1.87815096003322e-13
2,1,0.00181936999433674,0.00138850000803359,0.00228867635296084,293.316009521484,1.68516708696736e-13
2,1,0.00184918002923951,0.00141125250956975,0.00232617721300531,293.311004638672,1.71286376382921e-13
2,1,0.00187899000593461,0.00143400247907266,0.00236367649063671,293.299987792969,1.74033546077787e-13
2,1,0.00190880248555914,0.00145675250678323,0.00240117779327062,293.283996582031,1.76842064829544e-13
2,1,0.00193861502339132,0.00147950250538997,0.00243867912452084,293.263000488281,1.79555067783801e-13
2,1,0.00196842252626084,0.0015022500010673,0.00247617493477294,293.236999511719,1.8229241008584e-13
2,1,0.00199823000002652,0.00152500002877787,0.00251367225802778,293.205993652344,1.85072768571689e-13
2,1,0.00202804000582546,0.00154774999828078,0.00255117155879543,293.170013427734,1.87847619212007e-13
2,1,0.00179733749246225,0.00141690750024281,0.0022886784234695,293.316009521484,1.68501586588605e-13
2,1,0.00182678501005284,0.00144012249074876,0.00232617631776144,293.311004638672,1.71271522702852e-13
2,1,0.00185623500146903,0.00146333748125471,0.00236367615479016,293.299987792969,1.7400963099657e-13
2,1,0.00188568499288522,0.00148655500379391,0.00240117755938565,293.283996582031,1.76809451042863e-13
2,1,0.0019151349843014,0.00150976999429986,0.00243867739641457,293.263000488281,1.79547159568435e-13
2,1,0.00194458247278817,0.00153298248187639,0.00247617371830307,293.236999511719,1.82313959096533e-13
2,1,0.00197402996127494,0.00155620000441559,0.0025136731573047,293.205993652344,1.8511905398784e-13
2,1,0.00200347998179495,0.00157941499492154,0.00255117301718956,293.170013427734,1.87826391938402e-13
2,1,0.00177486249594949,0.00144496498978697,0.00228868099595337,293.316009521484,1.685014469206e-13
2,1,0.00180393998743966,0.00146863999543712,0.00232617774782611,293.311004638672,1.71272197185657e-13
2,1,0.00183302248478867,0.00149231249815784,0.00236367680148935,293.299987792969,1.74068472371861e-13
2,1,0.00186210250831209,0.00151598997763358,0.00240117707879857,293.283996582031,1.76795639592077e-13
2,1,0.00189118250273168,0.00153966498328373,0.00243867577168195,293.263000488281,1.79569278523319e-13
2,1,0.00192026249715127,0.00156333748600446,0.00247617288433428,293.236999511719,1.82295956173265e-13
2,1,0.00194933998864144,0.00158701499458402,0.00251367121643845,293.205993652344,1.85094172669615e-13
2,1,0.00197842248599045,0.00161069000023417,0.00255117185033212,293.170013427734,1.87864208024353e-13
2,1,0.00175194750772789,0.00147266499698162,0.0022886813371828,293.316009521484,1.68523856033049e-13
2,1,0.00178064999636263,0.00149679501191713,0.00232617921004514,293.311004638672,1.71252172212407e-13
2,1,0.00180935498792678,0.00152092252392322,0.00236367738833211,293.299987792969,1.74051047138801e-13
2,1,0.00183806000859477,0.00154505000682548,0.00240117557017116,293.283996582031,1.76773523146072e-13
2,1,0.00186676502926275,0.00156917999265715,0.00243867536253472,293.263000488281,1.79570436105993e-13
2,1,0.00189547002082691,0.00159330747555941,0.00247617352209555,293.236999511719,1.82296294977847e-13
2,1,0.00192417250946164,0.00161743749049492,0.00251367139495727,293.205993652344,1.85092315754204e-13
2,1,0.0019528775010258,0.00164156750543043,0.00255117118376989,293.170013427734,1.87820845492383e-13
2,1,0.00172859750455245,0.0015000024868641,0.00228868014220936,293.316009521484,1.68532224881871e-13
2,1,0.00175692001357675,0.00152458000229672,0.00232617972596908,293.311004638672,1.71288276371097e-13
2,1,0.00178524252260104,0.00154915751772933,0.00236367930972884,293.299987792969,1.74048547095647e-13
2,1,0.00181356503162533,0.0015737300273031,0.00240117561264677,293.283996582031,1.76773593302367e-13
2,1,0.00184188751154579,0.00159830501070246,0.0024386735149308,293.263000488281,1.79562846225226e-13
2,1,0.00187020999146625,0.00162288246792741,0.00247617303855897,293.236999511719,1.82287489801713e-13
2,1,0.00189853250049055,0.00164745998336002,0.00251367262231809,293.205993652344,1.85080410484172e-13
2,1,0.00192685500951484,0.00167203749879263,0.00255117220607727,293.170013427734,1.87803255123906e-13
2,1,0.00170482249814086,0.00152697000885382,0.00228868022189782,293.316009521484,1.68523342111742e-13
2,1,0.0017327549867332,0.00155198751599528,0.00232617821627105,293.311004638672,1.71245846721253e-13
2,1,0.00176068750442937,0.00157700502313673,0.00236367623232375,293.299987792969,1.74032188279431e-13
2,1,0.00178862252505496,0.00160202253027819,0.00240117611279409,293.283996582031,1.76790163274401e-13
2,1,0.0018165550136473,0.00162704003741965,0.00243867410716842,293.263000488281,1.79576672545484e-13
2,1,0.00184448747313581,0.00165205998928286,0.00247617371093876,293.236999511719,1.82366052950243e-13
2,1,0.00187242246465757,0.00167707749642432,0.0025136735697316,293.205993652344,1.85089112366815e-13
2,1,0.00190035498235375,0.00170209500356577,0.00255117158578569,293.170013427734,1.8784057593574e-13
2,1,0.00168062999728136,0.00155355752212927,0.00228868044128628,293.316009521484,1.68500235583366e-13
2,1,0.00170816498575732,0.00157901001512073,0.00232617717433967,293.311004638672,1.71221133085442e-13
2,1,0.00173570000333712,0.00160446250811219,0.00236367392876474,293.299987792969,1.7404057310309e-13
2,1,0.00176323752384633,0.0016299175331369,0.00240117423989323,293.283996582031,1.76792304769737e-13
2,1,0.00179077251232229,0.00165537252905779,0.00243867267193616,293.263000488281,1.79544759964307e-13
2,1,0.00181830997462384,0.00168082999880426,0.00247617459980044,293.236999511719,1.82333309419267e-13
2,1,0.00184584746602923,0.00170628499472514,0.00251367486980132,293.205993652344,1.85085412062934e-13
2,1,0.00187338248360902,0.0017317374877166,0.00255117162422604,293.170013427734,1.87871879807915e-13
2,1,0.00165602250490338,0.00157976249465719,0.00228868085941923,293.316009521484,1.68529592023966e-13
2,1,0.00168315501650795,0.00160564749967307,0.00232618028166397,293.311004638672,1.71281738821199e-13
2,1,0.00171028752811253,0.0016315299726557,0.00236367795617152,293.299987792969,1.74034317099083e-13
2,1,0.00173742003971711,0.00165741250384599,0.00240117567085701,293.283996582031,1.76785343212462e-13
2,1,0.00176455252221785,0.00168329750886187,0.00243867507204342,293.263000488281,1.7957070868785e-13
2,1,0.00179168750764802,0.00170918248477392,0.00247617626418636,293.236999511719,1.82322013919556e-13
2,1,0.00181881751632318,0.0017350674897898,0.00251367387538827,293.205993652344,1.85037563225357e-13
2,1,0.00184594749589451,0.00176095249480568,0.0025511714655353,293.170013427734,1.87858543242578e-13
2,1,0.00163100252393633,0.00160558000789024,0.00228868005514609,293.316009521484,1.68543586155384e-13
2,1,0.00165772752370685,0.00163189001614228,0.00232618261700153,293.311004638672,1.71294758684995e-13
2,1,0.00168445002054796,0.00165819498943165,0.00236367986298911,293.299987792969,1.740136150342e-13
2,1,0.00171117251738906,0.00168449999182485,0.00240117712939415,293.283996582031,1.76830783401411e-13
2,1,0.00173789501423016,0.00171080749714747,0.0024386761516819,293.263000488281,1.79547788584791e-13
2,1,0.00176461751107126,0.00173711247043684,0.00247617339766958,293.236999511719,1.82332621325665e-13
2,1,0.00179134000791237,0.00176341997575946,0.0025136724199575,293.205993652344,1.85083909954892e-13
2,1,0.00181806000182405,0.00178972751018591,0.00255116967898036,293.170013427734,1.87800509316459e-13
2,1,0.00160558000789024,0.00163100252393633,0.00228868005514609,293.316009521484,1.68543586155384e-13
2,1,0.00163189001614228,0.00165772752370685,0.00232618261700153,293.311004638672,1.71294758684995e-13
2,1,0.00165819498943165,0.00168445002054796,0.00236367986298911,293.299987792969,1.740136150342e-13
2,1,0.00168449999182485,0.00171117251738906,0.00240117712939415,293.283996582031,1.76830783401411e-13
2,1,0.00171080749714747,0.00173789501423016,0.0024386761516819,293.263000488281,1.79547788584791e-13
2,1,0.00173711247043684,0.00176461751107126,0.00247617339766958,293.236999511719,1.82332621325665e-13
2,1,0.00176341997575946,0.00179134000791237,0.0025136724199575,293.205993652344,1.85083909954892e-13
2,1,0.00178972751018591,0.00181806000182405,0.00255116967898036,293.170013427734,1.87800509316459e-13
2,1,0.00157976249465719,0.00165602250490338,0.00228868085941923,293.316009521484,1.68529592023966e-13
2,1,0.00160564749967307,0.00168315501650795,0.00232618028166397,293.311004638672,1.71281738821199e-13
2,1,0.0016315299726557,0.00171028752811253,0.00236367795617152,293.299987792969,1.74034317099083e-13
2,1,0.00165741250384599,0.00173742003971711,0.00240117567085701,293.283996582031,1.76785343212462e-13
2,1,0.00168329750886187,0.00176455252221785,0.00243867507204342,293.263000488281,1.7957070868785e-13
2,1,0.00170918248477392,0.00179168750764802,0.00247617626418636,293.236999511719,1.82322013919556e-13
2,1,0.0017350674897898,0.00181881751632318,0.00251367387538827,293.205993652344,1.85037563225357e-13
2,1,0.00176095249480568,0.00184594749589451,0.0025511714655353,293.170013427734,1.87858543242578e-13
2,1,0.00155355752212927,0.00168062999728136,0.00228868044128628,293.316009521484,1.68500235583366e-13
2,1,0.00157901001512073,0.00170816498575732,0.00232617717433967,293.311004638672,1.71221133085442e-13
2,1,0.00160446250811219,0.00173570000333712,0.00236367392876474,293.299987792969,1.7404057310309e-13
2,1,0.0016299175331369,0.00176323752384633,0.00240117423989323,293.283996582031,1.76792304769737e-13
2,1,0.00165537252905779,0.00179077251232229,0.00243867267193616,293.263000488281,1.79544759964307e-13
2,1,0.00168082999880426,0.00181830997462384,0.00247617459980044,293.236999511719,1.82333309419267e-13
2,1,0.00170628499472514,0.00184584746602923,0.00251367486980132,293.205993652344,1.85085412062934e-13
2,1,0.0017317374877166,0.00187338248360902,0.00255117162422604,293.170013427734,1.87871879807915e-13
2,1,0.00152697000885382,0.00170482249814086,0.00228868022189782,293.316009521484,1.68523342111742e-13
2,1,0.00155198751599528,0.0017327549867332,0.00232617821627105,293.311004638672,1.71245846721253e-13
2,1,0.00157700502313673,0.00176068750442937,0.00236367623232375,293.299987792969,1.74032188279431e-13
2,1,0.00160202253027819,0.00178862252505496,0.00240117611279409,293.283996582031,1.76790163274401e-13
2,1,0.00162704003741965,0.0018165550136473,0.00243867410716842,293.263000488281,1.79576672545484e-13
2,1,0.00165205998928286,0.00184448747313581,0.00247617371093876,293.236999511719,1.82366052950243e-13
2,1,0.00167707749642432,0.00187242246465757,0.0025136735697316,293.205993652344,1.85089112366815e-13
2,1,0.00170209500356577,0.00190035498235375,0.00255117158578569,293.170013427734,1.8784057593574e-13
2,1,0.0015000024868641,0.00172859750455245,0.00228868014220936,293.316009521484,1.68532224881871e-13
2,1,0.00152458000229672,0.00175692001357675,0.00232617972596908,293.311004638672,1.71288276371097e-13
2,1,0.00154915751772933,0.00178524252260104,0.00236367930972884,293.299987792969,1.74048547095647e-13
2,1,0.0015737300273031,0.00181356503162533,0.00240117561264677,293.283996582031,1.76773593302367e-13
2,1,0.00159830501070246,0.00184188751154579,0.0024386735149308,293.263000488281,1.79562846225226e-13
2,1,0.00162288246792741,0.00187020999146625,0.00247617303855897,293.236999511719,1.82287489801713e-13
2,1,0.00164745998336002,0.00189853250049055,0.00251367262231809,293.205993652344,1.85080410484172e-13
2,1,0.00167203749879263,0.00192685500951484,0.00255117220607727,293.170013427734,1.87803255123906e-13
2,1,0.00147266499698162,0.00175194750772789,0.0022886813371828,293.316009521484,1.68523856033049e-13
2,1,0.00149679501191713,0.00178064999636263,0.00232617921004514,293.311004638672,1.71252172212407e-13
2,1,0.00152092252392322,0.00180935498792678,0.00236367738833211,293.299987792969,1.74051047138801e-13
2,1,0.00154505000682548,0.00183806000859477,0.00240117557017116,293.283996582031,1.76773523146072e-13
2,1,0.00156917999265715,0.00186676502926275,0.00243867536253472,293.263000488281,1.79570436105993e-13
2,1,0.00159330747555941,0.00189547002082691,0.00247617352209555,293.236999511719,1.82296294977847e-13
2,1,0.00161743749049492,0.00192417250946164,0.00251367139495727,293.205993652344,1.85092315754204e-13
2,1,0.00164156750543043,0.0019528775010258,0.00255117118376989,293.170013427734,1.87820845492383e-13
2,1,0.00144496498978697,0.00177486249594949,0.00228868099595337,293.316009521484,1.685014469206e-13
2,1,0.00146863999543712,0.00180393998743966,0.00232617774782611,293.311004638672,1.71272197185657e-13
2,1,0.00149231249815784,0.00183302248478867,0.00236367680148935,293.299987792969,1.74068472371861e-13
2,1,0.00151598997763358,0.00186210250831209,0.00240117707879857,293.283996582031,1.76795639592077e-13
2,1,0.00153966498328373,0.00189118250273168,0.00243867577168195,293.263000488281,1.79569278523319e-13
2,1,0.00156333748600446,0.00192026249715127,0.00247617288433428,293.236999511719,1.82295956173265e-13
2,1,0.00158701499458402,0.00194933998864144,0.00251367121643845,293.205993652344,1.85094172669615e-13
2,1,0.00161069000023417,0.00197842248599045,0.00255117185033212,293.170013427734,1.87864208024353e-13
2,1,0.00141690750024281,0.00179733749246225,0.0022886784234695,293.316009521484,1.68501586588605e-13
2,1,0.00144012249074876,0.00182678501005284,0.00232617631776144,293.311004638672,1.71271522702852e-13
2,1,0.00146333748125471,0.00185623500146903,0.00236367615479016,293.299987792969,1.7400963099657e-13
2,1,0.00148655500379391,0.00188568499288522,0.00240117755938565,293.283996582031,1.76809451042863e-13
2,1,0.00150976999429986,0.0019151349843014,0.00243867739641457,293.263000488281,1.79547159568435e-13
2,1,0.00153298248187639,0.00194458247278817,0.00247617371830307,293.236999511719,1.82313959096533e-13
2,1,0.00155620000441559,0.00197402996127494,0.0025136731573047,293.205993652344,1.8511905398784e-13
2,1,0.00157941499492154,0.00200347998179495,0.00255117301718956,293.170013427734,1.87826391938402e-13
2,1,0.00138850000803359,0.00181936999433674,0.00228867635296084,293.316009521484,1.68516708696736e-13
2,1,0.00141125250956975,0.00184918002923951,0.00232617721300531,293.311004638672,1.71286376382921e-13
2,1,0.00143400247907266,0.00187899000593461,0.00236367649063671,293.299987792969,1.74033546077787e-13
2,1,0.00145675250678323,0.00190880248555914,0.00240117779327062,293.283996582031,1.76842064829544e-13
2,1,0.00147950250538997,0.00193861502339132,0.00243867912452084,293.263000488281,1.79555067783801e-13
2,1,0.0015022500010673,0.00196842252626084,0.00247617493477294,293.236999511719,1.8229241008584e-13
2,1,0.00152500002877787,0.00199823000002652,0.00251367225802778,293.205993652344,1.85072768571689e-13
2,1,0.00154774999828078,0.00202804000582546,0.00255117155879543,293.170013427734,1.87847619212007e-13
2,1,0.00135974999284372,0.00184095749864355,0.00228867746850673,293.316009521484,1.68546227785897e-13
2,1,0.00138203249662183,0.00187112003914081,0.00232617798600904,293.311004638672,1.71293003761201e-13
2,1,0.0014043124683667,0.0019012825214304,0.00236367695235769,293.299987792969,1.74016650935685e-13
2,1,0.0014265899953898,0.00193144750664942,0.00240117647953842,293.283996582031,1.76796666812129e-13
2,1,0.00144886752241291,0.00196161252097227,0.00243867603013153,293.263000488281,1.79547612554129e-13
2,1,0.00147114502033219,0.00199177500326186,0.00247617352672768,293.236999511719,1.82321721036275e-13
2,1,0.00149342502118088,0.00202193751465529,0.00251367253377594,293.205993652344,1.85102710467148e-13
2,1,0.00151570499292575,0.00205210002604872,0.00255117152353369,293.170013427734,1.87815096003322e-13
2,1,0.00133066499256529,0.00186209002276883,0.00228867834684868,293.316009521484,1.68502614108504e-13
2,1,0.0013524699897971,0.00189259753096849,0.00232617722616523,293.311004638672,1.71281045797081e-13
2,1,0.00137427498702891,0.00192310501006432,0.00236367608180728,293.299987792969,1.74043447821362e-13
2,1,0.00139607500750571,0.0019536150211934,0.002401174103978,293.283996582031,1.76801396362139e-13
2,1,0.00141787753091194,0.00198412500321865,0.00243867355770762,293.263000488281,1.795525913048e-13
2,1,0.00143968002521433,0.00201463495614007,0.00247617297083678,293.236999511719,1.82277142957372e-13
2,1,0.00146148251951672,0.00204514496726915,0.00251367243132419,293.205993652344,1.85067400852403e-13
2,1,0.00148328501381911,0.00207565247546881,0.00255116985540755,293.170013427734,1.87822173936343e-13
2,1,0.00130125498981215,0.00188275999971665,0.0022886786067607,293.316009521484,1.68499602359852e-13
2,1,0.00132257750374265,0.00191360749886371,0.00232617817742184,293.311004638672,1.7125687915794e-13
2,1,0.00134389751474373,0.00194445499801077,0.00236367632501225,293.299987792969,1.74031864015677e-13
2,1,0.00136521502281539,0.00197530252626166,0.00240117307347399,293.283996582031,1.76788811039286e-13
2,1,0.00138653750764206,0.00200615002540872,0.00243867262758773,293.263000488281,1.79584550015645e-13
2,1,0.00140785999246873,0.00203700002748519,0.00247617424071262,293.236999511719,1.82348190778322e-13
2,1,0.00142918000346981,0.00206784752663225,0.00251367238830303,293.205993652344,1.85071178026922e-13
2,1,0.00145049751154147,0.00209869496757165,0.00255116906493838,293.170013427734,1.87840011075375e-13
2,1,0.00127152248751372,0.0019029674876947,0.00228867968389553,293.316009521484,1.68554879247858e-13
2,1,0.00129235748318024,0.00193414749810472,0.00232618021846045,293.311004638672,1.71286413305459e-13
2,1,0.00131319000502117,0.0019653249764815,0.0023636772733327,293.299987792969,1.74028916700839e-13
2,1,0.0013340225268621,0.00199650251306593,0.00240117437660286,293.283996582031,1.7675936463478e-13
2,1,0.0013548550195992,0.00202768255257979,0.00243867354481276,293.263000488281,1.79573516674338e-13
2,1,0.00137568748323247,0.0020588650368154,0.00247617472956643,293.236999511719,1.82342323129687e-13
2,1,0.00139652247889899,0.00209004251519218,0.00251367315882177,293.205993652344,1.85078071041479e-13
2,1,0.00141735500073992,0.00212121999356896,0.00255117021369393,293.170013427734,1.87821693847638e-13
2,1,0.00124147499445826,0.00192270500701852,0.00228867968616826,293.316009521484,1.68526966464851e-13
2,1,0.00126181499217637,0.00195420999079943,0.00232618007957711,293.311004638672,1.71270667023398e-13
2,1,0.0012821574928239,0.00198570993961766,0.00236367760083749,293.299987792969,1.74046484234449e-13
2,1,0.00130249999347143,0.00201721000485122,0.00240117521990065,293.283996582031,1.76797404791095e-13
2,1,0.00132283751736395,0.00204871501773596,0.00243867429585061,293.263000488281,1.7958614051806e-13
2,1,0.00134317751508206,0.00208021997241303,0.00247617466481024,293.236999511719,1.82315128877171e-13
2,1,0.00136351998662576,0.00211171997943893,0.00251367221918242,293.205993652344,1.85064905545796e-13
2,1,0.00138385998434387,0.00214321998646483,0.00255116843165059,293.170013427734,1.87847390675296e-13
2,1,0.00121112249325961,0.00194196749362163,0.0022886798465409,293.316009521484,1.68544298616117e-13
2,1,0.00123096499009989,0.00197378743905574,0.0023261796279363,293.311004638672,1.71231562167153e-13
2,1,0.00125080748694018,0.00200560491066426,0.00236367731026597,293.299987792969,1.74053223997308e-13
2,1,0.00127065248670988,0.0020374224986881,0.00240117641587253,293.283996582031,1.76803753700714e-13
2,1,0.00129049501265399,0.00206924002850428,0.00243867416299292,293.263000488281,1.7953587979877e-13
2,1,0.00131033750949427,0.00210106000304222,0.00247617396908445,293.236999511719,1.82326789870281e-13
2,1,0.00133018248016015,0.0021328775328584,0.00251367300989949,293.205993652344,1.85075712693254e-13
2,1,0.00135002497700043,0.00216469500446692,0.00255117069222917,293.170013427734,1.8783309994471e-13
2,1,0.00118046748684719,0.00196074999985285,0.00228867735808835,293.316009521484,1.68549941559969e-13
2,1,0.00119980997988023,0.00199287745635957,0.00232617809805835,293.311004638672,1.71285033791152e-13
2,1,0.00121914999908768,0.00202500494197011,0.00236367758699846,293.299987792969,1.74049628087199e-13
2,1,0.00123849252122454,0.00205713248578832,0.00240117841678096,293.283996582031,1.76807803309709e-13
2,1,0.00125783501425758,0.00208925502374768,0.0024386749429449,293.263000488281,1.79539208607254e-13
2,1,0.00127717497525737,0.00212138000642881,0.00247617225755793,293.236999511719,1.8231412087012e-13
2,1,0.0012965174682904,0.00215350755024701,0.00251367307232923,293.205993652344,1.85071462567037e-13
2,1,0.00131585999042727,0.00218563503585756,0.00255117385224436,293.170013427734,1.87844955588568e-13
2,1,0.00114952251897193,0.00197905005188659,0.00228867672018044,293.316009521484,1.68528344258856e-13
2,1,0.0011683575285133,0.00201147753978148,0.00232617738091468,293.311004638672,1.71271002435656e-13
2,1,0.00118719250895083,0.00204390252474695,0.00236367586271382,293.299987792969,1.74020506422475e-13
2,1,0.00120602748938836,0.00207633001264185,0.00240117650883014,293.283996582031,1.76803409672548e-13
2,1,0.00122486246982589,0.00210875499760732,0.00243867499062951,293.263000488281,1.79534858490085e-13
2,1,0.00124369745026343,0.00214117998257279,0.00247617347242922,293.236999511719,1.8235045992835e-13
2,1,0.00126253245980479,0.00217360752867535,0.00251367418349612,293.205993652344,1.85090796038267e-13
2,1,0.00128136746934615,0.00220603251364082,0.00255117267991389,293.170013427734,1.87840162656745e-13
2,1,0.00111829754314385,0.0019968650303781,0.0022886806995622,293.316009521484,1.68526436280721e-13
2,1,0.00113662003423087,0.00202958250883967,0.0023261793272237,293.311004638672,1.71254969731397e-13
2,1,0.00115494249621406,0.00206229754257947,0.00236367580765436,293.299987792969,1.74036380055994e-13
2,1,0.00117326495819725,0.00209501502104104,0.00240117442109505,293.283996582031,1.76803730761663e-13
2,1,0.00119158744928427,0.0021277324995026,0.00243867304875651,293.263000488281,1.79554024259421e-13
2,1,0.00120991247240454,0.00216045253910124,0.00247617514820521,293.236999511719,1.82346529922256e-13
2,1,0.00122823499259539,0.00219317252049223,0.00251367597388327,293.205993652344,1.85061452597762e-13
2,1,0.00124655748368241,0.00222588749602437,0.0025511724177488,293.170013427734,1.87844368770003e-13
2,1,0.00108679503318854,0.00201418501092121,0.00228868187006909,293.316009521484,1.68514669028696e-13
2,1,0.00110460250289179,0.00204718497116119,0.00232617991469771,293.311004638672,1.7125200405651e-13
2,1,0.00112240749876946,0.00208018498960882,0.00236367683584025,293.299987792969,1.74019837830708e-13
2,1,0.00114021249464713,0.00211318500805646,0.00240117375698303,293.283996582031,1.76787933244933e-13
2,1,0.00115801996435039,0.0021461850265041,0.00243867185283803,293.263000488281,1.79547130126795e-13
2,1,0.00117582749226131,0.00217919005081058,0.00247617438180539,293.236999511719,1.82367454766641e-13
2,1,0.0011936325172428,0.00221219501690939,0.00251367567101608,293.205993652344,1.85092041592651e-13
2,1,0.00121144001604989,0.00224519497714937,0.00255117372946331,293.170013427734,1.87851908978856e-13
2,1,0.00105502252699807,0.00203100504586473,0.00228867953824938,293.316009521484,1.68524182968311e-13
2,1,0.00107230999856256,0.00206428254023194,0.00232617951562722,293.311004638672,1.71292533119333e-13
2,1,0.00108959499630146,0.00209755747346207,0.00236367607984719,293.299987792969,1.74017301126745e-13
2,1,0.00110688002314419,0.00213083496782929,0.00240117493027054,293.283996582031,1.76817248743876e-13
2,1,0.00112416749470867,0.00216411252040416,0.00243867495930262,293.263000488281,1.79562453475505e-13
2,1,0.00114145249244757,0.00219739001477137,0.00247617379630988,293.236999511719,1.82319995264439e-13
2,1,0.00115873749018647,0.00223066750913858,0.00251367263331767,293.205993652344,1.85033821495322e-13
2,1,0.00117602499085478,0.0022639450035058,0.00255117262411109,293.170013427734,1.87846034442237e-13
2,1,0.00102299050195143,0.00204732501879334,0.00228867850508978,293.316009521484,1.68529284221238e-13
2,1,0.00103975250385702,0.00208087003557011,0.00232617827653224,293.311004638672,1.71251276044452e-13
2,1,0.00105651500052772,0.00211441249120981,0.00236367597807401,293.299987792969,1.74017255394331e-13
2,1,0.00107327502337284,0.00214795995270833,0.00240117705182995,293.283996582031,1.76817161197371e-13
2,1,0.00109003501711413,0.0021815049694851,0.00243867592566606,293.263000488281,1.79540834655797e-13
2,1,0.00110679751378484,0.00221504748333246,0.0024761736792757,293.236999511719,1.82330129097135e-13
2,1,0.00112356001045555,0.00224858999717981,0.00251367143288695,293.205993652344,1.85052857356888e-13
2,1,0.00114032000419684,0.00228213501395658,0.00255117030672162,293.170013427734,1.87864884678922e-13
2,1,0.000990706728771329,0.00206314248498529,0.00228868012963456,293.316009521484,1.68525954913012e-13
2,1,0.00100693947752006,0.00209694501245394,0.00232617830284865,293.311004638672,1.71275162869015e-13
2,1,0.00102317298296839,0.0021307475399226,0.00236367680361817,293.299987792969,1.74066614229961e-13
2,1,0.00103940500412136,0.002164552512113,0.00240117686568217,293.283996582031,1.76788717905824e-13
2,1,0.00105563501711003,0.002198354981374,0.00243867380218855,293.263000488281,1.79523185227014e-13
2,1,0.0010718675039243,0.00223215745063499,0.00247617180954678,293.236999511719,1.82333921416409e-13
2,1,0.00108810252277181,0.00226595997810364,0.00251367096542682,293.205993652344,1.85068863695044e-13
2,1,0.00110433253576048,0.00229976500850171,0.00255117021068137,293.170013427734,1.87859152838412e-13
2,1,0.000958177988650277,0.00207844999385998,0.00228868071930325,293.316009521484,1.68493641781887e-13
2,1,0.000973876973148435,0.00211250252323225,0.0023261778241337,293.311004638672,1.71272657615828e-13
2,1,0.000989576466963626,0.00214655755553395,0.00236367741521302,293.299987792969,1.7404198226825e-13
2,1,0.00100527697941288,0.00218061252962798,0.00240117737989263,293.283996582031,1.76820980414677e-13
2,1,0.00102097625494935,0.00221466500079259,0.00243867455370864,293.263000488281,1.79535512286071e-13
2,1,0.00103667500661686,0.00224871747195721,0.00247617150820166,293.236999511719,1.82309648668276e-13
2,1,0.00105237500974908,0.0022827725042589,0.00251367131251181,293.205993652344,1.85099575662287e-13
2,1,0.00106807250995189,0.00231683003949001,0.00255117234196325,293.170013427734,1.87869599721986e-13
2,1,0.000925413012737408,0.0020932424813509,0.00228867938555749,293.316009521484,1.68501876138008e-13
2,1,0.000940575249842368,0.00212753750383854,0.00232617661213751,293.311004638672,1.71266224470713e-13
2,1,0.000955737734329887,0.0021618350292556,0.0023636762279421,293.299987792969,1.74043555984383e-13
2,1,0.000970900233369321,0.00219613505760208,0.002401178138828,293.283996582031,1.76809394342361e-13
2,1,0.000986063503660262,0.00223043002188206,0.00243867572993286,293.263000488281,1.79540143035195e-13
2,1,0.00100122627918608,0.00226472498616204,0.00247617312098315,293.236999511719,1.8234755918109e-13
2,1,0.00101638850173913,0.0022990225115791,0.00251367263087598,293.205993652344,1.85069168367179e-13
2,1,0.00103154999669641,0.00233332003699616,0.00255117184657014,293.170013427734,1.87833687849157e-13
2,1,0.000892419513547793,0.00210751994745806,0.00228867929537856,293.316009521484,1.68517010054473e-13
2,1,0.000907041496247984,0.00214205001248047,0.00232617766558863,293.311004638672,1.71276786781368e-13
2,1,0.000921663231565617,0.00217658001929522,0.00236367588573712,293.299987792969,1.74037196878312e-13
2,1,0.00093628499598708,0.00221111252903938,0.00240117642204513,293.283996582031,1.76812978661819e-13
2,1,0.000950907007791102,0.00224564253585413,0.00243867475000329,293.263000488281,1.7952864748243e-13
2,1,0.00096552875766065,0.00228017248446122,0.0024761729222257,293.236999511719,1.82334275726576e-13
2,1,0.000980151249677874,0.00231470249127597,0.00251367143743256,293.205993652344,1.85061459156253e-13
2,1,0.000994772999547422,0.00234923249809071,0.00255116966325529,293.170013427734,1.87861921467175e-13
2,1,0.000859205742017366,0.00212127750273794,0.00228867925903516,293.316009521484,1.68506587665083e-13
2,1,0.000873283483088017,0.0021560350432992,0.00232617951795826,293.311004638672,1.71298010597429e-13
2,1,0.000887361238710582,0.00219079002272338,0.00236367740853744,293.299987792969,1.74011325635263e-13
2,1,0.000901438746950589,0.00222554500214756,0.00240117520624544,293.283996582031,1.7681392378426e-13
2,1,0.000915516502573155,0.00226030254270881,0.00243867547063149,293.263000488281,1.79563501127423e-13
2,1,0.000929594258195721,0.00229505752213299,0.00247617336121074,293.236999511719,1.82318356096372e-13
2,1,0.000943671766435727,0.00232981250155717,0.00251367115891877,293.205993652344,1.85078707707291e-13
2,1,0.000957749260123819,0.00236456998391077,0.00255117127102033,293.170013427734,1.87868690243079e-13
2,1,0.000825780240120366,0.0021345125278458,0.00228868012979182,293.316009521484,1.68528086499884e-13
2,1,0.000839310232549906,0.00216948753222823,0.00232618095146459,293.311004638672,1.71284093520453e-13
2,1,0.000852840501465835,0.00220446003368124,0.0023636795385666,293.299987792969,1.74028709858056e-13
2,1,0.000866370261064731,0.00223943003220484,0.00240117560757191,293.283996582031,1.76783770291683e-13
2,1,0.000879900006111711,0.00227440253365785,0.00243867400565648,293.263000488281,1.79556824912393e-13
2,1,0.000893430260475725,0.00230937503511086,0.00247617258750819,293.236999511719,1.82300024741154e-13
2,1,0.000906960252905264,0.00234434747835621,0.00251367102056437,293.205993652344,1.85085145209487e-13
2,1,0.00092049001250416,0.00237932248273864,0.00255117175822905,293.170013427734,1.87843487535047e-13
2,1,0.000792151011410169,0.0021472200169228,0.00228868019302656,293.316009521484,1.68503953060619e-13
2,1,0.000805129995569587,0.00218240253161639,0.00232618037128928,293.311004638672,1.71288758270736e-13
2,1,0.000818108994280919,0.00221758498810232,0.00236368049997881,293.299987792969,1.74032227745576e-13
2,1,0.000831088007544167,0.00225276249693707,0.00240117599186104,293.283996582031,1.76770076889512e-13
2,1,0.000844066758872941,0.00228794000577182,0.00243867139308383,293.263000488281,1.79553485487335e-13
2,1,0.000857045757584274,0.0023231225204654,0.00247617157638293,293.236999511719,1.82342234349918e-13
2,1,0.00087002498912625,0.00235830497695133,0.00251367178565889,293.205993652344,1.85080381565993e-13
2,1,0.000883003740455024,0.0023934849887155,0.00255116953510816,293.170013427734,1.87834930964117e-13
2,1,0.000758326263166964,0.00215939502231777,0.0022886776933023,293.316009521484,1.68508289585625e-13
2,1,0.000770750746596605,0.00219477753853425,0.00232617822985121,293.311004638672,1.71291575924287e-13
2,1,0.000783175491960719,0.00223015999654308,0.00236367879826954,293.299987792969,1.74029876362413e-13
2,1,0.000795600499259308,0.00226553995162249,0.00240117709193205,293.283996582031,1.76799706277036e-13
2,1,0.000808025259175338,0.00230091746198013,0.00243867299700277,293.263000488281,1.79535843539451e-13
2,1,0.000820450019091368,0.0023362974752672,0.00247617126361787,293.236999511719,1.82333971590607e-13
2,1,0.000832874997286126,0.00237167999148369,0.00251367196410121,293.205993652344,1.85072639282244e-13
2,1,0.000845299728098325,0.00240706000477076,0.00255117022107308,293.170013427734,1.878392260257e-13
2,1,0.000724314508261159,0.00217103998875245,0.00228867781473056,293.316009521484,1.68508477555063e-13
2,1,0.000736181740649045,0.00220661249477416,0.00232617760658091,293.311004638672,1.71289530402477e-13
2,1,0.000748049249523319,0.00224218500079587,0.00236367748593296,293.299987792969,1.74026685997142e-13
2,1,0.000759916758397594,0.00227775744860992,0.00240117731006927,293.283996582031,1.76809534855694e-13
2,1,0.000771784252719954,0.00231332745170221,0.00243867481053656,293.263000488281,1.79531782338959e-13
2,1,0.000783651761594228,0.0023488974547945,0.00247617231560928,293.236999511719,1.82344896780751e-13
2,1,0.000795519503299147,0.0023844699608162,0.00251367226864684,293.205993652344,1.85079980964377e-13
2,1,0.00080738723045215,0.00242004246683791,0.00255117221707907,293.170013427734,1.87860658443809e-13
2,1,0.000690124012180604,0.00218214996857569,0.00228867857890599,293.316009521484,1.68498029925263e-13
2,1,0.000701431243214756,0.00221790245268494,0.00232617649342944,293.311004638672,1.71277985073615e-13
2,1,0.000712738503352739,0.00225365749793127,0.00236367685865546,293.299987792969,1.74040937497054e-13
2,1,0.000724045763490722,0.00228941248496994,0.00240117716838327,293.283996582031,1.76805454160143e-13
2,1,0.000735352994524874,0.0023251649690792,0.00243867508290665,293.263000488281,1.79538716292632e-13
2,1,0.000746660254662856,0.00236091751139611,0.00247617306170429,293.236999511719,1.82319904461982e-13
2,1,0.000757967762183398,0.00239667249843478,0.00251367344602733,293.205993652344,1.85084848678081e-13
2,1,0.000769275240600109,0.00243242748547345,0.00255117382157451,293.170013427734,1.87852069548824e-13
2,1,0.000655763011309318,0.00219272245885804,0.00228868016738511,293.316009521484,1.68512310542406e-13
2,1,0.000666507257847115,0.00222864747047424,0.00232617743786112,293.311004638672,1.71276667771383e-13
2,1,0.000677251504384913,0.00226457504322752,0.00236367716209312,293.299987792969,1.74054869276639e-13
2,1,0.00068799575092271,0.00230050249956548,0.0024011767747908,293.283996582031,1.76788817332659e-13
2,1,0.000698740244843066,0.00233642745297402,0.00243867406038077,293.263000488281,1.79550709628393e-13
2,1,0.000709484753315337,0.00237235252279788,0.00247617146167474,293.236999511719,1.82311721434549e-13
2,1,0.000720229014405049,0.0024082800373435,0.00251367113430896,293.205993652344,1.85090728388311e-13
2,1,0.000730973246390931,0.00244420755188912,0.00255117079860426,293.170013427734,1.87824891748865e-13
2,1,0.000621240251348354,0.00220275501487777,0.0022886828319941,293.316009521484,1.68512013596806e-13
2,1,0.000631418763077818,0.00223884504521266,0.00232618073047646,293.311004638672,1.71273375204432e-13
2,1,0.000641597507637925,0.00227493507554755,0.00236367869215842,293.299987792969,1.74032960265485e-13
2,1,0.000651776252198033,0.00231102504767478,0.00240117659781814,293.283996582031,1.76790991734802e-13
2,1,0.000661954996758141,0.00234711496159434,0.00243867444745564,293.263000488281,1.79555313715804e-13
2,1,0.000672133741318248,0.00238320493372157,0.00247617235311545,293.236999511719,1.82318821634933e-13
2,1,0.000682312253047712,0.00241929496405646,0.00251367025159785,293.205993652344,1.85080183242558e-13
2,1,0.00069249099760782,0.00245538499439135,0.00255116821327997,293.170013427734,1.87839814855943e-13
2,1,0.00058656424516812,0.00221224006963894,0.00228868165969532,293.316009521484,1.68524994173179e-13
2,1,0.000596174751990475,0.0022484875516966,0.00232618155031921,293.311004638672,1.71267355064724e-13
2,1,0.000605785506195389,0.00228473253082484,0.00236367908501253,293.299987792969,1.74028208540438e-13
2,1,0.000615396260400303,0.00232097750995308,0.00240117661970599,293.283996582031,1.76787954355263e-13
2,1,0.000625006505288184,0.00235722248908132,0.00243867402386692,293.263000488281,1.79547723425079e-13
2,1,0.000634616735624149,0.00239346746820956,0.00247617142429836,293.236999511719,1.82308944935258e-13
2,1,0.000644227242446505,0.00242971495026723,0.00251367131492212,293.205993652344,1.85096934512037e-13
2,1,0.000653837996651419,0.00246596243232489,0.00255117126894742,293.170013427734,1.87839964065651e-13
2,1,0.000551743491087109,0.00222117750672624,0.00228867874467859,293.316009521484,1.68521635936608e-13
2,1,0.000560783504624851,0.00225757248699665,0.00232617963044636,293.311004638672,1.71281513442186e-13
2,1,0.000569823750993237,0.00229396496433765,0.00236367814323453,293.299987792969,1.74023870373903e-13
2,1,0.000578863997361623,0.00233035744167864,0.00240117665602273,293.283996582031,1.76809297116089e-13
2,1,0.000587903763516806,0.0023667499772273,0.00243867510953441,293.263000488281,1.79550139073498e-13
2,1,0.000596943500568159,0.00240314000984654,0.00247617112692071,293.236999511719,1.82307207624441e-13
2,1,0.000605983499553986,0.00243953499011695,0.00251367200918032,293.205993652344,1.85115918441834e-13
2,1,0.000615023745922372,0.00247592997038737,0.00255117295107776,293.170013427734,1.87825808863675e-13
2,1,0.000516786749358289,0.00222957000369206,0.00228867886468935,293.316009521484,1.68514147933959e-13
2,1,0.000525253999512643,0.0022661000257358,0.00232617735580153,293.311004638672,1.71269693808624e-13
2,1,0.000533721249666996,0.00230262998957187,0.00236367579020936,293.299987792969,1.74030899151693e-13
2,1,0.000542188747203909,0.00233916245633736,0.0024011767187637,293.283996582031,1.76817625315476e-13
2,1,0.000550656011910178,0.00237569498131052,0.002438677651449,293.263000488281,1.79556404112689e-13
2,1,0.000559123014681973,0.00241222250042483,0.0024761736484146,293.236999511719,1.82295936812035e-13
2,1,0.000567590250284411,0.00244875252246857,0.00251367213624094,293.205993652344,1.85101283415423e-13
2,1,0.000576057747821324,0.00248528498923406,0.00255117306479531,293.170013427734,1.87839821021416e-13
2,1,0.000481702503748238,0.00223741499939933,0.00228868153784104,293.316009521484,1.68523106317322e-13
2,1,0.000489594996906817,0.00227407255442813,0.00232617910828024,293.311004638672,1.71263002957476e-13
2,1,0.000497487249958795,0.00231073005124927,0.00236367657128,293.299987792969,1.74045517834814e-13
2,1,0.000505379750393331,0.00234738999279216,0.00240117647630665,293.283996582031,1.76803966315105e-13
2,1,0.000513272258103825,0.00238404999254271,0.00243867643976849,293.263000488281,1.79561748617642e-13
2,1,0.00052116451843176,0.00242070748936385,0.00247617390429962,293.236999511719,1.82297844208266e-13
2,1,0.000529056997038424,0.00245736498618498,0.00251367141477227,293.205993652344,1.8508531876515e-13
2,1,0.000536949490197003,0.00249402498593554,0.00255117137517133,293.170013427734,1.87842460437812e-13
2,1,0.000446499245299492,0.0022447049850598,0.00228868128973986,293.316009521484,1.68518339439051e-13
2,1,0.000453814747743309,0.00228148250607774,0.00232617932473145,293.311004638672,1.71258395523481e-13
2,1,0.000461130497569684,0.00231826002709568,0.00236367740798496,293.299987792969,1.74041315037648e-13
2,1,0.000468446247396059,0.00235504005104303,0.00240117794607485,293.283996582031,1.76805730761967e-13
2,1,0.000475762004498392,0.00239181751385331,0.00243867597365861,293.263000488281,1.79542370498186e-13
2,1,0.000483077506942209,0.00242859497666359,0.00247617395156098,293.236999511719,1.82328055626987e-13
2,1,0.00049039299483411,0.00246537243947387,0.00251367192662441,293.205993652344,1.85066632362009e-13
2,1,0.000497708737384528,0.00250214996049181,0.00255117000845848,293.170013427734,1.87851544802999e-13
2,1,0.000411185748816933,0.00225144001888111,0.00228867994237935,293.316009521484,1.68521468227091e-13
2,1,0.000417922747146804,0.00228832749417052,0.00232617758203441,293.311004638672,1.71257529556097e-13
2,1,0.000424659992859233,0.00232521496945992,0.00236367526613444,293.299987792969,1.74040825071395e-13
2,1,0.000431396998465061,0.00236210500588641,0.00240117542656056,293.283996582031,1.76799424698111e-13
2,1,0.000438134251453448,0.00239899498410523,0.0024386755741711,293.263000488281,1.79564124392499e-13
2,1,0.000444871242507361,0.00243588496232405,0.00247617567472231,293.236999511719,1.82326355712193e-13
2,1,0.000451607993454672,0.00247277243761346,0.00251367326993246,293.205993652344,1.85062495677878e-13
2,1,0.000458345246443059,0.00250965997111052,0.00255117101260018,293.170013427734,1.87849089387318e-13
2,1,0.000375771000108216,0.00225761998444796,0.0022886790597856,293.316009521484,1.68510799945932e-13
2,1,0.000381928002752829,0.00229461002163589,0.00232617801354037,293.311004638672,1.71274195812515e-13
2,1,0.000388084743462969,0.00233160000061616,0.00236367686687119,293.299987792969,1.74038900970195e-13
2,1,0.000394241251342464,0.00236858997959644,0.00240117568197429,293.283996582031,1.76802778040588e-13
2,1,0.000400398253987078,0.00240557995857671,0.00243867457831131,293.263000488281,1.79558600640318e-13
2,1,0.000406555242079776,0.00244256993755698,0.0024761734722591,293.236999511719,1.82313989516906e-13
2,1,0.000412711749959271,0.00247955997474492,0.00251367234477993,293.205993652344,1.85077424229614e-13
2,1,0.000418868752603885,0.00251655001193285,0.00255117129853469,293.170013427734,1.87841446499913e-13
2,1,0.000340263752150349,0.00226324249524623,0.00228867778713296,293.316009521484,1.68526564098888e-13
2,1,0.000345838750945404,0.00230032752733678,0.00232617952331259,293.311004638672,1.71291080654405e-13
2,1,0.000351413495081943,0.00233740999829024,0.00236367868895772,293.299987792969,1.74027352244775e-13
2,1,0.000356988501152955,0.00237449246924371,0.00240117789354527,293.283996582031,1.7680801253093e-13
2,1,0.000362563754606526,0.00241157249547541,0.00243867471735939,293.263000488281,1.79523951924261e-13
2,1,0.00036813900078414,0.00244865252170712,0.00247617154009188,293.236999511719,1.82333943144218e-13
2,1,0.000373713752196636,0.00248573505086824,0.00251367076437942,293.205993652344,1.85068568695902e-13
2,1,0.000379288750991691,0.00252281752182171,0.00255116996788522,293.170013427734,1.87854951245712e-13
2,1,0.000304672001220752,0.00226830755127594,0.00228867738563199,293.316009521484,1.68516669598622e-13
2,1,0.000309663744701538,0.00230547500541434,0.00232617854761255,293.311004638672,1.7129598497132e-13
2,1,0.000314655495458283,0.00234263995662332,0.00236367722990898,293.299987792969,1.74011672585656e-13
2,1,0.000319647500873543,0.00237980496603996,0.00240117600379546,293.283996582031,1.76821066936284e-13
2,1,0.000324639506288804,0.00241697003366426,0.00243867483537155,293.263000488281,1.79537375331381e-13
2,1,0.000329631504428107,0.0024541350430809,0.00247617360828945,293.236999511719,1.82347030802811e-13
2,1,0.000334623247908894,0.00249129999428988,0.00251367228961729,293.205993652344,1.85059262396117e-13
2,1,0.000339614998665638,0.0025284625007771,0.00255116854895058,293.170013427734,1.87841571860869e-13
2,1,0.000269005249720067,0.00227281253319234,0.00228867661223973,293.316009521484,1.68493533441839e-13
2,1,0.000273412741080392,0.00231005251407623,0.00232617650765694,293.311004638672,1.71300341797327e-13
2,1,0.000277820246992633,0.00234729249496013,0.00236367640478455,293.299987792969,1.74016329039358e-13
2,1,0.000282227752904873,0.00238453247584403,0.00240117630191216,293.283996582031,1.76824457695113e-13
2,1,0.000286635251541156,0.00242177251493558,0.00243867625598879,293.263000488281,1.7953952996064e-13
2,1,0.000291042750177439,0.00245900999289006,0.00247617366668092,293.236999511719,1.82321148227454e-13
2,1,0.000295450248813722,0.00249624997377396,0.00251367356295335,293.205993652344,1.8508396920239e-13
2,1,0.000299857747450005,0.00253348750993609,0.00255117103144967,293.170013427734,1.87823014483749e-13
2,1,0.000233272501645843,0.00227676000213251,0.00228867913158103,293.316009521484,1.68501055420448e-13
2,1,0.000237094496696955,0.00231406255625188,0.00232617697405227,293.311004638672,1.71282259119099e-13
2,1,0.000240916499024024,0.00235136755509302,0.00236367724925509,293.299987792969,1.74042957570086e-13
2,1,0.000244738501351094,0.0023886724957265,0.0024011774665534,293.283996582031,1.76804226823299e-13
2,1,0.000248560496402206,0.00242597499163821,0.00243867525112011,293.263000488281,1.79539697411604e-13
2,1,0.000252382498729276,0.00246327748754993,0.00247617303642842,293.236999511719,1.82326607221836e-13
2,1,0.000256204501056345,0.00250058248639107,0.00251367331163126,293.205993652344,1.85088392123009e-13
2,1,0.000260026496107457,0.00253788498230278,0.00255117109619797,293.170013427734,1.87821636557396e-13
2,1,0.000197481749637518,0.00228014501044527,0.00228868091050245,293.316009521484,1.6851987550336e-13
2,1,0.000200717498955783,0.00231750257080421,0.00232617834227541,293.311004638672,1.71257915255631e-13
2,1,0.000203953248274047,0.00235486257588491,0.00236367820965224,293.299987792969,1.74062812121231e-13
2,1,0.000207188750209752,0.00239222252275795,0.00240117799769277,293.283996582031,1.76777036994144e-13
2,1,0.000210424248507479,0.00242957746377215,0.00243867279823051,293.263000488281,1.79538678182993e-13
2,1,0.000213659746805206,0.00246693746885285,0.0024761726439477,293.236999511719,1.82348321161908e-13
2,1,0.000216895499761449,0.00250429747393355,0.00251367251163844,293.205993652344,1.8505880562614e-13
2,1,0.000220131249079714,0.00254165497608483,0.00255116988542084,293.170013427734,1.87844395329861e-13
2,1,0.000161642248713179,0.00228296499699354,0.00228868027344729,293.316009521484,1.68536335769523e-13
2,1,0.000164290999236982,0.00232037005480379,0.00232617899647908,293.311004638672,1.71251394548765e-13
2,1,0.000166939498740248,0.00235777505440637,0.00236367764371977,293.299987792969,1.74058963347515e-13
2,1,0.000169587750860956,0.0023951799958013,0.00240117621542626,293.283996582031,1.76772581443906e-13
2,1,0.000172236250364222,0.00243258249247447,0.00243867236598786,293.263000488281,1.79556158379948e-13
2,1,0.00017488449884695,0.00246998999500647,0.00247617349217881,293.236999511719,1.82341465640781e-13
2,1,0.000177533001988195,0.00250739499460906,0.00251367213967643,293.205993652344,1.85055938637579e-13
2,1,0.00018018174887402,0.00254479999421164,0.00255117080438901,293.170013427734,1.87864976488912e-13
2,1,0.000125763248433941,0.00228522246470675,0.00228868042938656,293.316009521484,1.68525040417088e-13
2,1,0.000127823999719112,0.00232266500825062,0.00232617963954981,293.311004638672,1.71265329078419e-13
2,1,0.000129884499983746,0.00236010749358684,0.00236367877779972,293.299987792969,1.74049095102603e-13
2,1,0.000131945000248379,0.00239754747599363,0.00240117541690189,293.283996582031,1.76762128184586e-13
2,1,0.00013400575153355,0.00243498751660809,0.00243867212791743,293.263000488281,1.7957190679407e-13
2,1,0.000136066251798184,0.00247243250487372,0.00247617376531506,293.236999511719,1.82330690443842e-13
2,1,0.000138126752062817,0.00250987499020994,0.00251367290356497,293.205993652344,1.850683506305e-13
2,1,0.00014018749789102,0.00254731747554615,0.00255117205530865,293.170013427734,1.87855527081259e-13
2,1,8.98531743587228e-05,0.00228691496886313,0.00228867945937228,293.316009521484,1.68515251006212e-13
2,1,9.1325375251472e-05,0.00232438498642296,0.00232617838724232,293.311004638672,1.71274788904548e-13
2,1,9.27975743252318e-05,0.00236185500398278,0.00236367731504094,293.299987792969,1.74036290265305e-13
2,1,9.42697752179811e-05,0.00239932502154261,0.00240117624291098,293.283996582031,1.76797640425957e-13
2,1,9.57419761107303e-05,0.00243679498089477,0.00243867511261823,293.263000488281,1.79560418829882e-13
2,1,9.72141751844902e-05,0.0024742649984546,0.00247617404041686,293.236999511719,1.82321034751488e-13
2,1,9.86863760772394e-05,0.00251173501601443,0.0025136729682869,293.205993652344,1.85081442304719e-13
2,1,0.000100158600616851,0.00254920497536659,0.00255117183892252,293.170013427734,1.87841192555822e-13
2,1,5.39207258043461e-05,0.00228804495418444,0.00228868022166491,293.316009521484,1.685215571562e-13
2,1,5.48042007721961e-05,0.0023255324922502,0.00232617816878538,293.311004638672,1.71259839483037e-13
2,1,5.56876739210566e-05,0.00236302003031597,0.002363676115863,293.299987792969,1.74043810073049e-13
2,1,5.65711252420442e-05,0.00240051001310349,0.00240117650646954,293.283996582031,1.76804053118136e-13
2,1,5.74545765630319e-05,0.002437999995891,0.00243867689707607,293.263000488281,1.79565418089391e-13
2,1,5.83380497118924e-05,0.00247548753395677,0.00247617484415369,293.236999511719,1.82302210170253e-13
2,1,5.92215246797423e-05,0.00251297501381487,0.00251367273308265,293.205993652344,1.85087084538449e-13
2,1,6.01050005570869e-05,0.00255046249367297,0.00255117062203305,293.170013427734,1.87824212767737e-13
2,1,1.79750504685219e-05,0.00228860997594893,0.00228868056409196,293.316009521484,1.68523953173028e-13
2,1,1.82695748662813e-05,0.00232610746752471,0.00232617921232222,293.311004638672,1.71262929176347e-13
2,1,1.85640992640407e-05,0.00236360501730815,0.00236367791875833,293.299987792969,1.74047109697701e-13
2,1,1.88586000149378e-05,0.00240110250888392,0.00240117656680287,293.283996582031,1.76784061781554e-13
2,1,1.91531007658349e-05,0.0024386000004597,0.0024386752148474,293.263000488281,1.79569303998187e-13
2,1,1.94476251635943e-05,0.00247609749203548,0.00247617386307765,293.236999511719,1.82305716725138e-13
2,1,1.97421495613537e-05,0.00251359498361126,0.0025136725113079,293.205993652344,1.85091941672255e-13
2,1,2.00366494027561e-05,0.00255109253339469,0.00255117121755116,293.170013427734,1.87827955459289e-13
2,1,-1.79750504685214e-05,0.00228860997594893,0.00228868056409196,293.316009521484,1.68523953173033e-13
2,1,-1.82695748662805e-05,0.00232610746752471,0.00232617921232222,293.311004638672,1.71262929176355e-13
2,1,-1.85640992640396e-05,0.00236360501730815,0.00236367791875833,293.299987792969,1.74047109697711e-13
2,1,-1.88586000149364e-05,0.00240110250888392,0.00240117656680287,293.283996582031,1.76784061781568e-13
2,1,-1.91531007658332e-05,0.0024386000004597,0.0024386752148474,293.263000488281,1.79569303998203e-13
2,1,-1.94476251635923e-05,0.00247609749203548,0.00247617386307765,293.236999511719,1.82305716725157e-13
2,1,-1.97421495613514e-05,0.00251359498361126,0.0025136725113079,293.205993652344,1.85091941672277e-13
2,1,-2.00366494027536e-05,0.00255109253339469,0.00255117121755116,293.170013427734,1.87827955459313e-13
2,1,-5.39207258043461e-05,0.00228804495418444,0.00228868022166491,293.316009521484,1.685215571562e-13
2,1,-5.48042007721961e-05,0.0023255324922502,0.00232617816878538,293.311004638672,1.71259839483037e-13
2,1,-5.56876739210566e-05,0.00236302003031597,0.002363676115863,293.299987792969,1.74043810073049e-13
2,1,-5.65711252420442e-05,0.00240051001310349,0.00240117650646954,293.283996582031,1.76804053118136e-13
2,1,-5.74545765630319e-05,0.002437999995891,0.00243867689707607,293.263000488281,1.79565418089391e-13
2,1,-5.83380497118924e-05,0.00247548753395677,0.00247617484415369,293.236999511719,1.82302210170253e-13
2,1,-5.92215246797423e-05,0.00251297501381487,0.00251367273308265,293.205993652344,1.85087084538449e-13
2,1,-6.01050005570869e-05,0.00255046249367297,0.00255117062203305,293.170013427734,1.87824212767737e-13
2,1,-8.98531743587228e-05,0.00228691496886313,0.00228867945937228,293.316009521484,1.68515251006212e-13
2,1,-9.1325375251472e-05,0.00232438498642296,0.00232617838724232,293.311004638672,1.71274788904548e-13
2,1,-9.27975743252318e-05,0.00236185500398278,0.00236367731504094,293.299987792969,1.74036290265305e-13
2,1,-9.42697752179811e-05,0.00239932502154261,0.00240117624291098,293.283996582031,1.76797640425957e-13
2,1,-9.57419761107303e-05,0.00243679498089477,0.00243867511261823,293.263000488281,1.79560418829882e-13
2,1,-9.72141751844902e-05,0.0024742649984546,0.00247617404041686,293.236999511719,1.82321034751488e-13
2,1,-9.86863760772394e-05,0.00251173501601443,0.0025136729682869,293.205993652344,1.85081442304719e-13
2,1,-0.000100158600616851,0.00254920497536659,0.00255117183892252,293.170013427734,1.87841192555822e-13
2,1,-0.000125763248433941,0.00228522246470675,0.00228868042938656,293.316009521484,1.68525040417088e-13
2,1,-0.000127823999719112,0.00232266500825062,0.00232617963954981,293.311004638672,1.71265329078419e-13
2,1,-0.000129884499983746,0.00236010749358684,0.00236367877779972,293.299987792969,1.74049095102603e-13
2,1,-0.000131945000248379,0.00239754747599363,0.00240117541690189,293.283996582031,1.76762128184586e-13
2,1,-0.00013400575153355,0.00243498751660809,0.00243867212791743,293.263000488281,1.7957190679407e-13
2,1,-0.000136066251798184,0.00247243250487372,0.00247617376531506,293.236999511719,1.82330690443842e-13
2,1,-0.000138126752062817,0.00250987499020994,0.00251367290356497,293.205993652344,1.850683506305e-13
2,1,-0.00014018749789102,0.00254731747554615,0.00255117205530865,293.170013427734,1.87855527081259e-13
2,1,-0.000161642248713179,0.00228296499699354,0.00228868027344729,293.316009521484,1.68536335769523e-13
2,1,-0.000164290999236982,0.00232037005480379,0.00232617899647908,293.311004638672,1.71251394548765e-13
2,1,-0.000166939498740248,0.00235777505440637,0.00236367764371977,293.299987792969,1.74058963347515e-13
2,1,-0.000169587750860956,0.0023951799958013,0.00240117621542626,293.283996582031,1.76772581443906e-13
2,1,-0.000172236250364222,0.00243258249247447,0.00243867236598786,293.263000488281,1.79556158379948e-13
2,1,-0.00017488449884695,0.00246998999500647,0.00247617349217881,293.236999511719,1.82341465640781e-13
2,1,-0.000177533001988195,0.00250739499460906,0.00251367213967643,293.205993652344,1.85055938637579e-13
2,1,-0.00018018174887402,0.00254479999421164,0.00255117080438901,293.170013427734,1.87864976488912e-13
2,1,-0.000197481749637518,0.00228014501044527,0.00228868091050245,293.316009521484,1.6851987550336e-13
2,1,-0.000200717498955783,0.00231750257080421,0.00232617834227541,293.311004638672,1.71257915255631e-13
2,1,-0.000203953248274047,0.00235486257588491,0.00236367820965224,293.299987792969,1.74062812121231e-13
2,1,-0.000207188750209752,0.00239222252275795,0.00240117799769277,293.283996582031,1.76777036994144e-13
2,1,-0.000210424248507479,0.00242957746377215,0.00243867279823051,293.263000488281,1.79538678182993e-13
2,1,-0.000213659746805206,0.00246693746885285,0.0024761726439477,293.236999511719,1.82348321161908e-13
2,1,-0.000216895499761449,0.00250429747393355,0.00251367251163844,293.205993652344,1.8505880562614e-13
2,1,-0.000220131249079714,0.00254165497608483,0.00255116988542084,293.170013427734,1.87844395329861e-13
2,1,-0.000233272501645843,0.00227676000213251,0.00228867913158103,293.316009521484,1.68501055420448e-13
2,1,-0.000237094496696955,0.00231406255625188,0.00232617697405227,293.311004638672,1.71282259119099e-13
2,1,-0.000240916499024024,0.00235136755509302,0.00236367724925509,293.299987792969,1.74042957570086e-13
2,1,-0.000244738501351094,0.0023886724957265,0.0024011774665534,293.283996582031,1.76804226823299e-13
2,1,-0.000248560496402206,0.00242597499163821,0.00243867525112011,293.263000488281,1.79539697411604e-13
2,1,-0.000252382498729276,0.00246327748754993,0.00247617303642842,293.236999511719,1.82326607221836e-13
2,1,-0.000256204501056345,0.00250058248639107,0.00251367331163126,293.205993652344,1.85088392123009e-13
2,1,-0.000260026496107457,0.00253788498230278,0.00255117109619797,293.170013427734,1.87821636557396e-13
2,1,-0.000269005249720067,0.00227281253319234,0.00228867661223973,293.316009521484,1.68493533441839e-13
2,1,-0.000273412741080392,0.00231005251407623,0.00232617650765694,293.311004638672,1.71300341797327e-13
2,1,-0.000277820246992633,0.00234729249496013,0.00236367640478455,293.299987792969,1.74016329039358e-13
2,1,-0.000282227752904873,0.00238453247584403,0.00240117630191216,293.283996582031,1.76824457695113e-13
2,1,-0.000286635251541156,0.00242177251493558,0.00243867625598879,293.263000488281,1.7953952996064e-13
2,1,-0.000291042750177439,0.00245900999289006,0.00247617366668092,293.236999511719,1.82321148227454e-13
2,1,-0.000295450248813722,0.00249624997377396,0.00251367356295335,293.205993652344,1.8508396920239e-13
2,1,-0.000299857747450005,0.00253348750993609,0.00255117103144967,293.170013427734,1.87823014483749e-13
2,1,-0.000304672001220752,0.00226830755127594,0.00228867738563199,293.316009521484,1.68516669598622e-13
2,1,-0.000309663744701538,0.00230547500541434,0.00232617854761255,293.311004638672,1.7129598497132e-13
2,1,-0.000314655495458283,0.00234263995662332,0.00236367722990898,293.299987792969,1.74011672585656e-13
2,1,-0.000319647500873543,0.00237980496603996,0.00240117600379546,293.283996582031,1.76821066936284e-13
2,1,-0.000324639506288804,0.00241697003366426,0.00243867483537155,293.263000488281,1.79537375331381e-13
2,1,-0.000329631504428107,0.0024541350430809,0.00247617360828945,293.236999511719,1.82347030802811e-13
2,1,-0.000334623247908894,0.00249129999428988,0.00251367228961729,293.205993652344,1.85059262396117e-13
2,1,-0.000339614998665638,0.0025284625007771,0.00255116854895058,293.170013427734,1.87841571860869e-13
2,1,-0.000340263752150349,0.00226324249524623,0.00228867778713296,293.316009521484,1.68526564098888e-13
2,1,-0.000345838750945404,0.00230032752733678,0.00232617952331259,293.311004638672,1.71291080654405e-13
2,1,-0.000351413495081943,0.00233740999829024,0.00236367868895772,293.299987792969,1.74027352244775e-13
2,1,-0.000356988501152955,0.00237449246924371,0.00240117789354527,293.283996582031,1.7680801253093e-13
2,1,-0.000362563754606526,0.00241157249547541,0.00243867471735939,293.263000488281,1.79523951924261e-13
2,1,-0.00036813900078414,0.00244865252170712,0.00247617154009188,293.236999511719,1.82333943144218e-13
2,1,-0.000373713752196636,0.00248573505086824,0.00251367076437942,293.205993652344,1.85068568695902e-13
2,1,-0.000379288750991691,0.00252281752182171,0.00255116996788522,293.170013427734,1.87854951245712e-13
2,1,-0.000375771000108216,0.00225761998444796,0.0022886790597856,293.316009521484,1.68510799945932e-13
2,1,-0.000381928002752829,0.00229461002163589,0.00232617801354037,293.311004638672,1.71274195812515e-13
2,1,-0.000388084743462969,0.00233160000061616,0.00236367686687119,293.299987792969,1.74038900970195e-13
2,1,-0.000394241251342464,0.00236858997959644,0.00240117568197429,293.283996582031,1.76802778040588e-13
2,1,-0.000400398253987078,0.00240557995857671,0.00243867457831131,293.263000488281,1.79558600640318e-13
2,1,-0.000406555242079776,0.00244256993755698,0.0024761734722591,293.236999511719,1.82313989516906e-13
2,1,-0.000412711749959271,0.00247955997474492,0.00251367234477993,293.205993652344,1.85077424229614e-13
2,1,-0.000418868752603885,0.00251655001193285,0.00255117129853469,293.170013427734,1.87841446499913e-13
2,1,-0.000411185748816933,0.00225144001888111,0.00228867994237935,293.316009521484,1.68521468227091e-13
2,1,-0.000417922747146804,0.00228832749417052,0.00232617758203441,293.311004638672,1.71257529556097e-13
2,1,-0.000424659992859233,0.00232521496945992,0.00236367526613444,293.299987792969,1.74040825071395e-13
2,1,-0.000431396998465061,0.00236210500588641,0.00240117542656056,293.283996582031,1.76799424698111e-13
2,1,-0.000438134251453448,0.00239899498410523,0.0024386755741711,293.263000488281,1.79564124392499e-13
2,1,-0.000444871242507361,0.00243588496232405,0.00247617567472231,293.236999511719,1.82326355712193e-13
2,1,-0.000451607993454672,0.00247277243761346,0.00251367326993246,293.205993652344,1.85062495677878e-13
2,1,-0.000458345246443059,0.00250965997111052,0.00255117101260018,293.170013427734,1.87849089387318e-13
2,1,-0.000446499245299492,0.0022447049850598,0.00228868128973986,293.316009521484,1.68518339439051e-13
2,1,-0.000453814747743309,0.00228148250607774,0.00232617932473145,293.311004638672,1.71258395523481e-13
2,1,-0.000461130497569684,0.00231826002709568,0.00236367740798496,293.299987792969,1.74041315037648e-13
2,1,-0.000468446247396059,0.00235504005104303,0.00240117794607485,293.283996582031,1.76805730761967e-13
2,1,-0.000475762004498392,0.00239181751385331,0.00243867597365861,293.263000488281,1.79542370498186e-13
2,1,-0.000483077506942209,0.00242859497666359,0.00247617395156098,293.236999511719,1.82328055626987e-13
2,1,-0.00049039299483411,0.00246537243947387,0.00251367192662441,293.205993652344,1.85066632362009e-13
2,1,-0.000497708737384528,0.00250214996049181,0.00255117000845848,293.170013427734,1.87851544802999e-13
2,1,-0.000481702503748238,0.00223741499939933,0.00228868153784104,293.316009521484,1.68523106317322e-13
2,1,-0.000489594996906817,0.00227407255442813,0.00232617910828024,293.311004638672,1.71263002957476e-13
2,1,-0.000497487249958795,0.00231073005124927,0.00236367657128,293.299987792969,1.74045517834814e-13
2,1,-0.000505379750393331,0.00234738999279216,0.00240117647630665,293.283996582031,1.76803966315105e-13
2,1,-0.000513272258103825,0.00238404999254271,0.00243867643976849,293.263000488281,1.79561748617642e-13
2,1,-0.00052116451843176,0.00242070748936385,0.00247617390429962,293.236999511719,1.82297844208266e-13
2,1,-0.000529056997038424,0.00245736498618498,0.00251367141477227,293.205993652344,1.8508531876515e-13
2,1,-0.000536949490197003,0.00249402498593554,0.00255117137517133,293.170013427734,1.87842460437812e-13
2,1,-0.000516786749358289,0.00222957000369206,0.00228867886468935,293.316009521484,1.68514147933959e-13
2,1,-0.000525253999512643,0.0022661000257358,0.00232617735580153,293.311004638672,1.71269693808624e-13
2,1,-0.000533721249666996,0.00230262998957187,0.00236367579020936,293.299987792969,1.74030899151693e-13
2,1,-0.000542188747203909,0.00233916245633736,0.0024011767187637,293.283996582031,1.76817625315476e-13
2,1,-0.000550656011910178,0.00237569498131052,0.002438677651449,293.263000488281,1.79556404112689e-13
2,1,-0.000559123014681973,0.00241222250042483,0.0024761736484146,293.236999511719,1.82295936812035e-13
2,1,-0.000567590250284411,0.00244875252246857,0.00251367213624094,293.205993652344,1.85101283415423e-13
2,1,-0.000576057747821324,0.00248528498923406,0.00255117306479531,293.170013427734,1.87839821021416e-13
2,1,-0.000551743491087109,0.00222117750672624,0.00228867874467859,293.316009521484,1.68521635936608e-13
2,1,-0.000560783504624851,0.00225757248699665,0.00232617963044636,293.311004638672,1.71281513442186e-13
2,1,-0.000569823750993237,0.00229396496433765,0.00236367814323453,293.299987792969,1.74023870373903e-13
2,1,-0.000578863997361623,0.00233035744167864,0.00240117665602273,293.283996582031,1.76809297116089e-13
2,1,-0.000587903763516806,0.0023667499772273,0.00243867510953441,293.263000488281,1.79550139073498e-13
2,1,-0.000596943500568159,0.00240314000984654,0.00247617112692071,293.236999511719,1.82307207624441e-13
2,1,-0.000605983499553986,0.00243953499011695,0.00251367200918032,293.205993652344,1.85115918441834e-13
2,1,-0.000615023745922372,0.00247592997038737,0.00255117295107776,293.170013427734,1.87825808863675e-13
2,1,-0.00058656424516812,0.00221224006963894,0.00228868165969532,293.316009521484,1.68524994173179e-13
2,1,-0.000596174751990475,0.0022484875516966,0.00232618155031921,293.311004638672,1.71267355064724e-13
2,1,-0.000605785506195389,0.00228473253082484,0.00236367908501253,293.299987792969,1.74028208540438e-13
2,1,-0.000615396260400303,0.00232097750995308,0.00240117661970599,293.283996582031,1.76787954355263e-13
2,1,-0.000625006505288184,0.00235722248908132,0.00243867402386692,293.263000488281,1.79547723425079e-13
2,1,-0.000634616735624149,0.00239346746820956,0.00247617142429836,293.236999511719,1.82308944935258e-13
2,1,-0.000644227242446505,0.00242971495026723,0.00251367131492212,293.205993652344,1.85096934512037e-13
2,1,-0.000653837996651419,0.00246596243232489,0.00255117126894742,293.170013427734,1.87839964065651e-13
2,1,-0.000621240251348354,0.00220275501487777,0.0022886828319941,293.316009521484,1.68512013596806e-13
2,1,-0.000631418763077818,0.00223884504521266,0.00232618073047646,293.311004638672,1.71273375204432e-13
2,1,-0.000641597507637925,0.00227493507554755,0.00236367869215842,293.299987792969,1.74032960265485e-13
2,1,-0.000651776252198033,0.00231102504767478,0.00240117659781814,293.283996582031,1.76790991734802e-13
2,1,-0.000661954996758141,0.00234711496159434,0.00243867444745564,293.263000488281,1.79555313715804e-13
2,1,-0.000672133741318248,0.00238320493372157,0.00247617235311545,293.236999511719,1.82318821634933e-13
2,1,-0.000682312253047712,0.00241929496405646,0.00251367025159785,293.205993652344,1.85080183242558e-13
2,1,-0.00069249099760782,0.00245538499439135,0.00255116821327997,293.170013427734,1.87839814855943e-13
2,1,-0.000655763011309318,0.00219272245885804,0.00228868016738511,293.316009521484,1.68512310542406e-13
2,1,-0.000666507257847115,0.00222864747047424,0.00232617743786112,293.311004638672,1.71276667771383e-13
2,1,-0.000677251504384913,0.00226457504322752,0.00236367716209312,293.299987792969,1.74054869276639e-13
2,1,-0.00068799575092271,0.00230050249956548,0.0024011767747908,293.283996582031,1.76788817332659e-13
2,1,-0.000698740244843066,0.00233642745297402,0.00243867406038077,293.263000488281,1.79550709628393e-13
2,1,-0.000709484753315337,0.00237235252279788,0.00247617146167474,293.236999511719,1.82311721434549e-13
2,1,-0.000720229014405049,0.0024082800373435,0.00251367113430896,293.205993652344,1.85090728388311e-13
2,1,-0.000730973246390931,0.00244420755188912,0.00255117079860426,293.170013427734,1.87824891748865e-13
2,1,-0.000690124012180604,0.00218214996857569,0.00228867857890599,293.316009521484,1.68498029925263e-13
2,1,-0.000701431243214756,0.00221790245268494,0.00232617649342944,293.311004638672,1.71277985073615e-13
2,1,-0.000712738503352739,0.00225365749793127,0.00236367685865546,293.299987792969,1.74040937497054e-13
2,1,-0.000724045763490722,0.00228941248496994,0.00240117716838327,293.283996582031,1.76805454160143e-13
2,1,-0.000735352994524874,0.0023251649690792,0.00243867508290665,293.263000488281,1.79538716292632e-13
2,1,-0.000746660254662856,0.00236091751139611,0.00247617306170429,293.236999511719,1.82319904461982e-13
2,1,-0.000757967762183398,0.00239667249843478,0.00251367344602733,293.205993652344,1.85084848678081e-13
2,1,-0.000769275240600109,0.00243242748547345,0.00255117382157451,293.170013427734,1.87852069548824e-13
2,1,-0.000724314508261159,0.00217103998875245,0.00228867781473056,293.316009521484,1.68508477555063e-13
2,1,-0.000736181740649045,0.00220661249477416,0.00232617760658091,293.311004638672,1.71289530402477e-13
2,1,-0.000748049249523319,0.00224218500079587,0.00236367748593296,293.299987792969,1.74026685997142e-13
2,1,-0.000759916758397594,0.00227775744860992,0.00240117731006927,293.283996582031,1.76809534855694e-13
2,1,-0.000771784252719954,0.00231332745170221,0.00243867481053656,293.263000488281,1.79531782338959e-13
2,1,-0.000783651761594228,0.0023488974547945,0.00247617231560928,293.236999511719,1.82344896780751e-13
2,1,-0.000795519503299147,0.0023844699608162,0.00251367226864684,293.205993652344,1.85079980964377e-13
2,1,-0.00080738723045215,0.00242004246683791,0.00255117221707907,293.170013427734,1.87860658443809e-13
2,1,-0.000758326263166964,0.00215939502231777,0.0022886776933023,293.316009521484,1.68508289585625e-13
2,1,-0.000770750746596605,0.00219477753853425,0.00232617822985121,293.311004638672,1.71291575924287e-13
2,1,-0.000783175491960719,0.00223015999654308,0.00236367879826954,293.299987792969,1.74029876362413e-13
2,1,-0.000795600499259308,0.00226553995162249,0.00240117709193205,293.283996582031,1.76799706277036e-13
2,1,-0.000808025259175338,0.00230091746198013,0.00243867299700277,293.263000488281,1.79535843539451e-13
2,1,-0.000820450019091368,0.0023362974752672,0.00247617126361787,293.236999511719,1.82333971590607e-13
2,1,-0.000832874997286126,0.00237167999148369,0.00251367196410121,293.205993652344,1.85072639282244e-13
2,1,-0.000845299728098325,0.00240706000477076,0.00255117022107308,293.170013427734,1.878392260257e-13
2,1,-0.000792151011410169,0.0021472200169228,0.00228868019302656,293.316009521484,1.68503953060619e-13
2,1,-0.000805129995569587,0.00218240253161639,0.00232618037128928,293.311004638672,1.71288758270736e-13
2,1,-0.000818108994280919,0.00221758498810232,0.00236368049997881,293.299987792969,1.74032227745576e-13
2,1,-0.000831088007544167,0.00225276249693707,0.00240117599186104,293.283996582031,1.76770076889512e-13
2,1,-0.000844066758872941,0.00228794000577182,0.00243867139308383,293.263000488281,1.79553485487335e-13
2,1,-0.000857045757584274,0.0023231225204654,0.00247617157638293,293.236999511719,1.82342234349918e-13
2,1,-0.00087002498912625,0.00235830497695133,0.00251367178565889,293.205993652344,1.85080381565993e-13
2,1,-0.000883003740455024,0.0023934849887155,0.00255116953510816,293.170013427734,1.87834930964117e-13
2,1,-0.000825780240120366,0.0021345125278458,0.00228868012979182,293.316009521484,1.68528086499884e-13
2,1,-0.000839310232549906,0.00216948753222823,0.00232618095146459,293.311004638672,1.71284093520453e-13
2,1,-0.000852840501465835,0.00220446003368124,0.0023636795385666,293.299987792969,1.74028709858056e-13
2,1,-0.000866370261064731,0.00223943003220484,0.00240117560757191,293.283996582031,1.76783770291683e-13
2,1,-0.000879900006111711,0.00227440253365785,0.00243867400565648,293.263000488281,1.79556824912393e-13
2,1,-0.000893430260475725,0.00230937503511086,0.00247617258750819,293.236999511719,1.82300024741154e-13
2,1,-0.000906960252905264,0.00234434747835621,0.00251367102056437,293.205993652344,1.85085145209487e-13
2,1,-0.00092049001250416,0.00237932248273864,0.00255117175822905,293.170013427734,1.87843487535047e-13
2,1,-0.000859205742017366,0.00212127750273794,0.00228867925903516,293.316009521484,1.68506587665083e-13
2,1,-0.000873283483088017,0.0021560350432992,0.00232617951795826,293.311004638672,1.71298010597429e-13
2,1,-0.000887361238710582,0.00219079002272338,0.00236367740853744,293.299987792969,1.74011325635263e-13
2,1,-0.000901438746950589,0.00222554500214756,0.00240117520624544,293.283996582031,1.7681392378426e-13
2,1,-0.000915516502573155,0.00226030254270881,0.00243867547063149,293.263000488281,1.79563501127423e-13
2,1,-0.000929594258195721,0.00229505752213299,0.00247617336121074,293.236999511719,1.82318356096372e-13
2,1,-0.000943671766435727,0.00232981250155717,0.00251367115891877,293.205993652344,1.85078707707291e-13
2,1,-0.000957749260123819,0.00236456998391077,0.00255117127102033,293.170013427734,1.87868690243079e-13
2,1,-0.000892419513547793,0.00210751994745806,0.00228867929537856,293.316009521484,1.68517010054473e-13
2,1,-0.000907041496247984,0.00214205001248047,0.00232617766558863,293.311004638672,1.71276786781368e-13
2,1,-0.000921663231565617,0.00217658001929522,0.00236367588573712,293.299987792969,1.74037196878312e-13
2,1,-0.00093628499598708,0.00221111252903938,0.00240117642204513,293.283996582031,1.76812978661819e-13
2,1,-0.000950907007791102,0.00224564253585413,0.00243867475000329,293.263000488281,1.7952864748243e-13
2,1,-0.00096552875766065,0.00228017248446122,0.0024761729222257,293.236999511719,1.82334275726576e-13
2,1,-0.000980151249677874,0.00231470249127597,0.00251367143743256,293.205993652344,1.85061459156253e-13
2,1,-0.000994772999547422,0.00234923249809071,0.00255116966325529,293.170013427734,1.87861921467175e-13
2,1,-0.000925413012737408,0.0020932424813509,0.00228867938555749,293.316009521484,1.68501876138008e-13
2,1,-0.000940575249842368,0.00212753750383854,0.00232617661213751,293.311004638672,1.71266224470713e-13
2,1,-0.000955737734329887,0.0021618350292556,0.0023636762279421,293.299987792969,1.74043555984383e-13
2,1,-0.000970900233369321,0.00219613505760208,0.002401178138828,293.283996582031,1.76809394342361e-13
2,1,-0.000986063503660262,0.00223043002188206,0.00243867572993286,293.263000488281,1.79540143035195e-13
2,1,-0.00100122627918608,0.00226472498616204,0.00247617312098315,293.236999511719,1.8234755918109e-13
2,1,-0.00101638850173913,0.0022990225115791,0.00251367263087598,293.205993652344,1.85069168367179e-13
2,1,-0.00103154999669641,0.00233332003699616,0.00255117184657014,293.170013427734,1.87833687849157e-13
2,1,-0.000958177988650277,0.00207844999385998,0.00228868071930325,293.316009521484,1.68493641781887e-13
2,1,-0.000973876973148435,0.00211250252323225,0.0023261778241337,293.311004638672,1.71272657615828e-13
2,1,-0.000989576466963626,0.00214655755553395,0.00236367741521302,293.299987792969,1.7404198226825e-13
2,1,-0.00100527697941288,0.00218061252962798,0.00240117737989263,293.283996582031,1.76820980414677e-13
2,1,-0.00102097625494935,0.00221466500079259,0.00243867455370864,293.263000488281,1.79535512286071e-13
2,1,-0.00103667500661686,0.00224871747195721,0.00247617150820166,293.236999511719,1.82309648668276e-13
2,1,-0.00105237500974908,0.0022827725042589,0.00251367131251181,293.205993652344,1.85099575662287e-13
2,1,-0.00106807250995189,0.00231683003949001,0.00255117234196325,293.170013427734,1.87869599721986e-13
2,1,-0.000990706728771329,0.00206314248498529,0.00228868012963456,293.316009521484,1.68525954913012e-13
2,1,-0.00100693947752006,0.00209694501245394,0.00232617830284865,293.311004638672,1.71275162869015e-13
2,1,-0.00102317298296839,0.0021307475399226,0.00236367680361817,293.299987792969,1.74066614229961e-13
2,1,-0.00103940500412136,0.002164552512113,0.00240117686568217,293.283996582031,1.76788717905824e-13
2,1,-0.00105563501711003,0.002198354981374,0.00243867380218855,293.263000488281,1.79523185227014e-13
2,1,-0.0010718675039243,0.00223215745063499,0.00247617180954678,293.236999511719,1.82333921416409e-13
2,1,-0.00108810252277181,0.00226595997810364,0.00251367096542682,293.205993652344,1.85068863695044e-13
2,1,-0.00110433253576048,0.00229976500850171,0.00255117021068137,293.170013427734,1.87859152838412e-13
2,1,-0.00102299050195143,0.00204732501879334,0.00228867850508978,293.316009521484,1.68529284221238e-13
2,1,-0.00103975250385702,0.00208087003557011,0.00232617827653224,293.311004638672,1.71251276044452e-13
2,1,-0.00105651500052772,0.00211441249120981,0.00236367597807401,293.299987792969,1.74017255394331e-13
2,1,-0.00107327502337284,0.00214795995270833,0.00240117705182995,293.283996582031,1.76817161197371e-13
2,1,-0.00109003501711413,0.0021815049694851,0.00243867592566606,293.263000488281,1.79540834655797e-13
2,1,-0.00110679751378484,0.00221504748333246,0.0024761736792757,293.236999511719,1.82330129097135e-13
2,1,-0.00112356001045555,0.00224858999717981,0.00251367143288695,293.205993652344,1.85052857356888e-13
2,1,-0.00114032000419684,0.00228213501395658,0.00255117030672162,293.170013427734,1.87864884678922e-13
2,1,-0.00105502252699807,0.00203100504586473,0.00228867953824938,293.316009521484,1.68524182968311e-13
2,1,-0.00107230999856256,0.00206428254023194,0.00232617951562722,293.311004638672,1.71292533119333e-13
2,1,-0.00108959499630146,0.00209755747346207,0.00236367607984719,293.299987792969,1.74017301126745e-13
2,1,-0.00110688002314419,0.00213083496782929,0.00240117493027054,293.283996582031,1.76817248743876e-13
2,1,-0.00112416749470867,0.00216411252040416,0.00243867495930262,293.263000488281,1.79562453475505e-13
2,1,-0.00114145249244757,0.00219739001477137,0.00247617379630988,293.236999511719,1.82319995264439e-13
2,1,-0.00115873749018647,0.00223066750913858,0.00251367263331767,293.205993652344,1.85033821495322e-13
2,1,-0.00117602499085478,0.0022639450035058,0.00255117262411109,293.170013427734,1.87846034442237e-13
2,1,-0.00108679503318854,0.00201418501092121,0.00228868187006909,293.316009521484,1.68514669028696e-13
2,1,-0.00110460250289179,0.00204718497116119,0.00232617991469771,293.311004638672,1.7125200405651e-13
2,1,-0.00112240749876946,0.00208018498960882,0.00236367683584025,293.299987792969,1.74019837830708e-13
2,1,-0.00114021249464713,0.00211318500805646,0.00240117375698303,293.283996582031,1.76787933244933e-13
2,1,-0.00115801996435039,0.0021461850265041,0.00243867185283803,293.263000488281,1.79547130126795e-13
2,1,-0.00117582749226131,0.00217919005081058,0.00247617438180539,293.236999511719,1.82367454766641e-13
2,1,-0.0011936325172428,0.00221219501690939,0.00251367567101608,293.205993652344,1.85092041592651e-13
2,1,-0.00121144001604989,0.00224519497714937,0.00255117372946331,293.170013427734,1.87851908978856e-13
2,1,-0.00111829754314385,0.0019968650303781,0.0022886806995622,293.316009521484,1.68526436280721e-13
2,1,-0.00113662003423087,0.00202958250883967,0.0023261793272237,293.311004638672,1.71254969731397e-13
2,1,-0.00115494249621406,0.00206229754257947,0.00236367580765436,293.299987792969,1.74036380055994e-13
2,1,-0.00117326495819725,0.00209501502104104,0.00240117442109505,293.283996582031,1.76803730761663e-13
2,1,-0.00119158744928427,0.0021277324995026,0.00243867304875651,293.263000488281,1.79554024259421e-13
2,1,-0.00120991247240454,0.00216045253910124,0.00247617514820521,293.236999511719,1.82346529922256e-13
2,1,-0.00122823499259539,0.00219317252049223,0.00251367597388327,293.205993652344,1.85061452597762e-13
2,1,-0.00124655748368241,0.00222588749602437,0.0025511724177488,293.170013427734,1.87844368770003e-13
2,1,-0.00114952251897193,0.00197905005188659,0.00228867672018044,293.316009521484,1.68528344258856e-13
2,1,-0.0011683575285133,0.00201147753978148,0.00232617738091468,293.311004638672,1.71271002435656e-13
2,1,-0.00118719250895083,0.00204390252474695,0.00236367586271382,293.299987792969,1.74020506422475e-13
2,1,-0.00120602748938836,0.00207633001264185,0.00240117650883014,293.283996582031,1.76803409672548e-13
2,1,-0.00122486246982589,0.00210875499760732,0.00243867499062951,293.263000488281,1.79534858490085e-13
2,1,-0.00124369745026343,0.00214117998257279,0.00247617347242922,293.236999511719,1.8235045992835e-13
2,1,-0.00126253245980479,0.00217360752867535,0.00251367418349612,293.205993652344,1.85090796038267e-13
2,1,-0.00128136746934615,0.00220603251364082,0.00255117267991389,293.170013427734,1.87840162656745e-13
2,1,-0.00118046748684719,0.00196074999985285,0.00228867735808835,293.316009521484,1.68549941559969e-13
2,1,-0.00119980997988023,0.00199287745635957,0.00232617809805835,293.311004638672,1.71285033791152e-13
2,1,-0.00121914999908768,0.00202500494197011,0.00236367758699846,293.299987792969,1.74049628087199e-13
2,1,-0.00123849252122454,0.00205713248578832,0.00240117841678096,293.283996582031,1.76807803309709e-13
2,1,-0.00125783501425758,0.00208925502374768,0.0024386749429449,293.263000488281,1.79539208607254e-13
2,1,-0.00127717497525737,0.00212138000642881,0.00247617225755793,293.236999511719,1.8231412087012e-13
2,1,-0.0012965174682904,0.00215350755024701,0.00251367307232923,293.205993652344,1.85071462567037e-13
2,1,-0.00131585999042727,0.00218563503585756,0.00255117385224436,293.170013427734,1.87844955588568e-13
2,1,-0.00121112249325961,0.00194196749362163,0.0022886798465409,293.316009521484,1.68544298616117e-13
2,1,-0.00123096499009989,0.00197378743905574,0.0023261796279363,293.311004638672,1.71231562167153e-13
2,1,-0.00125080748694018,0.00200560491066426,0.00236367731026597,293.299987792969,1.74053223997308e-13
2,1,-0.00127065248670988,0.0020374224986881,0.00240117641587253,293.283996582031,1.76803753700714e-13
2,1,-0.00129049501265399,0.00206924002850428,0.00243867416299292,293.263000488281,1.7953587979877e-13
2,1,-0.00131033750949427,0.00210106000304222,0.00247617396908445,293.236999511719,1.82326789870281e-13
2,1,-0.00133018248016015,0.0021328775328584,0.00251367300989949,293.205993652344,1.85075712693254e-13
2,1,-0.00135002497700043,0.00216469500446692,0.00255117069222917,293.170013427734,1.8783309994471e-13
2,1,-0.00124147499445826,0.00192270500701852,0.00228867968616826,293.316009521484,1.68526966464851e-13
2,1,-0.00126181499217637,0.00195420999079943,0.00232618007957711,293.311004638672,1.71270667023398e-13
2,1,-0.0012821574928239,0.00198570993961766,0.00236367760083749,293.299987792969,1.74046484234449e-13
2,1,-0.00130249999347143,0.00201721000485122,0.00240117521990065,293.283996582031,1.76797404791095e-13
2,1,-0.00132283751736395,0.00204871501773596,0.00243867429585061,293.263000488281,1.7958614051806e-13
2,1,-0.00134317751508206,0.00208021997241303,0.00247617466481024,293.236999511719,1.82315128877171e-13
2,1,-0.00136351998662576,0.00211171997943893,0.00251367221918242,293.205993652344,1.85064905545796e-13
2,1,-0.00138385998434387,0.00214321998646483,0.00255116843165059,293.170013427734,1.87847390675296e-13
2,1,-0.00127152248751372,0.0019029674876947,0.00228867968389553,293.316009521484,1.68554879247858e-13
2,1,-0.00129235748318024,0.00193414749810472,0.00232618021846045,293.311004638672,1.71286413305459e-13
2,1,-0.00131319000502117,0.0019653249764815,0.0023636772733327,293.299987792969,1.74028916700839e-13
2,1,-0.0013340225268621,0.00199650251306593,0.00240117437660286,293.283996582031,1.7675936463478e-13
2,1,-0.0013548550195992,0.00202768255257979,0.00243867354481276,293.263000488281,1.79573516674338e-13
2,1,-0.00137568748323247,0.0020588650368154,0.00247617472956643,293.236999511719,1.82342323129687e-13
2,1,-0.00139652247889899,0.00209004251519218,0.00251367315882177,293.205993652344,1.85078071041479e-13
2,1,-0.00141735500073992,0.00212121999356896,0.00255117021369393,293.170013427734,1.87821693847638e-13
2,1,-0.00130125498981215,0.00188275999971665,0.0022886786067607,293.316009521484,1.68499602359852e-13
2,1,-0.00132257750374265,0.00191360749886371,0.00232617817742184,293.311004638672,1.7125687915794e-13
2,1,-0.00134389751474373,0.00194445499801077,0.00236367632501225,293.299987792969,1.74031864015677e-13
2,1,-0.00136521502281539,0.00197530252626166,0.00240117307347399,293.283996582031,1.76788811039286e-13
2,1,-0.00138653750764206,0.00200615002540872,0.00243867262758773,293.263000488281,1.79584550015645e-13
2,1,-0.00140785999246873,0.00203700002748519,0.00247617424071262,293.236999511719,1.82348190778322e-13
2,1,-0.00142918000346981,0.00206784752663225,0.00251367238830303,293.205993652344,1.85071178026922e-13
2,1,-0.00145049751154147,0.00209869496757165,0.00255116906493838,293.170013427734,1.87840011075375e-13
2,1,-0.00133066499256529,0.00186209002276883,0.00228867834684868,293.316009521484,1.68502614108504e-13
2,1,-0.0013524699897971,0.00189259753096849,0.00232617722616523,293.311004638672,1.71281045797081e-13
2,1,-0.00137427498702891,0.00192310501006432,0.00236367608180728,293.299987792969,1.74043447821362e-13
2,1,-0.00139607500750571,0.0019536150211934,0.002401174103978,293.283996582031,1.76801396362139e-13
2,1,-0.00141787753091194,0.00198412500321865,0.00243867355770762,293.263000488281,1.795525913048e-13
2,1,-0.00143968002521433,0.00201463495614007,0.00247617297083678,293.236999511719,1.82277142957372e-13
2,1,-0.00146148251951672,0.00204514496726915,0.00251367243132419,293.205993652344,1.85067400852403e-13
2,1,-0.00148328501381911,0.00207565247546881,0.00255116985540755,293.170013427734,1.87822173936343e-13
2,1,-0.00135974999284372,0.00184095749864355,0.00228867746850673,293.316009521484,1.68546227785897e-13
2,1,-0.00138203249662183,0.00187112003914081,0.00232617798600904,293.311004638672,1.71293003761201e-13
2,1,-0.0014043124683667,0.0019012825214304,0.00236367695235769,293.299987792969,1.74016650935685e-13
2,1,-0.0014265899953898,0.00193144750664942,0.00240117647953842,293.283996582031,1.76796666812129e-13
2,1,-0.00144886752241291,0.00196161252097227,0.00243867603013153,293.263000488281,1.79547612554129e-13
2,1,-0.00147114502033219,0.00199177500326186,0.00247617352672768,293.236999511719,1.82321721036275e-13
2,1,-0.00149342502118088,0.00202193751465529,0.00251367253377594,293.205993652344,1.85102710467148e-13
2,1,-0.00151570499292575,0.00205210002604872,0.00255117152353369,293.170013427734,1.87815096003322e-13
2,1,-0.00138850000803359,0.00181936999433674,0.00228867635296084,293.316009521484,1.68516708696736e-13
2,1,-0.00141125250956975,0.00184918002923951,0.00232617721300531,293.311004638672,1.71286376382921e-13
2,1,-0.00143400247907266,0.00187899000593461,0.00236367649063671,293.299987792969,1.74033546077787e-13
2,1,-0.00145675250678323,0.00190880248555914,0.00240117779327062,293.283996582031,1.76842064829544e-13
2,1,-0.00147950250538997,0.00193861502339132,0.00243867912452084,293.263000488281,1.79555067783801e-13
2,1,-0.0015022500010673,0.00196842252626084,0.00247617493477294,293.236999511719,1.8229241008584e-13
2,1,-0.00152500002877787,0.00199823000002652,0.00251367225802778,293.205993652344,1.85072768571689e-13
2,1,-0.00154774999828078,0.00202804000582546,0.00255117155879543,293.170013427734,1.87847619212007e-13
2,1,-0.00141690750024281,0.00179733749246225,0.0022886784234695,293.316009521484,1.68501586588605e-13
2,1,-0.00144012249074876,0.00182678501005284,0.00232617631776144,293.311004638672,1.71271522702852e-13
2,1,-0.00146333748125471,0.00185623500146903,0.00236367615479016,293.299987792969,1.7400963099657e-13
2,1,-0.00148655500379391,0.00188568499288522,0.00240117755938565,293.283996582031,1.76809451042863e-13
2,1,-0.00150976999429986,0.0019151349843014,0.00243867739641457,293.263000488281,1.79547159568435e-13
2,1,-0.00153298248187639,0.00194458247278817,0.00247617371830307,293.236999511719,1.82313959096533e-13
2,1,-0.00155620000441559,0.00197402996127494,0.0025136731573047,293.205993652344,1.8511905398784e-13
2,1,-0.00157941499492154,0.00200347998179495,0.00255117301718956,293.170013427734,1.87826391938402e-13
2,1,-0.00144496498978697,0.00177486249594949,0.00228868099595337,293.316009521484,1.685014469206e-13
2,1,-0.00146863999543712,0.00180393998743966,0.00232617774782611,293.311004638672,1.71272197185657e-13
2,1,-0.00149231249815784,0.00183302248478867,0.00236367680148935,293.299987792969,1.74068472371861e-13
2,1,-0.00151598997763358,0.00186210250831209,0.00240117707879857,293.283996582031,1.76795639592077e-13
2,1,-0.00153966498328373,0.00189118250273168,0.00243867577168195,293.263000488281,1.79569278523319e-13
2,1,-0.00156333748600446,0.00192026249715127,0.00247617288433428,293.236999511719,1.82295956173265e-13
2,1,-0.00158701499458402,0.00194933998864144,0.00251367121643845,293.205993652344,1.85094172669615e-13
2,1,-0.00161069000023417,0.00197842248599045,0.00255117185033212,293.170013427734,1.87864208024353e-13
2,1,-0.00147266499698162,0.00175194750772789,0.0022886813371828,293.316009521484,1.68523856033049e-13
2,1,-0.00149679501191713,0.00178064999636263,0.00232617921004514,293.311004638672,1.71252172212407e-13
2,1,-0.00152092252392322,0.00180935498792678,0.00236367738833211,293.299987792969,1.74051047138801e-13
2,1,-0.00154505000682548,0.00183806000859477,0.00240117557017116,293.283996582031,1.76773523146072e-13
2,1,-0.00156917999265715,0.00186676502926275,0.00243867536253472,293.263000488281,1.79570436105993e-13
2,1,-0.00159330747555941,0.00189547002082691,0.00247617352209555,293.236999511719,1.82296294977847e-13
2,1,-0.00161743749049492,0.00192417250946164,0.00251367139495727,293.205993652344,1.85092315754204e-13
2,1,-0.00164156750543043,0.0019528775010258,0.00255117118376989,293.170013427734,1.87820845492383e-13
2,1,-0.0015000024868641,0.00172859750455245,0.00228868014220936,293.316009521484,1.68532224881871e-13
2,1,-0.00152458000229672,0.00175692001357675,0.00232617972596908,293.311004638672,1.71288276371097e-13
2,1,-0.00154915751772933,0.00178524252260104,0.00236367930972884,293.299987792969,1.74048547095647e-13
2,1,-0.0015737300273031,0.00181356503162533,0.00240117561264677,293.283996582031,1.76773593302367e-13
2,1,-0.00159830501070246,0.00184188751154579,0.0024386735149308,293.263000488281,1.79562846225226e-13
2,1,-0.00162288246792741,0.00187020999146625,0.00247617303855897,293.236999511719,1.82287489801713e-13
2,1,-0.00164745998336002,0.00189853250049055,0.00251367262231809,293.205993652344,1.85080410484172e-13
2,1,-0.00167203749879263,0.00192685500951484,0.00255117220607727,293.170013427734,1.87803255123906e-13
2,1,-0.00152697000885382,0.00170482249814086,0.00228868022189782,293.316009521484,1.68523342111742e-13
2,1,-0.00155198751599528,0.0017327549867332,0.00232617821627105,293.311004638672,1.71245846721253e-13
2,1,-0.00157700502313673,0.00176068750442937,0.00236367623232375,293.299987792969,1.74032188279431e-13
2,1,-0.00160202253027819,0.00178862252505496,0.00240117611279409,293.283996582031,1.76790163274401e-13
2,1,-0.00162704003741965,0.0018165550136473,0.00243867410716842,293.263000488281,1.79576672545484e-13
2,1,-0.00165205998928286,0.00184448747313581,0.00247617371093876,293.236999511719,1.82366052950243e-13
2,1,-0.00167707749642432,0.00187242246465757,0.0025136735697316,293.205993652344,1.85089112366815e-13
2,1,-0.00170209500356577,0.00190035498235375,0.00255117158578569,293.170013427734,1.8784057593574e-13
2,1,-0.00155355752212927,0.00168062999728136,0.00228868044128628,293.316009521484,1.68500235583366e-13
2,1,-0.00157901001512073,0.00170816498575732,0.00232617717433967,293.311004638672,1.71221133085442e-13
2,1,-0.00160446250811219,0.00173570000333712,0.00236367392876474,293.299987792969,1.7404057310309e-13
2,1,-0.0016299175331369,0.00176323752384633,0.00240117423989323,293.283996582031,1.76792304769737e-13
2,1,-0.00165537252905779,0.00179077251232229,0.00243867267193616,293.263000488281,1.79544759964307e-13
2,1,-0.00168082999880426,0.00181830997462384,0.00247617459980044,293.236999511719,1.82333309419267e-13
2,1,-0.00170628499472514,0.00184584746602923,0.00251367486980132,293.205993652344,1.85085412062934e-13
2,1,-0.0017317374877166,0.00187338248360902,0.00255117162422604,293.170013427734,1.87871879807915e-13
2,1,-0.00157976249465719,0.00165602250490338,0.00228868085941923,293.316009521484,1.68529592023966e-13
2,1,-0.00160564749967307,0.00168315501650795,0.00232618028166397,293.311004638672,1.71281738821199e-13
2,1,-0.0016315299726557,0.00171028752811253,0.00236367795617152,293.299987792969,1.74034317099083e-13
2,1,-0.00165741250384599,0.00173742003971711,0.00240117567085701,293.283996582031,1.76785343212462e-13
2,1,-0.00168329750886187,0.00176455252221785,0.00243867507204342,293.263000488281,1.7957070868785e-13
2,1,-0.00170918248477392,0.00179168750764802,0.00247617626418636,293.236999511719,1.82322013919556e-13
2,1,-0.0017350674897898,0.00181881751632318,0.00251367387538827,293.205993652344,1.85037563225357e-13
2,1,-0.00176095249480568,0.00184594749589451,0.0025511714655353,293.170013427734,1.87858543242578e-13
2,1,-0.00160558000789024,0.00163100252393633,0.00228868005514609,293.316009521484,1.68543586155384e-13
2,1,-0.00163189001614228,0.00165772752370685,0.00232618261700153,293.311004638672,1.71294758684995e-13
2,1,-0.00165819498943165,0.00168445002054796,0.00236367986298911,293.299987792969,1.740136150342e-13
2,1,-0.00168449999182485,0.00171117251738906,0.00240117712939415,293.283996582031,1.76830783401411e-13
2,1,-0.00171080749714747,0.00173789501423016,0.0024386761516819,293.263000488281,1.79547788584791e-13
2,1,-0.00173711247043684,0.00176461751107126,0.00247617339766958,293.236999511719,1.82332621325665e-13
2,1,-0.00176341997575946,0.00179134000791237,0.0025136724199575,293.205993652344,1.85083909954892e-13
2,1,-0.00178972751018591,0.00181806000182405,0.00255116967898036,293.170013427734,1.87800509316459e-13
2,1,-0.00163100252393633,0.00160558000789024,0.00228868005514609,293.316009521484,1.68543586155384e-13
2,1,-0.00165772752370685,0.00163189001614228,0.00232618261700153,293.311004638672,1.71294758684995e-13
2,1,-0.00168445002054796,0.00165819498943165,0.00236367986298911,293.299987792969,1.740136150342e-13
2,1,-0.00171117251738906,0.00168449999182485,0.00240117712939415,293.283996582031,1.76830783401411e-13
2,1,-0.00173789501423016,0.00171080749714747,0.0024386761516819,293.263000488281,1.79547788584791e-13
2,1,-0.00176461751107126,0.00173711247043684,0.00247617339766958,293.236999511719,1.82332621325665e-13
2,1,-0.00179134000791237,0.00176341997575946,0.0025136724199575,293.205993652344,1.85083909954892e-13
2,1,-0.00181806000182405,0.00178972751018591,0.00255116967898036,293.170013427734,1.87800509316459e-13
2,1,-0.00165602250490338,0.00157976249465719,0.00228868085941923,293.316009521484,1.68529592023966e-13
2,1,-0.00168315501650795,0.00160564749967307,0.00232618028166397,293.311004638672,1.71281738821199e-13
2,1,-0.00171028752811253,0.0016315299726557,0.00236367795617152,293.299987792969,1.74034317099083e-13
2,1,-0.00173742003971711,0.00165741250384599,0.00240117567085701,293.283996582031,1.76785343212462e-13
2,1,-0.00176455252221785,0.00168329750886187,0.00243867507204342,293.263000488281,1.7957070868785e-13
2,1,-0.00179168750764802,0.00170918248477392,0.00247617626418636,293.236999511719,1.82322013919556e-13
2,1,-0.00181881751632318,0.0017350674897898,0.00251367387538827,293.205993652344,1.85037563225357e-13
2,1,-0.00184594749589451,0.00176095249480568,0.0025511714655353,293.170013427734,1.87858543242578e-13
2,1,-0.00168062999728136,0.00155355752212927,0.00228868044128628,293.316009521484,1.68500235583366e-13
2,1,-0.00170816498575732,0.00157901001512073,0.00232617717433967,293.311004638672,1.71221133085442e-13
2,1,-0.00173570000333712,0.00160446250811219,0.00236367392876474,293.299987792969,1.7404057310309e-13
2,1,-0.00176323752384633,0.0016299175331369,0.00240117423989323,293.283996582031,1.76792304769737e-13
2,1,-0.00179077251232229,0.00165537252905779,0.00243867267193616,293.263000488281,1.79544759964307e-13
2,1,-0.00181830997462384,0.00168082999880426,0.00247617459980044,293.236999511719,1.82333309419267e-13
2,1,-0.00184584746602923,0.00170628499472514,0.00251367486980132,293.205993652344,1.85085412062934e-13
2,1,-0.00187338248360902,0.0017317374877166,0.00255117162422604,293.170013427734,1.87871879807915e-13
2,1,-0.00170482249814086,0.00152697000885382,0.00228868022189782,293.316009521484,1.68523342111742e-13
2,1,-0.0017327549867332,0.00155198751599528,0.00232617821627105,293.311004638672,1.71245846721253e-13
2,1,-0.00176068750442937,0.00157700502313673,0.00236367623232375,293.299987792969,1.74032188279431e-13
2,1,-0.00178862252505496,0.00160202253027819,0.00240117611279409,293.283996582031,1.76790163274401e-13
2,1,-0.0018165550136473,0.00162704003741965,0.00243867410716842,293.263000488281,1.79576672545484e-13
2,1,-0.00184448747313581,0.00165205998928286,0.00247617371093876,293.236999511719,1.82366052950243e-13
2,1,-0.00187242246465757,0.00167707749642432,0.0025136735697316,293.205993652344,1.85089112366815e-13
2,1,-0.00190035498235375,0.00170209500356577,0.00255117158578569,293.170013427734,1.8784057593574e-13
2,1,-0.00172859750455245,0.0015000024868641,0.00228868014220936,293.316009521484,1.68532224881871e-13
2,1,-0.00175692001357675,0.00152458000229672,0.00232617972596908,293.311004638672,1.71288276371097e-13
2,1,-0.00178524252260104,0.00154915751772933,0.00236367930972884,293.299987792969,1.74048547095647e-13
2,1,-0.00181356503162533,0.0015737300273031,0.00240117561264677,293.283996582031,1.76773593302367e-13
2,1,-0.00184188751154579,0.00159830501070246,0.0024386735149308,293.263000488281,1.79562846225226e-13
2,1,-0.00187020999146625,0.00162288246792741,0.00247617303855897,293.236999511719,1.82287489801713e-13
2,1,-0.00189853250049055,0.00164745998336002,0.00251367262231809,293.205993652344,1.85080410484172e-13
2,1,-0.00192685500951484,0.00167203749879263,0.00255117220607727,293.170013427734,1.87803255123906e-13
2,1,-0.00175194750772789,0.00147266499698162,0.0022886813371828,293.316009521484,1.68523856033049e-13
2,1,-0.00178064999636263,0.00149679501191713,0.00232617921004514,293.311004638672,1.71252172212407e-13
2,1,-0.00180935498792678,0.00152092252392322,0.00236367738833211,293.299987792969,1.74051047138801e-13
2,1,-0.00183806000859477,0.00154505000682548,0.00240117557017116,293.283996582031,1.76773523146072e-13
2,1,-0.00186676502926275,0.00156917999265715,0.00243867536253472,293.263000488281,1.79570436105993e-13
2,1,-0.00189547002082691,0.00159330747555941,0.00247617352209555,293.236999511719,1.82296294977847e-13
2,1,-0.00192417250946164,0.00161743749049492,0.00251367139495727,293.205993652344,1.85092315754204e-13
2,1,-0.0019528775010258,0.00164156750543043,0.00255117118376989,293.170013427734,1.87820845492383e-13
2,1,-0.00177486249594949,0.00144496498978697,0.00228868099595337,293.316009521484,1.685014469206e-13
2,1,-0.00180393998743966,0.00146863999543712,0.00232617774782611,293.311004638672,1.71272197185657e-13
2,1,-0.00183302248478867,0.00149231249815784,0.00236367680148935,293.299987792969,1.74068472371861e-13
2,1,-0.00186210250831209,0.00151598997763358,0.00240117707879857,293.283996582031,1.76795639592077e-13
2,1,-0.00189118250273168,0.00153966498328373,0.00243867577168195,293.263000488281,1.79569278523319e-13
2,1,-0.00192026249715127,0.00156333748600446,0.00247617288433428,293.236999511719,1.82295956173265e-13
2,1,-0.00194933998864144,0.00158701499458402,0.00251367121643845,293.205993652344,1.85094172669615e-13
2,1,-0.00197842248599045,0.00161069000023417,0.00255117185033212,293.170013427734,1.87864208024353e-13
2,1,-0.00179733749246225,0.00141690750024281,0.0022886784234695,293.316009521484,1.68501586588605e-13
2,1,-0.00182678501005284,0.00144012249074876,0.00232617631776144,293.311004638672,1.71271522702852e-13
2,1,-0.00185623500146903,0.00146333748125471,0.00236367615479016,293.299987792969,1.7400963099657e-13
2,1,-0.00188568499288522,0.00148655500379391,0.00240117755938565,293.283996582031,1.76809451042863e-13
2,1,-0.0019151349843014,0.00150976999429986,0.00243867739641457,293.263000488281,1.79547159568435e-13
2,1,-0.00194458247278817,0.00153298248187639,0.00247617371830307,293.236999511719,1.82313959096533e-13
2,1,-0.00197402996127494,0.00155620000441559,0.0025136731573047,293.205993652344,1.8511905398784e-13
2,1,-0.00200347998179495,0.00157941499492154,0.00255117301718956,293.170013427734,1.87826391938402e-13
2,1,-0.00181936999433674,0.00138850000803359,0.00228867635296084,293.316009521484,1.68516708696736e-13
2,1,-0.00184918002923951,0.00141125250956975,0.00232617721300531,293.311004638672,1.71286376382921e-13
2,1,-0.00187899000593461,0.00143400247907266,0.00236367649063671,293.299987792969,1.74033546077787e-13
2,1,-0.00190880248555914,0.00145675250678323,0.00240117779327062,293.283996582031,1.76842064829544e-13
2,1,-0.00193861502339132,0.00147950250538997,0.00243867912452084,293.263000488281,1.79555067783801e-13
2,1,-0.00196842252626084,0.0015022500010673,0.00247617493477294,293.236999511719,1.8229241008584e-13
2,1,-0.00199823000002652,0.00152500002877787,0.00251367225802778,293.205993652344,1.85072768571689e-13
2,1,-0.00202804000582546,0.00154774999828078,0.00255117155879543,293.170013427734,1.87847619212007e-13
2,1,-0.00184095749864355,0.00135974999284372,0.00228867746850673,293.316009521484,1.68546227785897e-13
2,1,-0.00187112003914081,0.00138203249662183,0.00232617798600904,293.311004638672,1.71293003761201e-13
2,1,-0.0019012825214304,0.0014043124683667,0.00236367695235769,293.299987792969,1.74016650935685e-13
2,1,-0.00193144750664942,0.0014265899953898,0.00240117647953842,293.283996582031,1.76796666812129e-13
2,1,-0.00196161252097227,0.00144886752241291,0.00243867603013153,293.263000488281,1.79547612554129e-13
2,1,-0.00199177500326186,0.00147114502033219,0.00247617352672768,293.236999511719,1.82321721036275e-13
2,1,-0.00202193751465529,0.00149342502118088,0.00251367253377594,293.205993652344,1.85102710467148e-13
2,1,-0.00205210002604872,0.00151570499292575,0.00255117152353369,293.170013427734,1.87815096003322e-13
2,1,-0.00186209002276883,0.00133066499256529,0.00228867834684868,293.316009521484,1.68502614108504e-13
2,1,-0.00189259753096849,0.0013524699897971,0.00232617722616523,293.311004638672,1.71281045797081e-13
2,1,-0.00192310501006432,0.00137427498702891,0.00236367608180728,293.299987792969,1.74043447821362e-13
2,1,-0.0019536150211934,0.00139607500750571,0.002401174103978,293.283996582031,1.76801396362139e-13
2,1,-0.00198412500321865,0.00141787753091194,0.00243867355770762,293.263000488281,1.795525913048e-13
2,1,-0.00201463495614007,0.00143968002521433,0.00247617297083678,293.236999511719,1.82277142957372e-13
2,1,-0.00204514496726915,0.00146148251951672,0.00251367243132419,293.205993652344,1.85067400852403e-13
2,1,-0.00207565247546881,0.00148328501381911,0.00255116985540755,293.170013427734,1.87822173936343e-13
2,1,-0.00188275999971665,0.00130125498981215,0.0022886786067607,293.316009521484,1.68499602359852e-13
2,1,-0.00191360749886371,0.00132257750374265,0.00232617817742184,293.311004638672,1.7125687915794e-13
2,1,-0.00194445499801077,0.00134389751474373,0.00236367632501225,293.299987792969,1.74031864015677e-13
2,1,-0.00197530252626166,0.00136521502281539,0.00240117307347399,293.283996582031,1.76788811039286e-13
2,1,-0.00200615002540872,0.00138653750764206,0.00243867262758773,293.263000488281,1.79584550015645e-13
2,1,-0.00203700002748519,0.00140785999246873,0.00247617424071262,293.236999511719,1.82348190778322e-13
2,1,-0.00206784752663225,0.00142918000346981,0.00251367238830303,293.205993652344,1.85071178026922e-13
2,1,-0.00209869496757165,0.00145049751154147,0.00255116906493838,293.170013427734,1.87840011075375e-13
2,1,-0.0019029674876947,0.00127152248751372,0.00228867968389553,293.316009521484,1.68554879247858e-13
2,1,-0.00193414749810472,0.00129235748318024,0.00232618021846045,293.311004638672,1.71286413305459e-13
2,1,-0.0019653249764815,0.00131319000502117,0.0023636772733327,293.299987792969,1.74028916700839e-13
2,1,-0.00199650251306593,0.0013340225268621,0.00240117437660286,293.283996582031,1.7675936463478e-13
2,1,-0.00202768255257979,0.0013548550195992,0.00243867354481276,293.263000488281,1.79573516674338e-13
2,1,-0.0020588650368154,0.00137568748323247,0.00247617472956643,293.236999511719,1.82342323129687e-13
2,1,-0.00209004251519218,0.00139652247889899,0.00251367315882177,293.205993652344,1.85078071041479e-13
2,1,-0.00212121999356896,0.00141735500073992,0.00255117021369393,293.170013427734,1.87821693847638e-13
2,1,-0.00192270500701852,0.00124147499445826,0.00228867968616826,293.316009521484,1.68526966464851e-13
2,1,-0.00195420999079943,0.00126181499217637,0.00232618007957711,293.311004638672,1.71270667023398e-13
2,1,-0.00198570993961766,0.0012821574928239,0.00236367760083749,293.299987792969,1.74046484234449e-13
2,1,-0.00201721000485122,0.00130249999347143,0.00240117521990065,293.283996582031,1.76797404791095e-13
2,1,-0.00204871501773596,0.00132283751736395,0.00243867429585061,293.263000488281,1.7958614051806e-13
2,1,-0.00208021997241303,0.00134317751508206,0.00247617466481024,293.236999511719,1.82315128877171e-13
2,1,-0.00211171997943893,0.00136351998662576,0.00251367221918242,293.205993652344,1.85064905545796e-13
2,1,-0.00214321998646483,0.00138385998434387,0.00255116843165059,293.170013427734,1.87847390675296e-13
2,1,-0.00194196749362163,0.00121112249325961,0.0022886798465409,293.316009521484,1.68544298616117e-13
2,1,-0.00197378743905574,0.00123096499009989,0.0023261796279363,293.311004638672,1.71231562167153e-13
2,1,-0.00200560491066426,0.00125080748694018,0.00236367731026597,293.299987792969,1.74053223997308e-13
2,1,-0.0020374224986881,0.00127065248670988,0.00240117641587253,293.283996582031,1.76803753700714e-13
2,1,-0.00206924002850428,0.00129049501265399,0.00243867416299292,293.263000488281,1.7953587979877e-13
2,1,-0.00210106000304222,0.00131033750949427,0.00247617396908445,293.236999511719,1.82326789870281e-13
2,1,-0.0021328775328584,0.00133018248016015,0.00251367300989949,293.205993652344,1.85075712693254e-13
2,1,-0.00216469500446692,0.00135002497700043,0.00255117069222917,293.170013427734,1.8783309994471e-13
2,1,-0.00196074999985285,0.00118046748684719,0.00228867735808835,293.316009521484,1.68549941559969e-13
2,1,-0.00199287745635957,0.00119980997988023,0.00232617809805835,293.311004638672,1.71285033791152e-13
2,1,-0.00202500494197011,0.00121914999908768,0.00236367758699846,293.299987792969,1.74049628087199e-13
2,1,-0.00205713248578832,0.00123849252122454,0.00240117841678096,293.283996582031,1.76807803309709e-13
2,1,-0.00208925502374768,0.00125783501425758,0.0024386749429449,293.263000488281,1.79539208607254e-13
2,1,-0.00212138000642881,0.00127717497525737,0.00247617225755793,293.236999511719,1.8231412087012e-13
2,1,-0.00215350755024701,0.0012965174682904,0.00251367307232923,293.205993652344,1.85071462567037e-13
2,1,-0.00218563503585756,0.00131585999042727,0.00255117385224436,293.170013427734,1.87844955588568e-13
2,1,-0.00197905005188659,0.00114952251897193,0.00228867672018044,293.316009521484,1.68528344258856e-13
2,1,-0.00201147753978148,0.0011683575285133,0.00232617738091468,293.311004638672,1.71271002435656e-13
2,1,-0.00204390252474695,0.00118719250895083,0.00236367586271382,293.299987792969,1.74020506422475e-13
2,1,-0.00207633001264185,0.00120602748938836,0.00240117650883014,293.283996582031,1.76803409672548e-13
2,1,-0.00210875499760732,0.00122486246982589,0.00243867499062951,293.263000488281,1.79534858490085e-13
2,1,-0.00214117998257279,0.00124369745026343,0.00247617347242922,293.236999511719,1.8235045992835e-13
2,1,-0.00217360752867535,0.00126253245980479,0.00251367418349612,293.205993652344,1.85090796038267e-13
2,1,-0.00220603251364082,0.00128136746934615,0.00255117267991389,293.170013427734,1.87840162656745e-13
2,1,-0.0019968650303781,0.00111829754314385,0.0022886806995622,293.316009521484,1.68526436280721e-13
2,1,-0.00202958250883967,0.00113662003423087,0.0023261793272237,293.311004638672,1.71254969731397e-13
2,1,-0.00206229754257947,0.00115494249621406,0.00236367580765436,293.299987792969,1.74036380055994e-13
2,1,-0.00209501502104104,0.00117326495819725,0.00240117442109505,293.283996582031,1.76803730761663e-13
2,1,-0.0021277324995026,0.00119158744928427,0.00243867304875651,293.263000488281,1.79554024259421e-13
2,1,-0.00216045253910124,0.00120991247240454,0.00247617514820521,293.236999511719,1.82346529922256e-13
2,1,-0.00219317252049223,0.00122823499259539,0.00251367597388327,293.205993652344,1.85061452597762e-13
2,1,-0.00222588749602437,0.00124655748368241,0.0025511724177488,293.170013427734,1.87844368770003e-13
2,1,-0.00201418501092121,0.00108679503318854,0.00228868187006909,293.316009521484,1.68514669028696e-13
2,1,-0.00204718497116119,0.00110460250289179,0.00232617991469771,293.311004638672,1.7125200405651e-13
2,1,-0.00208018498960882,0.00112240749876946,0.00236367683584025,293.299987792969,1.74019837830708e-13
2,1,-0.00211318500805646,0.00114021249464713,0.00240117375698303,293.283996582031,1.76787933244933e-13
2,1,-0.0021461850265041,0.00115801996435039,0.00243867185283803,293.263000488281,1.79547130126795e-13
2,1,-0.00217919005081058,0.00117582749226131,0.00247617438180539,293.236999511719,1.82367454766641e-13
2,1,-0.00221219501690939,0.0011936325172428,0.00251367567101608,293.205993652344,1.85092041592651e-13
2,1,-0.00224519497714937,0.00121144001604989,0.00255117372946331,293.170013427734,1.87851908978856e-13
2,1,-0.00203100504586473,0.00105502252699807,0.00228867953824938,293.316009521484,1.68524182968311e-13
2,1,-0.00206428254023194,0.00107230999856256,0.00232617951562722,293.311004638672,1.71292533119333e-13
2,1,-0.00209755747346207,0.00108959499630146,0.00236367607984719,293.299987792969,1.74017301126745e-13
2,1,-0.00213083496782929,0.00110688002314419,0.00240117493027054,293.283996582031,1.76817248743876e-13
2,1,-0.00216411252040416,0.00112416749470867,0.00243867495930262,293.263000488281,1.79562453475505e-13
2,1,-0.00219739001477137,0.00114145249244757,0.00247617379630988,293.236999511719,1.82319995264439e-13
2,1,-0.00223066750913858,0.00115873749018647,0.00251367263331767,293.205993652344,1.85033821495322e-13
2,1,-0.0022639450035058,0.00117602499085478,0.00255117262411109,293.170013427734,1.87846034442237e-13
2,1,-0.00204732501879334,0.00102299050195143,0.00228867850508978,293.316009521484,1.68529284221238e-13
2,1,-0.00208087003557011,0.00103975250385702,0.00232617827653224,293.311004638672,1.71251276044452e-13
2,1,-0.00211441249120981,0.00105651500052772,0.00236367597807401,293.299987792969,1.74017255394331e-13
2,1,-0.00214795995270833,0.00107327502337284,0.00240117705182995,293.283996582031,1.76817161197371e-13
2,1,-0.0021815049694851,0.00109003501711413,0.00243867592566606,293.263000488281,1.79540834655797e-13
2,1,-0.00221504748333246,0.00110679751378484,0.0024761736792757,293.236999511719,1.82330129097135e-13
2,1,-0.00224858999717981,0.00112356001045555,0.00251367143288695,293.205993652344,1.85052857356888e-13
2,1,-0.00228213501395658,0.00114032000419684,0.00255117030672162,293.170013427734,1.87864884678922e-13
2,1,-0.00206314248498529,0.000990706728771329,0.00228868012963456,293.316009521484,1.68525954913012e-13
2,1,-0.00209694501245394,0.00100693947752006,0.00232617830284865,293.311004638672,1.71275162869015e-13
2,1,-0.0021307475399226,0.00102317298296839,0.00236367680361817,293.299987792969,1.74066614229961e-13
2,1,-0.002164552512113,0.00103940500412136,0.00240117686568217,293.283996582031,1.76788717905824e-13
2,1,-0.002198354981374,0.00105563501711003,0.00243867380218855,293.263000488281,1.79523185227014e-13
2,1,-0.00223215745063499,0.0010718675039243,0.00247617180954678,293.236999511719,1.82333921416409e-13
2,1,-0.00226595997810364,0.00108810252277181,0.00251367096542682,293.205993652344,1.85068863695044e-13
2,1,-0.00229976500850171,0.00110433253576048,0.00255117021068137,293.170013427734,1.87859152838412e-13
2,1,-0.00207844999385998,0.000958177988650277,0.00228868071930325,293.316009521484,1.68493641781887e-13
2,1,-0.00211250252323225,0.000973876973148435,0.0023261778241337,293.311004638672,1.71272657615828e-13
2,1,-0.00214655755553395,0.000989576466963626,0.00236367741521302,293.299987792969,1.7404198226825e-13
2,1,-0.00218061252962798,0.00100527697941288,0.00240117737989263,293.283996582031,1.76820980414677e-13
2,1,-0.00221466500079259,0.00102097625494935,0.00243867455370864,293.263000488281,1.79535512286071e-13
2,1,-0.00224871747195721,0.00103667500661686,0.00247617150820166,293.236999511719,1.82309648668276e-13
2,1,-0.0022827725042589,0.00105237500974908,0.00251367131251181,293.205993652344,1.85099575662287e-13
2,1,-0.00231683003949001,0.00106807250995189,0.00255117234196325,293.170013427734,1.87869599721986e-13
2,1,-0.0020932424813509,0.000925413012737408,0.00228867938555749,293.316009521484,1.68501876138008e-13
2,1,-0.00212753750383854,0.000940575249842368,0.00232617661213751,293.311004638672,1.71266224470713e-13
2,1,-0.0021618350292556,0.000955737734329887,0.0023636762279421,293.299987792969,1.74043555984383e-13
2,1,-0.00219613505760208,0.000970900233369321,0.002401178138828,293.283996582031,1.76809394342361e-13
2,1,-0.00223043002188206,0.000986063503660262,0.00243867572993286,293.263000488281,1.79540143035195e-13
2,1,-0.00226472498616204,0.00100122627918608,0.00247617312098315,293.236999511719,1.8234755918109e-13
2,1,-0.0022990225115791,0.00101638850173913,0.00251367263087598,293.205993652344,1.85069168367179e-13
2,1,-0.00233332003699616,0.00103154999669641,0.00255117184657014,293.170013427734,1.87833687849157e-13
2,1,-0.00210751994745806,0.000892419513547793,0.00228867929537856,293.316009521484,1.68517010054473e-13
2,1,-0.00214205001248047,0.000907041496247984,0.00232617766558863,293.311004638672,1.71276786781368e-13
2,1,-0.00217658001929522,0.000921663231565617,0.00236367588573712,293.299987792969,1.74037196878312e-13
2,1,-0.00221111252903938,0.00093628499598708,0.00240117642204513,293.283996582031,1.76812978661819e-13
2,1,-0.00224564253585413,0.000950907007791102,0.00243867475000329,293.263000488281,1.7952864748243e-13
2,1,-0.00228017248446122,0.00096552875766065,0.0024761729222257,293.236999511719,1.82334275726576e-13
2,1,-0.00231470249127597,0.000980151249677874,0.00251367143743256,293.205993652344,1.85061459156253e-13
2,1,-0.00234923249809071,0.000994772999547422,0.00255116966325529,293.170013427734,1.87861921467175e-13
2,1,-0.00212127750273794,0.000859205742017366,0.00228867925903516,293.316009521484,1.68506587665083e-13
2,1,-0.0021560350432992,0.000873283483088017,0.00232617951795826,293.311004638672,1.71298010597429e-13
2,1,-0.00219079002272338,0.000887361238710582,0.00236367740853744,293.299987792969,1.74011325635263e-13
2,1,-0.00222554500214756,0.000901438746950589,0.00240117520624544,293.283996582031,1.7681392378426e-13
2,1,-0.00226030254270881,0.000915516502573155,0.00243867547063149,293.263000488281,1.79563501127423e-13
2,1,-0.00229505752213299,0.000929594258195721,0.00247617336121074,293.236999511719,1.82318356096372e-13
2,1,-0.00232981250155717,0.000943671766435727,0.00251367115891877,293.205993652344,1.85078707707291e-13
2,1,-0.00236456998391077,0.000957749260123819,0.00255117127102033,293.170013427734,1.87868690243079e-13
2,1,-0.0021345125278458,0.000825780240120366,0.00228868012979182,293.316009521484,1.68528086499884e-13
2,1,-0.00216948753222823,0.000839310232549906,0.00232618095146459,293.311004638672,1.71284093520453e-13
2,1,-0.00220446003368124,0.000852840501465835,0.0023636795385666,293.299987792969,1.74028709858056e-13
2,1,-0.00223943003220484,0.000866370261064731,0.00240117560757191,293.283996582031,1.76783770291683e-13
2,1,-0.00227440253365785,0.000879900006111711,0.00243867400565648,293.263000488281,1.79556824912393e-13
2,1,-0.00230937503511086,0.000893430260475725,0.00247617258750819,293.236999511719,1.82300024741154e-13
2,1,-0.00234434747835621,0.000906960252905264,0.00251367102056437,293.205993652344,1.85085145209487e-13
2,1,-0.00237932248273864,0.00092049001250416,0.00255117175822905,293.170013427734,1.87843487535047e-13
2,1,-0.0021472200169228,0.000792151011410169,0.00228868019302656,293.316009521484,1.68503953060619e-13
2,1,-0.00218240253161639,0.000805129995569587,0.00232618037128928,293.311004638672,1.71288758270736e-13
2,1,-0.00221758498810232,0.000818108994280919,0.00236368049997881,293.299987792969,1.74032227745576e-13
2,1,-0.00225276249693707,0.000831088007544167,0.00240117599186104,293.283996582031,1.76770076889512e-13
2,1,-0.00228794000577182,0.000844066758872941,0.00243867139308383,293.263000488281,1.79553485487335e-13
2,1,-0.0023231225204654,0.000857045757584274,0.00247617157638293,293.236999511719,1.82342234349918e-13
2,1,-0.00235830497695133,0.00087002498912625,0.00251367178565889,293.205993652344,1.85080381565993e-13
2,1,-0.0023934849887155,0.000883003740455024,0.00255116953510816,293.170013427734,1.87834930964117e-13
2,1,-0.00215939502231777,0.000758326263166964,0.0022886776933023,293.316009521484,1.68508289585625e-13
2,1,-0.00219477753853425,0.000770750746596605,0.00232617822985121,293.311004638672,1.71291575924287e-13
2,1,-0.00223015999654308,0.000783175491960719,0.00236367879826954,293.299987792969,1.74029876362413e-13
2,1,-0.00226553995162249,0.000795600499259308,0.00240117709193205,293.283996582031,1.76799706277036e-13
2,1,-0.00230091746198013,0.000808025259175338,0.00243867299700277,293.263000488281,1.79535843539451e-13
2,1,-0.0023362974752672,0.000820450019091368,0.00247617126361787,293.236999511719,1.82333971590607e-13
2,1,-0.00237167999148369,0.000832874997286126,0.00251367196410121,293.205993652344,1.85072639282244e-13
2,1,-0.00240706000477076,0.000845299728098325,0.00255117022107308,293.170013427734,1.878392260257e-13
2,1,-0.00217103998875245,0.000724314508261159,0.00228867781473056,293.316009521484,1.68508477555063e-13
2,1,-0.00220661249477416,0.000736181740649045,0.00232617760658091,293.311004638672,1.71289530402477e-13
2,1,-0.00224218500079587,0.000748049249523319,0.00236367748593296,293.299987792969,1.74026685997142e-13
2,1,-0.00227775744860992,0.000759916758397594,0.00240117731006927,293.283996582031,1.76809534855694e-13
2,1,-0.00231332745170221,0.000771784252719954,0.00243867481053656,293.263000488281,1.79531782338959e-13
2,1,-0.0023488974547945,0.000783651761594228,0.00247617231560928,293.236999511719,1.82344896780751e-13
2,1,-0.0023844699608162,0.000795519503299147,0.00251367226864684,293.205993652344,1.85079980964377e-13
2,1,-0.00242004246683791,0.00080738723045215,0.00255117221707907,293.170013427734,1.87860658443809e-13
2,1,-0.00218214996857569,0.000690124012180604,0.00228867857890599,293.316009521484,1.68498029925263e-13
2,1,-0.00221790245268494,0.000701431243214756,0.00232617649342944,293.311004638672,1.71277985073615e-13
2,1,-0.00225365749793127,0.000712738503352739,0.00236367685865546,293.299987792969,1.74040937497054e-13
2,1,-0.00228941248496994,0.000724045763490722,0.00240117716838327,293.283996582031,1.76805454160143e-13
2,1,-0.0023251649690792,0.000735352994524874,0.00243867508290665,293.263000488281,1.79538716292632e-13
2,1,-0.00236091751139611,0.000746660254662856,0.00247617306170429,293.236999511719,1.82319904461982e-13
2,1,-0.00239667249843478,0.000757967762183398,0.00251367344602733,293.205993652344,1.85084848678081e-13
2,1,-0.00243242748547345,0.000769275240600109,0.00255117382157451,293.170013427734,1.87852069548824e-13
2,1,-0.00219272245885804,0.000655763011309318,0.00228868016738511,293.316009521484,1.68512310542406e-13
2,1,-0.00222864747047424,0.000666507257847115,0.00232617743786112,293.311004638672,1.71276667771383e-13
2,1,-0.00226457504322752,0.000677251504384913,0.00236367716209312,293.299987792969,1.74054869276639e-13
2,1,-0.00230050249956548,0.00068799575092271,0.0024011767747908,293.283996582031,1.76788817332659e-13
2,1,-0.00233642745297402,0.000698740244843066,0.00243867406038077,293.263000488281,1.79550709628393e-13
2,1,-0.00237235252279788,0.000709484753315337,0.00247617146167474,293.236999511719,1.82311721434549e-13
2,1,-0.0024082800373435,0.000720229014405049,0.00251367113430896,293.205993652344,1.85090728388311e-13
2,1,-0.00244420755188912,0.000730973246390931,0.00255117079860426,293.170013427734,1.87824891748865e-13
2,1,-0.00220275501487777,0.000621240251348354,0.0022886828319941,293.316009521484,1.68512013596806e-13
2,1,-0.00223884504521266,0.000631418763077818,0.00232618073047646,293.311004638672,1.71273375204432e-13
2,1,-0.00227493507554755,0.000641597507637925,0.00236367869215842,293.299987792969,1.74032960265485e-13
2,1,-0.00231102504767478,0.000651776252198033,0.00240117659781814,293.283996582031,1.76790991734802e-13
2,1,-0.00234711496159434,0.000661954996758141,0.00243867444745564,293.263000488281,1.79555313715804e-13
2,1,-0.00238320493372157,0.000672133741318248,0.00247617235311545,293.236999511719,1.82318821634933e-13
2,1,-0.00241929496405646,0.000682312253047712,0.00251367025159785,293.205993652344,1.85080183242558e-13
2,1,-0.00245538499439135,0.00069249099760782,0.00255116821327997,293.170013427734,1.87839814855943e-13
2,1,-0.00221224006963894,0.00058656424516812,0.00228868165969532,293.316009521484,1.68524994173179e-13
2,1,-0.0022484875516966,0.000596174751990475,0.00232618155031921,293.311004638672,1.71267355064724e-13
2,1,-0.00228473253082484,0.000605785506195389,0.00236367908501253,293.299987792969,1.74028208540438e-13
2,1,-0.00232097750995308,0.000615396260400303,0.00240117661970599,293.283996582031,1.76787954355263e-13
2,1,-0.00235722248908132,0.000625006505288184,0.00243867402386692,293.263000488281,1.79547723425079e-13
2,1,-0.00239346746820956,0.000634616735624149,0.00247617142429836,293.236999511719,1.82308944935258e-13
2,1,-0.00242971495026723,0.000644227242446505,0.00251367131492212,293.205993652344,1.85096934512037e-13
2,1,-0.00246596243232489,0.000653837996651419,0.00255117126894742,293.170013427734,1.87839964065651e-13
2,1,-0.00222117750672624,0.000551743491087109,0.00228867874467859,293.316009521484,1.68521635936608e-13
2,1,-0.00225757248699665,0.000560783504624851,0.00232617963044636,293.311004638672,1.71281513442186e-13
2,1,-0.00229396496433765,0.000569823750993237,0.00236367814323453,293.299987792969,1.74023870373903e-13
2,1,-0.00233035744167864,0.000578863997361623,0.00240117665602273,293.283996582031,1.76809297116089e-13
2,1,-0.0023667499772273,0.000587903763516806,0.00243867510953441,293.263000488281,1.79550139073498e-13
2,1,-0.00240314000984654,0.000596943500568159,0.00247617112692071,293.236999511719,1.82307207624441e-13
2,1,-0.00243953499011695,0.000605983499553986,0.00251367200918032,293.205993652344,1.85115918441834e-13
2,1,-0.00247592997038737,0.000615023745922372,0.00255117295107776,293.170013427734,1.87825808863675e-13
2,1,-0.00222957000369206,0.000516786749358289,0.00228867886468935,293.316009521484,1.68514147933959e-13
2,1,-0.0022661000257358,0.000525253999512643,0.00232617735580153,293.311004638672,1.71269693808624e-13
2,1,-0.00230262998957187,0.000533721249666996,0.00236367579020936,293.299987792969,1.74030899151693e-13
2,1,-0.00233916245633736,0.000542188747203909,0.0024011767187637,293.283996582031,1.76817625315476e-13
2,1,-0.00237569498131052,0.000550656011910178,0.002438677651449,293.263000488281,1.79556404112689e-13
2,1,-0.00241222250042483,0.000559123014681973,0.0024761736484146,293.236999511719,1.82295936812035e-13
2,1,-0.00244875252246857,0.000567590250284411,0.00251367213624094,293.205993652344,1.85101283415423e-13
2,1,-0.00248528498923406,0.000576057747821324,0.00255117306479531,293.170013427734,1.87839821021416e-13
2,1,-0.00223741499939933,0.000481702503748238,0.00228868153784104,293.316009521484,1.68523106317322e-13
2,1,-0.00227407255442813,0.000489594996906817,0.00232617910828024,293.311004638672,1.71263002957476e-13
2,1,-0.00231073005124927,0.000497487249958795,0.00236367657128,293.299987792969,1.74045517834814e-13
2,1,-0.00234738999279216,0.000505379750393331,0.00240117647630665,293.283996582031,1.76803966315105e-13
2,1,-0.00238404999254271,0.000513272258103825,0.00243867643976849,293.263000488281,1.79561748617642e-13
2,1,-0.00242070748936385,0.00052116451843176,0.00247617390429962,293.236999511719,1.82297844208266e-13
2,1,-0.00245736498618498,0.000529056997038424,0.00251367141477227,293.205993652344,1.8508531876515e-13
2,1,-0.00249402498593554,0.000536949490197003,0.00255117137517133,293.170013427734,1.87842460437812e-13
2,1,-0.0022447049850598,0.000446499245299492,0.00228868128973986,293.316009521484,1.68518339439051e-13
2,1,-0.00228148250607774,0.000453814747743309,0.00232617932473145,293.311004638672,1.71258395523481e-13
2,1,-0.00231826002709568,0.000461130497569684,0.00236367740798496,293.299987792969,1.74041315037648e-13
2,1,-0.00235504005104303,0.000468446247396059,0.00240117794607485,293.283996582031,1.76805730761967e-13
2,1,-0.00239181751385331,0.000475762004498392,0.00243867597365861,293.263000488281,1.79542370498186e-13
2,1,-0.00242859497666359,0.000483077506942209,0.00247617395156098,293.236999511719,1.82328055626987e-13
2,1,-0.00246537243947387,0.00049039299483411,0.00251367192662441,293.205993652344,1.85066632362009e-13
2,1,-0.00250214996049181,0.000497708737384528,0.00255117000845848,293.170013427734,1.87851544802999e-13
2,1,-0.00225144001888111,0.000411185748816933,0.00228867994237935,293.316009521484,1.68521468227091e-13
2,1,-0.00228832749417052,0.000417922747146804,0.00232617758203441,293.311004638672,1.71257529556097e-13
2,1,-0.00232521496945992,0.000424659992859233,0.00236367526613444,293.299987792969,1.74040825071395e-13
2,1,-0.00236210500588641,0.000431396998465061,0.00240117542656056,293.283996582031,1.76799424698111e-13
2,1,-0.00239899498410523,0.000438134251453448,0.0024386755741711,293.263000488281,1.79564124392499e-13
2,1,-0.00243588496232405,0.000444871242507361,0.00247617567472231,293.236999511719,1.82326355712193e-13
2,1,-0.00247277243761346,0.000451607993454672,0.00251367326993246,293.205993652344,1.85062495677878e-13
2,1,-0.00250965997111052,0.000458345246443059,0.00255117101260018,293.170013427734,1.87849089387318e-13
2,1,-0.00225761998444796,0.000375771000108216,0.0022886790597856,293.316009521484,1.68510799945932e-13
2,1,-0.00229461002163589,0.000381928002752829,0.00232617801354037,293.311004638672,1.71274195812515e-13
2,1,-0.00233160000061616,0.000388084743462969,0.00236367686687119,293.299987792969,1.74038900970195e-13
2,1,-0.00236858997959644,0.000394241251342464,0.00240117568197429,293.283996582031,1.76802778040588e-13
2,1,-0.00240557995857671,0.000400398253987078,0.00243867457831131,293.263000488281,1.79558600640318e-13
2,1,-0.00244256993755698,0.000406555242079776,0.0024761734722591,293.236999511719,1.82313989516906e-13
2,1,-0.00247955997474492,0.000412711749959271,0.00251367234477993,293.205993652344,1.85077424229614e-13
2,1,-0.00251655001193285,0.000418868752603885,0.00255117129853469,293.170013427734,1.87841446499913e-13
2,1,-0.00226324249524623,0.000340263752150349,0.00228867778713296,293.316009521484,1.68526564098888e-13
2,1,-0.00230032752733678,0.000345838750945404,0.00232617952331259,293.311004638672,1.71291080654405e-13
2,1,-0.00233740999829024,0.000351413495081943,0.00236367868895772,293.299987792969,1.74027352244775e-13
2,1,-0.00237449246924371,0.000356988501152955,0.00240117789354527,293.283996582031,1.7680801253093e-13
2,1,-0.00241157249547541,0.000362563754606526,0.00243867471735939,293.263000488281,1.79523951924261e-13
2,1,-0.00244865252170712,0.00036813900078414,0.00247617154009188,293.236999511719,1.82333943144218e-13
2,1,-0.00248573505086824,0.000373713752196636,0.00251367076437942,293.205993652344,1.85068568695902e-13
2,1,-0.00252281752182171,0.000379288750991691,0.00255116996788522,293.170013427734,1.87854951245712e-13
2,1,-0.00226830755127594,0.000304672001220752,0.00228867738563199,293.316009521484,1.68516669598622e-13
2,1,-0.00230547500541434,0.000309663744701538,0.00232617854761255,293.311004638672,1.7129598497132e-13
2,1,-0.00234263995662332,0.000314655495458283,0.00236367722990898,293.299987792969,1.74011672585656e-13
2,1,-0.00237980496603996,0.000319647500873543,0.00240117600379546,293.283996582031,1.76821066936284e-13
2,1,-0.00241697003366426,0.000324639506288804,0.00243867483537155,293.263000488281,1.79537375331381e-13
2,1,-0.0024541350430809,0.000329631504428107,0.00247617360828945,293.236999511719,1.82347030802811e-13
2,1,-0.00249129999428988,0.000334623247908894,0.00251367228961729,293.205993652344,1.85059262396117e-13
2,1,-0.0025284625007771,0.000339614998665638,0.00255116854895058,293.170013427734,1.87841571860869e-13
2,1,-0.00227281253319234,0.000269005249720067,0.00228867661223973,293.316009521484,1.68493533441839e-13
2,1,-0.00231005251407623,0.000273412741080392,0.00232617650765694,293.311004638672,1.71300341797327e-13
2,1,-0.00234729249496013,0.000277820246992633,0.00236367640478455,293.299987792969,1.74016329039358e-13
2,1,-0.00238453247584403,0.000282227752904873,0.00240117630191216,293.283996582031,1.76824457695113e-13
2,1,-0.00242177251493558,0.000286635251541156,0.00243867625598879,293.263000488281,1.7953952996064e-13
2,1,-0.00245900999289006,0.000291042750177439,0.00247617366668092,293.236999511719,1.82321148227454e-13
2,1,-0.00249624997377396,0.000295450248813722,0.00251367356295335,293.205993652344,1.8508396920239e-13
2,1,-0.00253348750993609,0.000299857747450005,0.00255117103144967,293.170013427734,1.87823014483749e-13
2,1,-0.00227676000213251,0.000233272501645843,0.00228867913158103,293.316009521484,1.68501055420448e-13
2,1,-0.00231406255625188,0.000237094496696955,0.00232617697405227,293.311004638672,1.71282259119099e-13
2,1,-0.00235136755509302,0.000240916499024024,0.00236367724925509,293.299987792969,1.74042957570086e-13
2,1,-0.0023886724957265,0.000244738501351094,0.0024011774665534,293.283996582031,1.76804226823299e-13
2,1,-0.00242597499163821,0.000248560496402206,0.00243867525112011,293.263000488281,1.79539697411604e-13
2,1,-0.00246327748754993,0.000252382498729276,0.00247617303642842,293.236999511719,1.82326607221836e-13
2,1,-0.00250058248639107,0.000256204501056345,0.00251367331163126,293.205993652344,1.85088392123009e-13
2,1,-0.00253788498230278,0.000260026496107457,0.00255117109619797,293.170013427734,1.87821636557396e-13
2,1,-0.00228014501044527,0.000197481749637518,0.00228868091050245,293.316009521484,1.6851987550336e-13
2,1,-0.00231750257080421,0.000200717498955783,0.00232617834227541,293.311004638672,1.71257915255631e-13
2,1,-0.00235486257588491,0.000203953248274047,0.00236367820965224,293.299987792969,1.74062812121231e-13
2,1,-0.00239222252275795,0.000207188750209752,0.00240117799769277,293.283996582031,1.76777036994144e-13
2,1,-0.00242957746377215,0.000210424248507479,0.00243867279823051,293.263000488281,1.79538678182993e-13
2,1,-0.00246693746885285,0.000213659746805206,0.0024761726439477,293.236999511719,1.82348321161908e-13
2,1,-0.00250429747393355,0.000216895499761449,0.00251367251163844,293.205993652344,1.8505880562614e-13
2,1,-0.00254165497608483,0.000220131249079714,0.00255116988542084,293.170013427734,1.87844395329861e-13
2,1,-0.00228296499699354,0.000161642248713179,0.00228868027344729,293.316009521484,1.68536335769523e-13
2,1,-0.00232037005480379,0.000164290999236982,0.00232617899647908,293.311004638672,1.71251394548765e-13
2,1,-0.00235777505440637,0.000166939498740248,0.00236367764371977,293.299987792969,1.74058963347515e-13
2,1,-0.0023951799958013,0.000169587750860956,0.00240117621542626,293.283996582031,1.76772581443906e-13
2,1,-0.00243258249247447,0.000172236250364222,0.00243867236598786,293.263000488281,1.79556158379948e-13
2,1,-0.00246998999500647,0.00017488449884695,0.00247617349217881,293.236999511719,1.82341465640781e-13
2,1,-0.00250739499460906,0.000177533001988195,0.00251367213967643,293.205993652344,1.85055938637579e-13
2,1,-0.00254479999421164,0.00018018174887402,0.00255117080438901,293.170013427734,1.87864976488912e-13
2,1,-0.00228522246470675,0.000125763248433941,0.00228868042938656,293.316009521484,1.68525040417088e-13
2,1,-0.00232266500825062,0.000127823999719112,0.00232617963954981,293.311004638672,1.71265329078419e-13
2,1,-0.00236010749358684,0.000129884499983746,0.00236367877779972,293.299987792969,1.74049095102603e-13
2,1,-0.00239754747599363,0.000131945000248379,0.00240117541690189,293.283996582031,1.76762128184586e-13
2,1,-0.00243498751660809,0.00013400575153355,0.00243867212791743,293.263000488281,1.7957190679407e-13
2,1,-0.00247243250487372,0.000136066251798184,0.00247617376531506,293.236999511719,1.82330690443842e-13
2,1,-0.00250987499020994,0.000138126752062817,0.00251367290356497,293.205993652344,1.850683506305e-13
2,1,-0.00254731747554615,0.00014018749789102,0.00255117205530865,293.170013427734,1.87855527081259e-13
2,1,-0.00228691496886313,8.98531743587228e-05,0.00228867945937228,293.316009521484,1.68515251006212e-13
2,1,-0.00232438498642296,9.1325375251472e-05,0.00232617838724232,293.311004638672,1.71274788904548e-13
2,1,-0.00236185500398278,9.27975743252318e-05,0.00236367731504094,293.299987792969,1.74036290265305e-13
2,1,-0.00239932502154261,9.42697752179811e-05,0.00240117624291098,293.283996582031,1.76797640425957e-13
2,1,-0.00243679498089477,9.57419761107303e-05,0.00243867511261823,293.263000488281,1.79560418829882e-13
2,1,-0.0024742649984546,9.72141751844902e-05,0.00247617404041686,293.236999511719,1.82321034751488e-13
2,1,-0.00251173501601443,9.86863760772394e-05,0.0025136729682869,293.205993652344,1.85081442304719e-13
2,1,-0.00254920497536659,0.000100158600616851,0.00255117183892252,293.170013427734,1.87841192555822e-13
2,1,-0.00228804495418444,5.39207258043461e-05,0.00228868022166491,293.316009521484,1.685215571562e-13
2,1,-0.0023255324922502,5.48042007721961e-05,0.00232617816878538,293.311004638672,1.71259839483037e-13
2,1,-0.00236302003031597,5.56876739210566e-05,0.002363676115863,293.299987792969,1.74043810073049e-13
2,1,-0.00240051001310349,5.65711252420442e-05,0.00240117650646954,293.283996582031,1.76804053118136e-13
2,1,-0.002437999995891,5.74545765630319e-05,0.00243867689707607,293.263000488281,1.79565418089391e-13
2,1,-0.00247548753395677,5.83380497118924e-05,0.00247617484415369,293.236999511719,1.82302210170253e-13
2,1,-0.00251297501381487,5.92215246797423e-05,0.00251367273308265,293.205993652344,1.85087084538449e-13
2,1,-0.00255046249367297,6.01050005570869e-05,0.00255117062203305,293.170013427734,1.87824212767737e-13
2,1,-0.00228860997594893,1.79750504685217e-05,0.00228868056409196,293.316009521484,1.68523953173031e-13
2,1,-0.00232610746752471,1.82695748662809e-05,0.00232617921232222,293.311004638672,1.71262929176351e-13
2,1,-0.00236360501730815,1.85640992640401e-05,0.00236367791875833,293.299987792969,1.74047109697706e-13
2,1,-0.00240110250888392,1.88586000149371e-05,0.00240117656680287,293.283996582031,1.76784061781561e-13
2,1,-0.0024386000004597,1.91531007658341e-05,0.0024386752148474,293.263000488281,1.79569303998195e-13
2,1,-0.00247609749203548,1.94476251635933e-05,0.00247617386307765,293.236999511719,1.82305716725148e-13
2,1,-0.00251359498361126,1.97421495613525e-05,0.0025136725113079,293.205993652344,1.85091941672267e-13
2,1,-0.00255109253339469,2.00366494027547e-05,0.00255117121755116,293.170013427734,1.87827955459302e-13
