/*--------------------------------*- C++ -*----------------------------------*\
  =========                 |
  \\      /  F ield         | OpenFOAM: The Open Source CFD Toolbox
   \\    /   O peration     | Website:  https://openfoam.org
    \\  /    A nd           | Version:  9
     \\/     M anipulation  |
\*---------------------------------------------------------------------------*/
FoamFile
{
    format      ascii;
    class       faceList;
    location    "constant/pipeFluid/polyMesh";
    object      faces;
}
// * * * * * * * * * * * * * * * * * * * * * * * * * * * * * * * * * * * * * //


25002
(
4(5 4 0 1)
4(4 7 3 0)
4(6 2 3 7)
4(5 1 2 6)
4(1 0 3 2)
4(4 0 8 10)
4(11 10 8 9)
4(11 9 1 5)
4(9 8 0 1)
4(13 7 3 12)
4(13 12 8 10)
4(8 12 3 0)
4(19 18 14 15)
4(18 21 17 14)
4(20 16 17 21)
4(19 15 16 20)
4(15 14 17 16)
4(18 14 22 24)
4(25 24 22 23)
4(25 23 15 19)
4(23 22 14 15)
4(27 21 17 26)
4(27 26 22 24)
4(22 26 17 14)
4(35 31 28 32)
4(34 33 29 30)
4(32 28 29 33)
4(34 30 31 35)
4(30 29 28 31)
4(39 37 28 32)
4(38 36 37 39)
4(35 31 36 38)
4(31 28 37 36)
4(41 33 29 40)
4(13 12 30 34)
4(41 40 12 13)
4(40 29 30 12)
4(44 33 29 42)
4(45 43 40 41)
4(44 42 43 45)
4(42 29 40 43)
4(47 32 28 46)
4(47 46 42 44)
4(46 28 29 42)
4(49 39 37 48)
4(49 48 46 47)
4(48 37 28 46)
4(51 39 37 50)
4(27 26 48 49)
4(51 50 26 27)
4(50 37 48 26)
4(53 38 36 52)
4(53 52 50 51)
4(52 36 37 50)
4(56 38 36 54)
4(57 55 52 53)
4(57 56 54 55)
4(55 54 36 52)
4(59 35 31 58)
4(59 58 54 56)
4(58 31 36 54)
4(61 34 30 60)
4(61 60 58 59)
4(60 30 31 58)
4(61 7 3 60)
4(60 3 12 30)
4(63 41 40 62)
4(63 62 8 10)
4(62 40 12 8)
4(65 45 43 64)
4(65 64 62 63)
4(64 43 40 62)
4(69 45 43 67)
4(68 66 64 65)
4(69 67 66 68)
4(67 43 64 66)
4(71 44 42 70)
4(71 70 67 69)
4(70 42 43 67)
4(73 47 46 72)
4(73 72 70 71)
4(72 46 42 70)
4(75 49 48 74)
4(75 74 72 73)
4(74 48 46 72)
4(75 21 17 74)
4(74 17 26 48)
4(77 51 50 76)
4(77 76 22 24)
4(76 50 26 22)
4(79 53 52 78)
4(79 78 76 77)
4(78 52 50 76)
4(81 80 78 79)
4(57 55 80 81)
4(80 55 52 78)
4(84 56 54 82)
4(85 83 55 57)
4(84 82 83 85)
4(83 82 54 55)
4(89 56 54 87)
4(84 88 86 82)
4(89 87 86 88)
4(82 86 87 54)
4(91 59 58 90)
4(91 90 87 89)
4(90 58 54 87)
4(93 61 60 92)
4(93 92 90 91)
4(92 60 58 90)
4(6 2 92 93)
4(2 3 60 92)
4(95 63 62 94)
4(95 94 9 11)
4(94 62 8 9)
4(97 65 64 96)
4(97 96 94 95)
4(96 64 62 94)
4(99 68 66 98)
4(99 98 96 97)
4(98 66 64 96)
4(103 68 66 101)
4(102 100 98 99)
4(103 101 100 102)
4(101 66 98 100)
4(105 69 67 104)
4(105 104 101 103)
4(104 67 66 101)
4(107 71 70 106)
4(107 106 104 105)
4(106 70 67 104)
4(111 71 70 109)
4(110 108 106 107)
4(111 109 108 110)
4(109 70 106 108)
4(113 73 72 112)
4(113 112 109 111)
4(112 72 70 109)
4(115 75 74 114)
4(115 114 112 113)
4(114 74 72 112)
4(20 16 114 115)
4(16 17 74 114)
4(117 77 76 116)
4(117 116 23 25)
4(116 76 22 23)
4(119 79 78 118)
4(119 118 116 117)
4(118 78 76 116)
4(121 81 80 120)
4(121 120 118 119)
4(120 80 78 118)
4(125 81 80 123)
4(124 122 120 121)
4(125 123 122 124)
4(123 80 120 122)
4(85 83 123 125)
4(83 55 80 123)
4(128 88 86 126)
4(129 127 82 84)
4(127 126 86 82)
4(131 89 87 130)
4(126 130 87 86)
4(133 91 90 132)
4(130 132 90 87)
4(135 93 92 134)
4(132 134 92 90)
4(137 6 2 136)
4(134 136 2 92)
4(139 5 1 138)
4(136 138 1 2)
4(141 11 9 140)
4(138 140 9 1)
4(143 95 94 142)
4(140 142 94 9)
4(145 97 96 144)
4(142 144 96 94)
4(147 99 98 146)
4(144 146 98 96)
4(149 102 100 148)
4(146 148 100 98)
4(151 103 101 150)
4(148 150 101 100)
4(153 105 104 152)
4(150 152 104 101)
4(155 107 106 154)
4(154 106 104 152)
4(157 110 108 156)
4(154 156 108 106)
4(159 111 109 158)
4(156 158 109 108)
4(161 113 112 160)
4(158 160 112 109)
4(163 115 114 162)
4(160 162 114 112)
4(165 20 16 164)
4(162 164 16 114)
4(167 19 15 166)
4(164 166 15 16)
4(169 25 23 168)
4(166 168 23 15)
4(171 117 116 170)
4(168 170 116 23)
4(173 119 118 172)
4(170 172 118 116)
4(175 121 120 174)
4(172 174 120 118)
4(177 124 122 176)
4(174 176 122 120)
4(179 125 123 178)
4(176 178 123 122)
4(181 85 83 180)
4(178 180 83 123)
4(180 127 82 83)
4(1 0 182 183)
4(3 185 182 0)
4(2 184 185 3)
4(1 183 184 2)
4(183 182 185 184)
4(8 0 182 186)
4(9 8 186 187)
4(9 187 183 1)
4(187 186 182 183)
4(3 185 188 12)
4(8 12 188 186)
4(186 188 185 182)
4(15 14 189 190)
4(17 192 189 14)
4(16 191 192 17)
4(15 190 191 16)
4(190 189 192 191)
4(22 14 189 193)
4(23 22 193 194)
4(23 194 190 15)
4(194 193 189 190)
4(17 192 195 26)
4(22 26 195 193)
4(193 195 192 189)
4(31 199 196 28)
4(30 29 197 198)
4(28 196 197 29)
4(30 198 199 31)
4(198 197 196 199)
4(37 201 196 28)
4(36 200 201 37)
4(31 199 200 36)
4(199 196 201 200)
4(40 29 197 202)
4(12 188 198 30)
4(40 202 188 12)
4(202 197 198 188)
4(42 29 197 203)
4(43 204 202 40)
4(42 203 204 43)
4(203 197 202 204)
4(46 28 196 205)
4(46 205 203 42)
4(205 196 197 203)
4(48 37 201 206)
4(48 206 205 46)
4(206 201 196 205)
4(50 37 201 207)
4(26 195 206 48)
4(50 207 195 26)
4(207 201 206 195)
4(52 36 200 208)
4(52 208 207 50)
4(208 200 201 207)
4(54 36 200 209)
4(55 210 208 52)
4(55 54 209 210)
4(210 209 200 208)
4(58 31 199 211)
4(58 211 209 54)
4(211 199 200 209)
4(60 30 198 212)
4(60 212 211 58)
4(212 198 199 211)
4(60 3 185 212)
4(212 185 188 198)
4(62 40 202 213)
4(62 213 186 8)
4(213 202 188 186)
4(64 43 204 214)
4(64 214 213 62)
4(214 204 202 213)
4(67 43 204 216)
4(66 215 214 64)
4(67 216 215 66)
4(216 204 214 215)
4(70 42 203 217)
4(70 217 216 67)
4(217 203 204 216)
4(72 46 205 218)
4(72 218 217 70)
4(218 205 203 217)
4(74 48 206 219)
4(74 219 218 72)
4(219 206 205 218)
4(74 17 192 219)
4(219 192 195 206)
4(76 50 207 220)
4(76 220 193 22)
4(220 207 195 193)
4(78 52 208 221)
4(78 221 220 76)
4(221 208 207 220)
4(80 222 221 78)
4(80 55 210 222)
4(222 210 208 221)
4(82 54 209 223)
4(83 224 210 55)
4(83 82 223 224)
4(224 223 209 210)
4(87 54 209 226)
4(82 86 225 223)
4(87 226 225 86)
4(223 225 226 209)
4(90 58 211 227)
4(90 227 226 87)
4(227 211 209 226)
4(92 60 212 228)
4(92 228 227 90)
4(228 212 211 227)
4(2 184 228 92)
4(184 185 212 228)
4(94 62 213 229)
4(94 229 187 9)
4(229 213 186 187)
4(96 64 214 230)
4(96 230 229 94)
4(230 214 213 229)
4(98 66 215 231)
4(98 231 230 96)
4(231 215 214 230)
4(101 66 215 233)
4(100 232 231 98)
4(101 233 232 100)
4(233 215 231 232)
4(104 67 216 234)
4(104 234 233 101)
4(234 216 215 233)
4(106 70 217 235)
4(106 235 234 104)
4(235 217 216 234)
4(109 70 217 237)
4(108 236 235 106)
4(109 237 236 108)
4(237 217 235 236)
4(112 72 218 238)
4(112 238 237 109)
4(238 218 217 237)
4(114 74 219 239)
4(114 239 238 112)
4(239 219 218 238)
4(16 191 239 114)
4(191 192 219 239)
4(116 76 220 240)
4(116 240 194 23)
4(240 220 193 194)
4(118 78 221 241)
4(118 241 240 116)
4(241 221 220 240)
4(120 80 222 242)
4(120 242 241 118)
4(242 222 221 241)
4(123 80 222 244)
4(122 243 242 120)
4(123 244 243 122)
4(244 222 242 243)
4(83 224 244 123)
4(224 210 222 244)
4(245 126 86 225)
4(246 223 82 127)
4(246 245 225 223)
4(247 130 87 226)
4(245 247 226 225)
4(248 132 90 227)
4(247 248 227 226)
4(249 134 92 228)
4(248 249 228 227)
4(250 136 2 184)
4(249 250 184 228)
4(251 138 1 183)
4(250 251 183 184)
4(252 140 9 187)
4(251 252 187 183)
4(253 142 94 229)
4(252 253 229 187)
4(254 144 96 230)
4(253 254 230 229)
4(255 146 98 231)
4(254 255 231 230)
4(256 148 100 232)
4(255 256 232 231)
4(257 150 101 233)
4(256 257 233 232)
4(258 152 104 234)
4(257 258 234 233)
4(259 154 106 235)
4(259 235 234 258)
4(260 156 108 236)
4(259 260 236 235)
4(261 158 109 237)
4(260 261 237 236)
4(262 160 112 238)
4(261 262 238 237)
4(263 162 114 239)
4(262 263 239 238)
4(264 164 16 191)
4(263 264 191 239)
4(265 166 15 190)
4(264 265 190 191)
4(266 168 23 194)
4(265 266 194 190)
4(267 170 116 240)
4(266 267 240 194)
4(268 172 118 241)
4(267 268 241 240)
4(269 174 120 242)
4(268 269 242 241)
4(270 176 122 243)
4(269 270 243 242)
4(271 178 123 244)
4(270 271 244 243)
4(272 180 83 224)
4(271 272 224 244)
4(272 246 223 224)
4(183 182 273 274)
4(185 276 273 182)
4(184 275 276 185)
4(183 274 275 184)
4(274 273 276 275)
4(186 182 273 277)
4(187 186 277 278)
4(187 278 274 183)
4(278 277 273 274)
4(185 276 279 188)
4(186 188 279 277)
4(277 279 276 273)
4(190 189 280 281)
4(192 283 280 189)
4(191 282 283 192)
4(190 281 282 191)
4(281 280 283 282)
4(193 189 280 284)
4(194 193 284 285)
4(194 285 281 190)
4(285 284 280 281)
4(192 283 286 195)
4(193 195 286 284)
4(284 286 283 280)
4(199 290 287 196)
4(198 197 288 289)
4(196 287 288 197)
4(198 289 290 199)
4(289 288 287 290)
4(201 292 287 196)
4(200 291 292 201)
4(199 290 291 200)
4(290 287 292 291)
4(202 197 288 293)
4(188 279 289 198)
4(202 293 279 188)
4(293 288 289 279)
4(203 197 288 294)
4(204 295 293 202)
4(203 294 295 204)
4(294 288 293 295)
4(205 196 287 296)
4(205 296 294 203)
4(296 287 288 294)
4(206 201 292 297)
4(206 297 296 205)
4(297 292 287 296)
4(207 201 292 298)
4(195 286 297 206)
4(207 298 286 195)
4(298 292 297 286)
4(208 200 291 299)
4(208 299 298 207)
4(299 291 292 298)
4(209 200 291 300)
4(210 301 299 208)
4(210 209 300 301)
4(301 300 291 299)
4(211 199 290 302)
4(211 302 300 209)
4(302 290 291 300)
4(212 198 289 303)
4(212 303 302 211)
4(303 289 290 302)
4(212 185 276 303)
4(303 276 279 289)
4(213 202 293 304)
4(213 304 277 186)
4(304 293 279 277)
4(214 204 295 305)
4(214 305 304 213)
4(305 295 293 304)
4(216 204 295 307)
4(215 306 305 214)
4(216 307 306 215)
4(307 295 305 306)
4(217 203 294 308)
4(217 308 307 216)
4(308 294 295 307)
4(218 205 296 309)
4(218 309 308 217)
4(309 296 294 308)
4(219 206 297 310)
4(219 310 309 218)
4(310 297 296 309)
4(219 192 283 310)
4(310 283 286 297)
4(220 207 298 311)
4(220 311 284 193)
4(311 298 286 284)
4(221 208 299 312)
4(221 312 311 220)
4(312 299 298 311)
4(222 313 312 221)
4(222 210 301 313)
4(313 301 299 312)
4(223 209 300 314)
4(224 315 301 210)
4(224 223 314 315)
4(315 314 300 301)
4(226 209 300 317)
4(223 225 316 314)
4(226 317 316 225)
4(314 316 317 300)
4(227 211 302 318)
4(227 318 317 226)
4(318 302 300 317)
4(228 212 303 319)
4(228 319 318 227)
4(319 303 302 318)
4(184 275 319 228)
4(275 276 303 319)
4(229 213 304 320)
4(229 320 278 187)
4(320 304 277 278)
4(230 214 305 321)
4(230 321 320 229)
4(321 305 304 320)
4(231 215 306 322)
4(231 322 321 230)
4(322 306 305 321)
4(233 215 306 324)
4(232 323 322 231)
4(233 324 323 232)
4(324 306 322 323)
4(234 216 307 325)
4(234 325 324 233)
4(325 307 306 324)
4(235 217 308 326)
4(235 326 325 234)
4(326 308 307 325)
4(237 217 308 328)
4(236 327 326 235)
4(237 328 327 236)
4(328 308 326 327)
4(238 218 309 329)
4(238 329 328 237)
4(329 309 308 328)
4(239 219 310 330)
4(239 330 329 238)
4(330 310 309 329)
4(191 282 330 239)
4(282 283 310 330)
4(240 220 311 331)
4(240 331 285 194)
4(331 311 284 285)
4(241 221 312 332)
4(241 332 331 240)
4(332 312 311 331)
4(242 222 313 333)
4(242 333 332 241)
4(333 313 312 332)
4(244 222 313 335)
4(243 334 333 242)
4(244 335 334 243)
4(335 313 333 334)
4(224 315 335 244)
4(315 301 313 335)
4(336 245 225 316)
4(337 314 223 246)
4(337 336 316 314)
4(338 247 226 317)
4(336 338 317 316)
4(339 248 227 318)
4(338 339 318 317)
4(340 249 228 319)
4(339 340 319 318)
4(341 250 184 275)
4(340 341 275 319)
4(342 251 183 274)
4(341 342 274 275)
4(343 252 187 278)
4(342 343 278 274)
4(344 253 229 320)
4(343 344 320 278)
4(345 254 230 321)
4(344 345 321 320)
4(346 255 231 322)
4(345 346 322 321)
4(347 256 232 323)
4(346 347 323 322)
4(348 257 233 324)
4(347 348 324 323)
4(349 258 234 325)
4(348 349 325 324)
4(350 259 235 326)
4(350 326 325 349)
4(351 260 236 327)
4(350 351 327 326)
4(352 261 237 328)
4(351 352 328 327)
4(353 262 238 329)
4(352 353 329 328)
4(354 263 239 330)
4(353 354 330 329)
4(355 264 191 282)
4(354 355 282 330)
4(356 265 190 281)
4(355 356 281 282)
4(357 266 194 285)
4(356 357 285 281)
4(358 267 240 331)
4(357 358 331 285)
4(359 268 241 332)
4(358 359 332 331)
4(360 269 242 333)
4(359 360 333 332)
4(361 270 243 334)
4(360 361 334 333)
4(362 271 244 335)
4(361 362 335 334)
4(363 272 224 315)
4(362 363 315 335)
4(363 337 314 315)
4(274 273 364 365)
4(276 367 364 273)
4(275 366 367 276)
4(274 365 366 275)
4(365 364 367 366)
4(277 273 364 368)
4(278 277 368 369)
4(278 369 365 274)
4(369 368 364 365)
4(276 367 370 279)
4(277 279 370 368)
4(368 370 367 364)
4(281 280 371 372)
4(283 374 371 280)
4(282 373 374 283)
4(281 372 373 282)
4(372 371 374 373)
4(284 280 371 375)
4(285 284 375 376)
4(285 376 372 281)
4(376 375 371 372)
4(283 374 377 286)
4(284 286 377 375)
4(375 377 374 371)
4(290 381 378 287)
4(289 288 379 380)
4(287 378 379 288)
4(289 380 381 290)
4(380 379 378 381)
4(292 383 378 287)
4(291 382 383 292)
4(290 381 382 291)
4(381 378 383 382)
4(293 288 379 384)
4(279 370 380 289)
4(293 384 370 279)
4(384 379 380 370)
4(294 288 379 385)
4(295 386 384 293)
4(294 385 386 295)
4(385 379 384 386)
4(296 287 378 387)
4(296 387 385 294)
4(387 378 379 385)
4(297 292 383 388)
4(297 388 387 296)
4(388 383 378 387)
4(298 292 383 389)
4(286 377 388 297)
4(298 389 377 286)
4(389 383 388 377)
4(299 291 382 390)
4(299 390 389 298)
4(390 382 383 389)
4(300 291 382 391)
4(301 392 390 299)
4(301 300 391 392)
4(392 391 382 390)
4(302 290 381 393)
4(302 393 391 300)
4(393 381 382 391)
4(303 289 380 394)
4(303 394 393 302)
4(394 380 381 393)
4(303 276 367 394)
4(394 367 370 380)
4(304 293 384 395)
4(304 395 368 277)
4(395 384 370 368)
4(305 295 386 396)
4(305 396 395 304)
4(396 386 384 395)
4(307 295 386 398)
4(306 397 396 305)
4(307 398 397 306)
4(398 386 396 397)
4(308 294 385 399)
4(308 399 398 307)
4(399 385 386 398)
4(309 296 387 400)
4(309 400 399 308)
4(400 387 385 399)
4(310 297 388 401)
4(310 401 400 309)
4(401 388 387 400)
4(310 283 374 401)
4(401 374 377 388)
4(311 298 389 402)
4(311 402 375 284)
4(402 389 377 375)
4(312 299 390 403)
4(312 403 402 311)
4(403 390 389 402)
4(313 404 403 312)
4(313 301 392 404)
4(404 392 390 403)
4(314 300 391 405)
4(315 406 392 301)
4(315 314 405 406)
4(406 405 391 392)
4(317 300 391 408)
4(314 316 407 405)
4(317 408 407 316)
4(405 407 408 391)
4(318 302 393 409)
4(318 409 408 317)
4(409 393 391 408)
4(319 303 394 410)
4(319 410 409 318)
4(410 394 393 409)
4(275 366 410 319)
4(366 367 394 410)
4(320 304 395 411)
4(320 411 369 278)
4(411 395 368 369)
4(321 305 396 412)
4(321 412 411 320)
4(412 396 395 411)
4(322 306 397 413)
4(322 413 412 321)
4(413 397 396 412)
4(324 306 397 415)
4(323 414 413 322)
4(324 415 414 323)
4(415 397 413 414)
4(325 307 398 416)
4(325 416 415 324)
4(416 398 397 415)
4(326 308 399 417)
4(326 417 416 325)
4(417 399 398 416)
4(328 308 399 419)
4(327 418 417 326)
4(328 419 418 327)
4(419 399 417 418)
4(329 309 400 420)
4(329 420 419 328)
4(420 400 399 419)
4(330 310 401 421)
4(330 421 420 329)
4(421 401 400 420)
4(282 373 421 330)
4(373 374 401 421)
4(331 311 402 422)
4(331 422 376 285)
4(422 402 375 376)
4(332 312 403 423)
4(332 423 422 331)
4(423 403 402 422)
4(333 313 404 424)
4(333 424 423 332)
4(424 404 403 423)
4(335 313 404 426)
4(334 425 424 333)
4(335 426 425 334)
4(426 404 424 425)
4(315 406 426 335)
4(406 392 404 426)
4(427 336 316 407)
4(428 405 314 337)
4(428 427 407 405)
4(429 338 317 408)
4(427 429 408 407)
4(430 339 318 409)
4(429 430 409 408)
4(431 340 319 410)
4(430 431 410 409)
4(432 341 275 366)
4(431 432 366 410)
4(433 342 274 365)
4(432 433 365 366)
4(434 343 278 369)
4(433 434 369 365)
4(435 344 320 411)
4(434 435 411 369)
4(436 345 321 412)
4(435 436 412 411)
4(437 346 322 413)
4(436 437 413 412)
4(438 347 323 414)
4(437 438 414 413)
4(439 348 324 415)
4(438 439 415 414)
4(440 349 325 416)
4(439 440 416 415)
4(441 350 326 417)
4(441 417 416 440)
4(442 351 327 418)
4(441 442 418 417)
4(443 352 328 419)
4(442 443 419 418)
4(444 353 329 420)
4(443 444 420 419)
4(445 354 330 421)
4(444 445 421 420)
4(446 355 282 373)
4(445 446 373 421)
4(447 356 281 372)
4(446 447 372 373)
4(448 357 285 376)
4(447 448 376 372)
4(449 358 331 422)
4(448 449 422 376)
4(450 359 332 423)
4(449 450 423 422)
4(451 360 333 424)
4(450 451 424 423)
4(452 361 334 425)
4(451 452 425 424)
4(453 362 335 426)
4(452 453 426 425)
4(454 363 315 406)
4(453 454 406 426)
4(454 428 405 406)
4(365 364 455 456)
4(367 458 455 364)
4(366 457 458 367)
4(365 456 457 366)
4(456 455 458 457)
4(368 364 455 459)
4(369 368 459 460)
4(369 460 456 365)
4(460 459 455 456)
4(367 458 461 370)
4(368 370 461 459)
4(459 461 458 455)
4(372 371 462 463)
4(374 465 462 371)
4(373 464 465 374)
4(372 463 464 373)
4(463 462 465 464)
4(375 371 462 466)
4(376 375 466 467)
4(376 467 463 372)
4(467 466 462 463)
4(374 465 468 377)
4(375 377 468 466)
4(466 468 465 462)
4(381 472 469 378)
4(380 379 470 471)
4(378 469 470 379)
4(380 471 472 381)
4(471 470 469 472)
4(383 474 469 378)
4(382 473 474 383)
4(381 472 473 382)
4(472 469 474 473)
4(384 379 470 475)
4(370 461 471 380)
4(384 475 461 370)
4(475 470 471 461)
4(385 379 470 476)
4(386 477 475 384)
4(385 476 477 386)
4(476 470 475 477)
4(387 378 469 478)
4(387 478 476 385)
4(478 469 470 476)
4(388 383 474 479)
4(388 479 478 387)
4(479 474 469 478)
4(389 383 474 480)
4(377 468 479 388)
4(389 480 468 377)
4(480 474 479 468)
4(390 382 473 481)
4(390 481 480 389)
4(481 473 474 480)
4(391 382 473 482)
4(392 483 481 390)
4(392 391 482 483)
4(483 482 473 481)
4(393 381 472 484)
4(393 484 482 391)
4(484 472 473 482)
4(394 380 471 485)
4(394 485 484 393)
4(485 471 472 484)
4(394 367 458 485)
4(485 458 461 471)
4(395 384 475 486)
4(395 486 459 368)
4(486 475 461 459)
4(396 386 477 487)
4(396 487 486 395)
4(487 477 475 486)
4(398 386 477 489)
4(397 488 487 396)
4(398 489 488 397)
4(489 477 487 488)
4(399 385 476 490)
4(399 490 489 398)
4(490 476 477 489)
4(400 387 478 491)
4(400 491 490 399)
4(491 478 476 490)
4(401 388 479 492)
4(401 492 491 400)
4(492 479 478 491)
4(401 374 465 492)
4(492 465 468 479)
4(402 389 480 493)
4(402 493 466 375)
4(493 480 468 466)
4(403 390 481 494)
4(403 494 493 402)
4(494 481 480 493)
4(404 495 494 403)
4(404 392 483 495)
4(495 483 481 494)
4(405 391 482 496)
4(406 497 483 392)
4(406 405 496 497)
4(497 496 482 483)
4(408 391 482 499)
4(405 407 498 496)
4(408 499 498 407)
4(496 498 499 482)
4(409 393 484 500)
4(409 500 499 408)
4(500 484 482 499)
4(410 394 485 501)
4(410 501 500 409)
4(501 485 484 500)
4(366 457 501 410)
4(457 458 485 501)
4(411 395 486 502)
4(411 502 460 369)
4(502 486 459 460)
4(412 396 487 503)
4(412 503 502 411)
4(503 487 486 502)
4(413 397 488 504)
4(413 504 503 412)
4(504 488 487 503)
4(415 397 488 506)
4(414 505 504 413)
4(415 506 505 414)
4(506 488 504 505)
4(416 398 489 507)
4(416 507 506 415)
4(507 489 488 506)
4(417 399 490 508)
4(417 508 507 416)
4(508 490 489 507)
4(419 399 490 510)
4(418 509 508 417)
4(419 510 509 418)
4(510 490 508 509)
4(420 400 491 511)
4(420 511 510 419)
4(511 491 490 510)
4(421 401 492 512)
4(421 512 511 420)
4(512 492 491 511)
4(373 464 512 421)
4(464 465 492 512)
4(422 402 493 513)
4(422 513 467 376)
4(513 493 466 467)
4(423 403 494 514)
4(423 514 513 422)
4(514 494 493 513)
4(424 404 495 515)
4(424 515 514 423)
4(515 495 494 514)
4(426 404 495 517)
4(425 516 515 424)
4(426 517 516 425)
4(517 495 515 516)
4(406 497 517 426)
4(497 483 495 517)
4(427 407 498 518)
4(428 519 496 405)
4(518 498 496 519)
4(429 408 499 520)
4(520 499 498 518)
4(430 409 500 521)
4(521 500 499 520)
4(431 410 501 522)
4(522 501 500 521)
4(432 366 457 523)
4(523 457 501 522)
4(433 365 456 524)
4(524 456 457 523)
4(434 369 460 525)
4(525 460 456 524)
4(435 411 502 526)
4(526 502 460 525)
4(436 412 503 527)
4(527 503 502 526)
4(437 413 504 528)
4(528 504 503 527)
4(438 414 505 529)
4(529 505 504 528)
4(439 415 506 530)
4(530 506 505 529)
4(440 416 507 531)
4(531 507 506 530)
4(441 417 508 532)
4(532 508 507 531)
4(442 418 509 533)
4(532 533 509 508)
4(443 419 510 534)
4(534 510 509 533)
4(444 420 511 535)
4(535 511 510 534)
4(445 421 512 536)
4(536 512 511 535)
4(446 373 464 537)
4(537 464 512 536)
4(447 372 463 538)
4(538 463 464 537)
4(448 376 467 539)
4(539 467 463 538)
4(449 422 513 540)
4(540 513 467 539)
4(450 423 514 541)
4(541 514 513 540)
4(451 424 515 542)
4(542 515 514 541)
4(452 425 516 543)
4(543 516 515 542)
4(453 426 517 544)
4(544 517 516 543)
4(454 406 497 545)
4(545 497 517 544)
4(519 496 497 545)
4(456 455 546 547)
4(458 549 546 455)
4(457 548 549 458)
4(456 547 548 457)
4(547 546 549 548)
4(459 455 546 550)
4(460 459 550 551)
4(460 551 547 456)
4(551 550 546 547)
4(458 549 552 461)
4(459 461 552 550)
4(550 552 549 546)
4(463 462 553 554)
4(465 556 553 462)
4(464 555 556 465)
4(463 554 555 464)
4(554 553 556 555)
4(466 462 553 557)
4(467 466 557 558)
4(467 558 554 463)
4(558 557 553 554)
4(465 556 559 468)
4(466 468 559 557)
4(557 559 556 553)
4(472 563 560 469)
4(471 470 561 562)
4(469 560 561 470)
4(471 562 563 472)
4(562 561 560 563)
4(474 565 560 469)
4(473 564 565 474)
4(472 563 564 473)
4(563 560 565 564)
4(475 470 561 566)
4(461 552 562 471)
4(475 566 552 461)
4(566 561 562 552)
4(476 470 561 567)
4(477 568 566 475)
4(476 567 568 477)
4(567 561 566 568)
4(478 469 560 569)
4(478 569 567 476)
4(569 560 561 567)
4(479 474 565 570)
4(479 570 569 478)
4(570 565 560 569)
4(480 474 565 571)
4(468 559 570 479)
4(480 571 559 468)
4(571 565 570 559)
4(481 473 564 572)
4(481 572 571 480)
4(572 564 565 571)
4(482 473 564 573)
4(483 574 572 481)
4(483 482 573 574)
4(574 573 564 572)
4(484 472 563 575)
4(484 575 573 482)
4(575 563 564 573)
4(485 471 562 576)
4(485 576 575 484)
4(576 562 563 575)
4(485 458 549 576)
4(576 549 552 562)
4(486 475 566 577)
4(486 577 550 459)
4(577 566 552 550)
4(487 477 568 578)
4(487 578 577 486)
4(578 568 566 577)
4(489 477 568 580)
4(488 579 578 487)
4(489 580 579 488)
4(580 568 578 579)
4(490 476 567 581)
4(490 581 580 489)
4(581 567 568 580)
4(491 478 569 582)
4(491 582 581 490)
4(582 569 567 581)
4(492 479 570 583)
4(492 583 582 491)
4(583 570 569 582)
4(492 465 556 583)
4(583 556 559 570)
4(493 480 571 584)
4(493 584 557 466)
4(584 571 559 557)
4(494 481 572 585)
4(494 585 584 493)
4(585 572 571 584)
4(495 586 585 494)
4(495 483 574 586)
4(586 574 572 585)
4(496 482 573 587)
4(497 588 574 483)
4(497 496 587 588)
4(588 587 573 574)
4(499 482 573 590)
4(496 498 589 587)
4(499 590 589 498)
4(587 589 590 573)
4(500 484 575 591)
4(500 591 590 499)
4(591 575 573 590)
4(501 485 576 592)
4(501 592 591 500)
4(592 576 575 591)
4(457 548 592 501)
4(548 549 576 592)
4(502 486 577 593)
4(502 593 551 460)
4(593 577 550 551)
4(503 487 578 594)
4(503 594 593 502)
4(594 578 577 593)
4(504 488 579 595)
4(504 595 594 503)
4(595 579 578 594)
4(506 488 579 597)
4(505 596 595 504)
4(506 597 596 505)
4(597 579 595 596)
4(507 489 580 598)
4(507 598 597 506)
4(598 580 579 597)
4(508 490 581 599)
4(508 599 598 507)
4(599 581 580 598)
4(510 490 581 601)
4(509 600 599 508)
4(510 601 600 509)
4(601 581 599 600)
4(511 491 582 602)
4(511 602 601 510)
4(602 582 581 601)
4(512 492 583 603)
4(512 603 602 511)
4(603 583 582 602)
4(464 555 603 512)
4(555 556 583 603)
4(513 493 584 604)
4(513 604 558 467)
4(604 584 557 558)
4(514 494 585 605)
4(514 605 604 513)
4(605 585 584 604)
4(515 495 586 606)
4(515 606 605 514)
4(606 586 585 605)
4(517 495 586 608)
4(516 607 606 515)
4(517 608 607 516)
4(608 586 606 607)
4(497 588 608 517)
4(588 574 586 608)
4(609 518 498 589)
4(610 587 496 519)
4(609 589 587 610)
4(611 520 499 590)
4(611 590 589 609)
4(612 521 500 591)
4(612 591 590 611)
4(613 522 501 592)
4(613 592 591 612)
4(614 523 457 548)
4(614 548 592 613)
4(615 524 456 547)
4(615 547 548 614)
4(616 525 460 551)
4(616 551 547 615)
4(617 526 502 593)
4(617 593 551 616)
4(618 527 503 594)
4(618 594 593 617)
4(619 528 504 595)
4(619 595 594 618)
4(620 529 505 596)
4(620 596 595 619)
4(621 530 506 597)
4(621 597 596 620)
4(622 531 507 598)
4(622 598 597 621)
4(623 532 508 599)
4(623 599 598 622)
4(624 533 509 600)
4(623 624 600 599)
4(625 534 510 601)
4(625 601 600 624)
4(626 535 511 602)
4(626 602 601 625)
4(627 536 512 603)
4(627 603 602 626)
4(628 537 464 555)
4(628 555 603 627)
4(629 538 463 554)
4(629 554 555 628)
4(630 539 467 558)
4(630 558 554 629)
4(631 540 513 604)
4(631 604 558 630)
4(632 541 514 605)
4(632 605 604 631)
4(633 542 515 606)
4(633 606 605 632)
4(634 543 516 607)
4(634 607 606 633)
4(635 544 517 608)
4(635 608 607 634)
4(636 545 497 588)
4(636 588 608 635)
4(610 587 588 636)
4(547 546 637 638)
4(549 640 637 546)
4(548 639 640 549)
4(547 638 639 548)
4(638 637 640 639)
4(550 546 637 641)
4(551 550 641 642)
4(551 642 638 547)
4(642 641 637 638)
4(549 640 643 552)
4(550 552 643 641)
4(641 643 640 637)
4(554 553 644 645)
4(556 647 644 553)
4(555 646 647 556)
4(554 645 646 555)
4(645 644 647 646)
4(557 553 644 648)
4(558 557 648 649)
4(558 649 645 554)
4(649 648 644 645)
4(556 647 650 559)
4(557 559 650 648)
4(648 650 647 644)
4(563 654 651 560)
4(562 561 652 653)
4(560 651 652 561)
4(562 653 654 563)
4(653 652 651 654)
4(565 656 651 560)
4(564 655 656 565)
4(563 654 655 564)
4(654 651 656 655)
4(566 561 652 657)
4(552 643 653 562)
4(566 657 643 552)
4(657 652 653 643)
4(567 561 652 658)
4(568 659 657 566)
4(567 658 659 568)
4(658 652 657 659)
4(569 560 651 660)
4(569 660 658 567)
4(660 651 652 658)
4(570 565 656 661)
4(570 661 660 569)
4(661 656 651 660)
4(571 565 656 662)
4(559 650 661 570)
4(571 662 650 559)
4(662 656 661 650)
4(572 564 655 663)
4(572 663 662 571)
4(663 655 656 662)
4(573 564 655 664)
4(574 665 663 572)
4(574 573 664 665)
4(665 664 655 663)
4(575 563 654 666)
4(575 666 664 573)
4(666 654 655 664)
4(576 562 653 667)
4(576 667 666 575)
4(667 653 654 666)
4(576 549 640 667)
4(667 640 643 653)
4(577 566 657 668)
4(577 668 641 550)
4(668 657 643 641)
4(578 568 659 669)
4(578 669 668 577)
4(669 659 657 668)
4(580 568 659 671)
4(579 670 669 578)
4(580 671 670 579)
4(671 659 669 670)
4(581 567 658 672)
4(581 672 671 580)
4(672 658 659 671)
4(582 569 660 673)
4(582 673 672 581)
4(673 660 658 672)
4(583 570 661 674)
4(583 674 673 582)
4(674 661 660 673)
4(583 556 647 674)
4(674 647 650 661)
4(584 571 662 675)
4(584 675 648 557)
4(675 662 650 648)
4(585 572 663 676)
4(585 676 675 584)
4(676 663 662 675)
4(586 677 676 585)
4(586 574 665 677)
4(677 665 663 676)
4(587 573 664 678)
4(588 679 665 574)
4(588 587 678 679)
4(679 678 664 665)
4(590 573 664 681)
4(587 589 680 678)
4(590 681 680 589)
4(678 680 681 664)
4(591 575 666 682)
4(591 682 681 590)
4(682 666 664 681)
4(592 576 667 683)
4(592 683 682 591)
4(683 667 666 682)
4(548 639 683 592)
4(639 640 667 683)
4(593 577 668 684)
4(593 684 642 551)
4(684 668 641 642)
4(594 578 669 685)
4(594 685 684 593)
4(685 669 668 684)
4(595 579 670 686)
4(595 686 685 594)
4(686 670 669 685)
4(597 579 670 688)
4(596 687 686 595)
4(597 688 687 596)
4(688 670 686 687)
4(598 580 671 689)
4(598 689 688 597)
4(689 671 670 688)
4(599 581 672 690)
4(599 690 689 598)
4(690 672 671 689)
4(601 581 672 692)
4(600 691 690 599)
4(601 692 691 600)
4(692 672 690 691)
4(602 582 673 693)
4(602 693 692 601)
4(693 673 672 692)
4(603 583 674 694)
4(603 694 693 602)
4(694 674 673 693)
4(555 646 694 603)
4(646 647 674 694)
4(604 584 675 695)
4(604 695 649 558)
4(695 675 648 649)
4(605 585 676 696)
4(605 696 695 604)
4(696 676 675 695)
4(606 586 677 697)
4(606 697 696 605)
4(697 677 676 696)
4(608 586 677 699)
4(607 698 697 606)
4(608 699 698 607)
4(699 677 697 698)
4(588 679 699 608)
4(679 665 677 699)
4(700 609 589 680)
4(701 678 587 610)
4(700 680 678 701)
4(702 611 590 681)
4(702 681 680 700)
4(703 612 591 682)
4(703 682 681 702)
4(704 613 592 683)
4(704 683 682 703)
4(705 614 548 639)
4(705 639 683 704)
4(706 615 547 638)
4(706 638 639 705)
4(707 616 551 642)
4(707 642 638 706)
4(708 617 593 684)
4(708 684 642 707)
4(709 618 594 685)
4(709 685 684 708)
4(710 619 595 686)
4(710 686 685 709)
4(711 620 596 687)
4(711 687 686 710)
4(712 621 597 688)
4(712 688 687 711)
4(713 622 598 689)
4(713 689 688 712)
4(714 623 599 690)
4(714 690 689 713)
4(715 624 600 691)
4(714 715 691 690)
4(716 625 601 692)
4(716 692 691 715)
4(717 626 602 693)
4(717 693 692 716)
4(718 627 603 694)
4(718 694 693 717)
4(719 628 555 646)
4(719 646 694 718)
4(720 629 554 645)
4(720 645 646 719)
4(721 630 558 649)
4(721 649 645 720)
4(722 631 604 695)
4(722 695 649 721)
4(723 632 605 696)
4(723 696 695 722)
4(724 633 606 697)
4(724 697 696 723)
4(725 634 607 698)
4(725 698 697 724)
4(726 635 608 699)
4(726 699 698 725)
4(727 636 588 679)
4(727 679 699 726)
4(701 678 679 727)
4(638 637 728 729)
4(640 731 728 637)
4(639 730 731 640)
4(638 729 730 639)
4(729 728 731 730)
4(641 637 728 732)
4(642 641 732 733)
4(642 733 729 638)
4(733 732 728 729)
4(640 731 734 643)
4(641 643 734 732)
4(732 734 731 728)
4(645 644 735 736)
4(647 738 735 644)
4(646 737 738 647)
4(645 736 737 646)
4(736 735 738 737)
4(648 644 735 739)
4(649 648 739 740)
4(649 740 736 645)
4(740 739 735 736)
4(647 738 741 650)
4(648 650 741 739)
4(739 741 738 735)
4(654 745 742 651)
4(653 652 743 744)
4(651 742 743 652)
4(653 744 745 654)
4(744 743 742 745)
4(656 747 742 651)
4(655 746 747 656)
4(654 745 746 655)
4(745 742 747 746)
4(657 652 743 748)
4(643 734 744 653)
4(657 748 734 643)
4(748 743 744 734)
4(658 652 743 749)
4(659 750 748 657)
4(658 749 750 659)
4(749 743 748 750)
4(660 651 742 751)
4(660 751 749 658)
4(751 742 743 749)
4(661 656 747 752)
4(661 752 751 660)
4(752 747 742 751)
4(662 656 747 753)
4(650 741 752 661)
4(662 753 741 650)
4(753 747 752 741)
4(663 655 746 754)
4(663 754 753 662)
4(754 746 747 753)
4(664 655 746 755)
4(665 756 754 663)
4(665 664 755 756)
4(756 755 746 754)
4(666 654 745 757)
4(666 757 755 664)
4(757 745 746 755)
4(667 653 744 758)
4(667 758 757 666)
4(758 744 745 757)
4(667 640 731 758)
4(758 731 734 744)
4(668 657 748 759)
4(668 759 732 641)
4(759 748 734 732)
4(669 659 750 760)
4(669 760 759 668)
4(760 750 748 759)
4(671 659 750 762)
4(670 761 760 669)
4(671 762 761 670)
4(762 750 760 761)
4(672 658 749 763)
4(672 763 762 671)
4(763 749 750 762)
4(673 660 751 764)
4(673 764 763 672)
4(764 751 749 763)
4(674 661 752 765)
4(674 765 764 673)
4(765 752 751 764)
4(674 647 738 765)
4(765 738 741 752)
4(675 662 753 766)
4(675 766 739 648)
4(766 753 741 739)
4(676 663 754 767)
4(676 767 766 675)
4(767 754 753 766)
4(677 768 767 676)
4(677 665 756 768)
4(768 756 754 767)
4(678 664 755 769)
4(679 770 756 665)
4(679 678 769 770)
4(770 769 755 756)
4(681 664 755 772)
4(678 680 771 769)
4(681 772 771 680)
4(769 771 772 755)
4(682 666 757 773)
4(682 773 772 681)
4(773 757 755 772)
4(683 667 758 774)
4(683 774 773 682)
4(774 758 757 773)
4(639 730 774 683)
4(730 731 758 774)
4(684 668 759 775)
4(684 775 733 642)
4(775 759 732 733)
4(685 669 760 776)
4(685 776 775 684)
4(776 760 759 775)
4(686 670 761 777)
4(686 777 776 685)
4(777 761 760 776)
4(688 670 761 779)
4(687 778 777 686)
4(688 779 778 687)
4(779 761 777 778)
4(689 671 762 780)
4(689 780 779 688)
4(780 762 761 779)
4(690 672 763 781)
4(690 781 780 689)
4(781 763 762 780)
4(692 672 763 783)
4(691 782 781 690)
4(692 783 782 691)
4(783 763 781 782)
4(693 673 764 784)
4(693 784 783 692)
4(784 764 763 783)
4(694 674 765 785)
4(694 785 784 693)
4(785 765 764 784)
4(646 737 785 694)
4(737 738 765 785)
4(695 675 766 786)
4(695 786 740 649)
4(786 766 739 740)
4(696 676 767 787)
4(696 787 786 695)
4(787 767 766 786)
4(697 677 768 788)
4(697 788 787 696)
4(788 768 767 787)
4(699 677 768 790)
4(698 789 788 697)
4(699 790 789 698)
4(790 768 788 789)
4(679 770 790 699)
4(770 756 768 790)
4(791 700 680 771)
4(792 769 678 701)
4(791 771 769 792)
4(793 702 681 772)
4(793 772 771 791)
4(794 703 682 773)
4(794 773 772 793)
4(795 704 683 774)
4(795 774 773 794)
4(796 705 639 730)
4(796 730 774 795)
4(797 706 638 729)
4(797 729 730 796)
4(798 707 642 733)
4(798 733 729 797)
4(799 708 684 775)
4(799 775 733 798)
4(800 709 685 776)
4(800 776 775 799)
4(801 710 686 777)
4(801 777 776 800)
4(802 711 687 778)
4(802 778 777 801)
4(803 712 688 779)
4(803 779 778 802)
4(804 713 689 780)
4(804 780 779 803)
4(805 714 690 781)
4(805 781 780 804)
4(806 715 691 782)
4(805 806 782 781)
4(807 716 692 783)
4(807 783 782 806)
4(808 717 693 784)
4(808 784 783 807)
4(809 718 694 785)
4(809 785 784 808)
4(810 719 646 737)
4(810 737 785 809)
4(811 720 645 736)
4(811 736 737 810)
4(812 721 649 740)
4(812 740 736 811)
4(813 722 695 786)
4(813 786 740 812)
4(814 723 696 787)
4(814 787 786 813)
4(815 724 697 788)
4(815 788 787 814)
4(816 725 698 789)
4(816 789 788 815)
4(817 726 699 790)
4(817 790 789 816)
4(818 727 679 770)
4(818 770 790 817)
4(792 769 770 818)
4(729 728 819 820)
4(731 822 819 728)
4(730 821 822 731)
4(729 820 821 730)
4(820 819 822 821)
4(732 728 819 823)
4(733 732 823 824)
4(733 824 820 729)
4(824 823 819 820)
4(731 822 825 734)
4(732 734 825 823)
4(823 825 822 819)
4(736 735 826 827)
4(738 829 826 735)
4(737 828 829 738)
4(736 827 828 737)
4(827 826 829 828)
4(739 735 826 830)
4(740 739 830 831)
4(740 831 827 736)
4(831 830 826 827)
4(738 829 832 741)
4(739 741 832 830)
4(830 832 829 826)
4(745 836 833 742)
4(744 743 834 835)
4(742 833 834 743)
4(744 835 836 745)
4(835 834 833 836)
4(747 838 833 742)
4(746 837 838 747)
4(745 836 837 746)
4(836 833 838 837)
4(748 743 834 839)
4(734 825 835 744)
4(748 839 825 734)
4(839 834 835 825)
4(749 743 834 840)
4(750 841 839 748)
4(749 840 841 750)
4(840 834 839 841)
4(751 742 833 842)
4(751 842 840 749)
4(842 833 834 840)
4(752 747 838 843)
4(752 843 842 751)
4(843 838 833 842)
4(753 747 838 844)
4(741 832 843 752)
4(753 844 832 741)
4(844 838 843 832)
4(754 746 837 845)
4(754 845 844 753)
4(845 837 838 844)
4(755 746 837 846)
4(756 847 845 754)
4(756 755 846 847)
4(847 846 837 845)
4(757 745 836 848)
4(757 848 846 755)
4(848 836 837 846)
4(758 744 835 849)
4(758 849 848 757)
4(849 835 836 848)
4(758 731 822 849)
4(849 822 825 835)
4(759 748 839 850)
4(759 850 823 732)
4(850 839 825 823)
4(760 750 841 851)
4(760 851 850 759)
4(851 841 839 850)
4(762 750 841 853)
4(761 852 851 760)
4(762 853 852 761)
4(853 841 851 852)
4(763 749 840 854)
4(763 854 853 762)
4(854 840 841 853)
4(764 751 842 855)
4(764 855 854 763)
4(855 842 840 854)
4(765 752 843 856)
4(765 856 855 764)
4(856 843 842 855)
4(765 738 829 856)
4(856 829 832 843)
4(766 753 844 857)
4(766 857 830 739)
4(857 844 832 830)
4(767 754 845 858)
4(767 858 857 766)
4(858 845 844 857)
4(768 859 858 767)
4(768 756 847 859)
4(859 847 845 858)
4(769 755 846 860)
4(770 861 847 756)
4(770 769 860 861)
4(861 860 846 847)
4(772 755 846 863)
4(769 771 862 860)
4(772 863 862 771)
4(860 862 863 846)
4(773 757 848 864)
4(773 864 863 772)
4(864 848 846 863)
4(774 758 849 865)
4(774 865 864 773)
4(865 849 848 864)
4(730 821 865 774)
4(821 822 849 865)
4(775 759 850 866)
4(775 866 824 733)
4(866 850 823 824)
4(776 760 851 867)
4(776 867 866 775)
4(867 851 850 866)
4(777 761 852 868)
4(777 868 867 776)
4(868 852 851 867)
4(779 761 852 870)
4(778 869 868 777)
4(779 870 869 778)
4(870 852 868 869)
4(780 762 853 871)
4(780 871 870 779)
4(871 853 852 870)
4(781 763 854 872)
4(781 872 871 780)
4(872 854 853 871)
4(783 763 854 874)
4(782 873 872 781)
4(783 874 873 782)
4(874 854 872 873)
4(784 764 855 875)
4(784 875 874 783)
4(875 855 854 874)
4(785 765 856 876)
4(785 876 875 784)
4(876 856 855 875)
4(737 828 876 785)
4(828 829 856 876)
4(786 766 857 877)
4(786 877 831 740)
4(877 857 830 831)
4(787 767 858 878)
4(787 878 877 786)
4(878 858 857 877)
4(788 768 859 879)
4(788 879 878 787)
4(879 859 858 878)
4(790 768 859 881)
4(789 880 879 788)
4(790 881 880 789)
4(881 859 879 880)
4(770 861 881 790)
4(861 847 859 881)
4(882 791 771 862)
4(883 860 769 792)
4(882 862 860 883)
4(884 793 772 863)
4(884 863 862 882)
4(885 794 773 864)
4(885 864 863 884)
4(886 795 774 865)
4(886 865 864 885)
4(887 796 730 821)
4(887 821 865 886)
4(888 797 729 820)
4(888 820 821 887)
4(889 798 733 824)
4(889 824 820 888)
4(890 799 775 866)
4(890 866 824 889)
4(891 800 776 867)
4(891 867 866 890)
4(892 801 777 868)
4(892 868 867 891)
4(893 802 778 869)
4(893 869 868 892)
4(894 803 779 870)
4(894 870 869 893)
4(895 804 780 871)
4(895 871 870 894)
4(896 805 781 872)
4(896 872 871 895)
4(897 806 782 873)
4(896 897 873 872)
4(898 807 783 874)
4(898 874 873 897)
4(899 808 784 875)
4(899 875 874 898)
4(900 809 785 876)
4(900 876 875 899)
4(901 810 737 828)
4(901 828 876 900)
4(902 811 736 827)
4(902 827 828 901)
4(903 812 740 831)
4(903 831 827 902)
4(904 813 786 877)
4(904 877 831 903)
4(905 814 787 878)
4(905 878 877 904)
4(906 815 788 879)
4(906 879 878 905)
4(907 816 789 880)
4(907 880 879 906)
4(908 817 790 881)
4(908 881 880 907)
4(909 818 770 861)
4(909 861 881 908)
4(883 860 861 909)
4(820 819 910 911)
4(822 913 910 819)
4(821 912 913 822)
4(820 911 912 821)
4(911 910 913 912)
4(823 819 910 914)
4(824 823 914 915)
4(824 915 911 820)
4(915 914 910 911)
4(822 913 916 825)
4(823 825 916 914)
4(914 916 913 910)
4(827 826 917 918)
4(829 920 917 826)
4(828 919 920 829)
4(827 918 919 828)
4(918 917 920 919)
4(830 826 917 921)
4(831 830 921 922)
4(831 922 918 827)
4(922 921 917 918)
4(829 920 923 832)
4(830 832 923 921)
4(921 923 920 917)
4(836 927 924 833)
4(835 834 925 926)
4(833 924 925 834)
4(835 926 927 836)
4(926 925 924 927)
4(838 929 924 833)
4(837 928 929 838)
4(836 927 928 837)
4(927 924 929 928)
4(839 834 925 930)
4(825 916 926 835)
4(839 930 916 825)
4(930 925 926 916)
4(840 834 925 931)
4(841 932 930 839)
4(840 931 932 841)
4(931 925 930 932)
4(842 833 924 933)
4(842 933 931 840)
4(933 924 925 931)
4(843 838 929 934)
4(843 934 933 842)
4(934 929 924 933)
4(844 838 929 935)
4(832 923 934 843)
4(844 935 923 832)
4(935 929 934 923)
4(845 837 928 936)
4(845 936 935 844)
4(936 928 929 935)
4(846 837 928 937)
4(847 938 936 845)
4(847 846 937 938)
4(938 937 928 936)
4(848 836 927 939)
4(848 939 937 846)
4(939 927 928 937)
4(849 835 926 940)
4(849 940 939 848)
4(940 926 927 939)
4(849 822 913 940)
4(940 913 916 926)
4(850 839 930 941)
4(850 941 914 823)
4(941 930 916 914)
4(851 841 932 942)
4(851 942 941 850)
4(942 932 930 941)
4(853 841 932 944)
4(852 943 942 851)
4(853 944 943 852)
4(944 932 942 943)
4(854 840 931 945)
4(854 945 944 853)
4(945 931 932 944)
4(855 842 933 946)
4(855 946 945 854)
4(946 933 931 945)
4(856 843 934 947)
4(856 947 946 855)
4(947 934 933 946)
4(856 829 920 947)
4(947 920 923 934)
4(857 844 935 948)
4(857 948 921 830)
4(948 935 923 921)
4(858 845 936 949)
4(858 949 948 857)
4(949 936 935 948)
4(859 950 949 858)
4(859 847 938 950)
4(950 938 936 949)
4(860 846 937 951)
4(861 952 938 847)
4(861 860 951 952)
4(952 951 937 938)
4(863 846 937 954)
4(860 862 953 951)
4(863 954 953 862)
4(951 953 954 937)
4(864 848 939 955)
4(864 955 954 863)
4(955 939 937 954)
4(865 849 940 956)
4(865 956 955 864)
4(956 940 939 955)
4(821 912 956 865)
4(912 913 940 956)
4(866 850 941 957)
4(866 957 915 824)
4(957 941 914 915)
4(867 851 942 958)
4(867 958 957 866)
4(958 942 941 957)
4(868 852 943 959)
4(868 959 958 867)
4(959 943 942 958)
4(870 852 943 961)
4(869 960 959 868)
4(870 961 960 869)
4(961 943 959 960)
4(871 853 944 962)
4(871 962 961 870)
4(962 944 943 961)
4(872 854 945 963)
4(872 963 962 871)
4(963 945 944 962)
4(874 854 945 965)
4(873 964 963 872)
4(874 965 964 873)
4(965 945 963 964)
4(875 855 946 966)
4(875 966 965 874)
4(966 946 945 965)
4(876 856 947 967)
4(876 967 966 875)
4(967 947 946 966)
4(828 919 967 876)
4(919 920 947 967)
4(877 857 948 968)
4(877 968 922 831)
4(968 948 921 922)
4(878 858 949 969)
4(878 969 968 877)
4(969 949 948 968)
4(879 859 950 970)
4(879 970 969 878)
4(970 950 949 969)
4(881 859 950 972)
4(880 971 970 879)
4(881 972 971 880)
4(972 950 970 971)
4(861 952 972 881)
4(952 938 950 972)
4(973 882 862 953)
4(974 951 860 883)
4(973 953 951 974)
4(975 884 863 954)
4(975 954 953 973)
4(976 885 864 955)
4(976 955 954 975)
4(977 886 865 956)
4(977 956 955 976)
4(978 887 821 912)
4(978 912 956 977)
4(979 888 820 911)
4(979 911 912 978)
4(980 889 824 915)
4(980 915 911 979)
4(981 890 866 957)
4(981 957 915 980)
4(982 891 867 958)
4(982 958 957 981)
4(983 892 868 959)
4(983 959 958 982)
4(984 893 869 960)
4(984 960 959 983)
4(985 894 870 961)
4(985 961 960 984)
4(986 895 871 962)
4(986 962 961 985)
4(987 896 872 963)
4(987 963 962 986)
4(988 897 873 964)
4(987 988 964 963)
4(989 898 874 965)
4(989 965 964 988)
4(990 899 875 966)
4(990 966 965 989)
4(991 900 876 967)
4(991 967 966 990)
4(992 901 828 919)
4(992 919 967 991)
4(993 902 827 918)
4(993 918 919 992)
4(994 903 831 922)
4(994 922 918 993)
4(995 904 877 968)
4(995 968 922 994)
4(996 905 878 969)
4(996 969 968 995)
4(997 906 879 970)
4(997 970 969 996)
4(998 907 880 971)
4(998 971 970 997)
4(999 908 881 972)
4(999 972 971 998)
4(1000 909 861 952)
4(1000 952 972 999)
4(974 951 952 1000)
4(911 910 1001 1002)
4(913 1004 1001 910)
4(912 1003 1004 913)
4(911 1002 1003 912)
4(1002 1001 1004 1003)
4(914 910 1001 1005)
4(915 914 1005 1006)
4(915 1006 1002 911)
4(1006 1005 1001 1002)
4(913 1004 1007 916)
4(914 916 1007 1005)
4(1005 1007 1004 1001)
4(918 917 1008 1009)
4(920 1011 1008 917)
4(919 1010 1011 920)
4(918 1009 1010 919)
4(1009 1008 1011 1010)
4(921 917 1008 1012)
4(922 921 1012 1013)
4(922 1013 1009 918)
4(1013 1012 1008 1009)
4(920 1011 1014 923)
4(921 923 1014 1012)
4(1012 1014 1011 1008)
4(927 1018 1015 924)
4(926 925 1016 1017)
4(924 1015 1016 925)
4(926 1017 1018 927)
4(1017 1016 1015 1018)
4(929 1020 1015 924)
4(928 1019 1020 929)
4(927 1018 1019 928)
4(1018 1015 1020 1019)
4(930 925 1016 1021)
4(916 1007 1017 926)
4(930 1021 1007 916)
4(1021 1016 1017 1007)
4(931 925 1016 1022)
4(932 1023 1021 930)
4(931 1022 1023 932)
4(1022 1016 1021 1023)
4(933 924 1015 1024)
4(933 1024 1022 931)
4(1024 1015 1016 1022)
4(934 929 1020 1025)
4(934 1025 1024 933)
4(1025 1020 1015 1024)
4(935 929 1020 1026)
4(923 1014 1025 934)
4(935 1026 1014 923)
4(1026 1020 1025 1014)
4(936 928 1019 1027)
4(936 1027 1026 935)
4(1027 1019 1020 1026)
4(937 928 1019 1028)
4(938 1029 1027 936)
4(938 937 1028 1029)
4(1029 1028 1019 1027)
4(939 927 1018 1030)
4(939 1030 1028 937)
4(1030 1018 1019 1028)
4(940 926 1017 1031)
4(940 1031 1030 939)
4(1031 1017 1018 1030)
4(940 913 1004 1031)
4(1031 1004 1007 1017)
4(941 930 1021 1032)
4(941 1032 1005 914)
4(1032 1021 1007 1005)
4(942 932 1023 1033)
4(942 1033 1032 941)
4(1033 1023 1021 1032)
4(944 932 1023 1035)
4(943 1034 1033 942)
4(944 1035 1034 943)
4(1035 1023 1033 1034)
4(945 931 1022 1036)
4(945 1036 1035 944)
4(1036 1022 1023 1035)
4(946 933 1024 1037)
4(946 1037 1036 945)
4(1037 1024 1022 1036)
4(947 934 1025 1038)
4(947 1038 1037 946)
4(1038 1025 1024 1037)
4(947 920 1011 1038)
4(1038 1011 1014 1025)
4(948 935 1026 1039)
4(948 1039 1012 921)
4(1039 1026 1014 1012)
4(949 936 1027 1040)
4(949 1040 1039 948)
4(1040 1027 1026 1039)
4(950 1041 1040 949)
4(950 938 1029 1041)
4(1041 1029 1027 1040)
4(951 937 1028 1042)
4(952 1043 1029 938)
4(952 951 1042 1043)
4(1043 1042 1028 1029)
4(954 937 1028 1045)
4(951 953 1044 1042)
4(954 1045 1044 953)
4(1042 1044 1045 1028)
4(955 939 1030 1046)
4(955 1046 1045 954)
4(1046 1030 1028 1045)
4(956 940 1031 1047)
4(956 1047 1046 955)
4(1047 1031 1030 1046)
4(912 1003 1047 956)
4(1003 1004 1031 1047)
4(957 941 1032 1048)
4(957 1048 1006 915)
4(1048 1032 1005 1006)
4(958 942 1033 1049)
4(958 1049 1048 957)
4(1049 1033 1032 1048)
4(959 943 1034 1050)
4(959 1050 1049 958)
4(1050 1034 1033 1049)
4(961 943 1034 1052)
4(960 1051 1050 959)
4(961 1052 1051 960)
4(1052 1034 1050 1051)
4(962 944 1035 1053)
4(962 1053 1052 961)
4(1053 1035 1034 1052)
4(963 945 1036 1054)
4(963 1054 1053 962)
4(1054 1036 1035 1053)
4(965 945 1036 1056)
4(964 1055 1054 963)
4(965 1056 1055 964)
4(1056 1036 1054 1055)
4(966 946 1037 1057)
4(966 1057 1056 965)
4(1057 1037 1036 1056)
4(967 947 1038 1058)
4(967 1058 1057 966)
4(1058 1038 1037 1057)
4(919 1010 1058 967)
4(1010 1011 1038 1058)
4(968 948 1039 1059)
4(968 1059 1013 922)
4(1059 1039 1012 1013)
4(969 949 1040 1060)
4(969 1060 1059 968)
4(1060 1040 1039 1059)
4(970 950 1041 1061)
4(970 1061 1060 969)
4(1061 1041 1040 1060)
4(972 950 1041 1063)
4(971 1062 1061 970)
4(972 1063 1062 971)
4(1063 1041 1061 1062)
4(952 1043 1063 972)
4(1043 1029 1041 1063)
4(1064 973 953 1044)
4(1065 1042 951 974)
4(1064 1044 1042 1065)
4(1066 975 954 1045)
4(1066 1045 1044 1064)
4(1067 976 955 1046)
4(1067 1046 1045 1066)
4(1068 977 956 1047)
4(1068 1047 1046 1067)
4(1069 978 912 1003)
4(1069 1003 1047 1068)
4(1070 979 911 1002)
4(1070 1002 1003 1069)
4(1071 980 915 1006)
4(1071 1006 1002 1070)
4(1072 981 957 1048)
4(1072 1048 1006 1071)
4(1073 982 958 1049)
4(1073 1049 1048 1072)
4(1074 983 959 1050)
4(1074 1050 1049 1073)
4(1075 984 960 1051)
4(1075 1051 1050 1074)
4(1076 985 961 1052)
4(1076 1052 1051 1075)
4(1077 986 962 1053)
4(1077 1053 1052 1076)
4(1078 987 963 1054)
4(1078 1054 1053 1077)
4(1079 988 964 1055)
4(1078 1079 1055 1054)
4(1080 989 965 1056)
4(1080 1056 1055 1079)
4(1081 990 966 1057)
4(1081 1057 1056 1080)
4(1082 991 967 1058)
4(1082 1058 1057 1081)
4(1083 992 919 1010)
4(1083 1010 1058 1082)
4(1084 993 918 1009)
4(1084 1009 1010 1083)
4(1085 994 922 1013)
4(1085 1013 1009 1084)
4(1086 995 968 1059)
4(1086 1059 1013 1085)
4(1087 996 969 1060)
4(1087 1060 1059 1086)
4(1088 997 970 1061)
4(1088 1061 1060 1087)
4(1089 998 971 1062)
4(1089 1062 1061 1088)
4(1090 999 972 1063)
4(1090 1063 1062 1089)
4(1091 1000 952 1043)
4(1091 1043 1063 1090)
4(1065 1042 1043 1091)
4(1002 1001 1092 1093)
4(1004 1095 1092 1001)
4(1003 1094 1095 1004)
4(1002 1093 1094 1003)
4(1093 1092 1095 1094)
4(1005 1001 1092 1096)
4(1006 1005 1096 1097)
4(1006 1097 1093 1002)
4(1097 1096 1092 1093)
4(1004 1095 1098 1007)
4(1005 1007 1098 1096)
4(1096 1098 1095 1092)
4(1009 1008 1099 1100)
4(1011 1102 1099 1008)
4(1010 1101 1102 1011)
4(1009 1100 1101 1010)
4(1100 1099 1102 1101)
4(1012 1008 1099 1103)
4(1013 1012 1103 1104)
4(1013 1104 1100 1009)
4(1104 1103 1099 1100)
4(1011 1102 1105 1014)
4(1012 1014 1105 1103)
4(1103 1105 1102 1099)
4(1018 1109 1106 1015)
4(1017 1016 1107 1108)
4(1015 1106 1107 1016)
4(1017 1108 1109 1018)
4(1108 1107 1106 1109)
4(1020 1111 1106 1015)
4(1019 1110 1111 1020)
4(1018 1109 1110 1019)
4(1109 1106 1111 1110)
4(1021 1016 1107 1112)
4(1007 1098 1108 1017)
4(1021 1112 1098 1007)
4(1112 1107 1108 1098)
4(1022 1016 1107 1113)
4(1023 1114 1112 1021)
4(1022 1113 1114 1023)
4(1113 1107 1112 1114)
4(1024 1015 1106 1115)
4(1024 1115 1113 1022)
4(1115 1106 1107 1113)
4(1025 1020 1111 1116)
4(1025 1116 1115 1024)
4(1116 1111 1106 1115)
4(1026 1020 1111 1117)
4(1014 1105 1116 1025)
4(1026 1117 1105 1014)
4(1117 1111 1116 1105)
4(1027 1019 1110 1118)
4(1027 1118 1117 1026)
4(1118 1110 1111 1117)
4(1028 1019 1110 1119)
4(1029 1120 1118 1027)
4(1029 1028 1119 1120)
4(1120 1119 1110 1118)
4(1030 1018 1109 1121)
4(1030 1121 1119 1028)
4(1121 1109 1110 1119)
4(1031 1017 1108 1122)
4(1031 1122 1121 1030)
4(1122 1108 1109 1121)
4(1031 1004 1095 1122)
4(1122 1095 1098 1108)
4(1032 1021 1112 1123)
4(1032 1123 1096 1005)
4(1123 1112 1098 1096)
4(1033 1023 1114 1124)
4(1033 1124 1123 1032)
4(1124 1114 1112 1123)
4(1035 1023 1114 1126)
4(1034 1125 1124 1033)
4(1035 1126 1125 1034)
4(1126 1114 1124 1125)
4(1036 1022 1113 1127)
4(1036 1127 1126 1035)
4(1127 1113 1114 1126)
4(1037 1024 1115 1128)
4(1037 1128 1127 1036)
4(1128 1115 1113 1127)
4(1038 1025 1116 1129)
4(1038 1129 1128 1037)
4(1129 1116 1115 1128)
4(1038 1011 1102 1129)
4(1129 1102 1105 1116)
4(1039 1026 1117 1130)
4(1039 1130 1103 1012)
4(1130 1117 1105 1103)
4(1040 1027 1118 1131)
4(1040 1131 1130 1039)
4(1131 1118 1117 1130)
4(1041 1132 1131 1040)
4(1041 1029 1120 1132)
4(1132 1120 1118 1131)
4(1042 1028 1119 1133)
4(1043 1134 1120 1029)
4(1043 1042 1133 1134)
4(1134 1133 1119 1120)
4(1045 1028 1119 1136)
4(1042 1044 1135 1133)
4(1045 1136 1135 1044)
4(1133 1135 1136 1119)
4(1046 1030 1121 1137)
4(1046 1137 1136 1045)
4(1137 1121 1119 1136)
4(1047 1031 1122 1138)
4(1047 1138 1137 1046)
4(1138 1122 1121 1137)
4(1003 1094 1138 1047)
4(1094 1095 1122 1138)
4(1048 1032 1123 1139)
4(1048 1139 1097 1006)
4(1139 1123 1096 1097)
4(1049 1033 1124 1140)
4(1049 1140 1139 1048)
4(1140 1124 1123 1139)
4(1050 1034 1125 1141)
4(1050 1141 1140 1049)
4(1141 1125 1124 1140)
4(1052 1034 1125 1143)
4(1051 1142 1141 1050)
4(1052 1143 1142 1051)
4(1143 1125 1141 1142)
4(1053 1035 1126 1144)
4(1053 1144 1143 1052)
4(1144 1126 1125 1143)
4(1054 1036 1127 1145)
4(1054 1145 1144 1053)
4(1145 1127 1126 1144)
4(1056 1036 1127 1147)
4(1055 1146 1145 1054)
4(1056 1147 1146 1055)
4(1147 1127 1145 1146)
4(1057 1037 1128 1148)
4(1057 1148 1147 1056)
4(1148 1128 1127 1147)
4(1058 1038 1129 1149)
4(1058 1149 1148 1057)
4(1149 1129 1128 1148)
4(1010 1101 1149 1058)
4(1101 1102 1129 1149)
4(1059 1039 1130 1150)
4(1059 1150 1104 1013)
4(1150 1130 1103 1104)
4(1060 1040 1131 1151)
4(1060 1151 1150 1059)
4(1151 1131 1130 1150)
4(1061 1041 1132 1152)
4(1061 1152 1151 1060)
4(1152 1132 1131 1151)
4(1063 1041 1132 1154)
4(1062 1153 1152 1061)
4(1063 1154 1153 1062)
4(1154 1132 1152 1153)
4(1043 1134 1154 1063)
4(1134 1120 1132 1154)
4(1155 1064 1044 1135)
4(1156 1133 1042 1065)
4(1155 1135 1133 1156)
4(1157 1066 1045 1136)
4(1157 1136 1135 1155)
4(1158 1067 1046 1137)
4(1158 1137 1136 1157)
4(1159 1068 1047 1138)
4(1159 1138 1137 1158)
4(1160 1069 1003 1094)
4(1160 1094 1138 1159)
4(1161 1070 1002 1093)
4(1161 1093 1094 1160)
4(1162 1071 1006 1097)
4(1162 1097 1093 1161)
4(1163 1072 1048 1139)
4(1163 1139 1097 1162)
4(1164 1073 1049 1140)
4(1164 1140 1139 1163)
4(1165 1074 1050 1141)
4(1165 1141 1140 1164)
4(1166 1075 1051 1142)
4(1166 1142 1141 1165)
4(1167 1076 1052 1143)
4(1167 1143 1142 1166)
4(1168 1077 1053 1144)
4(1168 1144 1143 1167)
4(1169 1078 1054 1145)
4(1169 1145 1144 1168)
4(1170 1079 1055 1146)
4(1169 1170 1146 1145)
4(1171 1080 1056 1147)
4(1171 1147 1146 1170)
4(1172 1081 1057 1148)
4(1172 1148 1147 1171)
4(1173 1082 1058 1149)
4(1173 1149 1148 1172)
4(1174 1083 1010 1101)
4(1174 1101 1149 1173)
4(1175 1084 1009 1100)
4(1175 1100 1101 1174)
4(1176 1085 1013 1104)
4(1176 1104 1100 1175)
4(1177 1086 1059 1150)
4(1177 1150 1104 1176)
4(1178 1087 1060 1151)
4(1178 1151 1150 1177)
4(1179 1088 1061 1152)
4(1179 1152 1151 1178)
4(1180 1089 1062 1153)
4(1180 1153 1152 1179)
4(1181 1090 1063 1154)
4(1181 1154 1153 1180)
4(1182 1091 1043 1134)
4(1182 1134 1154 1181)
4(1156 1133 1134 1182)
4(1093 1092 1183 1184)
4(1095 1186 1183 1092)
4(1094 1185 1186 1095)
4(1093 1184 1185 1094)
4(1184 1183 1186 1185)
4(1096 1092 1183 1187)
4(1097 1096 1187 1188)
4(1097 1188 1184 1093)
4(1188 1187 1183 1184)
4(1095 1186 1189 1098)
4(1096 1098 1189 1187)
4(1187 1189 1186 1183)
4(1100 1099 1190 1191)
4(1102 1193 1190 1099)
4(1101 1192 1193 1102)
4(1100 1191 1192 1101)
4(1191 1190 1193 1192)
4(1103 1099 1190 1194)
4(1104 1103 1194 1195)
4(1104 1195 1191 1100)
4(1195 1194 1190 1191)
4(1102 1193 1196 1105)
4(1103 1105 1196 1194)
4(1194 1196 1193 1190)
4(1109 1200 1197 1106)
4(1108 1107 1198 1199)
4(1106 1197 1198 1107)
4(1108 1199 1200 1109)
4(1199 1198 1197 1200)
4(1111 1202 1197 1106)
4(1110 1201 1202 1111)
4(1109 1200 1201 1110)
4(1200 1197 1202 1201)
4(1112 1107 1198 1203)
4(1098 1189 1199 1108)
4(1112 1203 1189 1098)
4(1203 1198 1199 1189)
4(1113 1107 1198 1204)
4(1114 1205 1203 1112)
4(1113 1204 1205 1114)
4(1204 1198 1203 1205)
4(1115 1106 1197 1206)
4(1115 1206 1204 1113)
4(1206 1197 1198 1204)
4(1116 1111 1202 1207)
4(1116 1207 1206 1115)
4(1207 1202 1197 1206)
4(1117 1111 1202 1208)
4(1105 1196 1207 1116)
4(1117 1208 1196 1105)
4(1208 1202 1207 1196)
4(1118 1110 1201 1209)
4(1118 1209 1208 1117)
4(1209 1201 1202 1208)
4(1119 1110 1201 1210)
4(1120 1211 1209 1118)
4(1120 1119 1210 1211)
4(1211 1210 1201 1209)
4(1121 1109 1200 1212)
4(1121 1212 1210 1119)
4(1212 1200 1201 1210)
4(1122 1108 1199 1213)
4(1122 1213 1212 1121)
4(1213 1199 1200 1212)
4(1122 1095 1186 1213)
4(1213 1186 1189 1199)
4(1123 1112 1203 1214)
4(1123 1214 1187 1096)
4(1214 1203 1189 1187)
4(1124 1114 1205 1215)
4(1124 1215 1214 1123)
4(1215 1205 1203 1214)
4(1126 1114 1205 1217)
4(1125 1216 1215 1124)
4(1126 1217 1216 1125)
4(1217 1205 1215 1216)
4(1127 1113 1204 1218)
4(1127 1218 1217 1126)
4(1218 1204 1205 1217)
4(1128 1115 1206 1219)
4(1128 1219 1218 1127)
4(1219 1206 1204 1218)
4(1129 1116 1207 1220)
4(1129 1220 1219 1128)
4(1220 1207 1206 1219)
4(1129 1102 1193 1220)
4(1220 1193 1196 1207)
4(1130 1117 1208 1221)
4(1130 1221 1194 1103)
4(1221 1208 1196 1194)
4(1131 1118 1209 1222)
4(1131 1222 1221 1130)
4(1222 1209 1208 1221)
4(1132 1223 1222 1131)
4(1132 1120 1211 1223)
4(1223 1211 1209 1222)
4(1133 1119 1210 1224)
4(1134 1225 1211 1120)
4(1134 1133 1224 1225)
4(1225 1224 1210 1211)
4(1136 1119 1210 1227)
4(1133 1135 1226 1224)
4(1136 1227 1226 1135)
4(1224 1226 1227 1210)
4(1137 1121 1212 1228)
4(1137 1228 1227 1136)
4(1228 1212 1210 1227)
4(1138 1122 1213 1229)
4(1138 1229 1228 1137)
4(1229 1213 1212 1228)
4(1094 1185 1229 1138)
4(1185 1186 1213 1229)
4(1139 1123 1214 1230)
4(1139 1230 1188 1097)
4(1230 1214 1187 1188)
4(1140 1124 1215 1231)
4(1140 1231 1230 1139)
4(1231 1215 1214 1230)
4(1141 1125 1216 1232)
4(1141 1232 1231 1140)
4(1232 1216 1215 1231)
4(1143 1125 1216 1234)
4(1142 1233 1232 1141)
4(1143 1234 1233 1142)
4(1234 1216 1232 1233)
4(1144 1126 1217 1235)
4(1144 1235 1234 1143)
4(1235 1217 1216 1234)
4(1145 1127 1218 1236)
4(1145 1236 1235 1144)
4(1236 1218 1217 1235)
4(1147 1127 1218 1238)
4(1146 1237 1236 1145)
4(1147 1238 1237 1146)
4(1238 1218 1236 1237)
4(1148 1128 1219 1239)
4(1148 1239 1238 1147)
4(1239 1219 1218 1238)
4(1149 1129 1220 1240)
4(1149 1240 1239 1148)
4(1240 1220 1219 1239)
4(1101 1192 1240 1149)
4(1192 1193 1220 1240)
4(1150 1130 1221 1241)
4(1150 1241 1195 1104)
4(1241 1221 1194 1195)
4(1151 1131 1222 1242)
4(1151 1242 1241 1150)
4(1242 1222 1221 1241)
4(1152 1132 1223 1243)
4(1152 1243 1242 1151)
4(1243 1223 1222 1242)
4(1154 1132 1223 1245)
4(1153 1244 1243 1152)
4(1154 1245 1244 1153)
4(1245 1223 1243 1244)
4(1134 1225 1245 1154)
4(1225 1211 1223 1245)
4(1246 1155 1135 1226)
4(1247 1224 1133 1156)
4(1246 1226 1224 1247)
4(1248 1157 1136 1227)
4(1248 1227 1226 1246)
4(1249 1158 1137 1228)
4(1249 1228 1227 1248)
4(1250 1159 1138 1229)
4(1250 1229 1228 1249)
4(1251 1160 1094 1185)
4(1251 1185 1229 1250)
4(1252 1161 1093 1184)
4(1252 1184 1185 1251)
4(1253 1162 1097 1188)
4(1253 1188 1184 1252)
4(1254 1163 1139 1230)
4(1254 1230 1188 1253)
4(1255 1164 1140 1231)
4(1255 1231 1230 1254)
4(1256 1165 1141 1232)
4(1256 1232 1231 1255)
4(1257 1166 1142 1233)
4(1257 1233 1232 1256)
4(1258 1167 1143 1234)
4(1258 1234 1233 1257)
4(1259 1168 1144 1235)
4(1259 1235 1234 1258)
4(1260 1169 1145 1236)
4(1260 1236 1235 1259)
4(1261 1170 1146 1237)
4(1260 1261 1237 1236)
4(1262 1171 1147 1238)
4(1262 1238 1237 1261)
4(1263 1172 1148 1239)
4(1263 1239 1238 1262)
4(1264 1173 1149 1240)
4(1264 1240 1239 1263)
4(1265 1174 1101 1192)
4(1265 1192 1240 1264)
4(1266 1175 1100 1191)
4(1266 1191 1192 1265)
4(1267 1176 1104 1195)
4(1267 1195 1191 1266)
4(1268 1177 1150 1241)
4(1268 1241 1195 1267)
4(1269 1178 1151 1242)
4(1269 1242 1241 1268)
4(1270 1179 1152 1243)
4(1270 1243 1242 1269)
4(1271 1180 1153 1244)
4(1271 1244 1243 1270)
4(1272 1181 1154 1245)
4(1272 1245 1244 1271)
4(1273 1182 1134 1225)
4(1273 1225 1245 1272)
4(1247 1224 1225 1273)
4(1184 1183 1274 1275)
4(1186 1277 1274 1183)
4(1185 1276 1277 1186)
4(1184 1275 1276 1185)
4(1275 1274 1277 1276)
4(1187 1183 1274 1278)
4(1188 1187 1278 1279)
4(1188 1279 1275 1184)
4(1279 1278 1274 1275)
4(1186 1277 1280 1189)
4(1187 1189 1280 1278)
4(1278 1280 1277 1274)
4(1191 1190 1281 1282)
4(1193 1284 1281 1190)
4(1192 1283 1284 1193)
4(1191 1282 1283 1192)
4(1282 1281 1284 1283)
4(1194 1190 1281 1285)
4(1195 1194 1285 1286)
4(1195 1286 1282 1191)
4(1286 1285 1281 1282)
4(1193 1284 1287 1196)
4(1194 1196 1287 1285)
4(1285 1287 1284 1281)
4(1200 1291 1288 1197)
4(1199 1198 1289 1290)
4(1197 1288 1289 1198)
4(1199 1290 1291 1200)
4(1290 1289 1288 1291)
4(1202 1293 1288 1197)
4(1201 1292 1293 1202)
4(1200 1291 1292 1201)
4(1291 1288 1293 1292)
4(1203 1198 1289 1294)
4(1189 1280 1290 1199)
4(1203 1294 1280 1189)
4(1294 1289 1290 1280)
4(1204 1198 1289 1295)
4(1205 1296 1294 1203)
4(1204 1295 1296 1205)
4(1295 1289 1294 1296)
4(1206 1197 1288 1297)
4(1206 1297 1295 1204)
4(1297 1288 1289 1295)
4(1207 1202 1293 1298)
4(1207 1298 1297 1206)
4(1298 1293 1288 1297)
4(1208 1202 1293 1299)
4(1196 1287 1298 1207)
4(1208 1299 1287 1196)
4(1299 1293 1298 1287)
4(1209 1201 1292 1300)
4(1209 1300 1299 1208)
4(1300 1292 1293 1299)
4(1210 1201 1292 1301)
4(1211 1302 1300 1209)
4(1211 1210 1301 1302)
4(1302 1301 1292 1300)
4(1212 1200 1291 1303)
4(1212 1303 1301 1210)
4(1303 1291 1292 1301)
4(1213 1199 1290 1304)
4(1213 1304 1303 1212)
4(1304 1290 1291 1303)
4(1213 1186 1277 1304)
4(1304 1277 1280 1290)
4(1214 1203 1294 1305)
4(1214 1305 1278 1187)
4(1305 1294 1280 1278)
4(1215 1205 1296 1306)
4(1215 1306 1305 1214)
4(1306 1296 1294 1305)
4(1217 1205 1296 1308)
4(1216 1307 1306 1215)
4(1217 1308 1307 1216)
4(1308 1296 1306 1307)
4(1218 1204 1295 1309)
4(1218 1309 1308 1217)
4(1309 1295 1296 1308)
4(1219 1206 1297 1310)
4(1219 1310 1309 1218)
4(1310 1297 1295 1309)
4(1220 1207 1298 1311)
4(1220 1311 1310 1219)
4(1311 1298 1297 1310)
4(1220 1193 1284 1311)
4(1311 1284 1287 1298)
4(1221 1208 1299 1312)
4(1221 1312 1285 1194)
4(1312 1299 1287 1285)
4(1222 1209 1300 1313)
4(1222 1313 1312 1221)
4(1313 1300 1299 1312)
4(1223 1314 1313 1222)
4(1223 1211 1302 1314)
4(1314 1302 1300 1313)
4(1224 1210 1301 1315)
4(1225 1316 1302 1211)
4(1225 1224 1315 1316)
4(1316 1315 1301 1302)
4(1227 1210 1301 1318)
4(1224 1226 1317 1315)
4(1227 1318 1317 1226)
4(1315 1317 1318 1301)
4(1228 1212 1303 1319)
4(1228 1319 1318 1227)
4(1319 1303 1301 1318)
4(1229 1213 1304 1320)
4(1229 1320 1319 1228)
4(1320 1304 1303 1319)
4(1185 1276 1320 1229)
4(1276 1277 1304 1320)
4(1230 1214 1305 1321)
4(1230 1321 1279 1188)
4(1321 1305 1278 1279)
4(1231 1215 1306 1322)
4(1231 1322 1321 1230)
4(1322 1306 1305 1321)
4(1232 1216 1307 1323)
4(1232 1323 1322 1231)
4(1323 1307 1306 1322)
4(1234 1216 1307 1325)
4(1233 1324 1323 1232)
4(1234 1325 1324 1233)
4(1325 1307 1323 1324)
4(1235 1217 1308 1326)
4(1235 1326 1325 1234)
4(1326 1308 1307 1325)
4(1236 1218 1309 1327)
4(1236 1327 1326 1235)
4(1327 1309 1308 1326)
4(1238 1218 1309 1329)
4(1237 1328 1327 1236)
4(1238 1329 1328 1237)
4(1329 1309 1327 1328)
4(1239 1219 1310 1330)
4(1239 1330 1329 1238)
4(1330 1310 1309 1329)
4(1240 1220 1311 1331)
4(1240 1331 1330 1239)
4(1331 1311 1310 1330)
4(1192 1283 1331 1240)
4(1283 1284 1311 1331)
4(1241 1221 1312 1332)
4(1241 1332 1286 1195)
4(1332 1312 1285 1286)
4(1242 1222 1313 1333)
4(1242 1333 1332 1241)
4(1333 1313 1312 1332)
4(1243 1223 1314 1334)
4(1243 1334 1333 1242)
4(1334 1314 1313 1333)
4(1245 1223 1314 1336)
4(1244 1335 1334 1243)
4(1245 1336 1335 1244)
4(1336 1314 1334 1335)
4(1225 1316 1336 1245)
4(1316 1302 1314 1336)
4(1337 1246 1226 1317)
4(1338 1315 1224 1247)
4(1337 1317 1315 1338)
4(1339 1248 1227 1318)
4(1339 1318 1317 1337)
4(1340 1249 1228 1319)
4(1340 1319 1318 1339)
4(1341 1250 1229 1320)
4(1341 1320 1319 1340)
4(1342 1251 1185 1276)
4(1342 1276 1320 1341)
4(1343 1252 1184 1275)
4(1343 1275 1276 1342)
4(1344 1253 1188 1279)
4(1344 1279 1275 1343)
4(1345 1254 1230 1321)
4(1345 1321 1279 1344)
4(1346 1255 1231 1322)
4(1346 1322 1321 1345)
4(1347 1256 1232 1323)
4(1347 1323 1322 1346)
4(1348 1257 1233 1324)
4(1348 1324 1323 1347)
4(1349 1258 1234 1325)
4(1349 1325 1324 1348)
4(1350 1259 1235 1326)
4(1350 1326 1325 1349)
4(1351 1260 1236 1327)
4(1351 1327 1326 1350)
4(1352 1261 1237 1328)
4(1351 1352 1328 1327)
4(1353 1262 1238 1329)
4(1353 1329 1328 1352)
4(1354 1263 1239 1330)
4(1354 1330 1329 1353)
4(1355 1264 1240 1331)
4(1355 1331 1330 1354)
4(1356 1265 1192 1283)
4(1356 1283 1331 1355)
4(1357 1266 1191 1282)
4(1357 1282 1283 1356)
4(1358 1267 1195 1286)
4(1358 1286 1282 1357)
4(1359 1268 1241 1332)
4(1359 1332 1286 1358)
4(1360 1269 1242 1333)
4(1360 1333 1332 1359)
4(1361 1270 1243 1334)
4(1361 1334 1333 1360)
4(1362 1271 1244 1335)
4(1362 1335 1334 1361)
4(1363 1272 1245 1336)
4(1363 1336 1335 1362)
4(1364 1273 1225 1316)
4(1364 1316 1336 1363)
4(1338 1315 1316 1364)
4(1275 1274 1365 1366)
4(1277 1368 1365 1274)
4(1276 1367 1368 1277)
4(1275 1366 1367 1276)
4(1366 1365 1368 1367)
4(1278 1274 1365 1369)
4(1279 1278 1369 1370)
4(1279 1370 1366 1275)
4(1370 1369 1365 1366)
4(1277 1368 1371 1280)
4(1278 1280 1371 1369)
4(1369 1371 1368 1365)
4(1282 1281 1372 1373)
4(1284 1375 1372 1281)
4(1283 1374 1375 1284)
4(1282 1373 1374 1283)
4(1373 1372 1375 1374)
4(1285 1281 1372 1376)
4(1286 1285 1376 1377)
4(1286 1377 1373 1282)
4(1377 1376 1372 1373)
4(1284 1375 1378 1287)
4(1285 1287 1378 1376)
4(1376 1378 1375 1372)
4(1291 1382 1379 1288)
4(1290 1289 1380 1381)
4(1288 1379 1380 1289)
4(1290 1381 1382 1291)
4(1381 1380 1379 1382)
4(1293 1384 1379 1288)
4(1292 1383 1384 1293)
4(1291 1382 1383 1292)
4(1382 1379 1384 1383)
4(1294 1289 1380 1385)
4(1280 1371 1381 1290)
4(1294 1385 1371 1280)
4(1385 1380 1381 1371)
4(1295 1289 1380 1386)
4(1296 1387 1385 1294)
4(1295 1386 1387 1296)
4(1386 1380 1385 1387)
4(1297 1288 1379 1388)
4(1297 1388 1386 1295)
4(1388 1379 1380 1386)
4(1298 1293 1384 1389)
4(1298 1389 1388 1297)
4(1389 1384 1379 1388)
4(1299 1293 1384 1390)
4(1287 1378 1389 1298)
4(1299 1390 1378 1287)
4(1390 1384 1389 1378)
4(1300 1292 1383 1391)
4(1300 1391 1390 1299)
4(1391 1383 1384 1390)
4(1301 1292 1383 1392)
4(1302 1393 1391 1300)
4(1302 1301 1392 1393)
4(1393 1392 1383 1391)
4(1303 1291 1382 1394)
4(1303 1394 1392 1301)
4(1394 1382 1383 1392)
4(1304 1290 1381 1395)
4(1304 1395 1394 1303)
4(1395 1381 1382 1394)
4(1304 1277 1368 1395)
4(1395 1368 1371 1381)
4(1305 1294 1385 1396)
4(1305 1396 1369 1278)
4(1396 1385 1371 1369)
4(1306 1296 1387 1397)
4(1306 1397 1396 1305)
4(1397 1387 1385 1396)
4(1308 1296 1387 1399)
4(1307 1398 1397 1306)
4(1308 1399 1398 1307)
4(1399 1387 1397 1398)
4(1309 1295 1386 1400)
4(1309 1400 1399 1308)
4(1400 1386 1387 1399)
4(1310 1297 1388 1401)
4(1310 1401 1400 1309)
4(1401 1388 1386 1400)
4(1311 1298 1389 1402)
4(1311 1402 1401 1310)
4(1402 1389 1388 1401)
4(1311 1284 1375 1402)
4(1402 1375 1378 1389)
4(1312 1299 1390 1403)
4(1312 1403 1376 1285)
4(1403 1390 1378 1376)
4(1313 1300 1391 1404)
4(1313 1404 1403 1312)
4(1404 1391 1390 1403)
4(1314 1405 1404 1313)
4(1314 1302 1393 1405)
4(1405 1393 1391 1404)
4(1315 1301 1392 1406)
4(1316 1407 1393 1302)
4(1316 1315 1406 1407)
4(1407 1406 1392 1393)
4(1318 1301 1392 1409)
4(1315 1317 1408 1406)
4(1318 1409 1408 1317)
4(1406 1408 1409 1392)
4(1319 1303 1394 1410)
4(1319 1410 1409 1318)
4(1410 1394 1392 1409)
4(1320 1304 1395 1411)
4(1320 1411 1410 1319)
4(1411 1395 1394 1410)
4(1276 1367 1411 1320)
4(1367 1368 1395 1411)
4(1321 1305 1396 1412)
4(1321 1412 1370 1279)
4(1412 1396 1369 1370)
4(1322 1306 1397 1413)
4(1322 1413 1412 1321)
4(1413 1397 1396 1412)
4(1323 1307 1398 1414)
4(1323 1414 1413 1322)
4(1414 1398 1397 1413)
4(1325 1307 1398 1416)
4(1324 1415 1414 1323)
4(1325 1416 1415 1324)
4(1416 1398 1414 1415)
4(1326 1308 1399 1417)
4(1326 1417 1416 1325)
4(1417 1399 1398 1416)
4(1327 1309 1400 1418)
4(1327 1418 1417 1326)
4(1418 1400 1399 1417)
4(1329 1309 1400 1420)
4(1328 1419 1418 1327)
4(1329 1420 1419 1328)
4(1420 1400 1418 1419)
4(1330 1310 1401 1421)
4(1330 1421 1420 1329)
4(1421 1401 1400 1420)
4(1331 1311 1402 1422)
4(1331 1422 1421 1330)
4(1422 1402 1401 1421)
4(1283 1374 1422 1331)
4(1374 1375 1402 1422)
4(1332 1312 1403 1423)
4(1332 1423 1377 1286)
4(1423 1403 1376 1377)
4(1333 1313 1404 1424)
4(1333 1424 1423 1332)
4(1424 1404 1403 1423)
4(1334 1314 1405 1425)
4(1334 1425 1424 1333)
4(1425 1405 1404 1424)
4(1336 1314 1405 1427)
4(1335 1426 1425 1334)
4(1336 1427 1426 1335)
4(1427 1405 1425 1426)
4(1316 1407 1427 1336)
4(1407 1393 1405 1427)
4(1428 1337 1317 1408)
4(1429 1406 1315 1338)
4(1428 1408 1406 1429)
4(1430 1339 1318 1409)
4(1430 1409 1408 1428)
4(1431 1340 1319 1410)
4(1431 1410 1409 1430)
4(1432 1341 1320 1411)
4(1432 1411 1410 1431)
4(1433 1342 1276 1367)
4(1433 1367 1411 1432)
4(1434 1343 1275 1366)
4(1434 1366 1367 1433)
4(1435 1344 1279 1370)
4(1435 1370 1366 1434)
4(1436 1345 1321 1412)
4(1436 1412 1370 1435)
4(1437 1346 1322 1413)
4(1437 1413 1412 1436)
4(1438 1347 1323 1414)
4(1438 1414 1413 1437)
4(1439 1348 1324 1415)
4(1439 1415 1414 1438)
4(1440 1349 1325 1416)
4(1440 1416 1415 1439)
4(1441 1350 1326 1417)
4(1441 1417 1416 1440)
4(1442 1351 1327 1418)
4(1442 1418 1417 1441)
4(1443 1352 1328 1419)
4(1442 1443 1419 1418)
4(1444 1353 1329 1420)
4(1444 1420 1419 1443)
4(1445 1354 1330 1421)
4(1445 1421 1420 1444)
4(1446 1355 1331 1422)
4(1446 1422 1421 1445)
4(1447 1356 1283 1374)
4(1447 1374 1422 1446)
4(1448 1357 1282 1373)
4(1448 1373 1374 1447)
4(1449 1358 1286 1377)
4(1449 1377 1373 1448)
4(1450 1359 1332 1423)
4(1450 1423 1377 1449)
4(1451 1360 1333 1424)
4(1451 1424 1423 1450)
4(1452 1361 1334 1425)
4(1452 1425 1424 1451)
4(1453 1362 1335 1426)
4(1453 1426 1425 1452)
4(1454 1363 1336 1427)
4(1454 1427 1426 1453)
4(1455 1364 1316 1407)
4(1455 1407 1427 1454)
4(1429 1406 1407 1455)
4(1366 1365 1456 1457)
4(1368 1459 1456 1365)
4(1367 1458 1459 1368)
4(1366 1457 1458 1367)
4(1457 1456 1459 1458)
4(1369 1365 1456 1460)
4(1370 1369 1460 1461)
4(1370 1461 1457 1366)
4(1461 1460 1456 1457)
4(1368 1459 1462 1371)
4(1369 1371 1462 1460)
4(1460 1462 1459 1456)
4(1373 1372 1463 1464)
4(1375 1466 1463 1372)
4(1374 1465 1466 1375)
4(1373 1464 1465 1374)
4(1464 1463 1466 1465)
4(1376 1372 1463 1467)
4(1377 1376 1467 1468)
4(1377 1468 1464 1373)
4(1468 1467 1463 1464)
4(1375 1466 1469 1378)
4(1376 1378 1469 1467)
4(1467 1469 1466 1463)
4(1382 1473 1470 1379)
4(1381 1380 1471 1472)
4(1379 1470 1471 1380)
4(1381 1472 1473 1382)
4(1472 1471 1470 1473)
4(1384 1475 1470 1379)
4(1383 1474 1475 1384)
4(1382 1473 1474 1383)
4(1473 1470 1475 1474)
4(1385 1380 1471 1476)
4(1371 1462 1472 1381)
4(1385 1476 1462 1371)
4(1476 1471 1472 1462)
4(1386 1380 1471 1477)
4(1387 1478 1476 1385)
4(1386 1477 1478 1387)
4(1477 1471 1476 1478)
4(1388 1379 1470 1479)
4(1388 1479 1477 1386)
4(1479 1470 1471 1477)
4(1389 1384 1475 1480)
4(1389 1480 1479 1388)
4(1480 1475 1470 1479)
4(1390 1384 1475 1481)
4(1378 1469 1480 1389)
4(1390 1481 1469 1378)
4(1481 1475 1480 1469)
4(1391 1383 1474 1482)
4(1391 1482 1481 1390)
4(1482 1474 1475 1481)
4(1392 1383 1474 1483)
4(1393 1484 1482 1391)
4(1393 1392 1483 1484)
4(1484 1483 1474 1482)
4(1394 1382 1473 1485)
4(1394 1485 1483 1392)
4(1485 1473 1474 1483)
4(1395 1381 1472 1486)
4(1395 1486 1485 1394)
4(1486 1472 1473 1485)
4(1395 1368 1459 1486)
4(1486 1459 1462 1472)
4(1396 1385 1476 1487)
4(1396 1487 1460 1369)
4(1487 1476 1462 1460)
4(1397 1387 1478 1488)
4(1397 1488 1487 1396)
4(1488 1478 1476 1487)
4(1399 1387 1478 1490)
4(1398 1489 1488 1397)
4(1399 1490 1489 1398)
4(1490 1478 1488 1489)
4(1400 1386 1477 1491)
4(1400 1491 1490 1399)
4(1491 1477 1478 1490)
4(1401 1388 1479 1492)
4(1401 1492 1491 1400)
4(1492 1479 1477 1491)
4(1402 1389 1480 1493)
4(1402 1493 1492 1401)
4(1493 1480 1479 1492)
4(1402 1375 1466 1493)
4(1493 1466 1469 1480)
4(1403 1390 1481 1494)
4(1403 1494 1467 1376)
4(1494 1481 1469 1467)
4(1404 1391 1482 1495)
4(1404 1495 1494 1403)
4(1495 1482 1481 1494)
4(1405 1496 1495 1404)
4(1405 1393 1484 1496)
4(1496 1484 1482 1495)
4(1406 1392 1483 1497)
4(1407 1498 1484 1393)
4(1407 1406 1497 1498)
4(1498 1497 1483 1484)
4(1409 1392 1483 1500)
4(1406 1408 1499 1497)
4(1409 1500 1499 1408)
4(1497 1499 1500 1483)
4(1410 1394 1485 1501)
4(1410 1501 1500 1409)
4(1501 1485 1483 1500)
4(1411 1395 1486 1502)
4(1411 1502 1501 1410)
4(1502 1486 1485 1501)
4(1367 1458 1502 1411)
4(1458 1459 1486 1502)
4(1412 1396 1487 1503)
4(1412 1503 1461 1370)
4(1503 1487 1460 1461)
4(1413 1397 1488 1504)
4(1413 1504 1503 1412)
4(1504 1488 1487 1503)
4(1414 1398 1489 1505)
4(1414 1505 1504 1413)
4(1505 1489 1488 1504)
4(1416 1398 1489 1507)
4(1415 1506 1505 1414)
4(1416 1507 1506 1415)
4(1507 1489 1505 1506)
4(1417 1399 1490 1508)
4(1417 1508 1507 1416)
4(1508 1490 1489 1507)
4(1418 1400 1491 1509)
4(1418 1509 1508 1417)
4(1509 1491 1490 1508)
4(1420 1400 1491 1511)
4(1419 1510 1509 1418)
4(1420 1511 1510 1419)
4(1511 1491 1509 1510)
4(1421 1401 1492 1512)
4(1421 1512 1511 1420)
4(1512 1492 1491 1511)
4(1422 1402 1493 1513)
4(1422 1513 1512 1421)
4(1513 1493 1492 1512)
4(1374 1465 1513 1422)
4(1465 1466 1493 1513)
4(1423 1403 1494 1514)
4(1423 1514 1468 1377)
4(1514 1494 1467 1468)
4(1424 1404 1495 1515)
4(1424 1515 1514 1423)
4(1515 1495 1494 1514)
4(1425 1405 1496 1516)
4(1425 1516 1515 1424)
4(1516 1496 1495 1515)
4(1427 1405 1496 1518)
4(1426 1517 1516 1425)
4(1427 1518 1517 1426)
4(1518 1496 1516 1517)
4(1407 1498 1518 1427)
4(1498 1484 1496 1518)
4(1519 1428 1408 1499)
4(1520 1497 1406 1429)
4(1519 1499 1497 1520)
4(1521 1430 1409 1500)
4(1521 1500 1499 1519)
4(1522 1431 1410 1501)
4(1522 1501 1500 1521)
4(1523 1432 1411 1502)
4(1523 1502 1501 1522)
4(1524 1433 1367 1458)
4(1524 1458 1502 1523)
4(1525 1434 1366 1457)
4(1525 1457 1458 1524)
4(1526 1435 1370 1461)
4(1526 1461 1457 1525)
4(1527 1436 1412 1503)
4(1527 1503 1461 1526)
4(1528 1437 1413 1504)
4(1528 1504 1503 1527)
4(1529 1438 1414 1505)
4(1529 1505 1504 1528)
4(1530 1439 1415 1506)
4(1530 1506 1505 1529)
4(1531 1440 1416 1507)
4(1531 1507 1506 1530)
4(1532 1441 1417 1508)
4(1532 1508 1507 1531)
4(1533 1442 1418 1509)
4(1533 1509 1508 1532)
4(1534 1443 1419 1510)
4(1533 1534 1510 1509)
4(1535 1444 1420 1511)
4(1535 1511 1510 1534)
4(1536 1445 1421 1512)
4(1536 1512 1511 1535)
4(1537 1446 1422 1513)
4(1537 1513 1512 1536)
4(1538 1447 1374 1465)
4(1538 1465 1513 1537)
4(1539 1448 1373 1464)
4(1539 1464 1465 1538)
4(1540 1449 1377 1468)
4(1540 1468 1464 1539)
4(1541 1450 1423 1514)
4(1541 1514 1468 1540)
4(1542 1451 1424 1515)
4(1542 1515 1514 1541)
4(1543 1452 1425 1516)
4(1543 1516 1515 1542)
4(1544 1453 1426 1517)
4(1544 1517 1516 1543)
4(1545 1454 1427 1518)
4(1545 1518 1517 1544)
4(1546 1455 1407 1498)
4(1546 1498 1518 1545)
4(1520 1497 1498 1546)
4(1457 1456 1547 1548)
4(1459 1550 1547 1456)
4(1458 1549 1550 1459)
4(1457 1548 1549 1458)
4(1548 1547 1550 1549)
4(1460 1456 1547 1551)
4(1461 1460 1551 1552)
4(1461 1552 1548 1457)
4(1552 1551 1547 1548)
4(1459 1550 1553 1462)
4(1460 1462 1553 1551)
4(1551 1553 1550 1547)
4(1464 1463 1554 1555)
4(1466 1557 1554 1463)
4(1465 1556 1557 1466)
4(1464 1555 1556 1465)
4(1555 1554 1557 1556)
4(1467 1463 1554 1558)
4(1468 1467 1558 1559)
4(1468 1559 1555 1464)
4(1559 1558 1554 1555)
4(1466 1557 1560 1469)
4(1467 1469 1560 1558)
4(1558 1560 1557 1554)
4(1473 1564 1561 1470)
4(1472 1471 1562 1563)
4(1470 1561 1562 1471)
4(1472 1563 1564 1473)
4(1563 1562 1561 1564)
4(1475 1566 1561 1470)
4(1474 1565 1566 1475)
4(1473 1564 1565 1474)
4(1564 1561 1566 1565)
4(1476 1471 1562 1567)
4(1462 1553 1563 1472)
4(1476 1567 1553 1462)
4(1567 1562 1563 1553)
4(1477 1471 1562 1568)
4(1478 1569 1567 1476)
4(1477 1568 1569 1478)
4(1568 1562 1567 1569)
4(1479 1470 1561 1570)
4(1479 1570 1568 1477)
4(1570 1561 1562 1568)
4(1480 1475 1566 1571)
4(1480 1571 1570 1479)
4(1571 1566 1561 1570)
4(1481 1475 1566 1572)
4(1469 1560 1571 1480)
4(1481 1572 1560 1469)
4(1572 1566 1571 1560)
4(1482 1474 1565 1573)
4(1482 1573 1572 1481)
4(1573 1565 1566 1572)
4(1483 1474 1565 1574)
4(1484 1575 1573 1482)
4(1484 1483 1574 1575)
4(1575 1574 1565 1573)
4(1485 1473 1564 1576)
4(1485 1576 1574 1483)
4(1576 1564 1565 1574)
4(1486 1472 1563 1577)
4(1486 1577 1576 1485)
4(1577 1563 1564 1576)
4(1486 1459 1550 1577)
4(1577 1550 1553 1563)
4(1487 1476 1567 1578)
4(1487 1578 1551 1460)
4(1578 1567 1553 1551)
4(1488 1478 1569 1579)
4(1488 1579 1578 1487)
4(1579 1569 1567 1578)
4(1490 1478 1569 1581)
4(1489 1580 1579 1488)
4(1490 1581 1580 1489)
4(1581 1569 1579 1580)
4(1491 1477 1568 1582)
4(1491 1582 1581 1490)
4(1582 1568 1569 1581)
4(1492 1479 1570 1583)
4(1492 1583 1582 1491)
4(1583 1570 1568 1582)
4(1493 1480 1571 1584)
4(1493 1584 1583 1492)
4(1584 1571 1570 1583)
4(1493 1466 1557 1584)
4(1584 1557 1560 1571)
4(1494 1481 1572 1585)
4(1494 1585 1558 1467)
4(1585 1572 1560 1558)
4(1495 1482 1573 1586)
4(1495 1586 1585 1494)
4(1586 1573 1572 1585)
4(1496 1587 1586 1495)
4(1496 1484 1575 1587)
4(1587 1575 1573 1586)
4(1497 1483 1574 1588)
4(1498 1589 1575 1484)
4(1498 1497 1588 1589)
4(1589 1588 1574 1575)
4(1500 1483 1574 1591)
4(1497 1499 1590 1588)
4(1500 1591 1590 1499)
4(1588 1590 1591 1574)
4(1501 1485 1576 1592)
4(1501 1592 1591 1500)
4(1592 1576 1574 1591)
4(1502 1486 1577 1593)
4(1502 1593 1592 1501)
4(1593 1577 1576 1592)
4(1458 1549 1593 1502)
4(1549 1550 1577 1593)
4(1503 1487 1578 1594)
4(1503 1594 1552 1461)
4(1594 1578 1551 1552)
4(1504 1488 1579 1595)
4(1504 1595 1594 1503)
4(1595 1579 1578 1594)
4(1505 1489 1580 1596)
4(1505 1596 1595 1504)
4(1596 1580 1579 1595)
4(1507 1489 1580 1598)
4(1506 1597 1596 1505)
4(1507 1598 1597 1506)
4(1598 1580 1596 1597)
4(1508 1490 1581 1599)
4(1508 1599 1598 1507)
4(1599 1581 1580 1598)
4(1509 1491 1582 1600)
4(1509 1600 1599 1508)
4(1600 1582 1581 1599)
4(1511 1491 1582 1602)
4(1510 1601 1600 1509)
4(1511 1602 1601 1510)
4(1602 1582 1600 1601)
4(1512 1492 1583 1603)
4(1512 1603 1602 1511)
4(1603 1583 1582 1602)
4(1513 1493 1584 1604)
4(1513 1604 1603 1512)
4(1604 1584 1583 1603)
4(1465 1556 1604 1513)
4(1556 1557 1584 1604)
4(1514 1494 1585 1605)
4(1514 1605 1559 1468)
4(1605 1585 1558 1559)
4(1515 1495 1586 1606)
4(1515 1606 1605 1514)
4(1606 1586 1585 1605)
4(1516 1496 1587 1607)
4(1516 1607 1606 1515)
4(1607 1587 1586 1606)
4(1518 1496 1587 1609)
4(1517 1608 1607 1516)
4(1518 1609 1608 1517)
4(1609 1587 1607 1608)
4(1498 1589 1609 1518)
4(1589 1575 1587 1609)
4(1610 1519 1499 1590)
4(1611 1588 1497 1520)
4(1610 1590 1588 1611)
4(1612 1521 1500 1591)
4(1612 1591 1590 1610)
4(1613 1522 1501 1592)
4(1613 1592 1591 1612)
4(1614 1523 1502 1593)
4(1614 1593 1592 1613)
4(1615 1524 1458 1549)
4(1615 1549 1593 1614)
4(1616 1525 1457 1548)
4(1616 1548 1549 1615)
4(1617 1526 1461 1552)
4(1617 1552 1548 1616)
4(1618 1527 1503 1594)
4(1618 1594 1552 1617)
4(1619 1528 1504 1595)
4(1619 1595 1594 1618)
4(1620 1529 1505 1596)
4(1620 1596 1595 1619)
4(1621 1530 1506 1597)
4(1621 1597 1596 1620)
4(1622 1531 1507 1598)
4(1622 1598 1597 1621)
4(1623 1532 1508 1599)
4(1623 1599 1598 1622)
4(1624 1533 1509 1600)
4(1624 1600 1599 1623)
4(1625 1534 1510 1601)
4(1624 1625 1601 1600)
4(1626 1535 1511 1602)
4(1626 1602 1601 1625)
4(1627 1536 1512 1603)
4(1627 1603 1602 1626)
4(1628 1537 1513 1604)
4(1628 1604 1603 1627)
4(1629 1538 1465 1556)
4(1629 1556 1604 1628)
4(1630 1539 1464 1555)
4(1630 1555 1556 1629)
4(1631 1540 1468 1559)
4(1631 1559 1555 1630)
4(1632 1541 1514 1605)
4(1632 1605 1559 1631)
4(1633 1542 1515 1606)
4(1633 1606 1605 1632)
4(1634 1543 1516 1607)
4(1634 1607 1606 1633)
4(1635 1544 1517 1608)
4(1635 1608 1607 1634)
4(1636 1545 1518 1609)
4(1636 1609 1608 1635)
4(1637 1546 1498 1589)
4(1637 1589 1609 1636)
4(1611 1588 1589 1637)
4(1548 1547 1638 1639)
4(1550 1641 1638 1547)
4(1549 1640 1641 1550)
4(1548 1639 1640 1549)
4(1639 1638 1641 1640)
4(1551 1547 1638 1642)
4(1552 1551 1642 1643)
4(1552 1643 1639 1548)
4(1643 1642 1638 1639)
4(1550 1641 1644 1553)
4(1551 1553 1644 1642)
4(1642 1644 1641 1638)
4(1555 1554 1645 1646)
4(1557 1648 1645 1554)
4(1556 1647 1648 1557)
4(1555 1646 1647 1556)
4(1646 1645 1648 1647)
4(1558 1554 1645 1649)
4(1559 1558 1649 1650)
4(1559 1650 1646 1555)
4(1650 1649 1645 1646)
4(1557 1648 1651 1560)
4(1558 1560 1651 1649)
4(1649 1651 1648 1645)
4(1564 1655 1652 1561)
4(1563 1562 1653 1654)
4(1561 1652 1653 1562)
4(1563 1654 1655 1564)
4(1654 1653 1652 1655)
4(1566 1657 1652 1561)
4(1565 1656 1657 1566)
4(1564 1655 1656 1565)
4(1655 1652 1657 1656)
4(1567 1562 1653 1658)
4(1553 1644 1654 1563)
4(1567 1658 1644 1553)
4(1658 1653 1654 1644)
4(1568 1562 1653 1659)
4(1569 1660 1658 1567)
4(1568 1659 1660 1569)
4(1659 1653 1658 1660)
4(1570 1561 1652 1661)
4(1570 1661 1659 1568)
4(1661 1652 1653 1659)
4(1571 1566 1657 1662)
4(1571 1662 1661 1570)
4(1662 1657 1652 1661)
4(1572 1566 1657 1663)
4(1560 1651 1662 1571)
4(1572 1663 1651 1560)
4(1663 1657 1662 1651)
4(1573 1565 1656 1664)
4(1573 1664 1663 1572)
4(1664 1656 1657 1663)
4(1574 1565 1656 1665)
4(1575 1666 1664 1573)
4(1575 1574 1665 1666)
4(1666 1665 1656 1664)
4(1576 1564 1655 1667)
4(1576 1667 1665 1574)
4(1667 1655 1656 1665)
4(1577 1563 1654 1668)
4(1577 1668 1667 1576)
4(1668 1654 1655 1667)
4(1577 1550 1641 1668)
4(1668 1641 1644 1654)
4(1578 1567 1658 1669)
4(1578 1669 1642 1551)
4(1669 1658 1644 1642)
4(1579 1569 1660 1670)
4(1579 1670 1669 1578)
4(1670 1660 1658 1669)
4(1581 1569 1660 1672)
4(1580 1671 1670 1579)
4(1581 1672 1671 1580)
4(1672 1660 1670 1671)
4(1582 1568 1659 1673)
4(1582 1673 1672 1581)
4(1673 1659 1660 1672)
4(1583 1570 1661 1674)
4(1583 1674 1673 1582)
4(1674 1661 1659 1673)
4(1584 1571 1662 1675)
4(1584 1675 1674 1583)
4(1675 1662 1661 1674)
4(1584 1557 1648 1675)
4(1675 1648 1651 1662)
4(1585 1572 1663 1676)
4(1585 1676 1649 1558)
4(1676 1663 1651 1649)
4(1586 1573 1664 1677)
4(1586 1677 1676 1585)
4(1677 1664 1663 1676)
4(1587 1678 1677 1586)
4(1587 1575 1666 1678)
4(1678 1666 1664 1677)
4(1588 1574 1665 1679)
4(1589 1680 1666 1575)
4(1589 1588 1679 1680)
4(1680 1679 1665 1666)
4(1591 1574 1665 1682)
4(1588 1590 1681 1679)
4(1591 1682 1681 1590)
4(1679 1681 1682 1665)
4(1592 1576 1667 1683)
4(1592 1683 1682 1591)
4(1683 1667 1665 1682)
4(1593 1577 1668 1684)
4(1593 1684 1683 1592)
4(1684 1668 1667 1683)
4(1549 1640 1684 1593)
4(1640 1641 1668 1684)
4(1594 1578 1669 1685)
4(1594 1685 1643 1552)
4(1685 1669 1642 1643)
4(1595 1579 1670 1686)
4(1595 1686 1685 1594)
4(1686 1670 1669 1685)
4(1596 1580 1671 1687)
4(1596 1687 1686 1595)
4(1687 1671 1670 1686)
4(1598 1580 1671 1689)
4(1597 1688 1687 1596)
4(1598 1689 1688 1597)
4(1689 1671 1687 1688)
4(1599 1581 1672 1690)
4(1599 1690 1689 1598)
4(1690 1672 1671 1689)
4(1600 1582 1673 1691)
4(1600 1691 1690 1599)
4(1691 1673 1672 1690)
4(1602 1582 1673 1693)
4(1601 1692 1691 1600)
4(1602 1693 1692 1601)
4(1693 1673 1691 1692)
4(1603 1583 1674 1694)
4(1603 1694 1693 1602)
4(1694 1674 1673 1693)
4(1604 1584 1675 1695)
4(1604 1695 1694 1603)
4(1695 1675 1674 1694)
4(1556 1647 1695 1604)
4(1647 1648 1675 1695)
4(1605 1585 1676 1696)
4(1605 1696 1650 1559)
4(1696 1676 1649 1650)
4(1606 1586 1677 1697)
4(1606 1697 1696 1605)
4(1697 1677 1676 1696)
4(1607 1587 1678 1698)
4(1607 1698 1697 1606)
4(1698 1678 1677 1697)
4(1609 1587 1678 1700)
4(1608 1699 1698 1607)
4(1609 1700 1699 1608)
4(1700 1678 1698 1699)
4(1589 1680 1700 1609)
4(1680 1666 1678 1700)
4(1701 1610 1590 1681)
4(1702 1679 1588 1611)
4(1701 1681 1679 1702)
4(1703 1612 1591 1682)
4(1703 1682 1681 1701)
4(1704 1613 1592 1683)
4(1704 1683 1682 1703)
4(1705 1614 1593 1684)
4(1705 1684 1683 1704)
4(1706 1615 1549 1640)
4(1706 1640 1684 1705)
4(1707 1616 1548 1639)
4(1707 1639 1640 1706)
4(1708 1617 1552 1643)
4(1708 1643 1639 1707)
4(1709 1618 1594 1685)
4(1709 1685 1643 1708)
4(1710 1619 1595 1686)
4(1710 1686 1685 1709)
4(1711 1620 1596 1687)
4(1711 1687 1686 1710)
4(1712 1621 1597 1688)
4(1712 1688 1687 1711)
4(1713 1622 1598 1689)
4(1713 1689 1688 1712)
4(1714 1623 1599 1690)
4(1714 1690 1689 1713)
4(1715 1624 1600 1691)
4(1715 1691 1690 1714)
4(1716 1625 1601 1692)
4(1715 1716 1692 1691)
4(1717 1626 1602 1693)
4(1717 1693 1692 1716)
4(1718 1627 1603 1694)
4(1718 1694 1693 1717)
4(1719 1628 1604 1695)
4(1719 1695 1694 1718)
4(1720 1629 1556 1647)
4(1720 1647 1695 1719)
4(1721 1630 1555 1646)
4(1721 1646 1647 1720)
4(1722 1631 1559 1650)
4(1722 1650 1646 1721)
4(1723 1632 1605 1696)
4(1723 1696 1650 1722)
4(1724 1633 1606 1697)
4(1724 1697 1696 1723)
4(1725 1634 1607 1698)
4(1725 1698 1697 1724)
4(1726 1635 1608 1699)
4(1726 1699 1698 1725)
4(1727 1636 1609 1700)
4(1727 1700 1699 1726)
4(1728 1637 1589 1680)
4(1728 1680 1700 1727)
4(1702 1679 1680 1728)
4(1639 1638 1729 1730)
4(1641 1732 1729 1638)
4(1640 1731 1732 1641)
4(1639 1730 1731 1640)
4(1730 1729 1732 1731)
4(1642 1638 1729 1733)
4(1643 1642 1733 1734)
4(1643 1734 1730 1639)
4(1734 1733 1729 1730)
4(1641 1732 1735 1644)
4(1642 1644 1735 1733)
4(1733 1735 1732 1729)
4(1646 1645 1736 1737)
4(1648 1739 1736 1645)
4(1647 1738 1739 1648)
4(1646 1737 1738 1647)
4(1737 1736 1739 1738)
4(1649 1645 1736 1740)
4(1650 1649 1740 1741)
4(1650 1741 1737 1646)
4(1741 1740 1736 1737)
4(1648 1739 1742 1651)
4(1649 1651 1742 1740)
4(1740 1742 1739 1736)
4(1655 1746 1743 1652)
4(1654 1653 1744 1745)
4(1652 1743 1744 1653)
4(1654 1745 1746 1655)
4(1745 1744 1743 1746)
4(1657 1748 1743 1652)
4(1656 1747 1748 1657)
4(1655 1746 1747 1656)
4(1746 1743 1748 1747)
4(1658 1653 1744 1749)
4(1644 1735 1745 1654)
4(1658 1749 1735 1644)
4(1749 1744 1745 1735)
4(1659 1653 1744 1750)
4(1660 1751 1749 1658)
4(1659 1750 1751 1660)
4(1750 1744 1749 1751)
4(1661 1652 1743 1752)
4(1661 1752 1750 1659)
4(1752 1743 1744 1750)
4(1662 1657 1748 1753)
4(1662 1753 1752 1661)
4(1753 1748 1743 1752)
4(1663 1657 1748 1754)
4(1651 1742 1753 1662)
4(1663 1754 1742 1651)
4(1754 1748 1753 1742)
4(1664 1656 1747 1755)
4(1664 1755 1754 1663)
4(1755 1747 1748 1754)
4(1665 1656 1747 1756)
4(1666 1757 1755 1664)
4(1666 1665 1756 1757)
4(1757 1756 1747 1755)
4(1667 1655 1746 1758)
4(1667 1758 1756 1665)
4(1758 1746 1747 1756)
4(1668 1654 1745 1759)
4(1668 1759 1758 1667)
4(1759 1745 1746 1758)
4(1668 1641 1732 1759)
4(1759 1732 1735 1745)
4(1669 1658 1749 1760)
4(1669 1760 1733 1642)
4(1760 1749 1735 1733)
4(1670 1660 1751 1761)
4(1670 1761 1760 1669)
4(1761 1751 1749 1760)
4(1672 1660 1751 1763)
4(1671 1762 1761 1670)
4(1672 1763 1762 1671)
4(1763 1751 1761 1762)
4(1673 1659 1750 1764)
4(1673 1764 1763 1672)
4(1764 1750 1751 1763)
4(1674 1661 1752 1765)
4(1674 1765 1764 1673)
4(1765 1752 1750 1764)
4(1675 1662 1753 1766)
4(1675 1766 1765 1674)
4(1766 1753 1752 1765)
4(1675 1648 1739 1766)
4(1766 1739 1742 1753)
4(1676 1663 1754 1767)
4(1676 1767 1740 1649)
4(1767 1754 1742 1740)
4(1677 1664 1755 1768)
4(1677 1768 1767 1676)
4(1768 1755 1754 1767)
4(1678 1769 1768 1677)
4(1678 1666 1757 1769)
4(1769 1757 1755 1768)
4(1679 1665 1756 1770)
4(1680 1771 1757 1666)
4(1680 1679 1770 1771)
4(1771 1770 1756 1757)
4(1682 1665 1756 1773)
4(1679 1681 1772 1770)
4(1682 1773 1772 1681)
4(1770 1772 1773 1756)
4(1683 1667 1758 1774)
4(1683 1774 1773 1682)
4(1774 1758 1756 1773)
4(1684 1668 1759 1775)
4(1684 1775 1774 1683)
4(1775 1759 1758 1774)
4(1640 1731 1775 1684)
4(1731 1732 1759 1775)
4(1685 1669 1760 1776)
4(1685 1776 1734 1643)
4(1776 1760 1733 1734)
4(1686 1670 1761 1777)
4(1686 1777 1776 1685)
4(1777 1761 1760 1776)
4(1687 1671 1762 1778)
4(1687 1778 1777 1686)
4(1778 1762 1761 1777)
4(1689 1671 1762 1780)
4(1688 1779 1778 1687)
4(1689 1780 1779 1688)
4(1780 1762 1778 1779)
4(1690 1672 1763 1781)
4(1690 1781 1780 1689)
4(1781 1763 1762 1780)
4(1691 1673 1764 1782)
4(1691 1782 1781 1690)
4(1782 1764 1763 1781)
4(1693 1673 1764 1784)
4(1692 1783 1782 1691)
4(1693 1784 1783 1692)
4(1784 1764 1782 1783)
4(1694 1674 1765 1785)
4(1694 1785 1784 1693)
4(1785 1765 1764 1784)
4(1695 1675 1766 1786)
4(1695 1786 1785 1694)
4(1786 1766 1765 1785)
4(1647 1738 1786 1695)
4(1738 1739 1766 1786)
4(1696 1676 1767 1787)
4(1696 1787 1741 1650)
4(1787 1767 1740 1741)
4(1697 1677 1768 1788)
4(1697 1788 1787 1696)
4(1788 1768 1767 1787)
4(1698 1678 1769 1789)
4(1698 1789 1788 1697)
4(1789 1769 1768 1788)
4(1700 1678 1769 1791)
4(1699 1790 1789 1698)
4(1700 1791 1790 1699)
4(1791 1769 1789 1790)
4(1680 1771 1791 1700)
4(1771 1757 1769 1791)
4(1701 1681 1772 1792)
4(1702 1793 1770 1679)
4(1792 1772 1770 1793)
4(1703 1682 1773 1794)
4(1794 1773 1772 1792)
4(1704 1683 1774 1795)
4(1795 1774 1773 1794)
4(1705 1684 1775 1796)
4(1796 1775 1774 1795)
4(1706 1640 1731 1797)
4(1797 1731 1775 1796)
4(1707 1639 1730 1798)
4(1798 1730 1731 1797)
4(1708 1643 1734 1799)
4(1799 1734 1730 1798)
4(1709 1685 1776 1800)
4(1800 1776 1734 1799)
4(1710 1686 1777 1801)
4(1801 1777 1776 1800)
4(1711 1687 1778 1802)
4(1802 1778 1777 1801)
4(1712 1688 1779 1803)
4(1803 1779 1778 1802)
4(1713 1689 1780 1804)
4(1804 1780 1779 1803)
4(1714 1690 1781 1805)
4(1805 1781 1780 1804)
4(1715 1691 1782 1806)
4(1806 1782 1781 1805)
4(1716 1692 1783 1807)
4(1806 1807 1783 1782)
4(1717 1693 1784 1808)
4(1808 1784 1783 1807)
4(1718 1694 1785 1809)
4(1809 1785 1784 1808)
4(1719 1695 1786 1810)
4(1810 1786 1785 1809)
4(1720 1647 1738 1811)
4(1811 1738 1786 1810)
4(1721 1646 1737 1812)
4(1812 1737 1738 1811)
4(1722 1650 1741 1813)
4(1813 1741 1737 1812)
4(1723 1696 1787 1814)
4(1814 1787 1741 1813)
4(1724 1697 1788 1815)
4(1815 1788 1787 1814)
4(1725 1698 1789 1816)
4(1816 1789 1788 1815)
4(1726 1699 1790 1817)
4(1817 1790 1789 1816)
4(1727 1700 1791 1818)
4(1818 1791 1790 1817)
4(1728 1680 1771 1819)
4(1819 1771 1791 1818)
4(1793 1770 1771 1819)
4(1730 1729 1820 1821)
4(1732 1823 1820 1729)
4(1731 1822 1823 1732)
4(1730 1821 1822 1731)
4(1821 1820 1823 1822)
4(1733 1729 1820 1824)
4(1734 1733 1824 1825)
4(1734 1825 1821 1730)
4(1825 1824 1820 1821)
4(1732 1823 1826 1735)
4(1733 1735 1826 1824)
4(1824 1826 1823 1820)
4(1737 1736 1827 1828)
4(1739 1830 1827 1736)
4(1738 1829 1830 1739)
4(1737 1828 1829 1738)
4(1828 1827 1830 1829)
4(1740 1736 1827 1831)
4(1741 1740 1831 1832)
4(1741 1832 1828 1737)
4(1832 1831 1827 1828)
4(1739 1830 1833 1742)
4(1740 1742 1833 1831)
4(1831 1833 1830 1827)
4(1746 1837 1834 1743)
4(1745 1744 1835 1836)
4(1743 1834 1835 1744)
4(1745 1836 1837 1746)
4(1836 1835 1834 1837)
4(1748 1839 1834 1743)
4(1747 1838 1839 1748)
4(1746 1837 1838 1747)
4(1837 1834 1839 1838)
4(1749 1744 1835 1840)
4(1735 1826 1836 1745)
4(1749 1840 1826 1735)
4(1840 1835 1836 1826)
4(1750 1744 1835 1841)
4(1751 1842 1840 1749)
4(1750 1841 1842 1751)
4(1841 1835 1840 1842)
4(1752 1743 1834 1843)
4(1752 1843 1841 1750)
4(1843 1834 1835 1841)
4(1753 1748 1839 1844)
4(1753 1844 1843 1752)
4(1844 1839 1834 1843)
4(1754 1748 1839 1845)
4(1742 1833 1844 1753)
4(1754 1845 1833 1742)
4(1845 1839 1844 1833)
4(1755 1747 1838 1846)
4(1755 1846 1845 1754)
4(1846 1838 1839 1845)
4(1756 1747 1838 1847)
4(1757 1848 1846 1755)
4(1757 1756 1847 1848)
4(1848 1847 1838 1846)
4(1758 1746 1837 1849)
4(1758 1849 1847 1756)
4(1849 1837 1838 1847)
4(1759 1745 1836 1850)
4(1759 1850 1849 1758)
4(1850 1836 1837 1849)
4(1759 1732 1823 1850)
4(1850 1823 1826 1836)
4(1760 1749 1840 1851)
4(1760 1851 1824 1733)
4(1851 1840 1826 1824)
4(1761 1751 1842 1852)
4(1761 1852 1851 1760)
4(1852 1842 1840 1851)
4(1763 1751 1842 1854)
4(1762 1853 1852 1761)
4(1763 1854 1853 1762)
4(1854 1842 1852 1853)
4(1764 1750 1841 1855)
4(1764 1855 1854 1763)
4(1855 1841 1842 1854)
4(1765 1752 1843 1856)
4(1765 1856 1855 1764)
4(1856 1843 1841 1855)
4(1766 1753 1844 1857)
4(1766 1857 1856 1765)
4(1857 1844 1843 1856)
4(1766 1739 1830 1857)
4(1857 1830 1833 1844)
4(1767 1754 1845 1858)
4(1767 1858 1831 1740)
4(1858 1845 1833 1831)
4(1768 1755 1846 1859)
4(1768 1859 1858 1767)
4(1859 1846 1845 1858)
4(1769 1860 1859 1768)
4(1769 1757 1848 1860)
4(1860 1848 1846 1859)
4(1770 1756 1847 1861)
4(1771 1862 1848 1757)
4(1771 1770 1861 1862)
4(1862 1861 1847 1848)
4(1773 1756 1847 1864)
4(1770 1772 1863 1861)
4(1773 1864 1863 1772)
4(1861 1863 1864 1847)
4(1774 1758 1849 1865)
4(1774 1865 1864 1773)
4(1865 1849 1847 1864)
4(1775 1759 1850 1866)
4(1775 1866 1865 1774)
4(1866 1850 1849 1865)
4(1731 1822 1866 1775)
4(1822 1823 1850 1866)
4(1776 1760 1851 1867)
4(1776 1867 1825 1734)
4(1867 1851 1824 1825)
4(1777 1761 1852 1868)
4(1777 1868 1867 1776)
4(1868 1852 1851 1867)
4(1778 1762 1853 1869)
4(1778 1869 1868 1777)
4(1869 1853 1852 1868)
4(1780 1762 1853 1871)
4(1779 1870 1869 1778)
4(1780 1871 1870 1779)
4(1871 1853 1869 1870)
4(1781 1763 1854 1872)
4(1781 1872 1871 1780)
4(1872 1854 1853 1871)
4(1782 1764 1855 1873)
4(1782 1873 1872 1781)
4(1873 1855 1854 1872)
4(1784 1764 1855 1875)
4(1783 1874 1873 1782)
4(1784 1875 1874 1783)
4(1875 1855 1873 1874)
4(1785 1765 1856 1876)
4(1785 1876 1875 1784)
4(1876 1856 1855 1875)
4(1786 1766 1857 1877)
4(1786 1877 1876 1785)
4(1877 1857 1856 1876)
4(1738 1829 1877 1786)
4(1829 1830 1857 1877)
4(1787 1767 1858 1878)
4(1787 1878 1832 1741)
4(1878 1858 1831 1832)
4(1788 1768 1859 1879)
4(1788 1879 1878 1787)
4(1879 1859 1858 1878)
4(1789 1769 1860 1880)
4(1789 1880 1879 1788)
4(1880 1860 1859 1879)
4(1791 1769 1860 1882)
4(1790 1881 1880 1789)
4(1791 1882 1881 1790)
4(1882 1860 1880 1881)
4(1771 1862 1882 1791)
4(1862 1848 1860 1882)
4(1792 1772 1863 1883)
4(1793 1884 1861 1770)
4(1883 1863 1861 1884)
4(1794 1773 1864 1885)
4(1885 1864 1863 1883)
4(1795 1774 1865 1886)
4(1886 1865 1864 1885)
4(1796 1775 1866 1887)
4(1887 1866 1865 1886)
4(1797 1731 1822 1888)
4(1888 1822 1866 1887)
4(1798 1730 1821 1889)
4(1889 1821 1822 1888)
4(1799 1734 1825 1890)
4(1890 1825 1821 1889)
4(1800 1776 1867 1891)
4(1891 1867 1825 1890)
4(1801 1777 1868 1892)
4(1892 1868 1867 1891)
4(1802 1778 1869 1893)
4(1893 1869 1868 1892)
4(1803 1779 1870 1894)
4(1894 1870 1869 1893)
4(1804 1780 1871 1895)
4(1895 1871 1870 1894)
4(1805 1781 1872 1896)
4(1896 1872 1871 1895)
4(1806 1782 1873 1897)
4(1897 1873 1872 1896)
4(1807 1783 1874 1898)
4(1897 1898 1874 1873)
4(1808 1784 1875 1899)
4(1899 1875 1874 1898)
4(1809 1785 1876 1900)
4(1900 1876 1875 1899)
4(1810 1786 1877 1901)
4(1901 1877 1876 1900)
4(1811 1738 1829 1902)
4(1902 1829 1877 1901)
4(1812 1737 1828 1903)
4(1903 1828 1829 1902)
4(1813 1741 1832 1904)
4(1904 1832 1828 1903)
4(1814 1787 1878 1905)
4(1905 1878 1832 1904)
4(1815 1788 1879 1906)
4(1906 1879 1878 1905)
4(1816 1789 1880 1907)
4(1907 1880 1879 1906)
4(1817 1790 1881 1908)
4(1908 1881 1880 1907)
4(1818 1791 1882 1909)
4(1909 1882 1881 1908)
4(1819 1771 1862 1910)
4(1910 1862 1882 1909)
4(1884 1861 1862 1910)
4(1821 1820 1911 1912)
4(1823 1914 1911 1820)
4(1822 1913 1914 1823)
4(1821 1912 1913 1822)
4(1912 1911 1914 1913)
4(1824 1820 1911 1915)
4(1825 1824 1915 1916)
4(1825 1916 1912 1821)
4(1916 1915 1911 1912)
4(1823 1914 1917 1826)
4(1824 1826 1917 1915)
4(1915 1917 1914 1911)
4(1828 1827 1918 1919)
4(1830 1921 1918 1827)
4(1829 1920 1921 1830)
4(1828 1919 1920 1829)
4(1919 1918 1921 1920)
4(1831 1827 1918 1922)
4(1832 1831 1922 1923)
4(1832 1923 1919 1828)
4(1923 1922 1918 1919)
4(1830 1921 1924 1833)
4(1831 1833 1924 1922)
4(1922 1924 1921 1918)
4(1837 1928 1925 1834)
4(1836 1835 1926 1927)
4(1834 1925 1926 1835)
4(1836 1927 1928 1837)
4(1927 1926 1925 1928)
4(1839 1930 1925 1834)
4(1838 1929 1930 1839)
4(1837 1928 1929 1838)
4(1928 1925 1930 1929)
4(1840 1835 1926 1931)
4(1826 1917 1927 1836)
4(1840 1931 1917 1826)
4(1931 1926 1927 1917)
4(1841 1835 1926 1932)
4(1842 1933 1931 1840)
4(1841 1932 1933 1842)
4(1932 1926 1931 1933)
4(1843 1834 1925 1934)
4(1843 1934 1932 1841)
4(1934 1925 1926 1932)
4(1844 1839 1930 1935)
4(1844 1935 1934 1843)
4(1935 1930 1925 1934)
4(1845 1839 1930 1936)
4(1833 1924 1935 1844)
4(1845 1936 1924 1833)
4(1936 1930 1935 1924)
4(1846 1838 1929 1937)
4(1846 1937 1936 1845)
4(1937 1929 1930 1936)
4(1847 1838 1929 1938)
4(1848 1939 1937 1846)
4(1848 1847 1938 1939)
4(1939 1938 1929 1937)
4(1849 1837 1928 1940)
4(1849 1940 1938 1847)
4(1940 1928 1929 1938)
4(1850 1836 1927 1941)
4(1850 1941 1940 1849)
4(1941 1927 1928 1940)
4(1850 1823 1914 1941)
4(1941 1914 1917 1927)
4(1851 1840 1931 1942)
4(1851 1942 1915 1824)
4(1942 1931 1917 1915)
4(1852 1842 1933 1943)
4(1852 1943 1942 1851)
4(1943 1933 1931 1942)
4(1854 1842 1933 1945)
4(1853 1944 1943 1852)
4(1854 1945 1944 1853)
4(1945 1933 1943 1944)
4(1855 1841 1932 1946)
4(1855 1946 1945 1854)
4(1946 1932 1933 1945)
4(1856 1843 1934 1947)
4(1856 1947 1946 1855)
4(1947 1934 1932 1946)
4(1857 1844 1935 1948)
4(1857 1948 1947 1856)
4(1948 1935 1934 1947)
4(1857 1830 1921 1948)
4(1948 1921 1924 1935)
4(1858 1845 1936 1949)
4(1858 1949 1922 1831)
4(1949 1936 1924 1922)
4(1859 1846 1937 1950)
4(1859 1950 1949 1858)
4(1950 1937 1936 1949)
4(1860 1951 1950 1859)
4(1860 1848 1939 1951)
4(1951 1939 1937 1950)
4(1861 1847 1938 1952)
4(1862 1953 1939 1848)
4(1862 1861 1952 1953)
4(1953 1952 1938 1939)
4(1864 1847 1938 1955)
4(1861 1863 1954 1952)
4(1864 1955 1954 1863)
4(1952 1954 1955 1938)
4(1865 1849 1940 1956)
4(1865 1956 1955 1864)
4(1956 1940 1938 1955)
4(1866 1850 1941 1957)
4(1866 1957 1956 1865)
4(1957 1941 1940 1956)
4(1822 1913 1957 1866)
4(1913 1914 1941 1957)
4(1867 1851 1942 1958)
4(1867 1958 1916 1825)
4(1958 1942 1915 1916)
4(1868 1852 1943 1959)
4(1868 1959 1958 1867)
4(1959 1943 1942 1958)
4(1869 1853 1944 1960)
4(1869 1960 1959 1868)
4(1960 1944 1943 1959)
4(1871 1853 1944 1962)
4(1870 1961 1960 1869)
4(1871 1962 1961 1870)
4(1962 1944 1960 1961)
4(1872 1854 1945 1963)
4(1872 1963 1962 1871)
4(1963 1945 1944 1962)
4(1873 1855 1946 1964)
4(1873 1964 1963 1872)
4(1964 1946 1945 1963)
4(1875 1855 1946 1966)
4(1874 1965 1964 1873)
4(1875 1966 1965 1874)
4(1966 1946 1964 1965)
4(1876 1856 1947 1967)
4(1876 1967 1966 1875)
4(1967 1947 1946 1966)
4(1877 1857 1948 1968)
4(1877 1968 1967 1876)
4(1968 1948 1947 1967)
4(1829 1920 1968 1877)
4(1920 1921 1948 1968)
4(1878 1858 1949 1969)
4(1878 1969 1923 1832)
4(1969 1949 1922 1923)
4(1879 1859 1950 1970)
4(1879 1970 1969 1878)
4(1970 1950 1949 1969)
4(1880 1860 1951 1971)
4(1880 1971 1970 1879)
4(1971 1951 1950 1970)
4(1882 1860 1951 1973)
4(1881 1972 1971 1880)
4(1882 1973 1972 1881)
4(1973 1951 1971 1972)
4(1862 1953 1973 1882)
4(1953 1939 1951 1973)
4(1883 1863 1954 1974)
4(1884 1975 1952 1861)
4(1974 1954 1952 1975)
4(1885 1864 1955 1976)
4(1976 1955 1954 1974)
4(1886 1865 1956 1977)
4(1977 1956 1955 1976)
4(1887 1866 1957 1978)
4(1978 1957 1956 1977)
4(1888 1822 1913 1979)
4(1979 1913 1957 1978)
4(1889 1821 1912 1980)
4(1980 1912 1913 1979)
4(1890 1825 1916 1981)
4(1981 1916 1912 1980)
4(1891 1867 1958 1982)
4(1982 1958 1916 1981)
4(1892 1868 1959 1983)
4(1983 1959 1958 1982)
4(1893 1869 1960 1984)
4(1984 1960 1959 1983)
4(1894 1870 1961 1985)
4(1985 1961 1960 1984)
4(1895 1871 1962 1986)
4(1986 1962 1961 1985)
4(1896 1872 1963 1987)
4(1987 1963 1962 1986)
4(1897 1873 1964 1988)
4(1988 1964 1963 1987)
4(1898 1874 1965 1989)
4(1988 1989 1965 1964)
4(1899 1875 1966 1990)
4(1990 1966 1965 1989)
4(1900 1876 1967 1991)
4(1991 1967 1966 1990)
4(1901 1877 1968 1992)
4(1992 1968 1967 1991)
4(1902 1829 1920 1993)
4(1993 1920 1968 1992)
4(1903 1828 1919 1994)
4(1994 1919 1920 1993)
4(1904 1832 1923 1995)
4(1995 1923 1919 1994)
4(1905 1878 1969 1996)
4(1996 1969 1923 1995)
4(1906 1879 1970 1997)
4(1997 1970 1969 1996)
4(1907 1880 1971 1998)
4(1998 1971 1970 1997)
4(1908 1881 1972 1999)
4(1999 1972 1971 1998)
4(1909 1882 1973 2000)
4(2000 1973 1972 1999)
4(1910 1862 1953 2001)
4(2001 1953 1973 2000)
4(1975 1952 1953 2001)
4(1912 1911 2002 2003)
4(1914 2005 2002 1911)
4(1913 2004 2005 1914)
4(1912 2003 2004 1913)
4(2003 2002 2005 2004)
4(1915 1911 2002 2006)
4(1916 1915 2006 2007)
4(1916 2007 2003 1912)
4(2007 2006 2002 2003)
4(1914 2005 2008 1917)
4(1915 1917 2008 2006)
4(2006 2008 2005 2002)
4(1919 1918 2009 2010)
4(1921 2012 2009 1918)
4(1920 2011 2012 1921)
4(1919 2010 2011 1920)
4(2010 2009 2012 2011)
4(1922 1918 2009 2013)
4(1923 1922 2013 2014)
4(1923 2014 2010 1919)
4(2014 2013 2009 2010)
4(1921 2012 2015 1924)
4(1922 1924 2015 2013)
4(2013 2015 2012 2009)
4(1928 2019 2016 1925)
4(1927 1926 2017 2018)
4(1925 2016 2017 1926)
4(1927 2018 2019 1928)
4(2018 2017 2016 2019)
4(1930 2021 2016 1925)
4(1929 2020 2021 1930)
4(1928 2019 2020 1929)
4(2019 2016 2021 2020)
4(1931 1926 2017 2022)
4(1917 2008 2018 1927)
4(1931 2022 2008 1917)
4(2022 2017 2018 2008)
4(1932 1926 2017 2023)
4(1933 2024 2022 1931)
4(1932 2023 2024 1933)
4(2023 2017 2022 2024)
4(1934 1925 2016 2025)
4(1934 2025 2023 1932)
4(2025 2016 2017 2023)
4(1935 1930 2021 2026)
4(1935 2026 2025 1934)
4(2026 2021 2016 2025)
4(1936 1930 2021 2027)
4(1924 2015 2026 1935)
4(1936 2027 2015 1924)
4(2027 2021 2026 2015)
4(1937 1929 2020 2028)
4(1937 2028 2027 1936)
4(2028 2020 2021 2027)
4(1938 1929 2020 2029)
4(1939 2030 2028 1937)
4(1939 1938 2029 2030)
4(2030 2029 2020 2028)
4(1940 1928 2019 2031)
4(1940 2031 2029 1938)
4(2031 2019 2020 2029)
4(1941 1927 2018 2032)
4(1941 2032 2031 1940)
4(2032 2018 2019 2031)
4(1941 1914 2005 2032)
4(2032 2005 2008 2018)
4(1942 1931 2022 2033)
4(1942 2033 2006 1915)
4(2033 2022 2008 2006)
4(1943 1933 2024 2034)
4(1943 2034 2033 1942)
4(2034 2024 2022 2033)
4(1945 1933 2024 2036)
4(1944 2035 2034 1943)
4(1945 2036 2035 1944)
4(2036 2024 2034 2035)
4(1946 1932 2023 2037)
4(1946 2037 2036 1945)
4(2037 2023 2024 2036)
4(1947 1934 2025 2038)
4(1947 2038 2037 1946)
4(2038 2025 2023 2037)
4(1948 1935 2026 2039)
4(1948 2039 2038 1947)
4(2039 2026 2025 2038)
4(1948 1921 2012 2039)
4(2039 2012 2015 2026)
4(1949 1936 2027 2040)
4(1949 2040 2013 1922)
4(2040 2027 2015 2013)
4(1950 1937 2028 2041)
4(1950 2041 2040 1949)
4(2041 2028 2027 2040)
4(1951 2042 2041 1950)
4(1951 1939 2030 2042)
4(2042 2030 2028 2041)
4(1952 1938 2029 2043)
4(1953 2044 2030 1939)
4(1953 1952 2043 2044)
4(2044 2043 2029 2030)
4(1955 1938 2029 2046)
4(1952 1954 2045 2043)
4(1955 2046 2045 1954)
4(2043 2045 2046 2029)
4(1956 1940 2031 2047)
4(1956 2047 2046 1955)
4(2047 2031 2029 2046)
4(1957 1941 2032 2048)
4(1957 2048 2047 1956)
4(2048 2032 2031 2047)
4(1913 2004 2048 1957)
4(2004 2005 2032 2048)
4(1958 1942 2033 2049)
4(1958 2049 2007 1916)
4(2049 2033 2006 2007)
4(1959 1943 2034 2050)
4(1959 2050 2049 1958)
4(2050 2034 2033 2049)
4(1960 1944 2035 2051)
4(1960 2051 2050 1959)
4(2051 2035 2034 2050)
4(1962 1944 2035 2053)
4(1961 2052 2051 1960)
4(1962 2053 2052 1961)
4(2053 2035 2051 2052)
4(1963 1945 2036 2054)
4(1963 2054 2053 1962)
4(2054 2036 2035 2053)
4(1964 1946 2037 2055)
4(1964 2055 2054 1963)
4(2055 2037 2036 2054)
4(1966 1946 2037 2057)
4(1965 2056 2055 1964)
4(1966 2057 2056 1965)
4(2057 2037 2055 2056)
4(1967 1947 2038 2058)
4(1967 2058 2057 1966)
4(2058 2038 2037 2057)
4(1968 1948 2039 2059)
4(1968 2059 2058 1967)
4(2059 2039 2038 2058)
4(1920 2011 2059 1968)
4(2011 2012 2039 2059)
4(1969 1949 2040 2060)
4(1969 2060 2014 1923)
4(2060 2040 2013 2014)
4(1970 1950 2041 2061)
4(1970 2061 2060 1969)
4(2061 2041 2040 2060)
4(1971 1951 2042 2062)
4(1971 2062 2061 1970)
4(2062 2042 2041 2061)
4(1973 1951 2042 2064)
4(1972 2063 2062 1971)
4(1973 2064 2063 1972)
4(2064 2042 2062 2063)
4(1953 2044 2064 1973)
4(2044 2030 2042 2064)
4(1974 1954 2045 2065)
4(1975 2066 2043 1952)
4(2065 2045 2043 2066)
4(1976 1955 2046 2067)
4(2067 2046 2045 2065)
4(1977 1956 2047 2068)
4(2068 2047 2046 2067)
4(1978 1957 2048 2069)
4(2069 2048 2047 2068)
4(1979 1913 2004 2070)
4(2070 2004 2048 2069)
4(1980 1912 2003 2071)
4(2071 2003 2004 2070)
4(1981 1916 2007 2072)
4(2072 2007 2003 2071)
4(1982 1958 2049 2073)
4(2073 2049 2007 2072)
4(1983 1959 2050 2074)
4(2074 2050 2049 2073)
4(1984 1960 2051 2075)
4(2075 2051 2050 2074)
4(1985 1961 2052 2076)
4(2076 2052 2051 2075)
4(1986 1962 2053 2077)
4(2077 2053 2052 2076)
4(1987 1963 2054 2078)
4(2078 2054 2053 2077)
4(1988 1964 2055 2079)
4(2079 2055 2054 2078)
4(1989 1965 2056 2080)
4(2079 2080 2056 2055)
4(1990 1966 2057 2081)
4(2081 2057 2056 2080)
4(1991 1967 2058 2082)
4(2082 2058 2057 2081)
4(1992 1968 2059 2083)
4(2083 2059 2058 2082)
4(1993 1920 2011 2084)
4(2084 2011 2059 2083)
4(1994 1919 2010 2085)
4(2085 2010 2011 2084)
4(1995 1923 2014 2086)
4(2086 2014 2010 2085)
4(1996 1969 2060 2087)
4(2087 2060 2014 2086)
4(1997 1970 2061 2088)
4(2088 2061 2060 2087)
4(1998 1971 2062 2089)
4(2089 2062 2061 2088)
4(1999 1972 2063 2090)
4(2090 2063 2062 2089)
4(2000 1973 2064 2091)
4(2091 2064 2063 2090)
4(2001 1953 2044 2092)
4(2092 2044 2064 2091)
4(2066 2043 2044 2092)
4(2003 2002 2093 2094)
4(2005 2096 2093 2002)
4(2004 2095 2096 2005)
4(2003 2094 2095 2004)
4(2094 2093 2096 2095)
4(2006 2002 2093 2097)
4(2007 2006 2097 2098)
4(2007 2098 2094 2003)
4(2098 2097 2093 2094)
4(2005 2096 2099 2008)
4(2006 2008 2099 2097)
4(2097 2099 2096 2093)
4(2010 2009 2100 2101)
4(2012 2103 2100 2009)
4(2011 2102 2103 2012)
4(2010 2101 2102 2011)
4(2101 2100 2103 2102)
4(2013 2009 2100 2104)
4(2014 2013 2104 2105)
4(2014 2105 2101 2010)
4(2105 2104 2100 2101)
4(2012 2103 2106 2015)
4(2013 2015 2106 2104)
4(2104 2106 2103 2100)
4(2019 2110 2107 2016)
4(2018 2017 2108 2109)
4(2016 2107 2108 2017)
4(2018 2109 2110 2019)
4(2109 2108 2107 2110)
4(2021 2112 2107 2016)
4(2020 2111 2112 2021)
4(2019 2110 2111 2020)
4(2110 2107 2112 2111)
4(2022 2017 2108 2113)
4(2008 2099 2109 2018)
4(2022 2113 2099 2008)
4(2113 2108 2109 2099)
4(2023 2017 2108 2114)
4(2024 2115 2113 2022)
4(2023 2114 2115 2024)
4(2114 2108 2113 2115)
4(2025 2016 2107 2116)
4(2025 2116 2114 2023)
4(2116 2107 2108 2114)
4(2026 2021 2112 2117)
4(2026 2117 2116 2025)
4(2117 2112 2107 2116)
4(2027 2021 2112 2118)
4(2015 2106 2117 2026)
4(2027 2118 2106 2015)
4(2118 2112 2117 2106)
4(2028 2020 2111 2119)
4(2028 2119 2118 2027)
4(2119 2111 2112 2118)
4(2029 2020 2111 2120)
4(2030 2121 2119 2028)
4(2030 2029 2120 2121)
4(2121 2120 2111 2119)
4(2031 2019 2110 2122)
4(2031 2122 2120 2029)
4(2122 2110 2111 2120)
4(2032 2018 2109 2123)
4(2032 2123 2122 2031)
4(2123 2109 2110 2122)
4(2032 2005 2096 2123)
4(2123 2096 2099 2109)
4(2033 2022 2113 2124)
4(2033 2124 2097 2006)
4(2124 2113 2099 2097)
4(2034 2024 2115 2125)
4(2034 2125 2124 2033)
4(2125 2115 2113 2124)
4(2036 2024 2115 2127)
4(2035 2126 2125 2034)
4(2036 2127 2126 2035)
4(2127 2115 2125 2126)
4(2037 2023 2114 2128)
4(2037 2128 2127 2036)
4(2128 2114 2115 2127)
4(2038 2025 2116 2129)
4(2038 2129 2128 2037)
4(2129 2116 2114 2128)
4(2039 2026 2117 2130)
4(2039 2130 2129 2038)
4(2130 2117 2116 2129)
4(2039 2012 2103 2130)
4(2130 2103 2106 2117)
4(2040 2027 2118 2131)
4(2040 2131 2104 2013)
4(2131 2118 2106 2104)
4(2041 2028 2119 2132)
4(2041 2132 2131 2040)
4(2132 2119 2118 2131)
4(2042 2133 2132 2041)
4(2042 2030 2121 2133)
4(2133 2121 2119 2132)
4(2043 2029 2120 2134)
4(2044 2135 2121 2030)
4(2044 2043 2134 2135)
4(2135 2134 2120 2121)
4(2046 2029 2120 2137)
4(2043 2045 2136 2134)
4(2046 2137 2136 2045)
4(2134 2136 2137 2120)
4(2047 2031 2122 2138)
4(2047 2138 2137 2046)
4(2138 2122 2120 2137)
4(2048 2032 2123 2139)
4(2048 2139 2138 2047)
4(2139 2123 2122 2138)
4(2004 2095 2139 2048)
4(2095 2096 2123 2139)
4(2049 2033 2124 2140)
4(2049 2140 2098 2007)
4(2140 2124 2097 2098)
4(2050 2034 2125 2141)
4(2050 2141 2140 2049)
4(2141 2125 2124 2140)
4(2051 2035 2126 2142)
4(2051 2142 2141 2050)
4(2142 2126 2125 2141)
4(2053 2035 2126 2144)
4(2052 2143 2142 2051)
4(2053 2144 2143 2052)
4(2144 2126 2142 2143)
4(2054 2036 2127 2145)
4(2054 2145 2144 2053)
4(2145 2127 2126 2144)
4(2055 2037 2128 2146)
4(2055 2146 2145 2054)
4(2146 2128 2127 2145)
4(2057 2037 2128 2148)
4(2056 2147 2146 2055)
4(2057 2148 2147 2056)
4(2148 2128 2146 2147)
4(2058 2038 2129 2149)
4(2058 2149 2148 2057)
4(2149 2129 2128 2148)
4(2059 2039 2130 2150)
4(2059 2150 2149 2058)
4(2150 2130 2129 2149)
4(2011 2102 2150 2059)
4(2102 2103 2130 2150)
4(2060 2040 2131 2151)
4(2060 2151 2105 2014)
4(2151 2131 2104 2105)
4(2061 2041 2132 2152)
4(2061 2152 2151 2060)
4(2152 2132 2131 2151)
4(2062 2042 2133 2153)
4(2062 2153 2152 2061)
4(2153 2133 2132 2152)
4(2064 2042 2133 2155)
4(2063 2154 2153 2062)
4(2064 2155 2154 2063)
4(2155 2133 2153 2154)
4(2044 2135 2155 2064)
4(2135 2121 2133 2155)
4(2065 2045 2136 2156)
4(2066 2157 2134 2043)
4(2156 2136 2134 2157)
4(2067 2046 2137 2158)
4(2158 2137 2136 2156)
4(2068 2047 2138 2159)
4(2159 2138 2137 2158)
4(2069 2048 2139 2160)
4(2160 2139 2138 2159)
4(2070 2004 2095 2161)
4(2161 2095 2139 2160)
4(2071 2003 2094 2162)
4(2162 2094 2095 2161)
4(2072 2007 2098 2163)
4(2163 2098 2094 2162)
4(2073 2049 2140 2164)
4(2164 2140 2098 2163)
4(2074 2050 2141 2165)
4(2165 2141 2140 2164)
4(2075 2051 2142 2166)
4(2166 2142 2141 2165)
4(2076 2052 2143 2167)
4(2167 2143 2142 2166)
4(2077 2053 2144 2168)
4(2168 2144 2143 2167)
4(2078 2054 2145 2169)
4(2169 2145 2144 2168)
4(2079 2055 2146 2170)
4(2170 2146 2145 2169)
4(2080 2056 2147 2171)
4(2170 2171 2147 2146)
4(2081 2057 2148 2172)
4(2172 2148 2147 2171)
4(2082 2058 2149 2173)
4(2173 2149 2148 2172)
4(2083 2059 2150 2174)
4(2174 2150 2149 2173)
4(2084 2011 2102 2175)
4(2175 2102 2150 2174)
4(2085 2010 2101 2176)
4(2176 2101 2102 2175)
4(2086 2014 2105 2177)
4(2177 2105 2101 2176)
4(2087 2060 2151 2178)
4(2178 2151 2105 2177)
4(2088 2061 2152 2179)
4(2179 2152 2151 2178)
4(2089 2062 2153 2180)
4(2180 2153 2152 2179)
4(2090 2063 2154 2181)
4(2181 2154 2153 2180)
4(2091 2064 2155 2182)
4(2182 2155 2154 2181)
4(2092 2044 2135 2183)
4(2183 2135 2155 2182)
4(2157 2134 2135 2183)
4(2094 2093 2184 2185)
4(2096 2187 2184 2093)
4(2095 2186 2187 2096)
4(2094 2185 2186 2095)
4(2185 2184 2187 2186)
4(2097 2093 2184 2188)
4(2098 2097 2188 2189)
4(2098 2189 2185 2094)
4(2189 2188 2184 2185)
4(2096 2187 2190 2099)
4(2097 2099 2190 2188)
4(2188 2190 2187 2184)
4(2101 2100 2191 2192)
4(2103 2194 2191 2100)
4(2102 2193 2194 2103)
4(2101 2192 2193 2102)
4(2192 2191 2194 2193)
4(2104 2100 2191 2195)
4(2105 2104 2195 2196)
4(2105 2196 2192 2101)
4(2196 2195 2191 2192)
4(2103 2194 2197 2106)
4(2104 2106 2197 2195)
4(2195 2197 2194 2191)
4(2110 2201 2198 2107)
4(2109 2108 2199 2200)
4(2107 2198 2199 2108)
4(2109 2200 2201 2110)
4(2200 2199 2198 2201)
4(2112 2203 2198 2107)
4(2111 2202 2203 2112)
4(2110 2201 2202 2111)
4(2201 2198 2203 2202)
4(2113 2108 2199 2204)
4(2099 2190 2200 2109)
4(2113 2204 2190 2099)
4(2204 2199 2200 2190)
4(2114 2108 2199 2205)
4(2115 2206 2204 2113)
4(2114 2205 2206 2115)
4(2205 2199 2204 2206)
4(2116 2107 2198 2207)
4(2116 2207 2205 2114)
4(2207 2198 2199 2205)
4(2117 2112 2203 2208)
4(2117 2208 2207 2116)
4(2208 2203 2198 2207)
4(2118 2112 2203 2209)
4(2106 2197 2208 2117)
4(2118 2209 2197 2106)
4(2209 2203 2208 2197)
4(2119 2111 2202 2210)
4(2119 2210 2209 2118)
4(2210 2202 2203 2209)
4(2120 2111 2202 2211)
4(2121 2212 2210 2119)
4(2121 2120 2211 2212)
4(2212 2211 2202 2210)
4(2122 2110 2201 2213)
4(2122 2213 2211 2120)
4(2213 2201 2202 2211)
4(2123 2109 2200 2214)
4(2123 2214 2213 2122)
4(2214 2200 2201 2213)
4(2123 2096 2187 2214)
4(2214 2187 2190 2200)
4(2124 2113 2204 2215)
4(2124 2215 2188 2097)
4(2215 2204 2190 2188)
4(2125 2115 2206 2216)
4(2125 2216 2215 2124)
4(2216 2206 2204 2215)
4(2127 2115 2206 2218)
4(2126 2217 2216 2125)
4(2127 2218 2217 2126)
4(2218 2206 2216 2217)
4(2128 2114 2205 2219)
4(2128 2219 2218 2127)
4(2219 2205 2206 2218)
4(2129 2116 2207 2220)
4(2129 2220 2219 2128)
4(2220 2207 2205 2219)
4(2130 2117 2208 2221)
4(2130 2221 2220 2129)
4(2221 2208 2207 2220)
4(2130 2103 2194 2221)
4(2221 2194 2197 2208)
4(2131 2118 2209 2222)
4(2131 2222 2195 2104)
4(2222 2209 2197 2195)
4(2132 2119 2210 2223)
4(2132 2223 2222 2131)
4(2223 2210 2209 2222)
4(2133 2224 2223 2132)
4(2133 2121 2212 2224)
4(2224 2212 2210 2223)
4(2134 2120 2211 2225)
4(2135 2226 2212 2121)
4(2135 2134 2225 2226)
4(2226 2225 2211 2212)
4(2137 2120 2211 2228)
4(2134 2136 2227 2225)
4(2137 2228 2227 2136)
4(2225 2227 2228 2211)
4(2138 2122 2213 2229)
4(2138 2229 2228 2137)
4(2229 2213 2211 2228)
4(2139 2123 2214 2230)
4(2139 2230 2229 2138)
4(2230 2214 2213 2229)
4(2095 2186 2230 2139)
4(2186 2187 2214 2230)
4(2140 2124 2215 2231)
4(2140 2231 2189 2098)
4(2231 2215 2188 2189)
4(2141 2125 2216 2232)
4(2141 2232 2231 2140)
4(2232 2216 2215 2231)
4(2142 2126 2217 2233)
4(2142 2233 2232 2141)
4(2233 2217 2216 2232)
4(2144 2126 2217 2235)
4(2143 2234 2233 2142)
4(2144 2235 2234 2143)
4(2235 2217 2233 2234)
4(2145 2127 2218 2236)
4(2145 2236 2235 2144)
4(2236 2218 2217 2235)
4(2146 2128 2219 2237)
4(2146 2237 2236 2145)
4(2237 2219 2218 2236)
4(2148 2128 2219 2239)
4(2147 2238 2237 2146)
4(2148 2239 2238 2147)
4(2239 2219 2237 2238)
4(2149 2129 2220 2240)
4(2149 2240 2239 2148)
4(2240 2220 2219 2239)
4(2150 2130 2221 2241)
4(2150 2241 2240 2149)
4(2241 2221 2220 2240)
4(2102 2193 2241 2150)
4(2193 2194 2221 2241)
4(2151 2131 2222 2242)
4(2151 2242 2196 2105)
4(2242 2222 2195 2196)
4(2152 2132 2223 2243)
4(2152 2243 2242 2151)
4(2243 2223 2222 2242)
4(2153 2133 2224 2244)
4(2153 2244 2243 2152)
4(2244 2224 2223 2243)
4(2155 2133 2224 2246)
4(2154 2245 2244 2153)
4(2155 2246 2245 2154)
4(2246 2224 2244 2245)
4(2135 2226 2246 2155)
4(2226 2212 2224 2246)
4(2156 2136 2227 2247)
4(2157 2248 2225 2134)
4(2247 2227 2225 2248)
4(2158 2137 2228 2249)
4(2249 2228 2227 2247)
4(2159 2138 2229 2250)
4(2250 2229 2228 2249)
4(2160 2139 2230 2251)
4(2251 2230 2229 2250)
4(2161 2095 2186 2252)
4(2252 2186 2230 2251)
4(2162 2094 2185 2253)
4(2253 2185 2186 2252)
4(2163 2098 2189 2254)
4(2254 2189 2185 2253)
4(2164 2140 2231 2255)
4(2255 2231 2189 2254)
4(2165 2141 2232 2256)
4(2256 2232 2231 2255)
4(2166 2142 2233 2257)
4(2257 2233 2232 2256)
4(2167 2143 2234 2258)
4(2258 2234 2233 2257)
4(2168 2144 2235 2259)
4(2259 2235 2234 2258)
4(2169 2145 2236 2260)
4(2260 2236 2235 2259)
4(2170 2146 2237 2261)
4(2261 2237 2236 2260)
4(2171 2147 2238 2262)
4(2261 2262 2238 2237)
4(2172 2148 2239 2263)
4(2263 2239 2238 2262)
4(2173 2149 2240 2264)
4(2264 2240 2239 2263)
4(2174 2150 2241 2265)
4(2265 2241 2240 2264)
4(2175 2102 2193 2266)
4(2266 2193 2241 2265)
4(2176 2101 2192 2267)
4(2267 2192 2193 2266)
4(2177 2105 2196 2268)
4(2268 2196 2192 2267)
4(2178 2151 2242 2269)
4(2269 2242 2196 2268)
4(2179 2152 2243 2270)
4(2270 2243 2242 2269)
4(2180 2153 2244 2271)
4(2271 2244 2243 2270)
4(2181 2154 2245 2272)
4(2272 2245 2244 2271)
4(2182 2155 2246 2273)
4(2273 2246 2245 2272)
4(2183 2135 2226 2274)
4(2274 2226 2246 2273)
4(2248 2225 2226 2274)
4(2185 2184 2275 2276)
4(2187 2278 2275 2184)
4(2186 2277 2278 2187)
4(2185 2276 2277 2186)
4(2276 2275 2278 2277)
4(2188 2184 2275 2279)
4(2189 2188 2279 2280)
4(2189 2280 2276 2185)
4(2280 2279 2275 2276)
4(2187 2278 2281 2190)
4(2188 2190 2281 2279)
4(2279 2281 2278 2275)
4(2192 2191 2282 2283)
4(2194 2285 2282 2191)
4(2193 2284 2285 2194)
4(2192 2283 2284 2193)
4(2283 2282 2285 2284)
4(2195 2191 2282 2286)
4(2196 2195 2286 2287)
4(2196 2287 2283 2192)
4(2287 2286 2282 2283)
4(2194 2285 2288 2197)
4(2195 2197 2288 2286)
4(2286 2288 2285 2282)
4(2201 2292 2289 2198)
4(2200 2199 2290 2291)
4(2198 2289 2290 2199)
4(2200 2291 2292 2201)
4(2291 2290 2289 2292)
4(2203 2294 2289 2198)
4(2202 2293 2294 2203)
4(2201 2292 2293 2202)
4(2292 2289 2294 2293)
4(2204 2199 2290 2295)
4(2190 2281 2291 2200)
4(2204 2295 2281 2190)
4(2295 2290 2291 2281)
4(2205 2199 2290 2296)
4(2206 2297 2295 2204)
4(2205 2296 2297 2206)
4(2296 2290 2295 2297)
4(2207 2198 2289 2298)
4(2207 2298 2296 2205)
4(2298 2289 2290 2296)
4(2208 2203 2294 2299)
4(2208 2299 2298 2207)
4(2299 2294 2289 2298)
4(2209 2203 2294 2300)
4(2197 2288 2299 2208)
4(2209 2300 2288 2197)
4(2300 2294 2299 2288)
4(2210 2202 2293 2301)
4(2210 2301 2300 2209)
4(2301 2293 2294 2300)
4(2211 2202 2293 2302)
4(2212 2303 2301 2210)
4(2212 2211 2302 2303)
4(2303 2302 2293 2301)
4(2213 2201 2292 2304)
4(2213 2304 2302 2211)
4(2304 2292 2293 2302)
4(2214 2200 2291 2305)
4(2214 2305 2304 2213)
4(2305 2291 2292 2304)
4(2214 2187 2278 2305)
4(2305 2278 2281 2291)
4(2215 2204 2295 2306)
4(2215 2306 2279 2188)
4(2306 2295 2281 2279)
4(2216 2206 2297 2307)
4(2216 2307 2306 2215)
4(2307 2297 2295 2306)
4(2218 2206 2297 2309)
4(2217 2308 2307 2216)
4(2218 2309 2308 2217)
4(2309 2297 2307 2308)
4(2219 2205 2296 2310)
4(2219 2310 2309 2218)
4(2310 2296 2297 2309)
4(2220 2207 2298 2311)
4(2220 2311 2310 2219)
4(2311 2298 2296 2310)
4(2221 2208 2299 2312)
4(2221 2312 2311 2220)
4(2312 2299 2298 2311)
4(2221 2194 2285 2312)
4(2312 2285 2288 2299)
4(2222 2209 2300 2313)
4(2222 2313 2286 2195)
4(2313 2300 2288 2286)
4(2223 2210 2301 2314)
4(2223 2314 2313 2222)
4(2314 2301 2300 2313)
4(2224 2315 2314 2223)
4(2224 2212 2303 2315)
4(2315 2303 2301 2314)
4(2225 2211 2302 2316)
4(2226 2317 2303 2212)
4(2226 2225 2316 2317)
4(2317 2316 2302 2303)
4(2228 2211 2302 2319)
4(2225 2227 2318 2316)
4(2228 2319 2318 2227)
4(2316 2318 2319 2302)
4(2229 2213 2304 2320)
4(2229 2320 2319 2228)
4(2320 2304 2302 2319)
4(2230 2214 2305 2321)
4(2230 2321 2320 2229)
4(2321 2305 2304 2320)
4(2186 2277 2321 2230)
4(2277 2278 2305 2321)
4(2231 2215 2306 2322)
4(2231 2322 2280 2189)
4(2322 2306 2279 2280)
4(2232 2216 2307 2323)
4(2232 2323 2322 2231)
4(2323 2307 2306 2322)
4(2233 2217 2308 2324)
4(2233 2324 2323 2232)
4(2324 2308 2307 2323)
4(2235 2217 2308 2326)
4(2234 2325 2324 2233)
4(2235 2326 2325 2234)
4(2326 2308 2324 2325)
4(2236 2218 2309 2327)
4(2236 2327 2326 2235)
4(2327 2309 2308 2326)
4(2237 2219 2310 2328)
4(2237 2328 2327 2236)
4(2328 2310 2309 2327)
4(2239 2219 2310 2330)
4(2238 2329 2328 2237)
4(2239 2330 2329 2238)
4(2330 2310 2328 2329)
4(2240 2220 2311 2331)
4(2240 2331 2330 2239)
4(2331 2311 2310 2330)
4(2241 2221 2312 2332)
4(2241 2332 2331 2240)
4(2332 2312 2311 2331)
4(2193 2284 2332 2241)
4(2284 2285 2312 2332)
4(2242 2222 2313 2333)
4(2242 2333 2287 2196)
4(2333 2313 2286 2287)
4(2243 2223 2314 2334)
4(2243 2334 2333 2242)
4(2334 2314 2313 2333)
4(2244 2224 2315 2335)
4(2244 2335 2334 2243)
4(2335 2315 2314 2334)
4(2246 2224 2315 2337)
4(2245 2336 2335 2244)
4(2246 2337 2336 2245)
4(2337 2315 2335 2336)
4(2226 2317 2337 2246)
4(2317 2303 2315 2337)
4(2247 2227 2318 2338)
4(2248 2339 2316 2225)
4(2338 2318 2316 2339)
4(2249 2228 2319 2340)
4(2340 2319 2318 2338)
4(2250 2229 2320 2341)
4(2341 2320 2319 2340)
4(2251 2230 2321 2342)
4(2342 2321 2320 2341)
4(2252 2186 2277 2343)
4(2343 2277 2321 2342)
4(2253 2185 2276 2344)
4(2344 2276 2277 2343)
4(2254 2189 2280 2345)
4(2345 2280 2276 2344)
4(2255 2231 2322 2346)
4(2346 2322 2280 2345)
4(2256 2232 2323 2347)
4(2347 2323 2322 2346)
4(2257 2233 2324 2348)
4(2348 2324 2323 2347)
4(2258 2234 2325 2349)
4(2349 2325 2324 2348)
4(2259 2235 2326 2350)
4(2350 2326 2325 2349)
4(2260 2236 2327 2351)
4(2351 2327 2326 2350)
4(2261 2237 2328 2352)
4(2352 2328 2327 2351)
4(2262 2238 2329 2353)
4(2352 2353 2329 2328)
4(2263 2239 2330 2354)
4(2354 2330 2329 2353)
4(2264 2240 2331 2355)
4(2355 2331 2330 2354)
4(2265 2241 2332 2356)
4(2356 2332 2331 2355)
4(2266 2193 2284 2357)
4(2357 2284 2332 2356)
4(2267 2192 2283 2358)
4(2358 2283 2284 2357)
4(2268 2196 2287 2359)
4(2359 2287 2283 2358)
4(2269 2242 2333 2360)
4(2360 2333 2287 2359)
4(2270 2243 2334 2361)
4(2361 2334 2333 2360)
4(2271 2244 2335 2362)
4(2362 2335 2334 2361)
4(2272 2245 2336 2363)
4(2363 2336 2335 2362)
4(2273 2246 2337 2364)
4(2364 2337 2336 2363)
4(2274 2226 2317 2365)
4(2365 2317 2337 2364)
4(2339 2316 2317 2365)
4(2276 2275 2366 2367)
4(2278 2369 2366 2275)
4(2277 2368 2369 2278)
4(2276 2367 2368 2277)
4(2367 2366 2369 2368)
4(2279 2275 2366 2370)
4(2280 2279 2370 2371)
4(2280 2371 2367 2276)
4(2371 2370 2366 2367)
4(2278 2369 2372 2281)
4(2279 2281 2372 2370)
4(2370 2372 2369 2366)
4(2283 2282 2373 2374)
4(2285 2376 2373 2282)
4(2284 2375 2376 2285)
4(2283 2374 2375 2284)
4(2374 2373 2376 2375)
4(2286 2282 2373 2377)
4(2287 2286 2377 2378)
4(2287 2378 2374 2283)
4(2378 2377 2373 2374)
4(2285 2376 2379 2288)
4(2286 2288 2379 2377)
4(2377 2379 2376 2373)
4(2292 2383 2380 2289)
4(2291 2290 2381 2382)
4(2289 2380 2381 2290)
4(2291 2382 2383 2292)
4(2382 2381 2380 2383)
4(2294 2385 2380 2289)
4(2293 2384 2385 2294)
4(2292 2383 2384 2293)
4(2383 2380 2385 2384)
4(2295 2290 2381 2386)
4(2281 2372 2382 2291)
4(2295 2386 2372 2281)
4(2386 2381 2382 2372)
4(2296 2290 2381 2387)
4(2297 2388 2386 2295)
4(2296 2387 2388 2297)
4(2387 2381 2386 2388)
4(2298 2289 2380 2389)
4(2298 2389 2387 2296)
4(2389 2380 2381 2387)
4(2299 2294 2385 2390)
4(2299 2390 2389 2298)
4(2390 2385 2380 2389)
4(2300 2294 2385 2391)
4(2288 2379 2390 2299)
4(2300 2391 2379 2288)
4(2391 2385 2390 2379)
4(2301 2293 2384 2392)
4(2301 2392 2391 2300)
4(2392 2384 2385 2391)
4(2302 2293 2384 2393)
4(2303 2394 2392 2301)
4(2303 2302 2393 2394)
4(2394 2393 2384 2392)
4(2304 2292 2383 2395)
4(2304 2395 2393 2302)
4(2395 2383 2384 2393)
4(2305 2291 2382 2396)
4(2305 2396 2395 2304)
4(2396 2382 2383 2395)
4(2305 2278 2369 2396)
4(2396 2369 2372 2382)
4(2306 2295 2386 2397)
4(2306 2397 2370 2279)
4(2397 2386 2372 2370)
4(2307 2297 2388 2398)
4(2307 2398 2397 2306)
4(2398 2388 2386 2397)
4(2309 2297 2388 2400)
4(2308 2399 2398 2307)
4(2309 2400 2399 2308)
4(2400 2388 2398 2399)
4(2310 2296 2387 2401)
4(2310 2401 2400 2309)
4(2401 2387 2388 2400)
4(2311 2298 2389 2402)
4(2311 2402 2401 2310)
4(2402 2389 2387 2401)
4(2312 2299 2390 2403)
4(2312 2403 2402 2311)
4(2403 2390 2389 2402)
4(2312 2285 2376 2403)
4(2403 2376 2379 2390)
4(2313 2300 2391 2404)
4(2313 2404 2377 2286)
4(2404 2391 2379 2377)
4(2314 2301 2392 2405)
4(2314 2405 2404 2313)
4(2405 2392 2391 2404)
4(2315 2406 2405 2314)
4(2315 2303 2394 2406)
4(2406 2394 2392 2405)
4(2316 2302 2393 2407)
4(2317 2408 2394 2303)
4(2317 2316 2407 2408)
4(2408 2407 2393 2394)
4(2319 2302 2393 2410)
4(2316 2318 2409 2407)
4(2319 2410 2409 2318)
4(2407 2409 2410 2393)
4(2320 2304 2395 2411)
4(2320 2411 2410 2319)
4(2411 2395 2393 2410)
4(2321 2305 2396 2412)
4(2321 2412 2411 2320)
4(2412 2396 2395 2411)
4(2277 2368 2412 2321)
4(2368 2369 2396 2412)
4(2322 2306 2397 2413)
4(2322 2413 2371 2280)
4(2413 2397 2370 2371)
4(2323 2307 2398 2414)
4(2323 2414 2413 2322)
4(2414 2398 2397 2413)
4(2324 2308 2399 2415)
4(2324 2415 2414 2323)
4(2415 2399 2398 2414)
4(2326 2308 2399 2417)
4(2325 2416 2415 2324)
4(2326 2417 2416 2325)
4(2417 2399 2415 2416)
4(2327 2309 2400 2418)
4(2327 2418 2417 2326)
4(2418 2400 2399 2417)
4(2328 2310 2401 2419)
4(2328 2419 2418 2327)
4(2419 2401 2400 2418)
4(2330 2310 2401 2421)
4(2329 2420 2419 2328)
4(2330 2421 2420 2329)
4(2421 2401 2419 2420)
4(2331 2311 2402 2422)
4(2331 2422 2421 2330)
4(2422 2402 2401 2421)
4(2332 2312 2403 2423)
4(2332 2423 2422 2331)
4(2423 2403 2402 2422)
4(2284 2375 2423 2332)
4(2375 2376 2403 2423)
4(2333 2313 2404 2424)
4(2333 2424 2378 2287)
4(2424 2404 2377 2378)
4(2334 2314 2405 2425)
4(2334 2425 2424 2333)
4(2425 2405 2404 2424)
4(2335 2315 2406 2426)
4(2335 2426 2425 2334)
4(2426 2406 2405 2425)
4(2337 2315 2406 2428)
4(2336 2427 2426 2335)
4(2337 2428 2427 2336)
4(2428 2406 2426 2427)
4(2317 2408 2428 2337)
4(2408 2394 2406 2428)
4(2338 2318 2409 2429)
4(2339 2430 2407 2316)
4(2429 2409 2407 2430)
4(2340 2319 2410 2431)
4(2431 2410 2409 2429)
4(2341 2320 2411 2432)
4(2432 2411 2410 2431)
4(2342 2321 2412 2433)
4(2433 2412 2411 2432)
4(2343 2277 2368 2434)
4(2434 2368 2412 2433)
4(2344 2276 2367 2435)
4(2435 2367 2368 2434)
4(2345 2280 2371 2436)
4(2436 2371 2367 2435)
4(2346 2322 2413 2437)
4(2437 2413 2371 2436)
4(2347 2323 2414 2438)
4(2438 2414 2413 2437)
4(2348 2324 2415 2439)
4(2439 2415 2414 2438)
4(2349 2325 2416 2440)
4(2440 2416 2415 2439)
4(2350 2326 2417 2441)
4(2441 2417 2416 2440)
4(2351 2327 2418 2442)
4(2442 2418 2417 2441)
4(2352 2328 2419 2443)
4(2443 2419 2418 2442)
4(2353 2329 2420 2444)
4(2443 2444 2420 2419)
4(2354 2330 2421 2445)
4(2445 2421 2420 2444)
4(2355 2331 2422 2446)
4(2446 2422 2421 2445)
4(2356 2332 2423 2447)
4(2447 2423 2422 2446)
4(2357 2284 2375 2448)
4(2448 2375 2423 2447)
4(2358 2283 2374 2449)
4(2449 2374 2375 2448)
4(2359 2287 2378 2450)
4(2450 2378 2374 2449)
4(2360 2333 2424 2451)
4(2451 2424 2378 2450)
4(2361 2334 2425 2452)
4(2452 2425 2424 2451)
4(2362 2335 2426 2453)
4(2453 2426 2425 2452)
4(2363 2336 2427 2454)
4(2454 2427 2426 2453)
4(2364 2337 2428 2455)
4(2455 2428 2427 2454)
4(2365 2317 2408 2456)
4(2456 2408 2428 2455)
4(2430 2407 2408 2456)
4(2367 2366 2457 2458)
4(2369 2460 2457 2366)
4(2368 2459 2460 2369)
4(2367 2458 2459 2368)
4(2458 2457 2460 2459)
4(2370 2366 2457 2461)
4(2371 2370 2461 2462)
4(2371 2462 2458 2367)
4(2462 2461 2457 2458)
4(2369 2460 2463 2372)
4(2370 2372 2463 2461)
4(2461 2463 2460 2457)
4(2374 2373 2464 2465)
4(2376 2467 2464 2373)
4(2375 2466 2467 2376)
4(2374 2465 2466 2375)
4(2465 2464 2467 2466)
4(2377 2373 2464 2468)
4(2378 2377 2468 2469)
4(2378 2469 2465 2374)
4(2469 2468 2464 2465)
4(2376 2467 2470 2379)
4(2377 2379 2470 2468)
4(2468 2470 2467 2464)
4(2383 2474 2471 2380)
4(2382 2381 2472 2473)
4(2380 2471 2472 2381)
4(2382 2473 2474 2383)
4(2473 2472 2471 2474)
4(2385 2476 2471 2380)
4(2384 2475 2476 2385)
4(2383 2474 2475 2384)
4(2474 2471 2476 2475)
4(2386 2381 2472 2477)
4(2372 2463 2473 2382)
4(2386 2477 2463 2372)
4(2477 2472 2473 2463)
4(2387 2381 2472 2478)
4(2388 2479 2477 2386)
4(2387 2478 2479 2388)
4(2478 2472 2477 2479)
4(2389 2380 2471 2480)
4(2389 2480 2478 2387)
4(2480 2471 2472 2478)
4(2390 2385 2476 2481)
4(2390 2481 2480 2389)
4(2481 2476 2471 2480)
4(2391 2385 2476 2482)
4(2379 2470 2481 2390)
4(2391 2482 2470 2379)
4(2482 2476 2481 2470)
4(2392 2384 2475 2483)
4(2392 2483 2482 2391)
4(2483 2475 2476 2482)
4(2393 2384 2475 2484)
4(2394 2485 2483 2392)
4(2394 2393 2484 2485)
4(2485 2484 2475 2483)
4(2395 2383 2474 2486)
4(2395 2486 2484 2393)
4(2486 2474 2475 2484)
4(2396 2382 2473 2487)
4(2396 2487 2486 2395)
4(2487 2473 2474 2486)
4(2396 2369 2460 2487)
4(2487 2460 2463 2473)
4(2397 2386 2477 2488)
4(2397 2488 2461 2370)
4(2488 2477 2463 2461)
4(2398 2388 2479 2489)
4(2398 2489 2488 2397)
4(2489 2479 2477 2488)
4(2400 2388 2479 2491)
4(2399 2490 2489 2398)
4(2400 2491 2490 2399)
4(2491 2479 2489 2490)
4(2401 2387 2478 2492)
4(2401 2492 2491 2400)
4(2492 2478 2479 2491)
4(2402 2389 2480 2493)
4(2402 2493 2492 2401)
4(2493 2480 2478 2492)
4(2403 2390 2481 2494)
4(2403 2494 2493 2402)
4(2494 2481 2480 2493)
4(2403 2376 2467 2494)
4(2494 2467 2470 2481)
4(2404 2391 2482 2495)
4(2404 2495 2468 2377)
4(2495 2482 2470 2468)
4(2405 2392 2483 2496)
4(2405 2496 2495 2404)
4(2496 2483 2482 2495)
4(2406 2497 2496 2405)
4(2406 2394 2485 2497)
4(2497 2485 2483 2496)
4(2407 2393 2484 2498)
4(2408 2499 2485 2394)
4(2408 2407 2498 2499)
4(2499 2498 2484 2485)
4(2410 2393 2484 2501)
4(2407 2409 2500 2498)
4(2410 2501 2500 2409)
4(2498 2500 2501 2484)
4(2411 2395 2486 2502)
4(2411 2502 2501 2410)
4(2502 2486 2484 2501)
4(2412 2396 2487 2503)
4(2412 2503 2502 2411)
4(2503 2487 2486 2502)
4(2368 2459 2503 2412)
4(2459 2460 2487 2503)
4(2413 2397 2488 2504)
4(2413 2504 2462 2371)
4(2504 2488 2461 2462)
4(2414 2398 2489 2505)
4(2414 2505 2504 2413)
4(2505 2489 2488 2504)
4(2415 2399 2490 2506)
4(2415 2506 2505 2414)
4(2506 2490 2489 2505)
4(2417 2399 2490 2508)
4(2416 2507 2506 2415)
4(2417 2508 2507 2416)
4(2508 2490 2506 2507)
4(2418 2400 2491 2509)
4(2418 2509 2508 2417)
4(2509 2491 2490 2508)
4(2419 2401 2492 2510)
4(2419 2510 2509 2418)
4(2510 2492 2491 2509)
4(2421 2401 2492 2512)
4(2420 2511 2510 2419)
4(2421 2512 2511 2420)
4(2512 2492 2510 2511)
4(2422 2402 2493 2513)
4(2422 2513 2512 2421)
4(2513 2493 2492 2512)
4(2423 2403 2494 2514)
4(2423 2514 2513 2422)
4(2514 2494 2493 2513)
4(2375 2466 2514 2423)
4(2466 2467 2494 2514)
4(2424 2404 2495 2515)
4(2424 2515 2469 2378)
4(2515 2495 2468 2469)
4(2425 2405 2496 2516)
4(2425 2516 2515 2424)
4(2516 2496 2495 2515)
4(2426 2406 2497 2517)
4(2426 2517 2516 2425)
4(2517 2497 2496 2516)
4(2428 2406 2497 2519)
4(2427 2518 2517 2426)
4(2428 2519 2518 2427)
4(2519 2497 2517 2518)
4(2408 2499 2519 2428)
4(2499 2485 2497 2519)
4(2429 2409 2500 2520)
4(2430 2521 2498 2407)
4(2520 2500 2498 2521)
4(2431 2410 2501 2522)
4(2522 2501 2500 2520)
4(2432 2411 2502 2523)
4(2523 2502 2501 2522)
4(2433 2412 2503 2524)
4(2524 2503 2502 2523)
4(2434 2368 2459 2525)
4(2525 2459 2503 2524)
4(2435 2367 2458 2526)
4(2526 2458 2459 2525)
4(2436 2371 2462 2527)
4(2527 2462 2458 2526)
4(2437 2413 2504 2528)
4(2528 2504 2462 2527)
4(2438 2414 2505 2529)
4(2529 2505 2504 2528)
4(2439 2415 2506 2530)
4(2530 2506 2505 2529)
4(2440 2416 2507 2531)
4(2531 2507 2506 2530)
4(2441 2417 2508 2532)
4(2532 2508 2507 2531)
4(2442 2418 2509 2533)
4(2533 2509 2508 2532)
4(2443 2419 2510 2534)
4(2534 2510 2509 2533)
4(2444 2420 2511 2535)
4(2534 2535 2511 2510)
4(2445 2421 2512 2536)
4(2536 2512 2511 2535)
4(2446 2422 2513 2537)
4(2537 2513 2512 2536)
4(2447 2423 2514 2538)
4(2538 2514 2513 2537)
4(2448 2375 2466 2539)
4(2539 2466 2514 2538)
4(2449 2374 2465 2540)
4(2540 2465 2466 2539)
4(2450 2378 2469 2541)
4(2541 2469 2465 2540)
4(2451 2424 2515 2542)
4(2542 2515 2469 2541)
4(2452 2425 2516 2543)
4(2543 2516 2515 2542)
4(2453 2426 2517 2544)
4(2544 2517 2516 2543)
4(2454 2427 2518 2545)
4(2545 2518 2517 2544)
4(2455 2428 2519 2546)
4(2546 2519 2518 2545)
4(2456 2408 2499 2547)
4(2547 2499 2519 2546)
4(2521 2498 2499 2547)
4(2458 2457 2548 2549)
4(2460 2551 2548 2457)
4(2459 2550 2551 2460)
4(2458 2549 2550 2459)
4(2549 2548 2551 2550)
4(2461 2457 2548 2552)
4(2462 2461 2552 2553)
4(2462 2553 2549 2458)
4(2553 2552 2548 2549)
4(2460 2551 2554 2463)
4(2461 2463 2554 2552)
4(2552 2554 2551 2548)
4(2465 2464 2555 2556)
4(2467 2558 2555 2464)
4(2466 2557 2558 2467)
4(2465 2556 2557 2466)
4(2556 2555 2558 2557)
4(2468 2464 2555 2559)
4(2469 2468 2559 2560)
4(2469 2560 2556 2465)
4(2560 2559 2555 2556)
4(2467 2558 2561 2470)
4(2468 2470 2561 2559)
4(2559 2561 2558 2555)
4(2474 2565 2562 2471)
4(2473 2472 2563 2564)
4(2471 2562 2563 2472)
4(2473 2564 2565 2474)
4(2564 2563 2562 2565)
4(2476 2567 2562 2471)
4(2475 2566 2567 2476)
4(2474 2565 2566 2475)
4(2565 2562 2567 2566)
4(2477 2472 2563 2568)
4(2463 2554 2564 2473)
4(2477 2568 2554 2463)
4(2568 2563 2564 2554)
4(2478 2472 2563 2569)
4(2479 2570 2568 2477)
4(2478 2569 2570 2479)
4(2569 2563 2568 2570)
4(2480 2471 2562 2571)
4(2480 2571 2569 2478)
4(2571 2562 2563 2569)
4(2481 2476 2567 2572)
4(2481 2572 2571 2480)
4(2572 2567 2562 2571)
4(2482 2476 2567 2573)
4(2470 2561 2572 2481)
4(2482 2573 2561 2470)
4(2573 2567 2572 2561)
4(2483 2475 2566 2574)
4(2483 2574 2573 2482)
4(2574 2566 2567 2573)
4(2484 2475 2566 2575)
4(2485 2576 2574 2483)
4(2485 2484 2575 2576)
4(2576 2575 2566 2574)
4(2486 2474 2565 2577)
4(2486 2577 2575 2484)
4(2577 2565 2566 2575)
4(2487 2473 2564 2578)
4(2487 2578 2577 2486)
4(2578 2564 2565 2577)
4(2487 2460 2551 2578)
4(2578 2551 2554 2564)
4(2488 2477 2568 2579)
4(2488 2579 2552 2461)
4(2579 2568 2554 2552)
4(2489 2479 2570 2580)
4(2489 2580 2579 2488)
4(2580 2570 2568 2579)
4(2491 2479 2570 2582)
4(2490 2581 2580 2489)
4(2491 2582 2581 2490)
4(2582 2570 2580 2581)
4(2492 2478 2569 2583)
4(2492 2583 2582 2491)
4(2583 2569 2570 2582)
4(2493 2480 2571 2584)
4(2493 2584 2583 2492)
4(2584 2571 2569 2583)
4(2494 2481 2572 2585)
4(2494 2585 2584 2493)
4(2585 2572 2571 2584)
4(2494 2467 2558 2585)
4(2585 2558 2561 2572)
4(2495 2482 2573 2586)
4(2495 2586 2559 2468)
4(2586 2573 2561 2559)
4(2496 2483 2574 2587)
4(2496 2587 2586 2495)
4(2587 2574 2573 2586)
4(2497 2588 2587 2496)
4(2497 2485 2576 2588)
4(2588 2576 2574 2587)
4(2498 2484 2575 2589)
4(2499 2590 2576 2485)
4(2499 2498 2589 2590)
4(2590 2589 2575 2576)
4(2501 2484 2575 2592)
4(2498 2500 2591 2589)
4(2501 2592 2591 2500)
4(2589 2591 2592 2575)
4(2502 2486 2577 2593)
4(2502 2593 2592 2501)
4(2593 2577 2575 2592)
4(2503 2487 2578 2594)
4(2503 2594 2593 2502)
4(2594 2578 2577 2593)
4(2459 2550 2594 2503)
4(2550 2551 2578 2594)
4(2504 2488 2579 2595)
4(2504 2595 2553 2462)
4(2595 2579 2552 2553)
4(2505 2489 2580 2596)
4(2505 2596 2595 2504)
4(2596 2580 2579 2595)
4(2506 2490 2581 2597)
4(2506 2597 2596 2505)
4(2597 2581 2580 2596)
4(2508 2490 2581 2599)
4(2507 2598 2597 2506)
4(2508 2599 2598 2507)
4(2599 2581 2597 2598)
4(2509 2491 2582 2600)
4(2509 2600 2599 2508)
4(2600 2582 2581 2599)
4(2510 2492 2583 2601)
4(2510 2601 2600 2509)
4(2601 2583 2582 2600)
4(2512 2492 2583 2603)
4(2511 2602 2601 2510)
4(2512 2603 2602 2511)
4(2603 2583 2601 2602)
4(2513 2493 2584 2604)
4(2513 2604 2603 2512)
4(2604 2584 2583 2603)
4(2514 2494 2585 2605)
4(2514 2605 2604 2513)
4(2605 2585 2584 2604)
4(2466 2557 2605 2514)
4(2557 2558 2585 2605)
4(2515 2495 2586 2606)
4(2515 2606 2560 2469)
4(2606 2586 2559 2560)
4(2516 2496 2587 2607)
4(2516 2607 2606 2515)
4(2607 2587 2586 2606)
4(2517 2497 2588 2608)
4(2517 2608 2607 2516)
4(2608 2588 2587 2607)
4(2519 2497 2588 2610)
4(2518 2609 2608 2517)
4(2519 2610 2609 2518)
4(2610 2588 2608 2609)
4(2499 2590 2610 2519)
4(2590 2576 2588 2610)
4(2520 2500 2591 2611)
4(2521 2612 2589 2498)
4(2611 2591 2589 2612)
4(2522 2501 2592 2613)
4(2613 2592 2591 2611)
4(2523 2502 2593 2614)
4(2614 2593 2592 2613)
4(2524 2503 2594 2615)
4(2615 2594 2593 2614)
4(2525 2459 2550 2616)
4(2616 2550 2594 2615)
4(2526 2458 2549 2617)
4(2617 2549 2550 2616)
4(2527 2462 2553 2618)
4(2618 2553 2549 2617)
4(2528 2504 2595 2619)
4(2619 2595 2553 2618)
4(2529 2505 2596 2620)
4(2620 2596 2595 2619)
4(2530 2506 2597 2621)
4(2621 2597 2596 2620)
4(2531 2507 2598 2622)
4(2622 2598 2597 2621)
4(2532 2508 2599 2623)
4(2623 2599 2598 2622)
4(2533 2509 2600 2624)
4(2624 2600 2599 2623)
4(2534 2510 2601 2625)
4(2625 2601 2600 2624)
4(2535 2511 2602 2626)
4(2625 2626 2602 2601)
4(2536 2512 2603 2627)
4(2627 2603 2602 2626)
4(2537 2513 2604 2628)
4(2628 2604 2603 2627)
4(2538 2514 2605 2629)
4(2629 2605 2604 2628)
4(2539 2466 2557 2630)
4(2630 2557 2605 2629)
4(2540 2465 2556 2631)
4(2631 2556 2557 2630)
4(2541 2469 2560 2632)
4(2632 2560 2556 2631)
4(2542 2515 2606 2633)
4(2633 2606 2560 2632)
4(2543 2516 2607 2634)
4(2634 2607 2606 2633)
4(2544 2517 2608 2635)
4(2635 2608 2607 2634)
4(2545 2518 2609 2636)
4(2636 2609 2608 2635)
4(2546 2519 2610 2637)
4(2637 2610 2609 2636)
4(2547 2499 2590 2638)
4(2638 2590 2610 2637)
4(2612 2589 2590 2638)
4(2549 2548 2639 2640)
4(2551 2642 2639 2548)
4(2550 2641 2642 2551)
4(2549 2640 2641 2550)
4(2640 2639 2642 2641)
4(2552 2548 2639 2643)
4(2553 2552 2643 2644)
4(2553 2644 2640 2549)
4(2644 2643 2639 2640)
4(2551 2642 2645 2554)
4(2552 2554 2645 2643)
4(2643 2645 2642 2639)
4(2556 2555 2646 2647)
4(2558 2649 2646 2555)
4(2557 2648 2649 2558)
4(2556 2647 2648 2557)
4(2647 2646 2649 2648)
4(2559 2555 2646 2650)
4(2560 2559 2650 2651)
4(2560 2651 2647 2556)
4(2651 2650 2646 2647)
4(2558 2649 2652 2561)
4(2559 2561 2652 2650)
4(2650 2652 2649 2646)
4(2565 2656 2653 2562)
4(2564 2563 2654 2655)
4(2562 2653 2654 2563)
4(2564 2655 2656 2565)
4(2655 2654 2653 2656)
4(2567 2658 2653 2562)
4(2566 2657 2658 2567)
4(2565 2656 2657 2566)
4(2656 2653 2658 2657)
4(2568 2563 2654 2659)
4(2554 2645 2655 2564)
4(2568 2659 2645 2554)
4(2659 2654 2655 2645)
4(2569 2563 2654 2660)
4(2570 2661 2659 2568)
4(2569 2660 2661 2570)
4(2660 2654 2659 2661)
4(2571 2562 2653 2662)
4(2571 2662 2660 2569)
4(2662 2653 2654 2660)
4(2572 2567 2658 2663)
4(2572 2663 2662 2571)
4(2663 2658 2653 2662)
4(2573 2567 2658 2664)
4(2561 2652 2663 2572)
4(2573 2664 2652 2561)
4(2664 2658 2663 2652)
4(2574 2566 2657 2665)
4(2574 2665 2664 2573)
4(2665 2657 2658 2664)
4(2575 2566 2657 2666)
4(2576 2667 2665 2574)
4(2576 2575 2666 2667)
4(2667 2666 2657 2665)
4(2577 2565 2656 2668)
4(2577 2668 2666 2575)
4(2668 2656 2657 2666)
4(2578 2564 2655 2669)
4(2578 2669 2668 2577)
4(2669 2655 2656 2668)
4(2578 2551 2642 2669)
4(2669 2642 2645 2655)
4(2579 2568 2659 2670)
4(2579 2670 2643 2552)
4(2670 2659 2645 2643)
4(2580 2570 2661 2671)
4(2580 2671 2670 2579)
4(2671 2661 2659 2670)
4(2582 2570 2661 2673)
4(2581 2672 2671 2580)
4(2582 2673 2672 2581)
4(2673 2661 2671 2672)
4(2583 2569 2660 2674)
4(2583 2674 2673 2582)
4(2674 2660 2661 2673)
4(2584 2571 2662 2675)
4(2584 2675 2674 2583)
4(2675 2662 2660 2674)
4(2585 2572 2663 2676)
4(2585 2676 2675 2584)
4(2676 2663 2662 2675)
4(2585 2558 2649 2676)
4(2676 2649 2652 2663)
4(2586 2573 2664 2677)
4(2586 2677 2650 2559)
4(2677 2664 2652 2650)
4(2587 2574 2665 2678)
4(2587 2678 2677 2586)
4(2678 2665 2664 2677)
4(2588 2679 2678 2587)
4(2588 2576 2667 2679)
4(2679 2667 2665 2678)
4(2589 2575 2666 2680)
4(2590 2681 2667 2576)
4(2590 2589 2680 2681)
4(2681 2680 2666 2667)
4(2592 2575 2666 2683)
4(2589 2591 2682 2680)
4(2592 2683 2682 2591)
4(2680 2682 2683 2666)
4(2593 2577 2668 2684)
4(2593 2684 2683 2592)
4(2684 2668 2666 2683)
4(2594 2578 2669 2685)
4(2594 2685 2684 2593)
4(2685 2669 2668 2684)
4(2550 2641 2685 2594)
4(2641 2642 2669 2685)
4(2595 2579 2670 2686)
4(2595 2686 2644 2553)
4(2686 2670 2643 2644)
4(2596 2580 2671 2687)
4(2596 2687 2686 2595)
4(2687 2671 2670 2686)
4(2597 2581 2672 2688)
4(2597 2688 2687 2596)
4(2688 2672 2671 2687)
4(2599 2581 2672 2690)
4(2598 2689 2688 2597)
4(2599 2690 2689 2598)
4(2690 2672 2688 2689)
4(2600 2582 2673 2691)
4(2600 2691 2690 2599)
4(2691 2673 2672 2690)
4(2601 2583 2674 2692)
4(2601 2692 2691 2600)
4(2692 2674 2673 2691)
4(2603 2583 2674 2694)
4(2602 2693 2692 2601)
4(2603 2694 2693 2602)
4(2694 2674 2692 2693)
4(2604 2584 2675 2695)
4(2604 2695 2694 2603)
4(2695 2675 2674 2694)
4(2605 2585 2676 2696)
4(2605 2696 2695 2604)
4(2696 2676 2675 2695)
4(2557 2648 2696 2605)
4(2648 2649 2676 2696)
4(2606 2586 2677 2697)
4(2606 2697 2651 2560)
4(2697 2677 2650 2651)
4(2607 2587 2678 2698)
4(2607 2698 2697 2606)
4(2698 2678 2677 2697)
4(2608 2588 2679 2699)
4(2608 2699 2698 2607)
4(2699 2679 2678 2698)
4(2610 2588 2679 2701)
4(2609 2700 2699 2608)
4(2610 2701 2700 2609)
4(2701 2679 2699 2700)
4(2590 2681 2701 2610)
4(2681 2667 2679 2701)
4(2611 2591 2682 2702)
4(2612 2703 2680 2589)
4(2702 2682 2680 2703)
4(2613 2592 2683 2704)
4(2704 2683 2682 2702)
4(2614 2593 2684 2705)
4(2705 2684 2683 2704)
4(2615 2594 2685 2706)
4(2706 2685 2684 2705)
4(2616 2550 2641 2707)
4(2707 2641 2685 2706)
4(2617 2549 2640 2708)
4(2708 2640 2641 2707)
4(2618 2553 2644 2709)
4(2709 2644 2640 2708)
4(2619 2595 2686 2710)
4(2710 2686 2644 2709)
4(2620 2596 2687 2711)
4(2711 2687 2686 2710)
4(2621 2597 2688 2712)
4(2712 2688 2687 2711)
4(2622 2598 2689 2713)
4(2713 2689 2688 2712)
4(2623 2599 2690 2714)
4(2714 2690 2689 2713)
4(2624 2600 2691 2715)
4(2715 2691 2690 2714)
4(2625 2601 2692 2716)
4(2716 2692 2691 2715)
4(2626 2602 2693 2717)
4(2716 2717 2693 2692)
4(2627 2603 2694 2718)
4(2718 2694 2693 2717)
4(2628 2604 2695 2719)
4(2719 2695 2694 2718)
4(2629 2605 2696 2720)
4(2720 2696 2695 2719)
4(2630 2557 2648 2721)
4(2721 2648 2696 2720)
4(2631 2556 2647 2722)
4(2722 2647 2648 2721)
4(2632 2560 2651 2723)
4(2723 2651 2647 2722)
4(2633 2606 2697 2724)
4(2724 2697 2651 2723)
4(2634 2607 2698 2725)
4(2725 2698 2697 2724)
4(2635 2608 2699 2726)
4(2726 2699 2698 2725)
4(2636 2609 2700 2727)
4(2727 2700 2699 2726)
4(2637 2610 2701 2728)
4(2728 2701 2700 2727)
4(2638 2590 2681 2729)
4(2729 2681 2701 2728)
4(2703 2680 2681 2729)
4(2640 2639 2730 2731)
4(2642 2733 2730 2639)
4(2641 2732 2733 2642)
4(2640 2731 2732 2641)
4(2731 2730 2733 2732)
4(2643 2639 2730 2734)
4(2644 2643 2734 2735)
4(2644 2735 2731 2640)
4(2735 2734 2730 2731)
4(2642 2733 2736 2645)
4(2643 2645 2736 2734)
4(2734 2736 2733 2730)
4(2647 2646 2737 2738)
4(2649 2740 2737 2646)
4(2648 2739 2740 2649)
4(2647 2738 2739 2648)
4(2738 2737 2740 2739)
4(2650 2646 2737 2741)
4(2651 2650 2741 2742)
4(2651 2742 2738 2647)
4(2742 2741 2737 2738)
4(2649 2740 2743 2652)
4(2650 2652 2743 2741)
4(2741 2743 2740 2737)
4(2656 2747 2744 2653)
4(2655 2654 2745 2746)
4(2653 2744 2745 2654)
4(2655 2746 2747 2656)
4(2746 2745 2744 2747)
4(2658 2749 2744 2653)
4(2657 2748 2749 2658)
4(2656 2747 2748 2657)
4(2747 2744 2749 2748)
4(2659 2654 2745 2750)
4(2645 2736 2746 2655)
4(2659 2750 2736 2645)
4(2750 2745 2746 2736)
4(2660 2654 2745 2751)
4(2661 2752 2750 2659)
4(2660 2751 2752 2661)
4(2751 2745 2750 2752)
4(2662 2653 2744 2753)
4(2662 2753 2751 2660)
4(2753 2744 2745 2751)
4(2663 2658 2749 2754)
4(2663 2754 2753 2662)
4(2754 2749 2744 2753)
4(2664 2658 2749 2755)
4(2652 2743 2754 2663)
4(2664 2755 2743 2652)
4(2755 2749 2754 2743)
4(2665 2657 2748 2756)
4(2665 2756 2755 2664)
4(2756 2748 2749 2755)
4(2666 2657 2748 2757)
4(2667 2758 2756 2665)
4(2667 2666 2757 2758)
4(2758 2757 2748 2756)
4(2668 2656 2747 2759)
4(2668 2759 2757 2666)
4(2759 2747 2748 2757)
4(2669 2655 2746 2760)
4(2669 2760 2759 2668)
4(2760 2746 2747 2759)
4(2669 2642 2733 2760)
4(2760 2733 2736 2746)
4(2670 2659 2750 2761)
4(2670 2761 2734 2643)
4(2761 2750 2736 2734)
4(2671 2661 2752 2762)
4(2671 2762 2761 2670)
4(2762 2752 2750 2761)
4(2673 2661 2752 2764)
4(2672 2763 2762 2671)
4(2673 2764 2763 2672)
4(2764 2752 2762 2763)
4(2674 2660 2751 2765)
4(2674 2765 2764 2673)
4(2765 2751 2752 2764)
4(2675 2662 2753 2766)
4(2675 2766 2765 2674)
4(2766 2753 2751 2765)
4(2676 2663 2754 2767)
4(2676 2767 2766 2675)
4(2767 2754 2753 2766)
4(2676 2649 2740 2767)
4(2767 2740 2743 2754)
4(2677 2664 2755 2768)
4(2677 2768 2741 2650)
4(2768 2755 2743 2741)
4(2678 2665 2756 2769)
4(2678 2769 2768 2677)
4(2769 2756 2755 2768)
4(2679 2770 2769 2678)
4(2679 2667 2758 2770)
4(2770 2758 2756 2769)
4(2680 2666 2757 2771)
4(2681 2772 2758 2667)
4(2681 2680 2771 2772)
4(2772 2771 2757 2758)
4(2683 2666 2757 2774)
4(2680 2682 2773 2771)
4(2683 2774 2773 2682)
4(2771 2773 2774 2757)
4(2684 2668 2759 2775)
4(2684 2775 2774 2683)
4(2775 2759 2757 2774)
4(2685 2669 2760 2776)
4(2685 2776 2775 2684)
4(2776 2760 2759 2775)
4(2641 2732 2776 2685)
4(2732 2733 2760 2776)
4(2686 2670 2761 2777)
4(2686 2777 2735 2644)
4(2777 2761 2734 2735)
4(2687 2671 2762 2778)
4(2687 2778 2777 2686)
4(2778 2762 2761 2777)
4(2688 2672 2763 2779)
4(2688 2779 2778 2687)
4(2779 2763 2762 2778)
4(2690 2672 2763 2781)
4(2689 2780 2779 2688)
4(2690 2781 2780 2689)
4(2781 2763 2779 2780)
4(2691 2673 2764 2782)
4(2691 2782 2781 2690)
4(2782 2764 2763 2781)
4(2692 2674 2765 2783)
4(2692 2783 2782 2691)
4(2783 2765 2764 2782)
4(2694 2674 2765 2785)
4(2693 2784 2783 2692)
4(2694 2785 2784 2693)
4(2785 2765 2783 2784)
4(2695 2675 2766 2786)
4(2695 2786 2785 2694)
4(2786 2766 2765 2785)
4(2696 2676 2767 2787)
4(2696 2787 2786 2695)
4(2787 2767 2766 2786)
4(2648 2739 2787 2696)
4(2739 2740 2767 2787)
4(2697 2677 2768 2788)
4(2697 2788 2742 2651)
4(2788 2768 2741 2742)
4(2698 2678 2769 2789)
4(2698 2789 2788 2697)
4(2789 2769 2768 2788)
4(2699 2679 2770 2790)
4(2699 2790 2789 2698)
4(2790 2770 2769 2789)
4(2701 2679 2770 2792)
4(2700 2791 2790 2699)
4(2701 2792 2791 2700)
4(2792 2770 2790 2791)
4(2681 2772 2792 2701)
4(2772 2758 2770 2792)
4(2702 2682 2773 2793)
4(2703 2794 2771 2680)
4(2793 2773 2771 2794)
4(2704 2683 2774 2795)
4(2795 2774 2773 2793)
4(2705 2684 2775 2796)
4(2796 2775 2774 2795)
4(2706 2685 2776 2797)
4(2797 2776 2775 2796)
4(2707 2641 2732 2798)
4(2798 2732 2776 2797)
4(2708 2640 2731 2799)
4(2799 2731 2732 2798)
4(2709 2644 2735 2800)
4(2800 2735 2731 2799)
4(2710 2686 2777 2801)
4(2801 2777 2735 2800)
4(2711 2687 2778 2802)
4(2802 2778 2777 2801)
4(2712 2688 2779 2803)
4(2803 2779 2778 2802)
4(2713 2689 2780 2804)
4(2804 2780 2779 2803)
4(2714 2690 2781 2805)
4(2805 2781 2780 2804)
4(2715 2691 2782 2806)
4(2806 2782 2781 2805)
4(2716 2692 2783 2807)
4(2807 2783 2782 2806)
4(2717 2693 2784 2808)
4(2807 2808 2784 2783)
4(2718 2694 2785 2809)
4(2809 2785 2784 2808)
4(2719 2695 2786 2810)
4(2810 2786 2785 2809)
4(2720 2696 2787 2811)
4(2811 2787 2786 2810)
4(2721 2648 2739 2812)
4(2812 2739 2787 2811)
4(2722 2647 2738 2813)
4(2813 2738 2739 2812)
4(2723 2651 2742 2814)
4(2814 2742 2738 2813)
4(2724 2697 2788 2815)
4(2815 2788 2742 2814)
4(2725 2698 2789 2816)
4(2816 2789 2788 2815)
4(2726 2699 2790 2817)
4(2817 2790 2789 2816)
4(2727 2700 2791 2818)
4(2818 2791 2790 2817)
4(2728 2701 2792 2819)
4(2819 2792 2791 2818)
4(2729 2681 2772 2820)
4(2820 2772 2792 2819)
4(2794 2771 2772 2820)
4(2731 2730 2821 2822)
4(2733 2824 2821 2730)
4(2732 2823 2824 2733)
4(2731 2822 2823 2732)
4(2822 2821 2824 2823)
4(2734 2730 2821 2825)
4(2735 2734 2825 2826)
4(2735 2826 2822 2731)
4(2826 2825 2821 2822)
4(2733 2824 2827 2736)
4(2734 2736 2827 2825)
4(2825 2827 2824 2821)
4(2738 2737 2828 2829)
4(2740 2831 2828 2737)
4(2739 2830 2831 2740)
4(2738 2829 2830 2739)
4(2829 2828 2831 2830)
4(2741 2737 2828 2832)
4(2742 2741 2832 2833)
4(2742 2833 2829 2738)
4(2833 2832 2828 2829)
4(2740 2831 2834 2743)
4(2741 2743 2834 2832)
4(2832 2834 2831 2828)
4(2747 2838 2835 2744)
4(2746 2745 2836 2837)
4(2744 2835 2836 2745)
4(2746 2837 2838 2747)
4(2837 2836 2835 2838)
4(2749 2840 2835 2744)
4(2748 2839 2840 2749)
4(2747 2838 2839 2748)
4(2838 2835 2840 2839)
4(2750 2745 2836 2841)
4(2736 2827 2837 2746)
4(2750 2841 2827 2736)
4(2841 2836 2837 2827)
4(2751 2745 2836 2842)
4(2752 2843 2841 2750)
4(2751 2842 2843 2752)
4(2842 2836 2841 2843)
4(2753 2744 2835 2844)
4(2753 2844 2842 2751)
4(2844 2835 2836 2842)
4(2754 2749 2840 2845)
4(2754 2845 2844 2753)
4(2845 2840 2835 2844)
4(2755 2749 2840 2846)
4(2743 2834 2845 2754)
4(2755 2846 2834 2743)
4(2846 2840 2845 2834)
4(2756 2748 2839 2847)
4(2756 2847 2846 2755)
4(2847 2839 2840 2846)
4(2757 2748 2839 2848)
4(2758 2849 2847 2756)
4(2758 2757 2848 2849)
4(2849 2848 2839 2847)
4(2759 2747 2838 2850)
4(2759 2850 2848 2757)
4(2850 2838 2839 2848)
4(2760 2746 2837 2851)
4(2760 2851 2850 2759)
4(2851 2837 2838 2850)
4(2760 2733 2824 2851)
4(2851 2824 2827 2837)
4(2761 2750 2841 2852)
4(2761 2852 2825 2734)
4(2852 2841 2827 2825)
4(2762 2752 2843 2853)
4(2762 2853 2852 2761)
4(2853 2843 2841 2852)
4(2764 2752 2843 2855)
4(2763 2854 2853 2762)
4(2764 2855 2854 2763)
4(2855 2843 2853 2854)
4(2765 2751 2842 2856)
4(2765 2856 2855 2764)
4(2856 2842 2843 2855)
4(2766 2753 2844 2857)
4(2766 2857 2856 2765)
4(2857 2844 2842 2856)
4(2767 2754 2845 2858)
4(2767 2858 2857 2766)
4(2858 2845 2844 2857)
4(2767 2740 2831 2858)
4(2858 2831 2834 2845)
4(2768 2755 2846 2859)
4(2768 2859 2832 2741)
4(2859 2846 2834 2832)
4(2769 2756 2847 2860)
4(2769 2860 2859 2768)
4(2860 2847 2846 2859)
4(2770 2861 2860 2769)
4(2770 2758 2849 2861)
4(2861 2849 2847 2860)
4(2771 2757 2848 2862)
4(2772 2863 2849 2758)
4(2772 2771 2862 2863)
4(2863 2862 2848 2849)
4(2774 2757 2848 2865)
4(2771 2773 2864 2862)
4(2774 2865 2864 2773)
4(2862 2864 2865 2848)
4(2775 2759 2850 2866)
4(2775 2866 2865 2774)
4(2866 2850 2848 2865)
4(2776 2760 2851 2867)
4(2776 2867 2866 2775)
4(2867 2851 2850 2866)
4(2732 2823 2867 2776)
4(2823 2824 2851 2867)
4(2777 2761 2852 2868)
4(2777 2868 2826 2735)
4(2868 2852 2825 2826)
4(2778 2762 2853 2869)
4(2778 2869 2868 2777)
4(2869 2853 2852 2868)
4(2779 2763 2854 2870)
4(2779 2870 2869 2778)
4(2870 2854 2853 2869)
4(2781 2763 2854 2872)
4(2780 2871 2870 2779)
4(2781 2872 2871 2780)
4(2872 2854 2870 2871)
4(2782 2764 2855 2873)
4(2782 2873 2872 2781)
4(2873 2855 2854 2872)
4(2783 2765 2856 2874)
4(2783 2874 2873 2782)
4(2874 2856 2855 2873)
4(2785 2765 2856 2876)
4(2784 2875 2874 2783)
4(2785 2876 2875 2784)
4(2876 2856 2874 2875)
4(2786 2766 2857 2877)
4(2786 2877 2876 2785)
4(2877 2857 2856 2876)
4(2787 2767 2858 2878)
4(2787 2878 2877 2786)
4(2878 2858 2857 2877)
4(2739 2830 2878 2787)
4(2830 2831 2858 2878)
4(2788 2768 2859 2879)
4(2788 2879 2833 2742)
4(2879 2859 2832 2833)
4(2789 2769 2860 2880)
4(2789 2880 2879 2788)
4(2880 2860 2859 2879)
4(2790 2770 2861 2881)
4(2790 2881 2880 2789)
4(2881 2861 2860 2880)
4(2792 2770 2861 2883)
4(2791 2882 2881 2790)
4(2792 2883 2882 2791)
4(2883 2861 2881 2882)
4(2772 2863 2883 2792)
4(2863 2849 2861 2883)
4(2793 2773 2864 2884)
4(2794 2885 2862 2771)
4(2884 2864 2862 2885)
4(2795 2774 2865 2886)
4(2886 2865 2864 2884)
4(2796 2775 2866 2887)
4(2887 2866 2865 2886)
4(2797 2776 2867 2888)
4(2888 2867 2866 2887)
4(2798 2732 2823 2889)
4(2889 2823 2867 2888)
4(2799 2731 2822 2890)
4(2890 2822 2823 2889)
4(2800 2735 2826 2891)
4(2891 2826 2822 2890)
4(2801 2777 2868 2892)
4(2892 2868 2826 2891)
4(2802 2778 2869 2893)
4(2893 2869 2868 2892)
4(2803 2779 2870 2894)
4(2894 2870 2869 2893)
4(2804 2780 2871 2895)
4(2895 2871 2870 2894)
4(2805 2781 2872 2896)
4(2896 2872 2871 2895)
4(2806 2782 2873 2897)
4(2897 2873 2872 2896)
4(2807 2783 2874 2898)
4(2898 2874 2873 2897)
4(2808 2784 2875 2899)
4(2898 2899 2875 2874)
4(2809 2785 2876 2900)
4(2900 2876 2875 2899)
4(2810 2786 2877 2901)
4(2901 2877 2876 2900)
4(2811 2787 2878 2902)
4(2902 2878 2877 2901)
4(2812 2739 2830 2903)
4(2903 2830 2878 2902)
4(2813 2738 2829 2904)
4(2904 2829 2830 2903)
4(2814 2742 2833 2905)
4(2905 2833 2829 2904)
4(2815 2788 2879 2906)
4(2906 2879 2833 2905)
4(2816 2789 2880 2907)
4(2907 2880 2879 2906)
4(2817 2790 2881 2908)
4(2908 2881 2880 2907)
4(2818 2791 2882 2909)
4(2909 2882 2881 2908)
4(2819 2792 2883 2910)
4(2910 2883 2882 2909)
4(2820 2772 2863 2911)
4(2911 2863 2883 2910)
4(2885 2862 2863 2911)
4(2822 2821 2912 2913)
4(2824 2915 2912 2821)
4(2823 2914 2915 2824)
4(2822 2913 2914 2823)
4(2913 2912 2915 2914)
4(2825 2821 2912 2916)
4(2826 2825 2916 2917)
4(2826 2917 2913 2822)
4(2917 2916 2912 2913)
4(2824 2915 2918 2827)
4(2825 2827 2918 2916)
4(2916 2918 2915 2912)
4(2829 2828 2919 2920)
4(2831 2922 2919 2828)
4(2830 2921 2922 2831)
4(2829 2920 2921 2830)
4(2920 2919 2922 2921)
4(2832 2828 2919 2923)
4(2833 2832 2923 2924)
4(2833 2924 2920 2829)
4(2924 2923 2919 2920)
4(2831 2922 2925 2834)
4(2832 2834 2925 2923)
4(2923 2925 2922 2919)
4(2838 2929 2926 2835)
4(2837 2836 2927 2928)
4(2835 2926 2927 2836)
4(2837 2928 2929 2838)
4(2928 2927 2926 2929)
4(2840 2931 2926 2835)
4(2839 2930 2931 2840)
4(2838 2929 2930 2839)
4(2929 2926 2931 2930)
4(2841 2836 2927 2932)
4(2827 2918 2928 2837)
4(2841 2932 2918 2827)
4(2932 2927 2928 2918)
4(2842 2836 2927 2933)
4(2843 2934 2932 2841)
4(2842 2933 2934 2843)
4(2933 2927 2932 2934)
4(2844 2835 2926 2935)
4(2844 2935 2933 2842)
4(2935 2926 2927 2933)
4(2845 2840 2931 2936)
4(2845 2936 2935 2844)
4(2936 2931 2926 2935)
4(2846 2840 2931 2937)
4(2834 2925 2936 2845)
4(2846 2937 2925 2834)
4(2937 2931 2936 2925)
4(2847 2839 2930 2938)
4(2847 2938 2937 2846)
4(2938 2930 2931 2937)
4(2848 2839 2930 2939)
4(2849 2940 2938 2847)
4(2849 2848 2939 2940)
4(2940 2939 2930 2938)
4(2850 2838 2929 2941)
4(2850 2941 2939 2848)
4(2941 2929 2930 2939)
4(2851 2837 2928 2942)
4(2851 2942 2941 2850)
4(2942 2928 2929 2941)
4(2851 2824 2915 2942)
4(2942 2915 2918 2928)
4(2852 2841 2932 2943)
4(2852 2943 2916 2825)
4(2943 2932 2918 2916)
4(2853 2843 2934 2944)
4(2853 2944 2943 2852)
4(2944 2934 2932 2943)
4(2855 2843 2934 2946)
4(2854 2945 2944 2853)
4(2855 2946 2945 2854)
4(2946 2934 2944 2945)
4(2856 2842 2933 2947)
4(2856 2947 2946 2855)
4(2947 2933 2934 2946)
4(2857 2844 2935 2948)
4(2857 2948 2947 2856)
4(2948 2935 2933 2947)
4(2858 2845 2936 2949)
4(2858 2949 2948 2857)
4(2949 2936 2935 2948)
4(2858 2831 2922 2949)
4(2949 2922 2925 2936)
4(2859 2846 2937 2950)
4(2859 2950 2923 2832)
4(2950 2937 2925 2923)
4(2860 2847 2938 2951)
4(2860 2951 2950 2859)
4(2951 2938 2937 2950)
4(2861 2952 2951 2860)
4(2861 2849 2940 2952)
4(2952 2940 2938 2951)
4(2862 2848 2939 2953)
4(2863 2954 2940 2849)
4(2863 2862 2953 2954)
4(2954 2953 2939 2940)
4(2865 2848 2939 2956)
4(2862 2864 2955 2953)
4(2865 2956 2955 2864)
4(2953 2955 2956 2939)
4(2866 2850 2941 2957)
4(2866 2957 2956 2865)
4(2957 2941 2939 2956)
4(2867 2851 2942 2958)
4(2867 2958 2957 2866)
4(2958 2942 2941 2957)
4(2823 2914 2958 2867)
4(2914 2915 2942 2958)
4(2868 2852 2943 2959)
4(2868 2959 2917 2826)
4(2959 2943 2916 2917)
4(2869 2853 2944 2960)
4(2869 2960 2959 2868)
4(2960 2944 2943 2959)
4(2870 2854 2945 2961)
4(2870 2961 2960 2869)
4(2961 2945 2944 2960)
4(2872 2854 2945 2963)
4(2871 2962 2961 2870)
4(2872 2963 2962 2871)
4(2963 2945 2961 2962)
4(2873 2855 2946 2964)
4(2873 2964 2963 2872)
4(2964 2946 2945 2963)
4(2874 2856 2947 2965)
4(2874 2965 2964 2873)
4(2965 2947 2946 2964)
4(2876 2856 2947 2967)
4(2875 2966 2965 2874)
4(2876 2967 2966 2875)
4(2967 2947 2965 2966)
4(2877 2857 2948 2968)
4(2877 2968 2967 2876)
4(2968 2948 2947 2967)
4(2878 2858 2949 2969)
4(2878 2969 2968 2877)
4(2969 2949 2948 2968)
4(2830 2921 2969 2878)
4(2921 2922 2949 2969)
4(2879 2859 2950 2970)
4(2879 2970 2924 2833)
4(2970 2950 2923 2924)
4(2880 2860 2951 2971)
4(2880 2971 2970 2879)
4(2971 2951 2950 2970)
4(2881 2861 2952 2972)
4(2881 2972 2971 2880)
4(2972 2952 2951 2971)
4(2883 2861 2952 2974)
4(2882 2973 2972 2881)
4(2883 2974 2973 2882)
4(2974 2952 2972 2973)
4(2863 2954 2974 2883)
4(2954 2940 2952 2974)
4(2884 2864 2955 2975)
4(2885 2976 2953 2862)
4(2975 2955 2953 2976)
4(2886 2865 2956 2977)
4(2977 2956 2955 2975)
4(2887 2866 2957 2978)
4(2978 2957 2956 2977)
4(2888 2867 2958 2979)
4(2979 2958 2957 2978)
4(2889 2823 2914 2980)
4(2980 2914 2958 2979)
4(2890 2822 2913 2981)
4(2981 2913 2914 2980)
4(2891 2826 2917 2982)
4(2982 2917 2913 2981)
4(2892 2868 2959 2983)
4(2983 2959 2917 2982)
4(2893 2869 2960 2984)
4(2984 2960 2959 2983)
4(2894 2870 2961 2985)
4(2985 2961 2960 2984)
4(2895 2871 2962 2986)
4(2986 2962 2961 2985)
4(2896 2872 2963 2987)
4(2987 2963 2962 2986)
4(2897 2873 2964 2988)
4(2988 2964 2963 2987)
4(2898 2874 2965 2989)
4(2989 2965 2964 2988)
4(2899 2875 2966 2990)
4(2989 2990 2966 2965)
4(2900 2876 2967 2991)
4(2991 2967 2966 2990)
4(2901 2877 2968 2992)
4(2992 2968 2967 2991)
4(2902 2878 2969 2993)
4(2993 2969 2968 2992)
4(2903 2830 2921 2994)
4(2994 2921 2969 2993)
4(2904 2829 2920 2995)
4(2995 2920 2921 2994)
4(2905 2833 2924 2996)
4(2996 2924 2920 2995)
4(2906 2879 2970 2997)
4(2997 2970 2924 2996)
4(2907 2880 2971 2998)
4(2998 2971 2970 2997)
4(2908 2881 2972 2999)
4(2999 2972 2971 2998)
4(2909 2882 2973 3000)
4(3000 2973 2972 2999)
4(2910 2883 2974 3001)
4(3001 2974 2973 3000)
4(2911 2863 2954 3002)
4(3002 2954 2974 3001)
4(2976 2953 2954 3002)
4(2913 2912 3003 3004)
4(2915 3006 3003 2912)
4(2914 3005 3006 2915)
4(2913 3004 3005 2914)
4(3004 3003 3006 3005)
4(2916 2912 3003 3007)
4(2917 2916 3007 3008)
4(2917 3008 3004 2913)
4(3008 3007 3003 3004)
4(2915 3006 3009 2918)
4(2916 2918 3009 3007)
4(3007 3009 3006 3003)
4(2920 2919 3010 3011)
4(2922 3013 3010 2919)
4(2921 3012 3013 2922)
4(2920 3011 3012 2921)
4(3011 3010 3013 3012)
4(2923 2919 3010 3014)
4(2924 2923 3014 3015)
4(2924 3015 3011 2920)
4(3015 3014 3010 3011)
4(2922 3013 3016 2925)
4(2923 2925 3016 3014)
4(3014 3016 3013 3010)
4(2929 3020 3017 2926)
4(2928 2927 3018 3019)
4(2926 3017 3018 2927)
4(2928 3019 3020 2929)
4(3019 3018 3017 3020)
4(2931 3022 3017 2926)
4(2930 3021 3022 2931)
4(2929 3020 3021 2930)
4(3020 3017 3022 3021)
4(2932 2927 3018 3023)
4(2918 3009 3019 2928)
4(2932 3023 3009 2918)
4(3023 3018 3019 3009)
4(2933 2927 3018 3024)
4(2934 3025 3023 2932)
4(2933 3024 3025 2934)
4(3024 3018 3023 3025)
4(2935 2926 3017 3026)
4(2935 3026 3024 2933)
4(3026 3017 3018 3024)
4(2936 2931 3022 3027)
4(2936 3027 3026 2935)
4(3027 3022 3017 3026)
4(2937 2931 3022 3028)
4(2925 3016 3027 2936)
4(2937 3028 3016 2925)
4(3028 3022 3027 3016)
4(2938 2930 3021 3029)
4(2938 3029 3028 2937)
4(3029 3021 3022 3028)
4(2939 2930 3021 3030)
4(2940 3031 3029 2938)
4(2940 2939 3030 3031)
4(3031 3030 3021 3029)
4(2941 2929 3020 3032)
4(2941 3032 3030 2939)
4(3032 3020 3021 3030)
4(2942 2928 3019 3033)
4(2942 3033 3032 2941)
4(3033 3019 3020 3032)
4(2942 2915 3006 3033)
4(3033 3006 3009 3019)
4(2943 2932 3023 3034)
4(2943 3034 3007 2916)
4(3034 3023 3009 3007)
4(2944 2934 3025 3035)
4(2944 3035 3034 2943)
4(3035 3025 3023 3034)
4(2946 2934 3025 3037)
4(2945 3036 3035 2944)
4(2946 3037 3036 2945)
4(3037 3025 3035 3036)
4(2947 2933 3024 3038)
4(2947 3038 3037 2946)
4(3038 3024 3025 3037)
4(2948 2935 3026 3039)
4(2948 3039 3038 2947)
4(3039 3026 3024 3038)
4(2949 2936 3027 3040)
4(2949 3040 3039 2948)
4(3040 3027 3026 3039)
4(2949 2922 3013 3040)
4(3040 3013 3016 3027)
4(2950 2937 3028 3041)
4(2950 3041 3014 2923)
4(3041 3028 3016 3014)
4(2951 2938 3029 3042)
4(2951 3042 3041 2950)
4(3042 3029 3028 3041)
4(2952 3043 3042 2951)
4(2952 2940 3031 3043)
4(3043 3031 3029 3042)
4(2953 2939 3030 3044)
4(2954 3045 3031 2940)
4(2954 2953 3044 3045)
4(3045 3044 3030 3031)
4(2956 2939 3030 3047)
4(2953 2955 3046 3044)
4(2956 3047 3046 2955)
4(3044 3046 3047 3030)
4(2957 2941 3032 3048)
4(2957 3048 3047 2956)
4(3048 3032 3030 3047)
4(2958 2942 3033 3049)
4(2958 3049 3048 2957)
4(3049 3033 3032 3048)
4(2914 3005 3049 2958)
4(3005 3006 3033 3049)
4(2959 2943 3034 3050)
4(2959 3050 3008 2917)
4(3050 3034 3007 3008)
4(2960 2944 3035 3051)
4(2960 3051 3050 2959)
4(3051 3035 3034 3050)
4(2961 2945 3036 3052)
4(2961 3052 3051 2960)
4(3052 3036 3035 3051)
4(2963 2945 3036 3054)
4(2962 3053 3052 2961)
4(2963 3054 3053 2962)
4(3054 3036 3052 3053)
4(2964 2946 3037 3055)
4(2964 3055 3054 2963)
4(3055 3037 3036 3054)
4(2965 2947 3038 3056)
4(2965 3056 3055 2964)
4(3056 3038 3037 3055)
4(2967 2947 3038 3058)
4(2966 3057 3056 2965)
4(2967 3058 3057 2966)
4(3058 3038 3056 3057)
4(2968 2948 3039 3059)
4(2968 3059 3058 2967)
4(3059 3039 3038 3058)
4(2969 2949 3040 3060)
4(2969 3060 3059 2968)
4(3060 3040 3039 3059)
4(2921 3012 3060 2969)
4(3012 3013 3040 3060)
4(2970 2950 3041 3061)
4(2970 3061 3015 2924)
4(3061 3041 3014 3015)
4(2971 2951 3042 3062)
4(2971 3062 3061 2970)
4(3062 3042 3041 3061)
4(2972 2952 3043 3063)
4(2972 3063 3062 2971)
4(3063 3043 3042 3062)
4(2974 2952 3043 3065)
4(2973 3064 3063 2972)
4(2974 3065 3064 2973)
4(3065 3043 3063 3064)
4(2954 3045 3065 2974)
4(3045 3031 3043 3065)
4(2975 2955 3046 3066)
4(2976 3067 3044 2953)
4(3066 3046 3044 3067)
4(2977 2956 3047 3068)
4(3068 3047 3046 3066)
4(2978 2957 3048 3069)
4(3069 3048 3047 3068)
4(2979 2958 3049 3070)
4(3070 3049 3048 3069)
4(2980 2914 3005 3071)
4(3071 3005 3049 3070)
4(2981 2913 3004 3072)
4(3072 3004 3005 3071)
4(2982 2917 3008 3073)
4(3073 3008 3004 3072)
4(2983 2959 3050 3074)
4(3074 3050 3008 3073)
4(2984 2960 3051 3075)
4(3075 3051 3050 3074)
4(2985 2961 3052 3076)
4(3076 3052 3051 3075)
4(2986 2962 3053 3077)
4(3077 3053 3052 3076)
4(2987 2963 3054 3078)
4(3078 3054 3053 3077)
4(2988 2964 3055 3079)
4(3079 3055 3054 3078)
4(2989 2965 3056 3080)
4(3080 3056 3055 3079)
4(2990 2966 3057 3081)
4(3080 3081 3057 3056)
4(2991 2967 3058 3082)
4(3082 3058 3057 3081)
4(2992 2968 3059 3083)
4(3083 3059 3058 3082)
4(2993 2969 3060 3084)
4(3084 3060 3059 3083)
4(2994 2921 3012 3085)
4(3085 3012 3060 3084)
4(2995 2920 3011 3086)
4(3086 3011 3012 3085)
4(2996 2924 3015 3087)
4(3087 3015 3011 3086)
4(2997 2970 3061 3088)
4(3088 3061 3015 3087)
4(2998 2971 3062 3089)
4(3089 3062 3061 3088)
4(2999 2972 3063 3090)
4(3090 3063 3062 3089)
4(3000 2973 3064 3091)
4(3091 3064 3063 3090)
4(3001 2974 3065 3092)
4(3092 3065 3064 3091)
4(3002 2954 3045 3093)
4(3093 3045 3065 3092)
4(3067 3044 3045 3093)
4(3004 3003 3094 3095)
4(3006 3097 3094 3003)
4(3005 3096 3097 3006)
4(3004 3095 3096 3005)
4(3095 3094 3097 3096)
4(3007 3003 3094 3098)
4(3008 3007 3098 3099)
4(3008 3099 3095 3004)
4(3099 3098 3094 3095)
4(3006 3097 3100 3009)
4(3007 3009 3100 3098)
4(3098 3100 3097 3094)
4(3011 3010 3101 3102)
4(3013 3104 3101 3010)
4(3012 3103 3104 3013)
4(3011 3102 3103 3012)
4(3102 3101 3104 3103)
4(3014 3010 3101 3105)
4(3015 3014 3105 3106)
4(3015 3106 3102 3011)
4(3106 3105 3101 3102)
4(3013 3104 3107 3016)
4(3014 3016 3107 3105)
4(3105 3107 3104 3101)
4(3020 3111 3108 3017)
4(3019 3018 3109 3110)
4(3017 3108 3109 3018)
4(3019 3110 3111 3020)
4(3110 3109 3108 3111)
4(3022 3113 3108 3017)
4(3021 3112 3113 3022)
4(3020 3111 3112 3021)
4(3111 3108 3113 3112)
4(3023 3018 3109 3114)
4(3009 3100 3110 3019)
4(3023 3114 3100 3009)
4(3114 3109 3110 3100)
4(3024 3018 3109 3115)
4(3025 3116 3114 3023)
4(3024 3115 3116 3025)
4(3115 3109 3114 3116)
4(3026 3017 3108 3117)
4(3026 3117 3115 3024)
4(3117 3108 3109 3115)
4(3027 3022 3113 3118)
4(3027 3118 3117 3026)
4(3118 3113 3108 3117)
4(3028 3022 3113 3119)
4(3016 3107 3118 3027)
4(3028 3119 3107 3016)
4(3119 3113 3118 3107)
4(3029 3021 3112 3120)
4(3029 3120 3119 3028)
4(3120 3112 3113 3119)
4(3030 3021 3112 3121)
4(3031 3122 3120 3029)
4(3031 3030 3121 3122)
4(3122 3121 3112 3120)
4(3032 3020 3111 3123)
4(3032 3123 3121 3030)
4(3123 3111 3112 3121)
4(3033 3019 3110 3124)
4(3033 3124 3123 3032)
4(3124 3110 3111 3123)
4(3033 3006 3097 3124)
4(3124 3097 3100 3110)
4(3034 3023 3114 3125)
4(3034 3125 3098 3007)
4(3125 3114 3100 3098)
4(3035 3025 3116 3126)
4(3035 3126 3125 3034)
4(3126 3116 3114 3125)
4(3037 3025 3116 3128)
4(3036 3127 3126 3035)
4(3037 3128 3127 3036)
4(3128 3116 3126 3127)
4(3038 3024 3115 3129)
4(3038 3129 3128 3037)
4(3129 3115 3116 3128)
4(3039 3026 3117 3130)
4(3039 3130 3129 3038)
4(3130 3117 3115 3129)
4(3040 3027 3118 3131)
4(3040 3131 3130 3039)
4(3131 3118 3117 3130)
4(3040 3013 3104 3131)
4(3131 3104 3107 3118)
4(3041 3028 3119 3132)
4(3041 3132 3105 3014)
4(3132 3119 3107 3105)
4(3042 3029 3120 3133)
4(3042 3133 3132 3041)
4(3133 3120 3119 3132)
4(3043 3134 3133 3042)
4(3043 3031 3122 3134)
4(3134 3122 3120 3133)
4(3044 3030 3121 3135)
4(3045 3136 3122 3031)
4(3045 3044 3135 3136)
4(3136 3135 3121 3122)
4(3047 3030 3121 3138)
4(3044 3046 3137 3135)
4(3047 3138 3137 3046)
4(3135 3137 3138 3121)
4(3048 3032 3123 3139)
4(3048 3139 3138 3047)
4(3139 3123 3121 3138)
4(3049 3033 3124 3140)
4(3049 3140 3139 3048)
4(3140 3124 3123 3139)
4(3005 3096 3140 3049)
4(3096 3097 3124 3140)
4(3050 3034 3125 3141)
4(3050 3141 3099 3008)
4(3141 3125 3098 3099)
4(3051 3035 3126 3142)
4(3051 3142 3141 3050)
4(3142 3126 3125 3141)
4(3052 3036 3127 3143)
4(3052 3143 3142 3051)
4(3143 3127 3126 3142)
4(3054 3036 3127 3145)
4(3053 3144 3143 3052)
4(3054 3145 3144 3053)
4(3145 3127 3143 3144)
4(3055 3037 3128 3146)
4(3055 3146 3145 3054)
4(3146 3128 3127 3145)
4(3056 3038 3129 3147)
4(3056 3147 3146 3055)
4(3147 3129 3128 3146)
4(3058 3038 3129 3149)
4(3057 3148 3147 3056)
4(3058 3149 3148 3057)
4(3149 3129 3147 3148)
4(3059 3039 3130 3150)
4(3059 3150 3149 3058)
4(3150 3130 3129 3149)
4(3060 3040 3131 3151)
4(3060 3151 3150 3059)
4(3151 3131 3130 3150)
4(3012 3103 3151 3060)
4(3103 3104 3131 3151)
4(3061 3041 3132 3152)
4(3061 3152 3106 3015)
4(3152 3132 3105 3106)
4(3062 3042 3133 3153)
4(3062 3153 3152 3061)
4(3153 3133 3132 3152)
4(3063 3043 3134 3154)
4(3063 3154 3153 3062)
4(3154 3134 3133 3153)
4(3065 3043 3134 3156)
4(3064 3155 3154 3063)
4(3065 3156 3155 3064)
4(3156 3134 3154 3155)
4(3045 3136 3156 3065)
4(3136 3122 3134 3156)
4(3066 3046 3137 3157)
4(3067 3158 3135 3044)
4(3157 3137 3135 3158)
4(3068 3047 3138 3159)
4(3159 3138 3137 3157)
4(3069 3048 3139 3160)
4(3160 3139 3138 3159)
4(3070 3049 3140 3161)
4(3161 3140 3139 3160)
4(3071 3005 3096 3162)
4(3162 3096 3140 3161)
4(3072 3004 3095 3163)
4(3163 3095 3096 3162)
4(3073 3008 3099 3164)
4(3164 3099 3095 3163)
4(3074 3050 3141 3165)
4(3165 3141 3099 3164)
4(3075 3051 3142 3166)
4(3166 3142 3141 3165)
4(3076 3052 3143 3167)
4(3167 3143 3142 3166)
4(3077 3053 3144 3168)
4(3168 3144 3143 3167)
4(3078 3054 3145 3169)
4(3169 3145 3144 3168)
4(3079 3055 3146 3170)
4(3170 3146 3145 3169)
4(3080 3056 3147 3171)
4(3171 3147 3146 3170)
4(3081 3057 3148 3172)
4(3171 3172 3148 3147)
4(3082 3058 3149 3173)
4(3173 3149 3148 3172)
4(3083 3059 3150 3174)
4(3174 3150 3149 3173)
4(3084 3060 3151 3175)
4(3175 3151 3150 3174)
4(3085 3012 3103 3176)
4(3176 3103 3151 3175)
4(3086 3011 3102 3177)
4(3177 3102 3103 3176)
4(3087 3015 3106 3178)
4(3178 3106 3102 3177)
4(3088 3061 3152 3179)
4(3179 3152 3106 3178)
4(3089 3062 3153 3180)
4(3180 3153 3152 3179)
4(3090 3063 3154 3181)
4(3181 3154 3153 3180)
4(3091 3064 3155 3182)
4(3182 3155 3154 3181)
4(3092 3065 3156 3183)
4(3183 3156 3155 3182)
4(3093 3045 3136 3184)
4(3184 3136 3156 3183)
4(3158 3135 3136 3184)
4(3095 3094 3185 3186)
4(3097 3188 3185 3094)
4(3096 3187 3188 3097)
4(3095 3186 3187 3096)
4(3186 3185 3188 3187)
4(3098 3094 3185 3189)
4(3099 3098 3189 3190)
4(3099 3190 3186 3095)
4(3190 3189 3185 3186)
4(3097 3188 3191 3100)
4(3098 3100 3191 3189)
4(3189 3191 3188 3185)
4(3102 3101 3192 3193)
4(3104 3195 3192 3101)
4(3103 3194 3195 3104)
4(3102 3193 3194 3103)
4(3193 3192 3195 3194)
4(3105 3101 3192 3196)
4(3106 3105 3196 3197)
4(3106 3197 3193 3102)
4(3197 3196 3192 3193)
4(3104 3195 3198 3107)
4(3105 3107 3198 3196)
4(3196 3198 3195 3192)
4(3111 3202 3199 3108)
4(3110 3109 3200 3201)
4(3108 3199 3200 3109)
4(3110 3201 3202 3111)
4(3201 3200 3199 3202)
4(3113 3204 3199 3108)
4(3112 3203 3204 3113)
4(3111 3202 3203 3112)
4(3202 3199 3204 3203)
4(3114 3109 3200 3205)
4(3100 3191 3201 3110)
4(3114 3205 3191 3100)
4(3205 3200 3201 3191)
4(3115 3109 3200 3206)
4(3116 3207 3205 3114)
4(3115 3206 3207 3116)
4(3206 3200 3205 3207)
4(3117 3108 3199 3208)
4(3117 3208 3206 3115)
4(3208 3199 3200 3206)
4(3118 3113 3204 3209)
4(3118 3209 3208 3117)
4(3209 3204 3199 3208)
4(3119 3113 3204 3210)
4(3107 3198 3209 3118)
4(3119 3210 3198 3107)
4(3210 3204 3209 3198)
4(3120 3112 3203 3211)
4(3120 3211 3210 3119)
4(3211 3203 3204 3210)
4(3121 3112 3203 3212)
4(3122 3213 3211 3120)
4(3122 3121 3212 3213)
4(3213 3212 3203 3211)
4(3123 3111 3202 3214)
4(3123 3214 3212 3121)
4(3214 3202 3203 3212)
4(3124 3110 3201 3215)
4(3124 3215 3214 3123)
4(3215 3201 3202 3214)
4(3124 3097 3188 3215)
4(3215 3188 3191 3201)
4(3125 3114 3205 3216)
4(3125 3216 3189 3098)
4(3216 3205 3191 3189)
4(3126 3116 3207 3217)
4(3126 3217 3216 3125)
4(3217 3207 3205 3216)
4(3128 3116 3207 3219)
4(3127 3218 3217 3126)
4(3128 3219 3218 3127)
4(3219 3207 3217 3218)
4(3129 3115 3206 3220)
4(3129 3220 3219 3128)
4(3220 3206 3207 3219)
4(3130 3117 3208 3221)
4(3130 3221 3220 3129)
4(3221 3208 3206 3220)
4(3131 3118 3209 3222)
4(3131 3222 3221 3130)
4(3222 3209 3208 3221)
4(3131 3104 3195 3222)
4(3222 3195 3198 3209)
4(3132 3119 3210 3223)
4(3132 3223 3196 3105)
4(3223 3210 3198 3196)
4(3133 3120 3211 3224)
4(3133 3224 3223 3132)
4(3224 3211 3210 3223)
4(3134 3225 3224 3133)
4(3134 3122 3213 3225)
4(3225 3213 3211 3224)
4(3135 3121 3212 3226)
4(3136 3227 3213 3122)
4(3136 3135 3226 3227)
4(3227 3226 3212 3213)
4(3138 3121 3212 3229)
4(3135 3137 3228 3226)
4(3138 3229 3228 3137)
4(3226 3228 3229 3212)
4(3139 3123 3214 3230)
4(3139 3230 3229 3138)
4(3230 3214 3212 3229)
4(3140 3124 3215 3231)
4(3140 3231 3230 3139)
4(3231 3215 3214 3230)
4(3096 3187 3231 3140)
4(3187 3188 3215 3231)
4(3141 3125 3216 3232)
4(3141 3232 3190 3099)
4(3232 3216 3189 3190)
4(3142 3126 3217 3233)
4(3142 3233 3232 3141)
4(3233 3217 3216 3232)
4(3143 3127 3218 3234)
4(3143 3234 3233 3142)
4(3234 3218 3217 3233)
4(3145 3127 3218 3236)
4(3144 3235 3234 3143)
4(3145 3236 3235 3144)
4(3236 3218 3234 3235)
4(3146 3128 3219 3237)
4(3146 3237 3236 3145)
4(3237 3219 3218 3236)
4(3147 3129 3220 3238)
4(3147 3238 3237 3146)
4(3238 3220 3219 3237)
4(3149 3129 3220 3240)
4(3148 3239 3238 3147)
4(3149 3240 3239 3148)
4(3240 3220 3238 3239)
4(3150 3130 3221 3241)
4(3150 3241 3240 3149)
4(3241 3221 3220 3240)
4(3151 3131 3222 3242)
4(3151 3242 3241 3150)
4(3242 3222 3221 3241)
4(3103 3194 3242 3151)
4(3194 3195 3222 3242)
4(3152 3132 3223 3243)
4(3152 3243 3197 3106)
4(3243 3223 3196 3197)
4(3153 3133 3224 3244)
4(3153 3244 3243 3152)
4(3244 3224 3223 3243)
4(3154 3134 3225 3245)
4(3154 3245 3244 3153)
4(3245 3225 3224 3244)
4(3156 3134 3225 3247)
4(3155 3246 3245 3154)
4(3156 3247 3246 3155)
4(3247 3225 3245 3246)
4(3136 3227 3247 3156)
4(3227 3213 3225 3247)
4(3157 3137 3228 3248)
4(3158 3249 3226 3135)
4(3248 3228 3226 3249)
4(3159 3138 3229 3250)
4(3250 3229 3228 3248)
4(3160 3139 3230 3251)
4(3251 3230 3229 3250)
4(3161 3140 3231 3252)
4(3252 3231 3230 3251)
4(3162 3096 3187 3253)
4(3253 3187 3231 3252)
4(3163 3095 3186 3254)
4(3254 3186 3187 3253)
4(3164 3099 3190 3255)
4(3255 3190 3186 3254)
4(3165 3141 3232 3256)
4(3256 3232 3190 3255)
4(3166 3142 3233 3257)
4(3257 3233 3232 3256)
4(3167 3143 3234 3258)
4(3258 3234 3233 3257)
4(3168 3144 3235 3259)
4(3259 3235 3234 3258)
4(3169 3145 3236 3260)
4(3260 3236 3235 3259)
4(3170 3146 3237 3261)
4(3261 3237 3236 3260)
4(3171 3147 3238 3262)
4(3262 3238 3237 3261)
4(3172 3148 3239 3263)
4(3262 3263 3239 3238)
4(3173 3149 3240 3264)
4(3264 3240 3239 3263)
4(3174 3150 3241 3265)
4(3265 3241 3240 3264)
4(3175 3151 3242 3266)
4(3266 3242 3241 3265)
4(3176 3103 3194 3267)
4(3267 3194 3242 3266)
4(3177 3102 3193 3268)
4(3268 3193 3194 3267)
4(3178 3106 3197 3269)
4(3269 3197 3193 3268)
4(3179 3152 3243 3270)
4(3270 3243 3197 3269)
4(3180 3153 3244 3271)
4(3271 3244 3243 3270)
4(3181 3154 3245 3272)
4(3272 3245 3244 3271)
4(3182 3155 3246 3273)
4(3273 3246 3245 3272)
4(3183 3156 3247 3274)
4(3274 3247 3246 3273)
4(3184 3136 3227 3275)
4(3275 3227 3247 3274)
4(3249 3226 3227 3275)
4(3186 3185 3276 3277)
4(3188 3279 3276 3185)
4(3187 3278 3279 3188)
4(3186 3277 3278 3187)
4(3277 3276 3279 3278)
4(3189 3185 3276 3280)
4(3190 3189 3280 3281)
4(3190 3281 3277 3186)
4(3281 3280 3276 3277)
4(3188 3279 3282 3191)
4(3189 3191 3282 3280)
4(3280 3282 3279 3276)
4(3193 3192 3283 3284)
4(3195 3286 3283 3192)
4(3194 3285 3286 3195)
4(3193 3284 3285 3194)
4(3284 3283 3286 3285)
4(3196 3192 3283 3287)
4(3197 3196 3287 3288)
4(3197 3288 3284 3193)
4(3288 3287 3283 3284)
4(3195 3286 3289 3198)
4(3196 3198 3289 3287)
4(3287 3289 3286 3283)
4(3202 3293 3290 3199)
4(3201 3200 3291 3292)
4(3199 3290 3291 3200)
4(3201 3292 3293 3202)
4(3292 3291 3290 3293)
4(3204 3295 3290 3199)
4(3203 3294 3295 3204)
4(3202 3293 3294 3203)
4(3293 3290 3295 3294)
4(3205 3200 3291 3296)
4(3191 3282 3292 3201)
4(3205 3296 3282 3191)
4(3296 3291 3292 3282)
4(3206 3200 3291 3297)
4(3207 3298 3296 3205)
4(3206 3297 3298 3207)
4(3297 3291 3296 3298)
4(3208 3199 3290 3299)
4(3208 3299 3297 3206)
4(3299 3290 3291 3297)
4(3209 3204 3295 3300)
4(3209 3300 3299 3208)
4(3300 3295 3290 3299)
4(3210 3204 3295 3301)
4(3198 3289 3300 3209)
4(3210 3301 3289 3198)
4(3301 3295 3300 3289)
4(3211 3203 3294 3302)
4(3211 3302 3301 3210)
4(3302 3294 3295 3301)
4(3212 3203 3294 3303)
4(3213 3304 3302 3211)
4(3213 3212 3303 3304)
4(3304 3303 3294 3302)
4(3214 3202 3293 3305)
4(3214 3305 3303 3212)
4(3305 3293 3294 3303)
4(3215 3201 3292 3306)
4(3215 3306 3305 3214)
4(3306 3292 3293 3305)
4(3215 3188 3279 3306)
4(3306 3279 3282 3292)
4(3216 3205 3296 3307)
4(3216 3307 3280 3189)
4(3307 3296 3282 3280)
4(3217 3207 3298 3308)
4(3217 3308 3307 3216)
4(3308 3298 3296 3307)
4(3219 3207 3298 3310)
4(3218 3309 3308 3217)
4(3219 3310 3309 3218)
4(3310 3298 3308 3309)
4(3220 3206 3297 3311)
4(3220 3311 3310 3219)
4(3311 3297 3298 3310)
4(3221 3208 3299 3312)
4(3221 3312 3311 3220)
4(3312 3299 3297 3311)
4(3222 3209 3300 3313)
4(3222 3313 3312 3221)
4(3313 3300 3299 3312)
4(3222 3195 3286 3313)
4(3313 3286 3289 3300)
4(3223 3210 3301 3314)
4(3223 3314 3287 3196)
4(3314 3301 3289 3287)
4(3224 3211 3302 3315)
4(3224 3315 3314 3223)
4(3315 3302 3301 3314)
4(3225 3316 3315 3224)
4(3225 3213 3304 3316)
4(3316 3304 3302 3315)
4(3226 3212 3303 3317)
4(3227 3318 3304 3213)
4(3227 3226 3317 3318)
4(3318 3317 3303 3304)
4(3229 3212 3303 3320)
4(3226 3228 3319 3317)
4(3229 3320 3319 3228)
4(3317 3319 3320 3303)
4(3230 3214 3305 3321)
4(3230 3321 3320 3229)
4(3321 3305 3303 3320)
4(3231 3215 3306 3322)
4(3231 3322 3321 3230)
4(3322 3306 3305 3321)
4(3187 3278 3322 3231)
4(3278 3279 3306 3322)
4(3232 3216 3307 3323)
4(3232 3323 3281 3190)
4(3323 3307 3280 3281)
4(3233 3217 3308 3324)
4(3233 3324 3323 3232)
4(3324 3308 3307 3323)
4(3234 3218 3309 3325)
4(3234 3325 3324 3233)
4(3325 3309 3308 3324)
4(3236 3218 3309 3327)
4(3235 3326 3325 3234)
4(3236 3327 3326 3235)
4(3327 3309 3325 3326)
4(3237 3219 3310 3328)
4(3237 3328 3327 3236)
4(3328 3310 3309 3327)
4(3238 3220 3311 3329)
4(3238 3329 3328 3237)
4(3329 3311 3310 3328)
4(3240 3220 3311 3331)
4(3239 3330 3329 3238)
4(3240 3331 3330 3239)
4(3331 3311 3329 3330)
4(3241 3221 3312 3332)
4(3241 3332 3331 3240)
4(3332 3312 3311 3331)
4(3242 3222 3313 3333)
4(3242 3333 3332 3241)
4(3333 3313 3312 3332)
4(3194 3285 3333 3242)
4(3285 3286 3313 3333)
4(3243 3223 3314 3334)
4(3243 3334 3288 3197)
4(3334 3314 3287 3288)
4(3244 3224 3315 3335)
4(3244 3335 3334 3243)
4(3335 3315 3314 3334)
4(3245 3225 3316 3336)
4(3245 3336 3335 3244)
4(3336 3316 3315 3335)
4(3247 3225 3316 3338)
4(3246 3337 3336 3245)
4(3247 3338 3337 3246)
4(3338 3316 3336 3337)
4(3227 3318 3338 3247)
4(3318 3304 3316 3338)
4(3248 3228 3319 3339)
4(3249 3340 3317 3226)
4(3339 3319 3317 3340)
4(3250 3229 3320 3341)
4(3341 3320 3319 3339)
4(3251 3230 3321 3342)
4(3342 3321 3320 3341)
4(3252 3231 3322 3343)
4(3343 3322 3321 3342)
4(3253 3187 3278 3344)
4(3344 3278 3322 3343)
4(3254 3186 3277 3345)
4(3345 3277 3278 3344)
4(3255 3190 3281 3346)
4(3346 3281 3277 3345)
4(3256 3232 3323 3347)
4(3347 3323 3281 3346)
4(3257 3233 3324 3348)
4(3348 3324 3323 3347)
4(3258 3234 3325 3349)
4(3349 3325 3324 3348)
4(3259 3235 3326 3350)
4(3350 3326 3325 3349)
4(3260 3236 3327 3351)
4(3351 3327 3326 3350)
4(3261 3237 3328 3352)
4(3352 3328 3327 3351)
4(3262 3238 3329 3353)
4(3353 3329 3328 3352)
4(3263 3239 3330 3354)
4(3353 3354 3330 3329)
4(3264 3240 3331 3355)
4(3355 3331 3330 3354)
4(3265 3241 3332 3356)
4(3356 3332 3331 3355)
4(3266 3242 3333 3357)
4(3357 3333 3332 3356)
4(3267 3194 3285 3358)
4(3358 3285 3333 3357)
4(3268 3193 3284 3359)
4(3359 3284 3285 3358)
4(3269 3197 3288 3360)
4(3360 3288 3284 3359)
4(3270 3243 3334 3361)
4(3361 3334 3288 3360)
4(3271 3244 3335 3362)
4(3362 3335 3334 3361)
4(3272 3245 3336 3363)
4(3363 3336 3335 3362)
4(3273 3246 3337 3364)
4(3364 3337 3336 3363)
4(3274 3247 3338 3365)
4(3365 3338 3337 3364)
4(3275 3227 3318 3366)
4(3366 3318 3338 3365)
4(3340 3317 3318 3366)
4(3277 3276 3367 3368)
4(3279 3370 3367 3276)
4(3278 3369 3370 3279)
4(3277 3368 3369 3278)
4(3368 3367 3370 3369)
4(3280 3276 3367 3371)
4(3281 3280 3371 3372)
4(3281 3372 3368 3277)
4(3372 3371 3367 3368)
4(3279 3370 3373 3282)
4(3280 3282 3373 3371)
4(3371 3373 3370 3367)
4(3284 3283 3374 3375)
4(3286 3377 3374 3283)
4(3285 3376 3377 3286)
4(3284 3375 3376 3285)
4(3375 3374 3377 3376)
4(3287 3283 3374 3378)
4(3288 3287 3378 3379)
4(3288 3379 3375 3284)
4(3379 3378 3374 3375)
4(3286 3377 3380 3289)
4(3287 3289 3380 3378)
4(3378 3380 3377 3374)
4(3293 3384 3381 3290)
4(3292 3291 3382 3383)
4(3290 3381 3382 3291)
4(3292 3383 3384 3293)
4(3383 3382 3381 3384)
4(3295 3386 3381 3290)
4(3294 3385 3386 3295)
4(3293 3384 3385 3294)
4(3384 3381 3386 3385)
4(3296 3291 3382 3387)
4(3282 3373 3383 3292)
4(3296 3387 3373 3282)
4(3387 3382 3383 3373)
4(3297 3291 3382 3388)
4(3298 3389 3387 3296)
4(3297 3388 3389 3298)
4(3388 3382 3387 3389)
4(3299 3290 3381 3390)
4(3299 3390 3388 3297)
4(3390 3381 3382 3388)
4(3300 3295 3386 3391)
4(3300 3391 3390 3299)
4(3391 3386 3381 3390)
4(3301 3295 3386 3392)
4(3289 3380 3391 3300)
4(3301 3392 3380 3289)
4(3392 3386 3391 3380)
4(3302 3294 3385 3393)
4(3302 3393 3392 3301)
4(3393 3385 3386 3392)
4(3303 3294 3385 3394)
4(3304 3395 3393 3302)
4(3304 3303 3394 3395)
4(3395 3394 3385 3393)
4(3305 3293 3384 3396)
4(3305 3396 3394 3303)
4(3396 3384 3385 3394)
4(3306 3292 3383 3397)
4(3306 3397 3396 3305)
4(3397 3383 3384 3396)
4(3306 3279 3370 3397)
4(3397 3370 3373 3383)
4(3307 3296 3387 3398)
4(3307 3398 3371 3280)
4(3398 3387 3373 3371)
4(3308 3298 3389 3399)
4(3308 3399 3398 3307)
4(3399 3389 3387 3398)
4(3310 3298 3389 3401)
4(3309 3400 3399 3308)
4(3310 3401 3400 3309)
4(3401 3389 3399 3400)
4(3311 3297 3388 3402)
4(3311 3402 3401 3310)
4(3402 3388 3389 3401)
4(3312 3299 3390 3403)
4(3312 3403 3402 3311)
4(3403 3390 3388 3402)
4(3313 3300 3391 3404)
4(3313 3404 3403 3312)
4(3404 3391 3390 3403)
4(3313 3286 3377 3404)
4(3404 3377 3380 3391)
4(3314 3301 3392 3405)
4(3314 3405 3378 3287)
4(3405 3392 3380 3378)
4(3315 3302 3393 3406)
4(3315 3406 3405 3314)
4(3406 3393 3392 3405)
4(3316 3407 3406 3315)
4(3316 3304 3395 3407)
4(3407 3395 3393 3406)
4(3317 3303 3394 3408)
4(3318 3409 3395 3304)
4(3318 3317 3408 3409)
4(3409 3408 3394 3395)
4(3320 3303 3394 3411)
4(3317 3319 3410 3408)
4(3320 3411 3410 3319)
4(3408 3410 3411 3394)
4(3321 3305 3396 3412)
4(3321 3412 3411 3320)
4(3412 3396 3394 3411)
4(3322 3306 3397 3413)
4(3322 3413 3412 3321)
4(3413 3397 3396 3412)
4(3278 3369 3413 3322)
4(3369 3370 3397 3413)
4(3323 3307 3398 3414)
4(3323 3414 3372 3281)
4(3414 3398 3371 3372)
4(3324 3308 3399 3415)
4(3324 3415 3414 3323)
4(3415 3399 3398 3414)
4(3325 3309 3400 3416)
4(3325 3416 3415 3324)
4(3416 3400 3399 3415)
4(3327 3309 3400 3418)
4(3326 3417 3416 3325)
4(3327 3418 3417 3326)
4(3418 3400 3416 3417)
4(3328 3310 3401 3419)
4(3328 3419 3418 3327)
4(3419 3401 3400 3418)
4(3329 3311 3402 3420)
4(3329 3420 3419 3328)
4(3420 3402 3401 3419)
4(3331 3311 3402 3422)
4(3330 3421 3420 3329)
4(3331 3422 3421 3330)
4(3422 3402 3420 3421)
4(3332 3312 3403 3423)
4(3332 3423 3422 3331)
4(3423 3403 3402 3422)
4(3333 3313 3404 3424)
4(3333 3424 3423 3332)
4(3424 3404 3403 3423)
4(3285 3376 3424 3333)
4(3376 3377 3404 3424)
4(3334 3314 3405 3425)
4(3334 3425 3379 3288)
4(3425 3405 3378 3379)
4(3335 3315 3406 3426)
4(3335 3426 3425 3334)
4(3426 3406 3405 3425)
4(3336 3316 3407 3427)
4(3336 3427 3426 3335)
4(3427 3407 3406 3426)
4(3338 3316 3407 3429)
4(3337 3428 3427 3336)
4(3338 3429 3428 3337)
4(3429 3407 3427 3428)
4(3318 3409 3429 3338)
4(3409 3395 3407 3429)
4(3339 3319 3410 3430)
4(3340 3431 3408 3317)
4(3430 3410 3408 3431)
4(3341 3320 3411 3432)
4(3432 3411 3410 3430)
4(3342 3321 3412 3433)
4(3433 3412 3411 3432)
4(3343 3322 3413 3434)
4(3434 3413 3412 3433)
4(3344 3278 3369 3435)
4(3435 3369 3413 3434)
4(3345 3277 3368 3436)
4(3436 3368 3369 3435)
4(3346 3281 3372 3437)
4(3437 3372 3368 3436)
4(3347 3323 3414 3438)
4(3438 3414 3372 3437)
4(3348 3324 3415 3439)
4(3439 3415 3414 3438)
4(3349 3325 3416 3440)
4(3440 3416 3415 3439)
4(3350 3326 3417 3441)
4(3441 3417 3416 3440)
4(3351 3327 3418 3442)
4(3442 3418 3417 3441)
4(3352 3328 3419 3443)
4(3443 3419 3418 3442)
4(3353 3329 3420 3444)
4(3444 3420 3419 3443)
4(3354 3330 3421 3445)
4(3444 3445 3421 3420)
4(3355 3331 3422 3446)
4(3446 3422 3421 3445)
4(3356 3332 3423 3447)
4(3447 3423 3422 3446)
4(3357 3333 3424 3448)
4(3448 3424 3423 3447)
4(3358 3285 3376 3449)
4(3449 3376 3424 3448)
4(3359 3284 3375 3450)
4(3450 3375 3376 3449)
4(3360 3288 3379 3451)
4(3451 3379 3375 3450)
4(3361 3334 3425 3452)
4(3452 3425 3379 3451)
4(3362 3335 3426 3453)
4(3453 3426 3425 3452)
4(3363 3336 3427 3454)
4(3454 3427 3426 3453)
4(3364 3337 3428 3455)
4(3455 3428 3427 3454)
4(3365 3338 3429 3456)
4(3456 3429 3428 3455)
4(3366 3318 3409 3457)
4(3457 3409 3429 3456)
4(3431 3408 3409 3457)
4(3368 3367 3458 3459)
4(3370 3461 3458 3367)
4(3369 3460 3461 3370)
4(3368 3459 3460 3369)
4(3459 3458 3461 3460)
4(3371 3367 3458 3462)
4(3372 3371 3462 3463)
4(3372 3463 3459 3368)
4(3463 3462 3458 3459)
4(3370 3461 3464 3373)
4(3371 3373 3464 3462)
4(3462 3464 3461 3458)
4(3375 3374 3465 3466)
4(3377 3468 3465 3374)
4(3376 3467 3468 3377)
4(3375 3466 3467 3376)
4(3466 3465 3468 3467)
4(3378 3374 3465 3469)
4(3379 3378 3469 3470)
4(3379 3470 3466 3375)
4(3470 3469 3465 3466)
4(3377 3468 3471 3380)
4(3378 3380 3471 3469)
4(3469 3471 3468 3465)
4(3384 3475 3472 3381)
4(3383 3382 3473 3474)
4(3381 3472 3473 3382)
4(3383 3474 3475 3384)
4(3474 3473 3472 3475)
4(3386 3477 3472 3381)
4(3385 3476 3477 3386)
4(3384 3475 3476 3385)
4(3475 3472 3477 3476)
4(3387 3382 3473 3478)
4(3373 3464 3474 3383)
4(3387 3478 3464 3373)
4(3478 3473 3474 3464)
4(3388 3382 3473 3479)
4(3389 3480 3478 3387)
4(3388 3479 3480 3389)
4(3479 3473 3478 3480)
4(3390 3381 3472 3481)
4(3390 3481 3479 3388)
4(3481 3472 3473 3479)
4(3391 3386 3477 3482)
4(3391 3482 3481 3390)
4(3482 3477 3472 3481)
4(3392 3386 3477 3483)
4(3380 3471 3482 3391)
4(3392 3483 3471 3380)
4(3483 3477 3482 3471)
4(3393 3385 3476 3484)
4(3393 3484 3483 3392)
4(3484 3476 3477 3483)
4(3394 3385 3476 3485)
4(3395 3486 3484 3393)
4(3395 3394 3485 3486)
4(3486 3485 3476 3484)
4(3396 3384 3475 3487)
4(3396 3487 3485 3394)
4(3487 3475 3476 3485)
4(3397 3383 3474 3488)
4(3397 3488 3487 3396)
4(3488 3474 3475 3487)
4(3397 3370 3461 3488)
4(3488 3461 3464 3474)
4(3398 3387 3478 3489)
4(3398 3489 3462 3371)
4(3489 3478 3464 3462)
4(3399 3389 3480 3490)
4(3399 3490 3489 3398)
4(3490 3480 3478 3489)
4(3401 3389 3480 3492)
4(3400 3491 3490 3399)
4(3401 3492 3491 3400)
4(3492 3480 3490 3491)
4(3402 3388 3479 3493)
4(3402 3493 3492 3401)
4(3493 3479 3480 3492)
4(3403 3390 3481 3494)
4(3403 3494 3493 3402)
4(3494 3481 3479 3493)
4(3404 3391 3482 3495)
4(3404 3495 3494 3403)
4(3495 3482 3481 3494)
4(3404 3377 3468 3495)
4(3495 3468 3471 3482)
4(3405 3392 3483 3496)
4(3405 3496 3469 3378)
4(3496 3483 3471 3469)
4(3406 3393 3484 3497)
4(3406 3497 3496 3405)
4(3497 3484 3483 3496)
4(3407 3498 3497 3406)
4(3407 3395 3486 3498)
4(3498 3486 3484 3497)
4(3408 3394 3485 3499)
4(3409 3500 3486 3395)
4(3409 3408 3499 3500)
4(3500 3499 3485 3486)
4(3411 3394 3485 3502)
4(3408 3410 3501 3499)
4(3411 3502 3501 3410)
4(3499 3501 3502 3485)
4(3412 3396 3487 3503)
4(3412 3503 3502 3411)
4(3503 3487 3485 3502)
4(3413 3397 3488 3504)
4(3413 3504 3503 3412)
4(3504 3488 3487 3503)
4(3369 3460 3504 3413)
4(3460 3461 3488 3504)
4(3414 3398 3489 3505)
4(3414 3505 3463 3372)
4(3505 3489 3462 3463)
4(3415 3399 3490 3506)
4(3415 3506 3505 3414)
4(3506 3490 3489 3505)
4(3416 3400 3491 3507)
4(3416 3507 3506 3415)
4(3507 3491 3490 3506)
4(3418 3400 3491 3509)
4(3417 3508 3507 3416)
4(3418 3509 3508 3417)
4(3509 3491 3507 3508)
4(3419 3401 3492 3510)
4(3419 3510 3509 3418)
4(3510 3492 3491 3509)
4(3420 3402 3493 3511)
4(3420 3511 3510 3419)
4(3511 3493 3492 3510)
4(3422 3402 3493 3513)
4(3421 3512 3511 3420)
4(3422 3513 3512 3421)
4(3513 3493 3511 3512)
4(3423 3403 3494 3514)
4(3423 3514 3513 3422)
4(3514 3494 3493 3513)
4(3424 3404 3495 3515)
4(3424 3515 3514 3423)
4(3515 3495 3494 3514)
4(3376 3467 3515 3424)
4(3467 3468 3495 3515)
4(3425 3405 3496 3516)
4(3425 3516 3470 3379)
4(3516 3496 3469 3470)
4(3426 3406 3497 3517)
4(3426 3517 3516 3425)
4(3517 3497 3496 3516)
4(3427 3407 3498 3518)
4(3427 3518 3517 3426)
4(3518 3498 3497 3517)
4(3429 3407 3498 3520)
4(3428 3519 3518 3427)
4(3429 3520 3519 3428)
4(3520 3498 3518 3519)
4(3409 3500 3520 3429)
4(3500 3486 3498 3520)
4(3430 3410 3501 3521)
4(3431 3522 3499 3408)
4(3521 3501 3499 3522)
4(3432 3411 3502 3523)
4(3523 3502 3501 3521)
4(3433 3412 3503 3524)
4(3524 3503 3502 3523)
4(3434 3413 3504 3525)
4(3525 3504 3503 3524)
4(3435 3369 3460 3526)
4(3526 3460 3504 3525)
4(3436 3368 3459 3527)
4(3527 3459 3460 3526)
4(3437 3372 3463 3528)
4(3528 3463 3459 3527)
4(3438 3414 3505 3529)
4(3529 3505 3463 3528)
4(3439 3415 3506 3530)
4(3530 3506 3505 3529)
4(3440 3416 3507 3531)
4(3531 3507 3506 3530)
4(3441 3417 3508 3532)
4(3532 3508 3507 3531)
4(3442 3418 3509 3533)
4(3533 3509 3508 3532)
4(3443 3419 3510 3534)
4(3534 3510 3509 3533)
4(3444 3420 3511 3535)
4(3535 3511 3510 3534)
4(3445 3421 3512 3536)
4(3535 3536 3512 3511)
4(3446 3422 3513 3537)
4(3537 3513 3512 3536)
4(3447 3423 3514 3538)
4(3538 3514 3513 3537)
4(3448 3424 3515 3539)
4(3539 3515 3514 3538)
4(3449 3376 3467 3540)
4(3540 3467 3515 3539)
4(3450 3375 3466 3541)
4(3541 3466 3467 3540)
4(3451 3379 3470 3542)
4(3542 3470 3466 3541)
4(3452 3425 3516 3543)
4(3543 3516 3470 3542)
4(3453 3426 3517 3544)
4(3544 3517 3516 3543)
4(3454 3427 3518 3545)
4(3545 3518 3517 3544)
4(3455 3428 3519 3546)
4(3546 3519 3518 3545)
4(3456 3429 3520 3547)
4(3547 3520 3519 3546)
4(3457 3409 3500 3548)
4(3548 3500 3520 3547)
4(3522 3499 3500 3548)
4(3459 3458 3549 3550)
4(3461 3552 3549 3458)
4(3460 3551 3552 3461)
4(3459 3550 3551 3460)
4(3550 3549 3552 3551)
4(3462 3458 3549 3553)
4(3463 3462 3553 3554)
4(3463 3554 3550 3459)
4(3554 3553 3549 3550)
4(3461 3552 3555 3464)
4(3462 3464 3555 3553)
4(3553 3555 3552 3549)
4(3466 3465 3556 3557)
4(3468 3559 3556 3465)
4(3467 3558 3559 3468)
4(3466 3557 3558 3467)
4(3557 3556 3559 3558)
4(3469 3465 3556 3560)
4(3470 3469 3560 3561)
4(3470 3561 3557 3466)
4(3561 3560 3556 3557)
4(3468 3559 3562 3471)
4(3469 3471 3562 3560)
4(3560 3562 3559 3556)
4(3475 3566 3563 3472)
4(3474 3473 3564 3565)
4(3472 3563 3564 3473)
4(3474 3565 3566 3475)
4(3565 3564 3563 3566)
4(3477 3568 3563 3472)
4(3476 3567 3568 3477)
4(3475 3566 3567 3476)
4(3566 3563 3568 3567)
4(3478 3473 3564 3569)
4(3464 3555 3565 3474)
4(3478 3569 3555 3464)
4(3569 3564 3565 3555)
4(3479 3473 3564 3570)
4(3480 3571 3569 3478)
4(3479 3570 3571 3480)
4(3570 3564 3569 3571)
4(3481 3472 3563 3572)
4(3481 3572 3570 3479)
4(3572 3563 3564 3570)
4(3482 3477 3568 3573)
4(3482 3573 3572 3481)
4(3573 3568 3563 3572)
4(3483 3477 3568 3574)
4(3471 3562 3573 3482)
4(3483 3574 3562 3471)
4(3574 3568 3573 3562)
4(3484 3476 3567 3575)
4(3484 3575 3574 3483)
4(3575 3567 3568 3574)
4(3485 3476 3567 3576)
4(3486 3577 3575 3484)
4(3486 3485 3576 3577)
4(3577 3576 3567 3575)
4(3487 3475 3566 3578)
4(3487 3578 3576 3485)
4(3578 3566 3567 3576)
4(3488 3474 3565 3579)
4(3488 3579 3578 3487)
4(3579 3565 3566 3578)
4(3488 3461 3552 3579)
4(3579 3552 3555 3565)
4(3489 3478 3569 3580)
4(3489 3580 3553 3462)
4(3580 3569 3555 3553)
4(3490 3480 3571 3581)
4(3490 3581 3580 3489)
4(3581 3571 3569 3580)
4(3492 3480 3571 3583)
4(3491 3582 3581 3490)
4(3492 3583 3582 3491)
4(3583 3571 3581 3582)
4(3493 3479 3570 3584)
4(3493 3584 3583 3492)
4(3584 3570 3571 3583)
4(3494 3481 3572 3585)
4(3494 3585 3584 3493)
4(3585 3572 3570 3584)
4(3495 3482 3573 3586)
4(3495 3586 3585 3494)
4(3586 3573 3572 3585)
4(3495 3468 3559 3586)
4(3586 3559 3562 3573)
4(3496 3483 3574 3587)
4(3496 3587 3560 3469)
4(3587 3574 3562 3560)
4(3497 3484 3575 3588)
4(3497 3588 3587 3496)
4(3588 3575 3574 3587)
4(3498 3589 3588 3497)
4(3498 3486 3577 3589)
4(3589 3577 3575 3588)
4(3499 3485 3576 3590)
4(3500 3591 3577 3486)
4(3500 3499 3590 3591)
4(3591 3590 3576 3577)
4(3502 3485 3576 3593)
4(3499 3501 3592 3590)
4(3502 3593 3592 3501)
4(3590 3592 3593 3576)
4(3503 3487 3578 3594)
4(3503 3594 3593 3502)
4(3594 3578 3576 3593)
4(3504 3488 3579 3595)
4(3504 3595 3594 3503)
4(3595 3579 3578 3594)
4(3460 3551 3595 3504)
4(3551 3552 3579 3595)
4(3505 3489 3580 3596)
4(3505 3596 3554 3463)
4(3596 3580 3553 3554)
4(3506 3490 3581 3597)
4(3506 3597 3596 3505)
4(3597 3581 3580 3596)
4(3507 3491 3582 3598)
4(3507 3598 3597 3506)
4(3598 3582 3581 3597)
4(3509 3491 3582 3600)
4(3508 3599 3598 3507)
4(3509 3600 3599 3508)
4(3600 3582 3598 3599)
4(3510 3492 3583 3601)
4(3510 3601 3600 3509)
4(3601 3583 3582 3600)
4(3511 3493 3584 3602)
4(3511 3602 3601 3510)
4(3602 3584 3583 3601)
4(3513 3493 3584 3604)
4(3512 3603 3602 3511)
4(3513 3604 3603 3512)
4(3604 3584 3602 3603)
4(3514 3494 3585 3605)
4(3514 3605 3604 3513)
4(3605 3585 3584 3604)
4(3515 3495 3586 3606)
4(3515 3606 3605 3514)
4(3606 3586 3585 3605)
4(3467 3558 3606 3515)
4(3558 3559 3586 3606)
4(3516 3496 3587 3607)
4(3516 3607 3561 3470)
4(3607 3587 3560 3561)
4(3517 3497 3588 3608)
4(3517 3608 3607 3516)
4(3608 3588 3587 3607)
4(3518 3498 3589 3609)
4(3518 3609 3608 3517)
4(3609 3589 3588 3608)
4(3520 3498 3589 3611)
4(3519 3610 3609 3518)
4(3520 3611 3610 3519)
4(3611 3589 3609 3610)
4(3500 3591 3611 3520)
4(3591 3577 3589 3611)
4(3521 3501 3592 3612)
4(3522 3613 3590 3499)
4(3612 3592 3590 3613)
4(3523 3502 3593 3614)
4(3614 3593 3592 3612)
4(3524 3503 3594 3615)
4(3615 3594 3593 3614)
4(3525 3504 3595 3616)
4(3616 3595 3594 3615)
4(3526 3460 3551 3617)
4(3617 3551 3595 3616)
4(3527 3459 3550 3618)
4(3618 3550 3551 3617)
4(3528 3463 3554 3619)
4(3619 3554 3550 3618)
4(3529 3505 3596 3620)
4(3620 3596 3554 3619)
4(3530 3506 3597 3621)
4(3621 3597 3596 3620)
4(3531 3507 3598 3622)
4(3622 3598 3597 3621)
4(3532 3508 3599 3623)
4(3623 3599 3598 3622)
4(3533 3509 3600 3624)
4(3624 3600 3599 3623)
4(3534 3510 3601 3625)
4(3625 3601 3600 3624)
4(3535 3511 3602 3626)
4(3626 3602 3601 3625)
4(3536 3512 3603 3627)
4(3626 3627 3603 3602)
4(3537 3513 3604 3628)
4(3628 3604 3603 3627)
4(3538 3514 3605 3629)
4(3629 3605 3604 3628)
4(3539 3515 3606 3630)
4(3630 3606 3605 3629)
4(3540 3467 3558 3631)
4(3631 3558 3606 3630)
4(3541 3466 3557 3632)
4(3632 3557 3558 3631)
4(3542 3470 3561 3633)
4(3633 3561 3557 3632)
4(3543 3516 3607 3634)
4(3634 3607 3561 3633)
4(3544 3517 3608 3635)
4(3635 3608 3607 3634)
4(3545 3518 3609 3636)
4(3636 3609 3608 3635)
4(3546 3519 3610 3637)
4(3637 3610 3609 3636)
4(3547 3520 3611 3638)
4(3638 3611 3610 3637)
4(3548 3500 3591 3639)
4(3639 3591 3611 3638)
4(3613 3590 3591 3639)
4(3550 3549 3640 3641)
4(3552 3643 3640 3549)
4(3551 3642 3643 3552)
4(3550 3641 3642 3551)
4(3641 3640 3643 3642)
4(3553 3549 3640 3644)
4(3554 3553 3644 3645)
4(3554 3645 3641 3550)
4(3645 3644 3640 3641)
4(3552 3643 3646 3555)
4(3553 3555 3646 3644)
4(3644 3646 3643 3640)
4(3557 3556 3647 3648)
4(3559 3650 3647 3556)
4(3558 3649 3650 3559)
4(3557 3648 3649 3558)
4(3648 3647 3650 3649)
4(3560 3556 3647 3651)
4(3561 3560 3651 3652)
4(3561 3652 3648 3557)
4(3652 3651 3647 3648)
4(3559 3650 3653 3562)
4(3560 3562 3653 3651)
4(3651 3653 3650 3647)
4(3566 3657 3654 3563)
4(3565 3564 3655 3656)
4(3563 3654 3655 3564)
4(3565 3656 3657 3566)
4(3656 3655 3654 3657)
4(3568 3659 3654 3563)
4(3567 3658 3659 3568)
4(3566 3657 3658 3567)
4(3657 3654 3659 3658)
4(3569 3564 3655 3660)
4(3555 3646 3656 3565)
4(3569 3660 3646 3555)
4(3660 3655 3656 3646)
4(3570 3564 3655 3661)
4(3571 3662 3660 3569)
4(3570 3661 3662 3571)
4(3661 3655 3660 3662)
4(3572 3563 3654 3663)
4(3572 3663 3661 3570)
4(3663 3654 3655 3661)
4(3573 3568 3659 3664)
4(3573 3664 3663 3572)
4(3664 3659 3654 3663)
4(3574 3568 3659 3665)
4(3562 3653 3664 3573)
4(3574 3665 3653 3562)
4(3665 3659 3664 3653)
4(3575 3567 3658 3666)
4(3575 3666 3665 3574)
4(3666 3658 3659 3665)
4(3576 3567 3658 3667)
4(3577 3668 3666 3575)
4(3577 3576 3667 3668)
4(3668 3667 3658 3666)
4(3578 3566 3657 3669)
4(3578 3669 3667 3576)
4(3669 3657 3658 3667)
4(3579 3565 3656 3670)
4(3579 3670 3669 3578)
4(3670 3656 3657 3669)
4(3579 3552 3643 3670)
4(3670 3643 3646 3656)
4(3580 3569 3660 3671)
4(3580 3671 3644 3553)
4(3671 3660 3646 3644)
4(3581 3571 3662 3672)
4(3581 3672 3671 3580)
4(3672 3662 3660 3671)
4(3583 3571 3662 3674)
4(3582 3673 3672 3581)
4(3583 3674 3673 3582)
4(3674 3662 3672 3673)
4(3584 3570 3661 3675)
4(3584 3675 3674 3583)
4(3675 3661 3662 3674)
4(3585 3572 3663 3676)
4(3585 3676 3675 3584)
4(3676 3663 3661 3675)
4(3586 3573 3664 3677)
4(3586 3677 3676 3585)
4(3677 3664 3663 3676)
4(3586 3559 3650 3677)
4(3677 3650 3653 3664)
4(3587 3574 3665 3678)
4(3587 3678 3651 3560)
4(3678 3665 3653 3651)
4(3588 3575 3666 3679)
4(3588 3679 3678 3587)
4(3679 3666 3665 3678)
4(3589 3680 3679 3588)
4(3589 3577 3668 3680)
4(3680 3668 3666 3679)
4(3590 3576 3667 3681)
4(3591 3682 3668 3577)
4(3591 3590 3681 3682)
4(3682 3681 3667 3668)
4(3593 3576 3667 3684)
4(3590 3592 3683 3681)
4(3593 3684 3683 3592)
4(3681 3683 3684 3667)
4(3594 3578 3669 3685)
4(3594 3685 3684 3593)
4(3685 3669 3667 3684)
4(3595 3579 3670 3686)
4(3595 3686 3685 3594)
4(3686 3670 3669 3685)
4(3551 3642 3686 3595)
4(3642 3643 3670 3686)
4(3596 3580 3671 3687)
4(3596 3687 3645 3554)
4(3687 3671 3644 3645)
4(3597 3581 3672 3688)
4(3597 3688 3687 3596)
4(3688 3672 3671 3687)
4(3598 3582 3673 3689)
4(3598 3689 3688 3597)
4(3689 3673 3672 3688)
4(3600 3582 3673 3691)
4(3599 3690 3689 3598)
4(3600 3691 3690 3599)
4(3691 3673 3689 3690)
4(3601 3583 3674 3692)
4(3601 3692 3691 3600)
4(3692 3674 3673 3691)
4(3602 3584 3675 3693)
4(3602 3693 3692 3601)
4(3693 3675 3674 3692)
4(3604 3584 3675 3695)
4(3603 3694 3693 3602)
4(3604 3695 3694 3603)
4(3695 3675 3693 3694)
4(3605 3585 3676 3696)
4(3605 3696 3695 3604)
4(3696 3676 3675 3695)
4(3606 3586 3677 3697)
4(3606 3697 3696 3605)
4(3697 3677 3676 3696)
4(3558 3649 3697 3606)
4(3649 3650 3677 3697)
4(3607 3587 3678 3698)
4(3607 3698 3652 3561)
4(3698 3678 3651 3652)
4(3608 3588 3679 3699)
4(3608 3699 3698 3607)
4(3699 3679 3678 3698)
4(3609 3589 3680 3700)
4(3609 3700 3699 3608)
4(3700 3680 3679 3699)
4(3611 3589 3680 3702)
4(3610 3701 3700 3609)
4(3611 3702 3701 3610)
4(3702 3680 3700 3701)
4(3591 3682 3702 3611)
4(3682 3668 3680 3702)
4(3612 3592 3683 3703)
4(3613 3704 3681 3590)
4(3703 3683 3681 3704)
4(3614 3593 3684 3705)
4(3705 3684 3683 3703)
4(3615 3594 3685 3706)
4(3706 3685 3684 3705)
4(3616 3595 3686 3707)
4(3707 3686 3685 3706)
4(3617 3551 3642 3708)
4(3708 3642 3686 3707)
4(3618 3550 3641 3709)
4(3709 3641 3642 3708)
4(3619 3554 3645 3710)
4(3710 3645 3641 3709)
4(3620 3596 3687 3711)
4(3711 3687 3645 3710)
4(3621 3597 3688 3712)
4(3712 3688 3687 3711)
4(3622 3598 3689 3713)
4(3713 3689 3688 3712)
4(3623 3599 3690 3714)
4(3714 3690 3689 3713)
4(3624 3600 3691 3715)
4(3715 3691 3690 3714)
4(3625 3601 3692 3716)
4(3716 3692 3691 3715)
4(3626 3602 3693 3717)
4(3717 3693 3692 3716)
4(3627 3603 3694 3718)
4(3717 3718 3694 3693)
4(3628 3604 3695 3719)
4(3719 3695 3694 3718)
4(3629 3605 3696 3720)
4(3720 3696 3695 3719)
4(3630 3606 3697 3721)
4(3721 3697 3696 3720)
4(3631 3558 3649 3722)
4(3722 3649 3697 3721)
4(3632 3557 3648 3723)
4(3723 3648 3649 3722)
4(3633 3561 3652 3724)
4(3724 3652 3648 3723)
4(3634 3607 3698 3725)
4(3725 3698 3652 3724)
4(3635 3608 3699 3726)
4(3726 3699 3698 3725)
4(3636 3609 3700 3727)
4(3727 3700 3699 3726)
4(3637 3610 3701 3728)
4(3728 3701 3700 3727)
4(3638 3611 3702 3729)
4(3729 3702 3701 3728)
4(3639 3591 3682 3730)
4(3730 3682 3702 3729)
4(3704 3681 3682 3730)
4(3641 3640 3731 3732)
4(3643 3734 3731 3640)
4(3642 3733 3734 3643)
4(3641 3732 3733 3642)
4(3732 3731 3734 3733)
4(3644 3640 3731 3735)
4(3645 3644 3735 3736)
4(3645 3736 3732 3641)
4(3736 3735 3731 3732)
4(3643 3734 3737 3646)
4(3644 3646 3737 3735)
4(3735 3737 3734 3731)
4(3648 3647 3738 3739)
4(3650 3741 3738 3647)
4(3649 3740 3741 3650)
4(3648 3739 3740 3649)
4(3739 3738 3741 3740)
4(3651 3647 3738 3742)
4(3652 3651 3742 3743)
4(3652 3743 3739 3648)
4(3743 3742 3738 3739)
4(3650 3741 3744 3653)
4(3651 3653 3744 3742)
4(3742 3744 3741 3738)
4(3657 3748 3745 3654)
4(3656 3655 3746 3747)
4(3654 3745 3746 3655)
4(3656 3747 3748 3657)
4(3747 3746 3745 3748)
4(3659 3750 3745 3654)
4(3658 3749 3750 3659)
4(3657 3748 3749 3658)
4(3748 3745 3750 3749)
4(3660 3655 3746 3751)
4(3646 3737 3747 3656)
4(3660 3751 3737 3646)
4(3751 3746 3747 3737)
4(3661 3655 3746 3752)
4(3662 3753 3751 3660)
4(3661 3752 3753 3662)
4(3752 3746 3751 3753)
4(3663 3654 3745 3754)
4(3663 3754 3752 3661)
4(3754 3745 3746 3752)
4(3664 3659 3750 3755)
4(3664 3755 3754 3663)
4(3755 3750 3745 3754)
4(3665 3659 3750 3756)
4(3653 3744 3755 3664)
4(3665 3756 3744 3653)
4(3756 3750 3755 3744)
4(3666 3658 3749 3757)
4(3666 3757 3756 3665)
4(3757 3749 3750 3756)
4(3667 3658 3749 3758)
4(3668 3759 3757 3666)
4(3668 3667 3758 3759)
4(3759 3758 3749 3757)
4(3669 3657 3748 3760)
4(3669 3760 3758 3667)
4(3760 3748 3749 3758)
4(3670 3656 3747 3761)
4(3670 3761 3760 3669)
4(3761 3747 3748 3760)
4(3670 3643 3734 3761)
4(3761 3734 3737 3747)
4(3671 3660 3751 3762)
4(3671 3762 3735 3644)
4(3762 3751 3737 3735)
4(3672 3662 3753 3763)
4(3672 3763 3762 3671)
4(3763 3753 3751 3762)
4(3674 3662 3753 3765)
4(3673 3764 3763 3672)
4(3674 3765 3764 3673)
4(3765 3753 3763 3764)
4(3675 3661 3752 3766)
4(3675 3766 3765 3674)
4(3766 3752 3753 3765)
4(3676 3663 3754 3767)
4(3676 3767 3766 3675)
4(3767 3754 3752 3766)
4(3677 3664 3755 3768)
4(3677 3768 3767 3676)
4(3768 3755 3754 3767)
4(3677 3650 3741 3768)
4(3768 3741 3744 3755)
4(3678 3665 3756 3769)
4(3678 3769 3742 3651)
4(3769 3756 3744 3742)
4(3679 3666 3757 3770)
4(3679 3770 3769 3678)
4(3770 3757 3756 3769)
4(3680 3771 3770 3679)
4(3680 3668 3759 3771)
4(3771 3759 3757 3770)
4(3681 3667 3758 3772)
4(3682 3773 3759 3668)
4(3682 3681 3772 3773)
4(3773 3772 3758 3759)
4(3684 3667 3758 3775)
4(3681 3683 3774 3772)
4(3684 3775 3774 3683)
4(3772 3774 3775 3758)
4(3685 3669 3760 3776)
4(3685 3776 3775 3684)
4(3776 3760 3758 3775)
4(3686 3670 3761 3777)
4(3686 3777 3776 3685)
4(3777 3761 3760 3776)
4(3642 3733 3777 3686)
4(3733 3734 3761 3777)
4(3687 3671 3762 3778)
4(3687 3778 3736 3645)
4(3778 3762 3735 3736)
4(3688 3672 3763 3779)
4(3688 3779 3778 3687)
4(3779 3763 3762 3778)
4(3689 3673 3764 3780)
4(3689 3780 3779 3688)
4(3780 3764 3763 3779)
4(3691 3673 3764 3782)
4(3690 3781 3780 3689)
4(3691 3782 3781 3690)
4(3782 3764 3780 3781)
4(3692 3674 3765 3783)
4(3692 3783 3782 3691)
4(3783 3765 3764 3782)
4(3693 3675 3766 3784)
4(3693 3784 3783 3692)
4(3784 3766 3765 3783)
4(3695 3675 3766 3786)
4(3694 3785 3784 3693)
4(3695 3786 3785 3694)
4(3786 3766 3784 3785)
4(3696 3676 3767 3787)
4(3696 3787 3786 3695)
4(3787 3767 3766 3786)
4(3697 3677 3768 3788)
4(3697 3788 3787 3696)
4(3788 3768 3767 3787)
4(3649 3740 3788 3697)
4(3740 3741 3768 3788)
4(3698 3678 3769 3789)
4(3698 3789 3743 3652)
4(3789 3769 3742 3743)
4(3699 3679 3770 3790)
4(3699 3790 3789 3698)
4(3790 3770 3769 3789)
4(3700 3680 3771 3791)
4(3700 3791 3790 3699)
4(3791 3771 3770 3790)
4(3702 3680 3771 3793)
4(3701 3792 3791 3700)
4(3702 3793 3792 3701)
4(3793 3771 3791 3792)
4(3682 3773 3793 3702)
4(3773 3759 3771 3793)
4(3703 3683 3774 3794)
4(3704 3795 3772 3681)
4(3794 3774 3772 3795)
4(3705 3684 3775 3796)
4(3796 3775 3774 3794)
4(3706 3685 3776 3797)
4(3797 3776 3775 3796)
4(3707 3686 3777 3798)
4(3798 3777 3776 3797)
4(3708 3642 3733 3799)
4(3799 3733 3777 3798)
4(3709 3641 3732 3800)
4(3800 3732 3733 3799)
4(3710 3645 3736 3801)
4(3801 3736 3732 3800)
4(3711 3687 3778 3802)
4(3802 3778 3736 3801)
4(3712 3688 3779 3803)
4(3803 3779 3778 3802)
4(3713 3689 3780 3804)
4(3804 3780 3779 3803)
4(3714 3690 3781 3805)
4(3805 3781 3780 3804)
4(3715 3691 3782 3806)
4(3806 3782 3781 3805)
4(3716 3692 3783 3807)
4(3807 3783 3782 3806)
4(3717 3693 3784 3808)
4(3808 3784 3783 3807)
4(3718 3694 3785 3809)
4(3808 3809 3785 3784)
4(3719 3695 3786 3810)
4(3810 3786 3785 3809)
4(3720 3696 3787 3811)
4(3811 3787 3786 3810)
4(3721 3697 3788 3812)
4(3812 3788 3787 3811)
4(3722 3649 3740 3813)
4(3813 3740 3788 3812)
4(3723 3648 3739 3814)
4(3814 3739 3740 3813)
4(3724 3652 3743 3815)
4(3815 3743 3739 3814)
4(3725 3698 3789 3816)
4(3816 3789 3743 3815)
4(3726 3699 3790 3817)
4(3817 3790 3789 3816)
4(3727 3700 3791 3818)
4(3818 3791 3790 3817)
4(3728 3701 3792 3819)
4(3819 3792 3791 3818)
4(3729 3702 3793 3820)
4(3820 3793 3792 3819)
4(3730 3682 3773 3821)
4(3821 3773 3793 3820)
4(3795 3772 3773 3821)
4(3732 3731 3822 3823)
4(3734 3825 3822 3731)
4(3733 3824 3825 3734)
4(3732 3823 3824 3733)
4(3823 3822 3825 3824)
4(3735 3731 3822 3826)
4(3736 3735 3826 3827)
4(3736 3827 3823 3732)
4(3827 3826 3822 3823)
4(3734 3825 3828 3737)
4(3735 3737 3828 3826)
4(3826 3828 3825 3822)
4(3739 3738 3829 3830)
4(3741 3832 3829 3738)
4(3740 3831 3832 3741)
4(3739 3830 3831 3740)
4(3830 3829 3832 3831)
4(3742 3738 3829 3833)
4(3743 3742 3833 3834)
4(3743 3834 3830 3739)
4(3834 3833 3829 3830)
4(3741 3832 3835 3744)
4(3742 3744 3835 3833)
4(3833 3835 3832 3829)
4(3748 3839 3836 3745)
4(3747 3746 3837 3838)
4(3745 3836 3837 3746)
4(3747 3838 3839 3748)
4(3838 3837 3836 3839)
4(3750 3841 3836 3745)
4(3749 3840 3841 3750)
4(3748 3839 3840 3749)
4(3839 3836 3841 3840)
4(3751 3746 3837 3842)
4(3737 3828 3838 3747)
4(3751 3842 3828 3737)
4(3842 3837 3838 3828)
4(3752 3746 3837 3843)
4(3753 3844 3842 3751)
4(3752 3843 3844 3753)
4(3843 3837 3842 3844)
4(3754 3745 3836 3845)
4(3754 3845 3843 3752)
4(3845 3836 3837 3843)
4(3755 3750 3841 3846)
4(3755 3846 3845 3754)
4(3846 3841 3836 3845)
4(3756 3750 3841 3847)
4(3744 3835 3846 3755)
4(3756 3847 3835 3744)
4(3847 3841 3846 3835)
4(3757 3749 3840 3848)
4(3757 3848 3847 3756)
4(3848 3840 3841 3847)
4(3758 3749 3840 3849)
4(3759 3850 3848 3757)
4(3759 3758 3849 3850)
4(3850 3849 3840 3848)
4(3760 3748 3839 3851)
4(3760 3851 3849 3758)
4(3851 3839 3840 3849)
4(3761 3747 3838 3852)
4(3761 3852 3851 3760)
4(3852 3838 3839 3851)
4(3761 3734 3825 3852)
4(3852 3825 3828 3838)
4(3762 3751 3842 3853)
4(3762 3853 3826 3735)
4(3853 3842 3828 3826)
4(3763 3753 3844 3854)
4(3763 3854 3853 3762)
4(3854 3844 3842 3853)
4(3765 3753 3844 3856)
4(3764 3855 3854 3763)
4(3765 3856 3855 3764)
4(3856 3844 3854 3855)
4(3766 3752 3843 3857)
4(3766 3857 3856 3765)
4(3857 3843 3844 3856)
4(3767 3754 3845 3858)
4(3767 3858 3857 3766)
4(3858 3845 3843 3857)
4(3768 3755 3846 3859)
4(3768 3859 3858 3767)
4(3859 3846 3845 3858)
4(3768 3741 3832 3859)
4(3859 3832 3835 3846)
4(3769 3756 3847 3860)
4(3769 3860 3833 3742)
4(3860 3847 3835 3833)
4(3770 3757 3848 3861)
4(3770 3861 3860 3769)
4(3861 3848 3847 3860)
4(3771 3862 3861 3770)
4(3771 3759 3850 3862)
4(3862 3850 3848 3861)
4(3772 3758 3849 3863)
4(3773 3864 3850 3759)
4(3773 3772 3863 3864)
4(3864 3863 3849 3850)
4(3775 3758 3849 3866)
4(3772 3774 3865 3863)
4(3775 3866 3865 3774)
4(3863 3865 3866 3849)
4(3776 3760 3851 3867)
4(3776 3867 3866 3775)
4(3867 3851 3849 3866)
4(3777 3761 3852 3868)
4(3777 3868 3867 3776)
4(3868 3852 3851 3867)
4(3733 3824 3868 3777)
4(3824 3825 3852 3868)
4(3778 3762 3853 3869)
4(3778 3869 3827 3736)
4(3869 3853 3826 3827)
4(3779 3763 3854 3870)
4(3779 3870 3869 3778)
4(3870 3854 3853 3869)
4(3780 3764 3855 3871)
4(3780 3871 3870 3779)
4(3871 3855 3854 3870)
4(3782 3764 3855 3873)
4(3781 3872 3871 3780)
4(3782 3873 3872 3781)
4(3873 3855 3871 3872)
4(3783 3765 3856 3874)
4(3783 3874 3873 3782)
4(3874 3856 3855 3873)
4(3784 3766 3857 3875)
4(3784 3875 3874 3783)
4(3875 3857 3856 3874)
4(3786 3766 3857 3877)
4(3785 3876 3875 3784)
4(3786 3877 3876 3785)
4(3877 3857 3875 3876)
4(3787 3767 3858 3878)
4(3787 3878 3877 3786)
4(3878 3858 3857 3877)
4(3788 3768 3859 3879)
4(3788 3879 3878 3787)
4(3879 3859 3858 3878)
4(3740 3831 3879 3788)
4(3831 3832 3859 3879)
4(3789 3769 3860 3880)
4(3789 3880 3834 3743)
4(3880 3860 3833 3834)
4(3790 3770 3861 3881)
4(3790 3881 3880 3789)
4(3881 3861 3860 3880)
4(3791 3771 3862 3882)
4(3791 3882 3881 3790)
4(3882 3862 3861 3881)
4(3793 3771 3862 3884)
4(3792 3883 3882 3791)
4(3793 3884 3883 3792)
4(3884 3862 3882 3883)
4(3773 3864 3884 3793)
4(3864 3850 3862 3884)
4(3794 3774 3865 3885)
4(3795 3886 3863 3772)
4(3885 3865 3863 3886)
4(3796 3775 3866 3887)
4(3887 3866 3865 3885)
4(3797 3776 3867 3888)
4(3888 3867 3866 3887)
4(3798 3777 3868 3889)
4(3889 3868 3867 3888)
4(3799 3733 3824 3890)
4(3890 3824 3868 3889)
4(3800 3732 3823 3891)
4(3891 3823 3824 3890)
4(3801 3736 3827 3892)
4(3892 3827 3823 3891)
4(3802 3778 3869 3893)
4(3893 3869 3827 3892)
4(3803 3779 3870 3894)
4(3894 3870 3869 3893)
4(3804 3780 3871 3895)
4(3895 3871 3870 3894)
4(3805 3781 3872 3896)
4(3896 3872 3871 3895)
4(3806 3782 3873 3897)
4(3897 3873 3872 3896)
4(3807 3783 3874 3898)
4(3898 3874 3873 3897)
4(3808 3784 3875 3899)
4(3899 3875 3874 3898)
4(3809 3785 3876 3900)
4(3899 3900 3876 3875)
4(3810 3786 3877 3901)
4(3901 3877 3876 3900)
4(3811 3787 3878 3902)
4(3902 3878 3877 3901)
4(3812 3788 3879 3903)
4(3903 3879 3878 3902)
4(3813 3740 3831 3904)
4(3904 3831 3879 3903)
4(3814 3739 3830 3905)
4(3905 3830 3831 3904)
4(3815 3743 3834 3906)
4(3906 3834 3830 3905)
4(3816 3789 3880 3907)
4(3907 3880 3834 3906)
4(3817 3790 3881 3908)
4(3908 3881 3880 3907)
4(3818 3791 3882 3909)
4(3909 3882 3881 3908)
4(3819 3792 3883 3910)
4(3910 3883 3882 3909)
4(3820 3793 3884 3911)
4(3911 3884 3883 3910)
4(3821 3773 3864 3912)
4(3912 3864 3884 3911)
4(3886 3863 3864 3912)
4(3823 3822 3913 3914)
4(3825 3916 3913 3822)
4(3824 3915 3916 3825)
4(3823 3914 3915 3824)
4(3914 3913 3916 3915)
4(3826 3822 3913 3917)
4(3827 3826 3917 3918)
4(3827 3918 3914 3823)
4(3918 3917 3913 3914)
4(3825 3916 3919 3828)
4(3826 3828 3919 3917)
4(3917 3919 3916 3913)
4(3830 3829 3920 3921)
4(3832 3923 3920 3829)
4(3831 3922 3923 3832)
4(3830 3921 3922 3831)
4(3921 3920 3923 3922)
4(3833 3829 3920 3924)
4(3834 3833 3924 3925)
4(3834 3925 3921 3830)
4(3925 3924 3920 3921)
4(3832 3923 3926 3835)
4(3833 3835 3926 3924)
4(3924 3926 3923 3920)
4(3839 3930 3927 3836)
4(3838 3837 3928 3929)
4(3836 3927 3928 3837)
4(3838 3929 3930 3839)
4(3929 3928 3927 3930)
4(3841 3932 3927 3836)
4(3840 3931 3932 3841)
4(3839 3930 3931 3840)
4(3930 3927 3932 3931)
4(3842 3837 3928 3933)
4(3828 3919 3929 3838)
4(3842 3933 3919 3828)
4(3933 3928 3929 3919)
4(3843 3837 3928 3934)
4(3844 3935 3933 3842)
4(3843 3934 3935 3844)
4(3934 3928 3933 3935)
4(3845 3836 3927 3936)
4(3845 3936 3934 3843)
4(3936 3927 3928 3934)
4(3846 3841 3932 3937)
4(3846 3937 3936 3845)
4(3937 3932 3927 3936)
4(3847 3841 3932 3938)
4(3835 3926 3937 3846)
4(3847 3938 3926 3835)
4(3938 3932 3937 3926)
4(3848 3840 3931 3939)
4(3848 3939 3938 3847)
4(3939 3931 3932 3938)
4(3849 3840 3931 3940)
4(3850 3941 3939 3848)
4(3850 3849 3940 3941)
4(3941 3940 3931 3939)
4(3851 3839 3930 3942)
4(3851 3942 3940 3849)
4(3942 3930 3931 3940)
4(3852 3838 3929 3943)
4(3852 3943 3942 3851)
4(3943 3929 3930 3942)
4(3852 3825 3916 3943)
4(3943 3916 3919 3929)
4(3853 3842 3933 3944)
4(3853 3944 3917 3826)
4(3944 3933 3919 3917)
4(3854 3844 3935 3945)
4(3854 3945 3944 3853)
4(3945 3935 3933 3944)
4(3856 3844 3935 3947)
4(3855 3946 3945 3854)
4(3856 3947 3946 3855)
4(3947 3935 3945 3946)
4(3857 3843 3934 3948)
4(3857 3948 3947 3856)
4(3948 3934 3935 3947)
4(3858 3845 3936 3949)
4(3858 3949 3948 3857)
4(3949 3936 3934 3948)
4(3859 3846 3937 3950)
4(3859 3950 3949 3858)
4(3950 3937 3936 3949)
4(3859 3832 3923 3950)
4(3950 3923 3926 3937)
4(3860 3847 3938 3951)
4(3860 3951 3924 3833)
4(3951 3938 3926 3924)
4(3861 3848 3939 3952)
4(3861 3952 3951 3860)
4(3952 3939 3938 3951)
4(3862 3953 3952 3861)
4(3862 3850 3941 3953)
4(3953 3941 3939 3952)
4(3863 3849 3940 3954)
4(3864 3955 3941 3850)
4(3864 3863 3954 3955)
4(3955 3954 3940 3941)
4(3866 3849 3940 3957)
4(3863 3865 3956 3954)
4(3866 3957 3956 3865)
4(3954 3956 3957 3940)
4(3867 3851 3942 3958)
4(3867 3958 3957 3866)
4(3958 3942 3940 3957)
4(3868 3852 3943 3959)
4(3868 3959 3958 3867)
4(3959 3943 3942 3958)
4(3824 3915 3959 3868)
4(3915 3916 3943 3959)
4(3869 3853 3944 3960)
4(3869 3960 3918 3827)
4(3960 3944 3917 3918)
4(3870 3854 3945 3961)
4(3870 3961 3960 3869)
4(3961 3945 3944 3960)
4(3871 3855 3946 3962)
4(3871 3962 3961 3870)
4(3962 3946 3945 3961)
4(3873 3855 3946 3964)
4(3872 3963 3962 3871)
4(3873 3964 3963 3872)
4(3964 3946 3962 3963)
4(3874 3856 3947 3965)
4(3874 3965 3964 3873)
4(3965 3947 3946 3964)
4(3875 3857 3948 3966)
4(3875 3966 3965 3874)
4(3966 3948 3947 3965)
4(3877 3857 3948 3968)
4(3876 3967 3966 3875)
4(3877 3968 3967 3876)
4(3968 3948 3966 3967)
4(3878 3858 3949 3969)
4(3878 3969 3968 3877)
4(3969 3949 3948 3968)
4(3879 3859 3950 3970)
4(3879 3970 3969 3878)
4(3970 3950 3949 3969)
4(3831 3922 3970 3879)
4(3922 3923 3950 3970)
4(3880 3860 3951 3971)
4(3880 3971 3925 3834)
4(3971 3951 3924 3925)
4(3881 3861 3952 3972)
4(3881 3972 3971 3880)
4(3972 3952 3951 3971)
4(3882 3862 3953 3973)
4(3882 3973 3972 3881)
4(3973 3953 3952 3972)
4(3884 3862 3953 3975)
4(3883 3974 3973 3882)
4(3884 3975 3974 3883)
4(3975 3953 3973 3974)
4(3864 3955 3975 3884)
4(3955 3941 3953 3975)
4(3885 3865 3956 3976)
4(3886 3977 3954 3863)
4(3976 3956 3954 3977)
4(3887 3866 3957 3978)
4(3978 3957 3956 3976)
4(3888 3867 3958 3979)
4(3979 3958 3957 3978)
4(3889 3868 3959 3980)
4(3980 3959 3958 3979)
4(3890 3824 3915 3981)
4(3981 3915 3959 3980)
4(3891 3823 3914 3982)
4(3982 3914 3915 3981)
4(3892 3827 3918 3983)
4(3983 3918 3914 3982)
4(3893 3869 3960 3984)
4(3984 3960 3918 3983)
4(3894 3870 3961 3985)
4(3985 3961 3960 3984)
4(3895 3871 3962 3986)
4(3986 3962 3961 3985)
4(3896 3872 3963 3987)
4(3987 3963 3962 3986)
4(3897 3873 3964 3988)
4(3988 3964 3963 3987)
4(3898 3874 3965 3989)
4(3989 3965 3964 3988)
4(3899 3875 3966 3990)
4(3990 3966 3965 3989)
4(3900 3876 3967 3991)
4(3990 3991 3967 3966)
4(3901 3877 3968 3992)
4(3992 3968 3967 3991)
4(3902 3878 3969 3993)
4(3993 3969 3968 3992)
4(3903 3879 3970 3994)
4(3994 3970 3969 3993)
4(3904 3831 3922 3995)
4(3995 3922 3970 3994)
4(3905 3830 3921 3996)
4(3996 3921 3922 3995)
4(3906 3834 3925 3997)
4(3997 3925 3921 3996)
4(3907 3880 3971 3998)
4(3998 3971 3925 3997)
4(3908 3881 3972 3999)
4(3999 3972 3971 3998)
4(3909 3882 3973 4000)
4(4000 3973 3972 3999)
4(3910 3883 3974 4001)
4(4001 3974 3973 4000)
4(3911 3884 3975 4002)
4(4002 3975 3974 4001)
4(3912 3864 3955 4003)
4(4003 3955 3975 4002)
4(3977 3954 3955 4003)
4(3914 3913 4004 4005)
4(3916 4007 4004 3913)
4(3915 4006 4007 3916)
4(3914 4005 4006 3915)
4(4005 4004 4007 4006)
4(3917 3913 4004 4008)
4(3918 3917 4008 4009)
4(3918 4009 4005 3914)
4(4009 4008 4004 4005)
4(3916 4007 4010 3919)
4(3917 3919 4010 4008)
4(4008 4010 4007 4004)
4(3921 3920 4011 4012)
4(3923 4014 4011 3920)
4(3922 4013 4014 3923)
4(3921 4012 4013 3922)
4(4012 4011 4014 4013)
4(3924 3920 4011 4015)
4(3925 3924 4015 4016)
4(3925 4016 4012 3921)
4(4016 4015 4011 4012)
4(3923 4014 4017 3926)
4(3924 3926 4017 4015)
4(4015 4017 4014 4011)
4(3930 4021 4018 3927)
4(3929 3928 4019 4020)
4(3927 4018 4019 3928)
4(3929 4020 4021 3930)
4(4020 4019 4018 4021)
4(3932 4023 4018 3927)
4(3931 4022 4023 3932)
4(3930 4021 4022 3931)
4(4021 4018 4023 4022)
4(3933 3928 4019 4024)
4(3919 4010 4020 3929)
4(3933 4024 4010 3919)
4(4024 4019 4020 4010)
4(3934 3928 4019 4025)
4(3935 4026 4024 3933)
4(3934 4025 4026 3935)
4(4025 4019 4024 4026)
4(3936 3927 4018 4027)
4(3936 4027 4025 3934)
4(4027 4018 4019 4025)
4(3937 3932 4023 4028)
4(3937 4028 4027 3936)
4(4028 4023 4018 4027)
4(3938 3932 4023 4029)
4(3926 4017 4028 3937)
4(3938 4029 4017 3926)
4(4029 4023 4028 4017)
4(3939 3931 4022 4030)
4(3939 4030 4029 3938)
4(4030 4022 4023 4029)
4(3940 3931 4022 4031)
4(3941 4032 4030 3939)
4(3941 3940 4031 4032)
4(4032 4031 4022 4030)
4(3942 3930 4021 4033)
4(3942 4033 4031 3940)
4(4033 4021 4022 4031)
4(3943 3929 4020 4034)
4(3943 4034 4033 3942)
4(4034 4020 4021 4033)
4(3943 3916 4007 4034)
4(4034 4007 4010 4020)
4(3944 3933 4024 4035)
4(3944 4035 4008 3917)
4(4035 4024 4010 4008)
4(3945 3935 4026 4036)
4(3945 4036 4035 3944)
4(4036 4026 4024 4035)
4(3947 3935 4026 4038)
4(3946 4037 4036 3945)
4(3947 4038 4037 3946)
4(4038 4026 4036 4037)
4(3948 3934 4025 4039)
4(3948 4039 4038 3947)
4(4039 4025 4026 4038)
4(3949 3936 4027 4040)
4(3949 4040 4039 3948)
4(4040 4027 4025 4039)
4(3950 3937 4028 4041)
4(3950 4041 4040 3949)
4(4041 4028 4027 4040)
4(3950 3923 4014 4041)
4(4041 4014 4017 4028)
4(3951 3938 4029 4042)
4(3951 4042 4015 3924)
4(4042 4029 4017 4015)
4(3952 3939 4030 4043)
4(3952 4043 4042 3951)
4(4043 4030 4029 4042)
4(3953 4044 4043 3952)
4(3953 3941 4032 4044)
4(4044 4032 4030 4043)
4(3954 3940 4031 4045)
4(3955 4046 4032 3941)
4(3955 3954 4045 4046)
4(4046 4045 4031 4032)
4(3957 3940 4031 4048)
4(3954 3956 4047 4045)
4(3957 4048 4047 3956)
4(4045 4047 4048 4031)
4(3958 3942 4033 4049)
4(3958 4049 4048 3957)
4(4049 4033 4031 4048)
4(3959 3943 4034 4050)
4(3959 4050 4049 3958)
4(4050 4034 4033 4049)
4(3915 4006 4050 3959)
4(4006 4007 4034 4050)
4(3960 3944 4035 4051)
4(3960 4051 4009 3918)
4(4051 4035 4008 4009)
4(3961 3945 4036 4052)
4(3961 4052 4051 3960)
4(4052 4036 4035 4051)
4(3962 3946 4037 4053)
4(3962 4053 4052 3961)
4(4053 4037 4036 4052)
4(3964 3946 4037 4055)
4(3963 4054 4053 3962)
4(3964 4055 4054 3963)
4(4055 4037 4053 4054)
4(3965 3947 4038 4056)
4(3965 4056 4055 3964)
4(4056 4038 4037 4055)
4(3966 3948 4039 4057)
4(3966 4057 4056 3965)
4(4057 4039 4038 4056)
4(3968 3948 4039 4059)
4(3967 4058 4057 3966)
4(3968 4059 4058 3967)
4(4059 4039 4057 4058)
4(3969 3949 4040 4060)
4(3969 4060 4059 3968)
4(4060 4040 4039 4059)
4(3970 3950 4041 4061)
4(3970 4061 4060 3969)
4(4061 4041 4040 4060)
4(3922 4013 4061 3970)
4(4013 4014 4041 4061)
4(3971 3951 4042 4062)
4(3971 4062 4016 3925)
4(4062 4042 4015 4016)
4(3972 3952 4043 4063)
4(3972 4063 4062 3971)
4(4063 4043 4042 4062)
4(3973 3953 4044 4064)
4(3973 4064 4063 3972)
4(4064 4044 4043 4063)
4(3975 3953 4044 4066)
4(3974 4065 4064 3973)
4(3975 4066 4065 3974)
4(4066 4044 4064 4065)
4(3955 4046 4066 3975)
4(4046 4032 4044 4066)
4(3976 3956 4047 4067)
4(3977 4068 4045 3954)
4(4067 4047 4045 4068)
4(3978 3957 4048 4069)
4(4069 4048 4047 4067)
4(3979 3958 4049 4070)
4(4070 4049 4048 4069)
4(3980 3959 4050 4071)
4(4071 4050 4049 4070)
4(3981 3915 4006 4072)
4(4072 4006 4050 4071)
4(3982 3914 4005 4073)
4(4073 4005 4006 4072)
4(3983 3918 4009 4074)
4(4074 4009 4005 4073)
4(3984 3960 4051 4075)
4(4075 4051 4009 4074)
4(3985 3961 4052 4076)
4(4076 4052 4051 4075)
4(3986 3962 4053 4077)
4(4077 4053 4052 4076)
4(3987 3963 4054 4078)
4(4078 4054 4053 4077)
4(3988 3964 4055 4079)
4(4079 4055 4054 4078)
4(3989 3965 4056 4080)
4(4080 4056 4055 4079)
4(3990 3966 4057 4081)
4(4081 4057 4056 4080)
4(3991 3967 4058 4082)
4(4081 4082 4058 4057)
4(3992 3968 4059 4083)
4(4083 4059 4058 4082)
4(3993 3969 4060 4084)
4(4084 4060 4059 4083)
4(3994 3970 4061 4085)
4(4085 4061 4060 4084)
4(3995 3922 4013 4086)
4(4086 4013 4061 4085)
4(3996 3921 4012 4087)
4(4087 4012 4013 4086)
4(3997 3925 4016 4088)
4(4088 4016 4012 4087)
4(3998 3971 4062 4089)
4(4089 4062 4016 4088)
4(3999 3972 4063 4090)
4(4090 4063 4062 4089)
4(4000 3973 4064 4091)
4(4091 4064 4063 4090)
4(4001 3974 4065 4092)
4(4092 4065 4064 4091)
4(4002 3975 4066 4093)
4(4093 4066 4065 4092)
4(4003 3955 4046 4094)
4(4094 4046 4066 4093)
4(4068 4045 4046 4094)
4(4005 4004 4095 4096)
4(4007 4098 4095 4004)
4(4006 4097 4098 4007)
4(4005 4096 4097 4006)
4(4096 4095 4098 4097)
4(4008 4004 4095 4099)
4(4009 4008 4099 4100)
4(4009 4100 4096 4005)
4(4100 4099 4095 4096)
4(4007 4098 4101 4010)
4(4008 4010 4101 4099)
4(4099 4101 4098 4095)
4(4012 4011 4102 4103)
4(4014 4105 4102 4011)
4(4013 4104 4105 4014)
4(4012 4103 4104 4013)
4(4103 4102 4105 4104)
4(4015 4011 4102 4106)
4(4016 4015 4106 4107)
4(4016 4107 4103 4012)
4(4107 4106 4102 4103)
4(4014 4105 4108 4017)
4(4015 4017 4108 4106)
4(4106 4108 4105 4102)
4(4021 4112 4109 4018)
4(4020 4019 4110 4111)
4(4018 4109 4110 4019)
4(4020 4111 4112 4021)
4(4111 4110 4109 4112)
4(4023 4114 4109 4018)
4(4022 4113 4114 4023)
4(4021 4112 4113 4022)
4(4112 4109 4114 4113)
4(4024 4019 4110 4115)
4(4010 4101 4111 4020)
4(4024 4115 4101 4010)
4(4115 4110 4111 4101)
4(4025 4019 4110 4116)
4(4026 4117 4115 4024)
4(4025 4116 4117 4026)
4(4116 4110 4115 4117)
4(4027 4018 4109 4118)
4(4027 4118 4116 4025)
4(4118 4109 4110 4116)
4(4028 4023 4114 4119)
4(4028 4119 4118 4027)
4(4119 4114 4109 4118)
4(4029 4023 4114 4120)
4(4017 4108 4119 4028)
4(4029 4120 4108 4017)
4(4120 4114 4119 4108)
4(4030 4022 4113 4121)
4(4030 4121 4120 4029)
4(4121 4113 4114 4120)
4(4031 4022 4113 4122)
4(4032 4123 4121 4030)
4(4032 4031 4122 4123)
4(4123 4122 4113 4121)
4(4033 4021 4112 4124)
4(4033 4124 4122 4031)
4(4124 4112 4113 4122)
4(4034 4020 4111 4125)
4(4034 4125 4124 4033)
4(4125 4111 4112 4124)
4(4034 4007 4098 4125)
4(4125 4098 4101 4111)
4(4035 4024 4115 4126)
4(4035 4126 4099 4008)
4(4126 4115 4101 4099)
4(4036 4026 4117 4127)
4(4036 4127 4126 4035)
4(4127 4117 4115 4126)
4(4038 4026 4117 4129)
4(4037 4128 4127 4036)
4(4038 4129 4128 4037)
4(4129 4117 4127 4128)
4(4039 4025 4116 4130)
4(4039 4130 4129 4038)
4(4130 4116 4117 4129)
4(4040 4027 4118 4131)
4(4040 4131 4130 4039)
4(4131 4118 4116 4130)
4(4041 4028 4119 4132)
4(4041 4132 4131 4040)
4(4132 4119 4118 4131)
4(4041 4014 4105 4132)
4(4132 4105 4108 4119)
4(4042 4029 4120 4133)
4(4042 4133 4106 4015)
4(4133 4120 4108 4106)
4(4043 4030 4121 4134)
4(4043 4134 4133 4042)
4(4134 4121 4120 4133)
4(4044 4135 4134 4043)
4(4044 4032 4123 4135)
4(4135 4123 4121 4134)
4(4045 4031 4122 4136)
4(4046 4137 4123 4032)
4(4046 4045 4136 4137)
4(4137 4136 4122 4123)
4(4048 4031 4122 4139)
4(4045 4047 4138 4136)
4(4048 4139 4138 4047)
4(4136 4138 4139 4122)
4(4049 4033 4124 4140)
4(4049 4140 4139 4048)
4(4140 4124 4122 4139)
4(4050 4034 4125 4141)
4(4050 4141 4140 4049)
4(4141 4125 4124 4140)
4(4006 4097 4141 4050)
4(4097 4098 4125 4141)
4(4051 4035 4126 4142)
4(4051 4142 4100 4009)
4(4142 4126 4099 4100)
4(4052 4036 4127 4143)
4(4052 4143 4142 4051)
4(4143 4127 4126 4142)
4(4053 4037 4128 4144)
4(4053 4144 4143 4052)
4(4144 4128 4127 4143)
4(4055 4037 4128 4146)
4(4054 4145 4144 4053)
4(4055 4146 4145 4054)
4(4146 4128 4144 4145)
4(4056 4038 4129 4147)
4(4056 4147 4146 4055)
4(4147 4129 4128 4146)
4(4057 4039 4130 4148)
4(4057 4148 4147 4056)
4(4148 4130 4129 4147)
4(4059 4039 4130 4150)
4(4058 4149 4148 4057)
4(4059 4150 4149 4058)
4(4150 4130 4148 4149)
4(4060 4040 4131 4151)
4(4060 4151 4150 4059)
4(4151 4131 4130 4150)
4(4061 4041 4132 4152)
4(4061 4152 4151 4060)
4(4152 4132 4131 4151)
4(4013 4104 4152 4061)
4(4104 4105 4132 4152)
4(4062 4042 4133 4153)
4(4062 4153 4107 4016)
4(4153 4133 4106 4107)
4(4063 4043 4134 4154)
4(4063 4154 4153 4062)
4(4154 4134 4133 4153)
4(4064 4044 4135 4155)
4(4064 4155 4154 4063)
4(4155 4135 4134 4154)
4(4066 4044 4135 4157)
4(4065 4156 4155 4064)
4(4066 4157 4156 4065)
4(4157 4135 4155 4156)
4(4046 4137 4157 4066)
4(4137 4123 4135 4157)
4(4067 4047 4138 4158)
4(4068 4159 4136 4045)
4(4158 4138 4136 4159)
4(4069 4048 4139 4160)
4(4160 4139 4138 4158)
4(4070 4049 4140 4161)
4(4161 4140 4139 4160)
4(4071 4050 4141 4162)
4(4162 4141 4140 4161)
4(4072 4006 4097 4163)
4(4163 4097 4141 4162)
4(4073 4005 4096 4164)
4(4164 4096 4097 4163)
4(4074 4009 4100 4165)
4(4165 4100 4096 4164)
4(4075 4051 4142 4166)
4(4166 4142 4100 4165)
4(4076 4052 4143 4167)
4(4167 4143 4142 4166)
4(4077 4053 4144 4168)
4(4168 4144 4143 4167)
4(4078 4054 4145 4169)
4(4169 4145 4144 4168)
4(4079 4055 4146 4170)
4(4170 4146 4145 4169)
4(4080 4056 4147 4171)
4(4171 4147 4146 4170)
4(4081 4057 4148 4172)
4(4172 4148 4147 4171)
4(4082 4058 4149 4173)
4(4172 4173 4149 4148)
4(4083 4059 4150 4174)
4(4174 4150 4149 4173)
4(4084 4060 4151 4175)
4(4175 4151 4150 4174)
4(4085 4061 4152 4176)
4(4176 4152 4151 4175)
4(4086 4013 4104 4177)
4(4177 4104 4152 4176)
4(4087 4012 4103 4178)
4(4178 4103 4104 4177)
4(4088 4016 4107 4179)
4(4179 4107 4103 4178)
4(4089 4062 4153 4180)
4(4180 4153 4107 4179)
4(4090 4063 4154 4181)
4(4181 4154 4153 4180)
4(4091 4064 4155 4182)
4(4182 4155 4154 4181)
4(4092 4065 4156 4183)
4(4183 4156 4155 4182)
4(4093 4066 4157 4184)
4(4184 4157 4156 4183)
4(4094 4046 4137 4185)
4(4185 4137 4157 4184)
4(4159 4136 4137 4185)
4(4096 4095 4186 4187)
4(4098 4189 4186 4095)
4(4097 4188 4189 4098)
4(4096 4187 4188 4097)
4(4187 4186 4189 4188)
4(4099 4095 4186 4190)
4(4100 4099 4190 4191)
4(4100 4191 4187 4096)
4(4191 4190 4186 4187)
4(4098 4189 4192 4101)
4(4099 4101 4192 4190)
4(4190 4192 4189 4186)
4(4103 4102 4193 4194)
4(4105 4196 4193 4102)
4(4104 4195 4196 4105)
4(4103 4194 4195 4104)
4(4194 4193 4196 4195)
4(4106 4102 4193 4197)
4(4107 4106 4197 4198)
4(4107 4198 4194 4103)
4(4198 4197 4193 4194)
4(4105 4196 4199 4108)
4(4106 4108 4199 4197)
4(4197 4199 4196 4193)
4(4112 4203 4200 4109)
4(4111 4110 4201 4202)
4(4109 4200 4201 4110)
4(4111 4202 4203 4112)
4(4202 4201 4200 4203)
4(4114 4205 4200 4109)
4(4113 4204 4205 4114)
4(4112 4203 4204 4113)
4(4203 4200 4205 4204)
4(4115 4110 4201 4206)
4(4101 4192 4202 4111)
4(4115 4206 4192 4101)
4(4206 4201 4202 4192)
4(4116 4110 4201 4207)
4(4117 4208 4206 4115)
4(4116 4207 4208 4117)
4(4207 4201 4206 4208)
4(4118 4109 4200 4209)
4(4118 4209 4207 4116)
4(4209 4200 4201 4207)
4(4119 4114 4205 4210)
4(4119 4210 4209 4118)
4(4210 4205 4200 4209)
4(4120 4114 4205 4211)
4(4108 4199 4210 4119)
4(4120 4211 4199 4108)
4(4211 4205 4210 4199)
4(4121 4113 4204 4212)
4(4121 4212 4211 4120)
4(4212 4204 4205 4211)
4(4122 4113 4204 4213)
4(4123 4214 4212 4121)
4(4123 4122 4213 4214)
4(4214 4213 4204 4212)
4(4124 4112 4203 4215)
4(4124 4215 4213 4122)
4(4215 4203 4204 4213)
4(4125 4111 4202 4216)
4(4125 4216 4215 4124)
4(4216 4202 4203 4215)
4(4125 4098 4189 4216)
4(4216 4189 4192 4202)
4(4126 4115 4206 4217)
4(4126 4217 4190 4099)
4(4217 4206 4192 4190)
4(4127 4117 4208 4218)
4(4127 4218 4217 4126)
4(4218 4208 4206 4217)
4(4129 4117 4208 4220)
4(4128 4219 4218 4127)
4(4129 4220 4219 4128)
4(4220 4208 4218 4219)
4(4130 4116 4207 4221)
4(4130 4221 4220 4129)
4(4221 4207 4208 4220)
4(4131 4118 4209 4222)
4(4131 4222 4221 4130)
4(4222 4209 4207 4221)
4(4132 4119 4210 4223)
4(4132 4223 4222 4131)
4(4223 4210 4209 4222)
4(4132 4105 4196 4223)
4(4223 4196 4199 4210)
4(4133 4120 4211 4224)
4(4133 4224 4197 4106)
4(4224 4211 4199 4197)
4(4134 4121 4212 4225)
4(4134 4225 4224 4133)
4(4225 4212 4211 4224)
4(4135 4226 4225 4134)
4(4135 4123 4214 4226)
4(4226 4214 4212 4225)
4(4136 4122 4213 4227)
4(4137 4228 4214 4123)
4(4137 4136 4227 4228)
4(4228 4227 4213 4214)
4(4139 4122 4213 4230)
4(4136 4138 4229 4227)
4(4139 4230 4229 4138)
4(4227 4229 4230 4213)
4(4140 4124 4215 4231)
4(4140 4231 4230 4139)
4(4231 4215 4213 4230)
4(4141 4125 4216 4232)
4(4141 4232 4231 4140)
4(4232 4216 4215 4231)
4(4097 4188 4232 4141)
4(4188 4189 4216 4232)
4(4142 4126 4217 4233)
4(4142 4233 4191 4100)
4(4233 4217 4190 4191)
4(4143 4127 4218 4234)
4(4143 4234 4233 4142)
4(4234 4218 4217 4233)
4(4144 4128 4219 4235)
4(4144 4235 4234 4143)
4(4235 4219 4218 4234)
4(4146 4128 4219 4237)
4(4145 4236 4235 4144)
4(4146 4237 4236 4145)
4(4237 4219 4235 4236)
4(4147 4129 4220 4238)
4(4147 4238 4237 4146)
4(4238 4220 4219 4237)
4(4148 4130 4221 4239)
4(4148 4239 4238 4147)
4(4239 4221 4220 4238)
4(4150 4130 4221 4241)
4(4149 4240 4239 4148)
4(4150 4241 4240 4149)
4(4241 4221 4239 4240)
4(4151 4131 4222 4242)
4(4151 4242 4241 4150)
4(4242 4222 4221 4241)
4(4152 4132 4223 4243)
4(4152 4243 4242 4151)
4(4243 4223 4222 4242)
4(4104 4195 4243 4152)
4(4195 4196 4223 4243)
4(4153 4133 4224 4244)
4(4153 4244 4198 4107)
4(4244 4224 4197 4198)
4(4154 4134 4225 4245)
4(4154 4245 4244 4153)
4(4245 4225 4224 4244)
4(4155 4135 4226 4246)
4(4155 4246 4245 4154)
4(4246 4226 4225 4245)
4(4157 4135 4226 4248)
4(4156 4247 4246 4155)
4(4157 4248 4247 4156)
4(4248 4226 4246 4247)
4(4137 4228 4248 4157)
4(4228 4214 4226 4248)
4(4158 4138 4229 4249)
4(4159 4250 4227 4136)
4(4249 4229 4227 4250)
4(4160 4139 4230 4251)
4(4251 4230 4229 4249)
4(4161 4140 4231 4252)
4(4252 4231 4230 4251)
4(4162 4141 4232 4253)
4(4253 4232 4231 4252)
4(4163 4097 4188 4254)
4(4254 4188 4232 4253)
4(4164 4096 4187 4255)
4(4255 4187 4188 4254)
4(4165 4100 4191 4256)
4(4256 4191 4187 4255)
4(4166 4142 4233 4257)
4(4257 4233 4191 4256)
4(4167 4143 4234 4258)
4(4258 4234 4233 4257)
4(4168 4144 4235 4259)
4(4259 4235 4234 4258)
4(4169 4145 4236 4260)
4(4260 4236 4235 4259)
4(4170 4146 4237 4261)
4(4261 4237 4236 4260)
4(4171 4147 4238 4262)
4(4262 4238 4237 4261)
4(4172 4148 4239 4263)
4(4263 4239 4238 4262)
4(4173 4149 4240 4264)
4(4263 4264 4240 4239)
4(4174 4150 4241 4265)
4(4265 4241 4240 4264)
4(4175 4151 4242 4266)
4(4266 4242 4241 4265)
4(4176 4152 4243 4267)
4(4267 4243 4242 4266)
4(4177 4104 4195 4268)
4(4268 4195 4243 4267)
4(4178 4103 4194 4269)
4(4269 4194 4195 4268)
4(4179 4107 4198 4270)
4(4270 4198 4194 4269)
4(4180 4153 4244 4271)
4(4271 4244 4198 4270)
4(4181 4154 4245 4272)
4(4272 4245 4244 4271)
4(4182 4155 4246 4273)
4(4273 4246 4245 4272)
4(4183 4156 4247 4274)
4(4274 4247 4246 4273)
4(4184 4157 4248 4275)
4(4275 4248 4247 4274)
4(4185 4137 4228 4276)
4(4276 4228 4248 4275)
4(4250 4227 4228 4276)
4(4187 4186 4277 4278)
4(4189 4280 4277 4186)
4(4188 4279 4280 4189)
4(4187 4278 4279 4188)
4(4278 4277 4280 4279)
4(4190 4186 4277 4281)
4(4191 4190 4281 4282)
4(4191 4282 4278 4187)
4(4282 4281 4277 4278)
4(4189 4280 4283 4192)
4(4190 4192 4283 4281)
4(4281 4283 4280 4277)
4(4194 4193 4284 4285)
4(4196 4287 4284 4193)
4(4195 4286 4287 4196)
4(4194 4285 4286 4195)
4(4285 4284 4287 4286)
4(4197 4193 4284 4288)
4(4198 4197 4288 4289)
4(4198 4289 4285 4194)
4(4289 4288 4284 4285)
4(4196 4287 4290 4199)
4(4197 4199 4290 4288)
4(4288 4290 4287 4284)
4(4203 4294 4291 4200)
4(4202 4201 4292 4293)
4(4200 4291 4292 4201)
4(4202 4293 4294 4203)
4(4293 4292 4291 4294)
4(4205 4296 4291 4200)
4(4204 4295 4296 4205)
4(4203 4294 4295 4204)
4(4294 4291 4296 4295)
4(4206 4201 4292 4297)
4(4192 4283 4293 4202)
4(4206 4297 4283 4192)
4(4297 4292 4293 4283)
4(4207 4201 4292 4298)
4(4208 4299 4297 4206)
4(4207 4298 4299 4208)
4(4298 4292 4297 4299)
4(4209 4200 4291 4300)
4(4209 4300 4298 4207)
4(4300 4291 4292 4298)
4(4210 4205 4296 4301)
4(4210 4301 4300 4209)
4(4301 4296 4291 4300)
4(4211 4205 4296 4302)
4(4199 4290 4301 4210)
4(4211 4302 4290 4199)
4(4302 4296 4301 4290)
4(4212 4204 4295 4303)
4(4212 4303 4302 4211)
4(4303 4295 4296 4302)
4(4213 4204 4295 4304)
4(4214 4305 4303 4212)
4(4214 4213 4304 4305)
4(4305 4304 4295 4303)
4(4215 4203 4294 4306)
4(4215 4306 4304 4213)
4(4306 4294 4295 4304)
4(4216 4202 4293 4307)
4(4216 4307 4306 4215)
4(4307 4293 4294 4306)
4(4216 4189 4280 4307)
4(4307 4280 4283 4293)
4(4217 4206 4297 4308)
4(4217 4308 4281 4190)
4(4308 4297 4283 4281)
4(4218 4208 4299 4309)
4(4218 4309 4308 4217)
4(4309 4299 4297 4308)
4(4220 4208 4299 4311)
4(4219 4310 4309 4218)
4(4220 4311 4310 4219)
4(4311 4299 4309 4310)
4(4221 4207 4298 4312)
4(4221 4312 4311 4220)
4(4312 4298 4299 4311)
4(4222 4209 4300 4313)
4(4222 4313 4312 4221)
4(4313 4300 4298 4312)
4(4223 4210 4301 4314)
4(4223 4314 4313 4222)
4(4314 4301 4300 4313)
4(4223 4196 4287 4314)
4(4314 4287 4290 4301)
4(4224 4211 4302 4315)
4(4224 4315 4288 4197)
4(4315 4302 4290 4288)
4(4225 4212 4303 4316)
4(4225 4316 4315 4224)
4(4316 4303 4302 4315)
4(4226 4317 4316 4225)
4(4226 4214 4305 4317)
4(4317 4305 4303 4316)
4(4227 4213 4304 4318)
4(4228 4319 4305 4214)
4(4228 4227 4318 4319)
4(4319 4318 4304 4305)
4(4230 4213 4304 4321)
4(4227 4229 4320 4318)
4(4230 4321 4320 4229)
4(4318 4320 4321 4304)
4(4231 4215 4306 4322)
4(4231 4322 4321 4230)
4(4322 4306 4304 4321)
4(4232 4216 4307 4323)
4(4232 4323 4322 4231)
4(4323 4307 4306 4322)
4(4188 4279 4323 4232)
4(4279 4280 4307 4323)
4(4233 4217 4308 4324)
4(4233 4324 4282 4191)
4(4324 4308 4281 4282)
4(4234 4218 4309 4325)
4(4234 4325 4324 4233)
4(4325 4309 4308 4324)
4(4235 4219 4310 4326)
4(4235 4326 4325 4234)
4(4326 4310 4309 4325)
4(4237 4219 4310 4328)
4(4236 4327 4326 4235)
4(4237 4328 4327 4236)
4(4328 4310 4326 4327)
4(4238 4220 4311 4329)
4(4238 4329 4328 4237)
4(4329 4311 4310 4328)
4(4239 4221 4312 4330)
4(4239 4330 4329 4238)
4(4330 4312 4311 4329)
4(4241 4221 4312 4332)
4(4240 4331 4330 4239)
4(4241 4332 4331 4240)
4(4332 4312 4330 4331)
4(4242 4222 4313 4333)
4(4242 4333 4332 4241)
4(4333 4313 4312 4332)
4(4243 4223 4314 4334)
4(4243 4334 4333 4242)
4(4334 4314 4313 4333)
4(4195 4286 4334 4243)
4(4286 4287 4314 4334)
4(4244 4224 4315 4335)
4(4244 4335 4289 4198)
4(4335 4315 4288 4289)
4(4245 4225 4316 4336)
4(4245 4336 4335 4244)
4(4336 4316 4315 4335)
4(4246 4226 4317 4337)
4(4246 4337 4336 4245)
4(4337 4317 4316 4336)
4(4248 4226 4317 4339)
4(4247 4338 4337 4246)
4(4248 4339 4338 4247)
4(4339 4317 4337 4338)
4(4228 4319 4339 4248)
4(4319 4305 4317 4339)
4(4249 4229 4320 4340)
4(4250 4341 4318 4227)
4(4340 4320 4318 4341)
4(4251 4230 4321 4342)
4(4342 4321 4320 4340)
4(4252 4231 4322 4343)
4(4343 4322 4321 4342)
4(4253 4232 4323 4344)
4(4344 4323 4322 4343)
4(4254 4188 4279 4345)
4(4345 4279 4323 4344)
4(4255 4187 4278 4346)
4(4346 4278 4279 4345)
4(4256 4191 4282 4347)
4(4347 4282 4278 4346)
4(4257 4233 4324 4348)
4(4348 4324 4282 4347)
4(4258 4234 4325 4349)
4(4349 4325 4324 4348)
4(4259 4235 4326 4350)
4(4350 4326 4325 4349)
4(4260 4236 4327 4351)
4(4351 4327 4326 4350)
4(4261 4237 4328 4352)
4(4352 4328 4327 4351)
4(4262 4238 4329 4353)
4(4353 4329 4328 4352)
4(4263 4239 4330 4354)
4(4354 4330 4329 4353)
4(4264 4240 4331 4355)
4(4354 4355 4331 4330)
4(4265 4241 4332 4356)
4(4356 4332 4331 4355)
4(4266 4242 4333 4357)
4(4357 4333 4332 4356)
4(4267 4243 4334 4358)
4(4358 4334 4333 4357)
4(4268 4195 4286 4359)
4(4359 4286 4334 4358)
4(4269 4194 4285 4360)
4(4360 4285 4286 4359)
4(4270 4198 4289 4361)
4(4361 4289 4285 4360)
4(4271 4244 4335 4362)
4(4362 4335 4289 4361)
4(4272 4245 4336 4363)
4(4363 4336 4335 4362)
4(4273 4246 4337 4364)
4(4364 4337 4336 4363)
4(4274 4247 4338 4365)
4(4365 4338 4337 4364)
4(4275 4248 4339 4366)
4(4366 4339 4338 4365)
4(4276 4228 4319 4367)
4(4367 4319 4339 4366)
4(4341 4318 4319 4367)
4(4278 4277 4368 4369)
4(4280 4371 4368 4277)
4(4279 4370 4371 4280)
4(4278 4369 4370 4279)
4(4369 4368 4371 4370)
4(4281 4277 4368 4372)
4(4282 4281 4372 4373)
4(4282 4373 4369 4278)
4(4373 4372 4368 4369)
4(4280 4371 4374 4283)
4(4281 4283 4374 4372)
4(4372 4374 4371 4368)
4(4285 4284 4375 4376)
4(4287 4378 4375 4284)
4(4286 4377 4378 4287)
4(4285 4376 4377 4286)
4(4376 4375 4378 4377)
4(4288 4284 4375 4379)
4(4289 4288 4379 4380)
4(4289 4380 4376 4285)
4(4380 4379 4375 4376)
4(4287 4378 4381 4290)
4(4288 4290 4381 4379)
4(4379 4381 4378 4375)
4(4294 4385 4382 4291)
4(4293 4292 4383 4384)
4(4291 4382 4383 4292)
4(4293 4384 4385 4294)
4(4384 4383 4382 4385)
4(4296 4387 4382 4291)
4(4295 4386 4387 4296)
4(4294 4385 4386 4295)
4(4385 4382 4387 4386)
4(4297 4292 4383 4388)
4(4283 4374 4384 4293)
4(4297 4388 4374 4283)
4(4388 4383 4384 4374)
4(4298 4292 4383 4389)
4(4299 4390 4388 4297)
4(4298 4389 4390 4299)
4(4389 4383 4388 4390)
4(4300 4291 4382 4391)
4(4300 4391 4389 4298)
4(4391 4382 4383 4389)
4(4301 4296 4387 4392)
4(4301 4392 4391 4300)
4(4392 4387 4382 4391)
4(4302 4296 4387 4393)
4(4290 4381 4392 4301)
4(4302 4393 4381 4290)
4(4393 4387 4392 4381)
4(4303 4295 4386 4394)
4(4303 4394 4393 4302)
4(4394 4386 4387 4393)
4(4304 4295 4386 4395)
4(4305 4396 4394 4303)
4(4305 4304 4395 4396)
4(4396 4395 4386 4394)
4(4306 4294 4385 4397)
4(4306 4397 4395 4304)
4(4397 4385 4386 4395)
4(4307 4293 4384 4398)
4(4307 4398 4397 4306)
4(4398 4384 4385 4397)
4(4307 4280 4371 4398)
4(4398 4371 4374 4384)
4(4308 4297 4388 4399)
4(4308 4399 4372 4281)
4(4399 4388 4374 4372)
4(4309 4299 4390 4400)
4(4309 4400 4399 4308)
4(4400 4390 4388 4399)
4(4311 4299 4390 4402)
4(4310 4401 4400 4309)
4(4311 4402 4401 4310)
4(4402 4390 4400 4401)
4(4312 4298 4389 4403)
4(4312 4403 4402 4311)
4(4403 4389 4390 4402)
4(4313 4300 4391 4404)
4(4313 4404 4403 4312)
4(4404 4391 4389 4403)
4(4314 4301 4392 4405)
4(4314 4405 4404 4313)
4(4405 4392 4391 4404)
4(4314 4287 4378 4405)
4(4405 4378 4381 4392)
4(4315 4302 4393 4406)
4(4315 4406 4379 4288)
4(4406 4393 4381 4379)
4(4316 4303 4394 4407)
4(4316 4407 4406 4315)
4(4407 4394 4393 4406)
4(4317 4408 4407 4316)
4(4317 4305 4396 4408)
4(4408 4396 4394 4407)
4(4318 4304 4395 4409)
4(4319 4410 4396 4305)
4(4319 4318 4409 4410)
4(4410 4409 4395 4396)
4(4321 4304 4395 4412)
4(4318 4320 4411 4409)
4(4321 4412 4411 4320)
4(4409 4411 4412 4395)
4(4322 4306 4397 4413)
4(4322 4413 4412 4321)
4(4413 4397 4395 4412)
4(4323 4307 4398 4414)
4(4323 4414 4413 4322)
4(4414 4398 4397 4413)
4(4279 4370 4414 4323)
4(4370 4371 4398 4414)
4(4324 4308 4399 4415)
4(4324 4415 4373 4282)
4(4415 4399 4372 4373)
4(4325 4309 4400 4416)
4(4325 4416 4415 4324)
4(4416 4400 4399 4415)
4(4326 4310 4401 4417)
4(4326 4417 4416 4325)
4(4417 4401 4400 4416)
4(4328 4310 4401 4419)
4(4327 4418 4417 4326)
4(4328 4419 4418 4327)
4(4419 4401 4417 4418)
4(4329 4311 4402 4420)
4(4329 4420 4419 4328)
4(4420 4402 4401 4419)
4(4330 4312 4403 4421)
4(4330 4421 4420 4329)
4(4421 4403 4402 4420)
4(4332 4312 4403 4423)
4(4331 4422 4421 4330)
4(4332 4423 4422 4331)
4(4423 4403 4421 4422)
4(4333 4313 4404 4424)
4(4333 4424 4423 4332)
4(4424 4404 4403 4423)
4(4334 4314 4405 4425)
4(4334 4425 4424 4333)
4(4425 4405 4404 4424)
4(4286 4377 4425 4334)
4(4377 4378 4405 4425)
4(4335 4315 4406 4426)
4(4335 4426 4380 4289)
4(4426 4406 4379 4380)
4(4336 4316 4407 4427)
4(4336 4427 4426 4335)
4(4427 4407 4406 4426)
4(4337 4317 4408 4428)
4(4337 4428 4427 4336)
4(4428 4408 4407 4427)
4(4339 4317 4408 4430)
4(4338 4429 4428 4337)
4(4339 4430 4429 4338)
4(4430 4408 4428 4429)
4(4319 4410 4430 4339)
4(4410 4396 4408 4430)
4(4340 4320 4411 4431)
4(4341 4432 4409 4318)
4(4431 4411 4409 4432)
4(4342 4321 4412 4433)
4(4433 4412 4411 4431)
4(4343 4322 4413 4434)
4(4434 4413 4412 4433)
4(4344 4323 4414 4435)
4(4435 4414 4413 4434)
4(4345 4279 4370 4436)
4(4436 4370 4414 4435)
4(4346 4278 4369 4437)
4(4437 4369 4370 4436)
4(4347 4282 4373 4438)
4(4438 4373 4369 4437)
4(4348 4324 4415 4439)
4(4439 4415 4373 4438)
4(4349 4325 4416 4440)
4(4440 4416 4415 4439)
4(4350 4326 4417 4441)
4(4441 4417 4416 4440)
4(4351 4327 4418 4442)
4(4442 4418 4417 4441)
4(4352 4328 4419 4443)
4(4443 4419 4418 4442)
4(4353 4329 4420 4444)
4(4444 4420 4419 4443)
4(4354 4330 4421 4445)
4(4445 4421 4420 4444)
4(4355 4331 4422 4446)
4(4445 4446 4422 4421)
4(4356 4332 4423 4447)
4(4447 4423 4422 4446)
4(4357 4333 4424 4448)
4(4448 4424 4423 4447)
4(4358 4334 4425 4449)
4(4449 4425 4424 4448)
4(4359 4286 4377 4450)
4(4450 4377 4425 4449)
4(4360 4285 4376 4451)
4(4451 4376 4377 4450)
4(4361 4289 4380 4452)
4(4452 4380 4376 4451)
4(4362 4335 4426 4453)
4(4453 4426 4380 4452)
4(4363 4336 4427 4454)
4(4454 4427 4426 4453)
4(4364 4337 4428 4455)
4(4455 4428 4427 4454)
4(4365 4338 4429 4456)
4(4456 4429 4428 4455)
4(4366 4339 4430 4457)
4(4457 4430 4429 4456)
4(4367 4319 4410 4458)
4(4458 4410 4430 4457)
4(4432 4409 4410 4458)
4(4369 4368 4459 4460)
4(4371 4462 4459 4368)
4(4370 4461 4462 4371)
4(4369 4460 4461 4370)
4(4460 4459 4462 4461)
4(4372 4368 4459 4463)
4(4373 4372 4463 4464)
4(4373 4464 4460 4369)
4(4464 4463 4459 4460)
4(4371 4462 4465 4374)
4(4372 4374 4465 4463)
4(4463 4465 4462 4459)
4(4376 4375 4466 4467)
4(4378 4469 4466 4375)
4(4377 4468 4469 4378)
4(4376 4467 4468 4377)
4(4467 4466 4469 4468)
4(4379 4375 4466 4470)
4(4380 4379 4470 4471)
4(4380 4471 4467 4376)
4(4471 4470 4466 4467)
4(4378 4469 4472 4381)
4(4379 4381 4472 4470)
4(4470 4472 4469 4466)
4(4385 4476 4473 4382)
4(4384 4383 4474 4475)
4(4382 4473 4474 4383)
4(4384 4475 4476 4385)
4(4475 4474 4473 4476)
4(4387 4478 4473 4382)
4(4386 4477 4478 4387)
4(4385 4476 4477 4386)
4(4476 4473 4478 4477)
4(4388 4383 4474 4479)
4(4374 4465 4475 4384)
4(4388 4479 4465 4374)
4(4479 4474 4475 4465)
4(4389 4383 4474 4480)
4(4390 4481 4479 4388)
4(4389 4480 4481 4390)
4(4480 4474 4479 4481)
4(4391 4382 4473 4482)
4(4391 4482 4480 4389)
4(4482 4473 4474 4480)
4(4392 4387 4478 4483)
4(4392 4483 4482 4391)
4(4483 4478 4473 4482)
4(4393 4387 4478 4484)
4(4381 4472 4483 4392)
4(4393 4484 4472 4381)
4(4484 4478 4483 4472)
4(4394 4386 4477 4485)
4(4394 4485 4484 4393)
4(4485 4477 4478 4484)
4(4395 4386 4477 4486)
4(4396 4487 4485 4394)
4(4396 4395 4486 4487)
4(4487 4486 4477 4485)
4(4397 4385 4476 4488)
4(4397 4488 4486 4395)
4(4488 4476 4477 4486)
4(4398 4384 4475 4489)
4(4398 4489 4488 4397)
4(4489 4475 4476 4488)
4(4398 4371 4462 4489)
4(4489 4462 4465 4475)
4(4399 4388 4479 4490)
4(4399 4490 4463 4372)
4(4490 4479 4465 4463)
4(4400 4390 4481 4491)
4(4400 4491 4490 4399)
4(4491 4481 4479 4490)
4(4402 4390 4481 4493)
4(4401 4492 4491 4400)
4(4402 4493 4492 4401)
4(4493 4481 4491 4492)
4(4403 4389 4480 4494)
4(4403 4494 4493 4402)
4(4494 4480 4481 4493)
4(4404 4391 4482 4495)
4(4404 4495 4494 4403)
4(4495 4482 4480 4494)
4(4405 4392 4483 4496)
4(4405 4496 4495 4404)
4(4496 4483 4482 4495)
4(4405 4378 4469 4496)
4(4496 4469 4472 4483)
4(4406 4393 4484 4497)
4(4406 4497 4470 4379)
4(4497 4484 4472 4470)
4(4407 4394 4485 4498)
4(4407 4498 4497 4406)
4(4498 4485 4484 4497)
4(4408 4499 4498 4407)
4(4408 4396 4487 4499)
4(4499 4487 4485 4498)
4(4409 4395 4486 4500)
4(4410 4501 4487 4396)
4(4410 4409 4500 4501)
4(4501 4500 4486 4487)
4(4412 4395 4486 4503)
4(4409 4411 4502 4500)
4(4412 4503 4502 4411)
4(4500 4502 4503 4486)
4(4413 4397 4488 4504)
4(4413 4504 4503 4412)
4(4504 4488 4486 4503)
4(4414 4398 4489 4505)
4(4414 4505 4504 4413)
4(4505 4489 4488 4504)
4(4370 4461 4505 4414)
4(4461 4462 4489 4505)
4(4415 4399 4490 4506)
4(4415 4506 4464 4373)
4(4506 4490 4463 4464)
4(4416 4400 4491 4507)
4(4416 4507 4506 4415)
4(4507 4491 4490 4506)
4(4417 4401 4492 4508)
4(4417 4508 4507 4416)
4(4508 4492 4491 4507)
4(4419 4401 4492 4510)
4(4418 4509 4508 4417)
4(4419 4510 4509 4418)
4(4510 4492 4508 4509)
4(4420 4402 4493 4511)
4(4420 4511 4510 4419)
4(4511 4493 4492 4510)
4(4421 4403 4494 4512)
4(4421 4512 4511 4420)
4(4512 4494 4493 4511)
4(4423 4403 4494 4514)
4(4422 4513 4512 4421)
4(4423 4514 4513 4422)
4(4514 4494 4512 4513)
4(4424 4404 4495 4515)
4(4424 4515 4514 4423)
4(4515 4495 4494 4514)
4(4425 4405 4496 4516)
4(4425 4516 4515 4424)
4(4516 4496 4495 4515)
4(4377 4468 4516 4425)
4(4468 4469 4496 4516)
4(4426 4406 4497 4517)
4(4426 4517 4471 4380)
4(4517 4497 4470 4471)
4(4427 4407 4498 4518)
4(4427 4518 4517 4426)
4(4518 4498 4497 4517)
4(4428 4408 4499 4519)
4(4428 4519 4518 4427)
4(4519 4499 4498 4518)
4(4430 4408 4499 4521)
4(4429 4520 4519 4428)
4(4430 4521 4520 4429)
4(4521 4499 4519 4520)
4(4410 4501 4521 4430)
4(4501 4487 4499 4521)
4(4431 4411 4502 4522)
4(4432 4523 4500 4409)
4(4522 4502 4500 4523)
4(4433 4412 4503 4524)
4(4524 4503 4502 4522)
4(4434 4413 4504 4525)
4(4525 4504 4503 4524)
4(4435 4414 4505 4526)
4(4526 4505 4504 4525)
4(4436 4370 4461 4527)
4(4527 4461 4505 4526)
4(4437 4369 4460 4528)
4(4528 4460 4461 4527)
4(4438 4373 4464 4529)
4(4529 4464 4460 4528)
4(4439 4415 4506 4530)
4(4530 4506 4464 4529)
4(4440 4416 4507 4531)
4(4531 4507 4506 4530)
4(4441 4417 4508 4532)
4(4532 4508 4507 4531)
4(4442 4418 4509 4533)
4(4533 4509 4508 4532)
4(4443 4419 4510 4534)
4(4534 4510 4509 4533)
4(4444 4420 4511 4535)
4(4535 4511 4510 4534)
4(4445 4421 4512 4536)
4(4536 4512 4511 4535)
4(4446 4422 4513 4537)
4(4536 4537 4513 4512)
4(4447 4423 4514 4538)
4(4538 4514 4513 4537)
4(4448 4424 4515 4539)
4(4539 4515 4514 4538)
4(4449 4425 4516 4540)
4(4540 4516 4515 4539)
4(4450 4377 4468 4541)
4(4541 4468 4516 4540)
4(4451 4376 4467 4542)
4(4542 4467 4468 4541)
4(4452 4380 4471 4543)
4(4543 4471 4467 4542)
4(4453 4426 4517 4544)
4(4544 4517 4471 4543)
4(4454 4427 4518 4545)
4(4545 4518 4517 4544)
4(4455 4428 4519 4546)
4(4546 4519 4518 4545)
4(4456 4429 4520 4547)
4(4547 4520 4519 4546)
4(4457 4430 4521 4548)
4(4548 4521 4520 4547)
4(4458 4410 4501 4549)
4(4549 4501 4521 4548)
4(4523 4500 4501 4549)
4(4460 4459 4550 4551)
4(4462 4553 4550 4459)
4(4461 4552 4553 4462)
4(4460 4551 4552 4461)
4(4551 4550 4553 4552)
4(4463 4459 4550 4554)
4(4464 4463 4554 4555)
4(4464 4555 4551 4460)
4(4555 4554 4550 4551)
4(4462 4553 4556 4465)
4(4463 4465 4556 4554)
4(4554 4556 4553 4550)
4(4467 4466 4557 4558)
4(4469 4560 4557 4466)
4(4468 4559 4560 4469)
4(4467 4558 4559 4468)
4(4558 4557 4560 4559)
4(4470 4466 4557 4561)
4(4471 4470 4561 4562)
4(4471 4562 4558 4467)
4(4562 4561 4557 4558)
4(4469 4560 4563 4472)
4(4470 4472 4563 4561)
4(4561 4563 4560 4557)
4(4476 4567 4564 4473)
4(4475 4474 4565 4566)
4(4473 4564 4565 4474)
4(4475 4566 4567 4476)
4(4566 4565 4564 4567)
4(4478 4569 4564 4473)
4(4477 4568 4569 4478)
4(4476 4567 4568 4477)
4(4567 4564 4569 4568)
4(4479 4474 4565 4570)
4(4465 4556 4566 4475)
4(4479 4570 4556 4465)
4(4570 4565 4566 4556)
4(4480 4474 4565 4571)
4(4481 4572 4570 4479)
4(4480 4571 4572 4481)
4(4571 4565 4570 4572)
4(4482 4473 4564 4573)
4(4482 4573 4571 4480)
4(4573 4564 4565 4571)
4(4483 4478 4569 4574)
4(4483 4574 4573 4482)
4(4574 4569 4564 4573)
4(4484 4478 4569 4575)
4(4472 4563 4574 4483)
4(4484 4575 4563 4472)
4(4575 4569 4574 4563)
4(4485 4477 4568 4576)
4(4485 4576 4575 4484)
4(4576 4568 4569 4575)
4(4486 4477 4568 4577)
4(4487 4578 4576 4485)
4(4487 4486 4577 4578)
4(4578 4577 4568 4576)
4(4488 4476 4567 4579)
4(4488 4579 4577 4486)
4(4579 4567 4568 4577)
4(4489 4475 4566 4580)
4(4489 4580 4579 4488)
4(4580 4566 4567 4579)
4(4489 4462 4553 4580)
4(4580 4553 4556 4566)
4(4490 4479 4570 4581)
4(4490 4581 4554 4463)
4(4581 4570 4556 4554)
4(4491 4481 4572 4582)
4(4491 4582 4581 4490)
4(4582 4572 4570 4581)
4(4493 4481 4572 4584)
4(4492 4583 4582 4491)
4(4493 4584 4583 4492)
4(4584 4572 4582 4583)
4(4494 4480 4571 4585)
4(4494 4585 4584 4493)
4(4585 4571 4572 4584)
4(4495 4482 4573 4586)
4(4495 4586 4585 4494)
4(4586 4573 4571 4585)
4(4496 4483 4574 4587)
4(4496 4587 4586 4495)
4(4587 4574 4573 4586)
4(4496 4469 4560 4587)
4(4587 4560 4563 4574)
4(4497 4484 4575 4588)
4(4497 4588 4561 4470)
4(4588 4575 4563 4561)
4(4498 4485 4576 4589)
4(4498 4589 4588 4497)
4(4589 4576 4575 4588)
4(4499 4590 4589 4498)
4(4499 4487 4578 4590)
4(4590 4578 4576 4589)
4(4500 4486 4577 4591)
4(4501 4592 4578 4487)
4(4501 4500 4591 4592)
4(4592 4591 4577 4578)
4(4503 4486 4577 4594)
4(4500 4502 4593 4591)
4(4503 4594 4593 4502)
4(4591 4593 4594 4577)
4(4504 4488 4579 4595)
4(4504 4595 4594 4503)
4(4595 4579 4577 4594)
4(4505 4489 4580 4596)
4(4505 4596 4595 4504)
4(4596 4580 4579 4595)
4(4461 4552 4596 4505)
4(4552 4553 4580 4596)
4(4506 4490 4581 4597)
4(4506 4597 4555 4464)
4(4597 4581 4554 4555)
4(4507 4491 4582 4598)
4(4507 4598 4597 4506)
4(4598 4582 4581 4597)
4(4508 4492 4583 4599)
4(4508 4599 4598 4507)
4(4599 4583 4582 4598)
4(4510 4492 4583 4601)
4(4509 4600 4599 4508)
4(4510 4601 4600 4509)
4(4601 4583 4599 4600)
4(4511 4493 4584 4602)
4(4511 4602 4601 4510)
4(4602 4584 4583 4601)
4(4512 4494 4585 4603)
4(4512 4603 4602 4511)
4(4603 4585 4584 4602)
4(4514 4494 4585 4605)
4(4513 4604 4603 4512)
4(4514 4605 4604 4513)
4(4605 4585 4603 4604)
4(4515 4495 4586 4606)
4(4515 4606 4605 4514)
4(4606 4586 4585 4605)
4(4516 4496 4587 4607)
4(4516 4607 4606 4515)
4(4607 4587 4586 4606)
4(4468 4559 4607 4516)
4(4559 4560 4587 4607)
4(4517 4497 4588 4608)
4(4517 4608 4562 4471)
4(4608 4588 4561 4562)
4(4518 4498 4589 4609)
4(4518 4609 4608 4517)
4(4609 4589 4588 4608)
4(4519 4499 4590 4610)
4(4519 4610 4609 4518)
4(4610 4590 4589 4609)
4(4521 4499 4590 4612)
4(4520 4611 4610 4519)
4(4521 4612 4611 4520)
4(4612 4590 4610 4611)
4(4501 4592 4612 4521)
4(4592 4578 4590 4612)
4(4522 4502 4593 4613)
4(4523 4614 4591 4500)
4(4613 4593 4591 4614)
4(4524 4503 4594 4615)
4(4615 4594 4593 4613)
4(4525 4504 4595 4616)
4(4616 4595 4594 4615)
4(4526 4505 4596 4617)
4(4617 4596 4595 4616)
4(4527 4461 4552 4618)
4(4618 4552 4596 4617)
4(4528 4460 4551 4619)
4(4619 4551 4552 4618)
4(4529 4464 4555 4620)
4(4620 4555 4551 4619)
4(4530 4506 4597 4621)
4(4621 4597 4555 4620)
4(4531 4507 4598 4622)
4(4622 4598 4597 4621)
4(4532 4508 4599 4623)
4(4623 4599 4598 4622)
4(4533 4509 4600 4624)
4(4624 4600 4599 4623)
4(4534 4510 4601 4625)
4(4625 4601 4600 4624)
4(4535 4511 4602 4626)
4(4626 4602 4601 4625)
4(4536 4512 4603 4627)
4(4627 4603 4602 4626)
4(4537 4513 4604 4628)
4(4627 4628 4604 4603)
4(4538 4514 4605 4629)
4(4629 4605 4604 4628)
4(4539 4515 4606 4630)
4(4630 4606 4605 4629)
4(4540 4516 4607 4631)
4(4631 4607 4606 4630)
4(4541 4468 4559 4632)
4(4632 4559 4607 4631)
4(4542 4467 4558 4633)
4(4633 4558 4559 4632)
4(4543 4471 4562 4634)
4(4634 4562 4558 4633)
4(4544 4517 4608 4635)
4(4635 4608 4562 4634)
4(4545 4518 4609 4636)
4(4636 4609 4608 4635)
4(4546 4519 4610 4637)
4(4637 4610 4609 4636)
4(4547 4520 4611 4638)
4(4638 4611 4610 4637)
4(4548 4521 4612 4639)
4(4639 4612 4611 4638)
4(4549 4501 4592 4640)
4(4640 4592 4612 4639)
4(4614 4591 4592 4640)
4(4551 4550 4641 4642)
4(4553 4644 4641 4550)
4(4552 4643 4644 4553)
4(4551 4642 4643 4552)
4(4642 4641 4644 4643)
4(4554 4550 4641 4645)
4(4555 4554 4645 4646)
4(4555 4646 4642 4551)
4(4646 4645 4641 4642)
4(4553 4644 4647 4556)
4(4554 4556 4647 4645)
4(4645 4647 4644 4641)
4(4558 4557 4648 4649)
4(4560 4651 4648 4557)
4(4559 4650 4651 4560)
4(4558 4649 4650 4559)
4(4649 4648 4651 4650)
4(4561 4557 4648 4652)
4(4562 4561 4652 4653)
4(4562 4653 4649 4558)
4(4653 4652 4648 4649)
4(4560 4651 4654 4563)
4(4561 4563 4654 4652)
4(4652 4654 4651 4648)
4(4567 4658 4655 4564)
4(4566 4565 4656 4657)
4(4564 4655 4656 4565)
4(4566 4657 4658 4567)
4(4657 4656 4655 4658)
4(4569 4660 4655 4564)
4(4568 4659 4660 4569)
4(4567 4658 4659 4568)
4(4658 4655 4660 4659)
4(4570 4565 4656 4661)
4(4556 4647 4657 4566)
4(4570 4661 4647 4556)
4(4661 4656 4657 4647)
4(4571 4565 4656 4662)
4(4572 4663 4661 4570)
4(4571 4662 4663 4572)
4(4662 4656 4661 4663)
4(4573 4564 4655 4664)
4(4573 4664 4662 4571)
4(4664 4655 4656 4662)
4(4574 4569 4660 4665)
4(4574 4665 4664 4573)
4(4665 4660 4655 4664)
4(4575 4569 4660 4666)
4(4563 4654 4665 4574)
4(4575 4666 4654 4563)
4(4666 4660 4665 4654)
4(4576 4568 4659 4667)
4(4576 4667 4666 4575)
4(4667 4659 4660 4666)
4(4577 4568 4659 4668)
4(4578 4669 4667 4576)
4(4578 4577 4668 4669)
4(4669 4668 4659 4667)
4(4579 4567 4658 4670)
4(4579 4670 4668 4577)
4(4670 4658 4659 4668)
4(4580 4566 4657 4671)
4(4580 4671 4670 4579)
4(4671 4657 4658 4670)
4(4580 4553 4644 4671)
4(4671 4644 4647 4657)
4(4581 4570 4661 4672)
4(4581 4672 4645 4554)
4(4672 4661 4647 4645)
4(4582 4572 4663 4673)
4(4582 4673 4672 4581)
4(4673 4663 4661 4672)
4(4584 4572 4663 4675)
4(4583 4674 4673 4582)
4(4584 4675 4674 4583)
4(4675 4663 4673 4674)
4(4585 4571 4662 4676)
4(4585 4676 4675 4584)
4(4676 4662 4663 4675)
4(4586 4573 4664 4677)
4(4586 4677 4676 4585)
4(4677 4664 4662 4676)
4(4587 4574 4665 4678)
4(4587 4678 4677 4586)
4(4678 4665 4664 4677)
4(4587 4560 4651 4678)
4(4678 4651 4654 4665)
4(4588 4575 4666 4679)
4(4588 4679 4652 4561)
4(4679 4666 4654 4652)
4(4589 4576 4667 4680)
4(4589 4680 4679 4588)
4(4680 4667 4666 4679)
4(4590 4681 4680 4589)
4(4590 4578 4669 4681)
4(4681 4669 4667 4680)
4(4591 4577 4668 4682)
4(4592 4683 4669 4578)
4(4592 4591 4682 4683)
4(4683 4682 4668 4669)
4(4594 4577 4668 4685)
4(4591 4593 4684 4682)
4(4594 4685 4684 4593)
4(4682 4684 4685 4668)
4(4595 4579 4670 4686)
4(4595 4686 4685 4594)
4(4686 4670 4668 4685)
4(4596 4580 4671 4687)
4(4596 4687 4686 4595)
4(4687 4671 4670 4686)
4(4552 4643 4687 4596)
4(4643 4644 4671 4687)
4(4597 4581 4672 4688)
4(4597 4688 4646 4555)
4(4688 4672 4645 4646)
4(4598 4582 4673 4689)
4(4598 4689 4688 4597)
4(4689 4673 4672 4688)
4(4599 4583 4674 4690)
4(4599 4690 4689 4598)
4(4690 4674 4673 4689)
4(4601 4583 4674 4692)
4(4600 4691 4690 4599)
4(4601 4692 4691 4600)
4(4692 4674 4690 4691)
4(4602 4584 4675 4693)
4(4602 4693 4692 4601)
4(4693 4675 4674 4692)
4(4603 4585 4676 4694)
4(4603 4694 4693 4602)
4(4694 4676 4675 4693)
4(4605 4585 4676 4696)
4(4604 4695 4694 4603)
4(4605 4696 4695 4604)
4(4696 4676 4694 4695)
4(4606 4586 4677 4697)
4(4606 4697 4696 4605)
4(4697 4677 4676 4696)
4(4607 4587 4678 4698)
4(4607 4698 4697 4606)
4(4698 4678 4677 4697)
4(4559 4650 4698 4607)
4(4650 4651 4678 4698)
4(4608 4588 4679 4699)
4(4608 4699 4653 4562)
4(4699 4679 4652 4653)
4(4609 4589 4680 4700)
4(4609 4700 4699 4608)
4(4700 4680 4679 4699)
4(4610 4590 4681 4701)
4(4610 4701 4700 4609)
4(4701 4681 4680 4700)
4(4612 4590 4681 4703)
4(4611 4702 4701 4610)
4(4612 4703 4702 4611)
4(4703 4681 4701 4702)
4(4592 4683 4703 4612)
4(4683 4669 4681 4703)
4(4613 4593 4684 4704)
4(4614 4705 4682 4591)
4(4704 4684 4682 4705)
4(4615 4594 4685 4706)
4(4706 4685 4684 4704)
4(4616 4595 4686 4707)
4(4707 4686 4685 4706)
4(4617 4596 4687 4708)
4(4708 4687 4686 4707)
4(4618 4552 4643 4709)
4(4709 4643 4687 4708)
4(4619 4551 4642 4710)
4(4710 4642 4643 4709)
4(4620 4555 4646 4711)
4(4711 4646 4642 4710)
4(4621 4597 4688 4712)
4(4712 4688 4646 4711)
4(4622 4598 4689 4713)
4(4713 4689 4688 4712)
4(4623 4599 4690 4714)
4(4714 4690 4689 4713)
4(4624 4600 4691 4715)
4(4715 4691 4690 4714)
4(4625 4601 4692 4716)
4(4716 4692 4691 4715)
4(4626 4602 4693 4717)
4(4717 4693 4692 4716)
4(4627 4603 4694 4718)
4(4718 4694 4693 4717)
4(4628 4604 4695 4719)
4(4718 4719 4695 4694)
4(4629 4605 4696 4720)
4(4720 4696 4695 4719)
4(4630 4606 4697 4721)
4(4721 4697 4696 4720)
4(4631 4607 4698 4722)
4(4722 4698 4697 4721)
4(4632 4559 4650 4723)
4(4723 4650 4698 4722)
4(4633 4558 4649 4724)
4(4724 4649 4650 4723)
4(4634 4562 4653 4725)
4(4725 4653 4649 4724)
4(4635 4608 4699 4726)
4(4726 4699 4653 4725)
4(4636 4609 4700 4727)
4(4727 4700 4699 4726)
4(4637 4610 4701 4728)
4(4728 4701 4700 4727)
4(4638 4611 4702 4729)
4(4729 4702 4701 4728)
4(4639 4612 4703 4730)
4(4730 4703 4702 4729)
4(4640 4592 4683 4731)
4(4731 4683 4703 4730)
4(4705 4682 4683 4731)
4(4642 4641 4732 4733)
4(4644 4735 4732 4641)
4(4643 4734 4735 4644)
4(4642 4733 4734 4643)
4(4733 4732 4735 4734)
4(4645 4641 4732 4736)
4(4646 4645 4736 4737)
4(4646 4737 4733 4642)
4(4737 4736 4732 4733)
4(4644 4735 4738 4647)
4(4645 4647 4738 4736)
4(4736 4738 4735 4732)
4(4649 4648 4739 4740)
4(4651 4742 4739 4648)
4(4650 4741 4742 4651)
4(4649 4740 4741 4650)
4(4740 4739 4742 4741)
4(4652 4648 4739 4743)
4(4653 4652 4743 4744)
4(4653 4744 4740 4649)
4(4744 4743 4739 4740)
4(4651 4742 4745 4654)
4(4652 4654 4745 4743)
4(4743 4745 4742 4739)
4(4658 4749 4746 4655)
4(4657 4656 4747 4748)
4(4655 4746 4747 4656)
4(4657 4748 4749 4658)
4(4748 4747 4746 4749)
4(4660 4751 4746 4655)
4(4659 4750 4751 4660)
4(4658 4749 4750 4659)
4(4749 4746 4751 4750)
4(4661 4656 4747 4752)
4(4647 4738 4748 4657)
4(4661 4752 4738 4647)
4(4752 4747 4748 4738)
4(4662 4656 4747 4753)
4(4663 4754 4752 4661)
4(4662 4753 4754 4663)
4(4753 4747 4752 4754)
4(4664 4655 4746 4755)
4(4664 4755 4753 4662)
4(4755 4746 4747 4753)
4(4665 4660 4751 4756)
4(4665 4756 4755 4664)
4(4756 4751 4746 4755)
4(4666 4660 4751 4757)
4(4654 4745 4756 4665)
4(4666 4757 4745 4654)
4(4757 4751 4756 4745)
4(4667 4659 4750 4758)
4(4667 4758 4757 4666)
4(4758 4750 4751 4757)
4(4668 4659 4750 4759)
4(4669 4760 4758 4667)
4(4669 4668 4759 4760)
4(4760 4759 4750 4758)
4(4670 4658 4749 4761)
4(4670 4761 4759 4668)
4(4761 4749 4750 4759)
4(4671 4657 4748 4762)
4(4671 4762 4761 4670)
4(4762 4748 4749 4761)
4(4671 4644 4735 4762)
4(4762 4735 4738 4748)
4(4672 4661 4752 4763)
4(4672 4763 4736 4645)
4(4763 4752 4738 4736)
4(4673 4663 4754 4764)
4(4673 4764 4763 4672)
4(4764 4754 4752 4763)
4(4675 4663 4754 4766)
4(4674 4765 4764 4673)
4(4675 4766 4765 4674)
4(4766 4754 4764 4765)
4(4676 4662 4753 4767)
4(4676 4767 4766 4675)
4(4767 4753 4754 4766)
4(4677 4664 4755 4768)
4(4677 4768 4767 4676)
4(4768 4755 4753 4767)
4(4678 4665 4756 4769)
4(4678 4769 4768 4677)
4(4769 4756 4755 4768)
4(4678 4651 4742 4769)
4(4769 4742 4745 4756)
4(4679 4666 4757 4770)
4(4679 4770 4743 4652)
4(4770 4757 4745 4743)
4(4680 4667 4758 4771)
4(4680 4771 4770 4679)
4(4771 4758 4757 4770)
4(4681 4772 4771 4680)
4(4681 4669 4760 4772)
4(4772 4760 4758 4771)
4(4682 4668 4759 4773)
4(4683 4774 4760 4669)
4(4683 4682 4773 4774)
4(4774 4773 4759 4760)
4(4685 4668 4759 4776)
4(4682 4684 4775 4773)
4(4685 4776 4775 4684)
4(4773 4775 4776 4759)
4(4686 4670 4761 4777)
4(4686 4777 4776 4685)
4(4777 4761 4759 4776)
4(4687 4671 4762 4778)
4(4687 4778 4777 4686)
4(4778 4762 4761 4777)
4(4643 4734 4778 4687)
4(4734 4735 4762 4778)
4(4688 4672 4763 4779)
4(4688 4779 4737 4646)
4(4779 4763 4736 4737)
4(4689 4673 4764 4780)
4(4689 4780 4779 4688)
4(4780 4764 4763 4779)
4(4690 4674 4765 4781)
4(4690 4781 4780 4689)
4(4781 4765 4764 4780)
4(4692 4674 4765 4783)
4(4691 4782 4781 4690)
4(4692 4783 4782 4691)
4(4783 4765 4781 4782)
4(4693 4675 4766 4784)
4(4693 4784 4783 4692)
4(4784 4766 4765 4783)
4(4694 4676 4767 4785)
4(4694 4785 4784 4693)
4(4785 4767 4766 4784)
4(4696 4676 4767 4787)
4(4695 4786 4785 4694)
4(4696 4787 4786 4695)
4(4787 4767 4785 4786)
4(4697 4677 4768 4788)
4(4697 4788 4787 4696)
4(4788 4768 4767 4787)
4(4698 4678 4769 4789)
4(4698 4789 4788 4697)
4(4789 4769 4768 4788)
4(4650 4741 4789 4698)
4(4741 4742 4769 4789)
4(4699 4679 4770 4790)
4(4699 4790 4744 4653)
4(4790 4770 4743 4744)
4(4700 4680 4771 4791)
4(4700 4791 4790 4699)
4(4791 4771 4770 4790)
4(4701 4681 4772 4792)
4(4701 4792 4791 4700)
4(4792 4772 4771 4791)
4(4703 4681 4772 4794)
4(4702 4793 4792 4701)
4(4703 4794 4793 4702)
4(4794 4772 4792 4793)
4(4683 4774 4794 4703)
4(4774 4760 4772 4794)
4(4704 4684 4775 4795)
4(4705 4796 4773 4682)
4(4795 4775 4773 4796)
4(4706 4685 4776 4797)
4(4797 4776 4775 4795)
4(4707 4686 4777 4798)
4(4798 4777 4776 4797)
4(4708 4687 4778 4799)
4(4799 4778 4777 4798)
4(4709 4643 4734 4800)
4(4800 4734 4778 4799)
4(4710 4642 4733 4801)
4(4801 4733 4734 4800)
4(4711 4646 4737 4802)
4(4802 4737 4733 4801)
4(4712 4688 4779 4803)
4(4803 4779 4737 4802)
4(4713 4689 4780 4804)
4(4804 4780 4779 4803)
4(4714 4690 4781 4805)
4(4805 4781 4780 4804)
4(4715 4691 4782 4806)
4(4806 4782 4781 4805)
4(4716 4692 4783 4807)
4(4807 4783 4782 4806)
4(4717 4693 4784 4808)
4(4808 4784 4783 4807)
4(4718 4694 4785 4809)
4(4809 4785 4784 4808)
4(4719 4695 4786 4810)
4(4809 4810 4786 4785)
4(4720 4696 4787 4811)
4(4811 4787 4786 4810)
4(4721 4697 4788 4812)
4(4812 4788 4787 4811)
4(4722 4698 4789 4813)
4(4813 4789 4788 4812)
4(4723 4650 4741 4814)
4(4814 4741 4789 4813)
4(4724 4649 4740 4815)
4(4815 4740 4741 4814)
4(4725 4653 4744 4816)
4(4816 4744 4740 4815)
4(4726 4699 4790 4817)
4(4817 4790 4744 4816)
4(4727 4700 4791 4818)
4(4818 4791 4790 4817)
4(4728 4701 4792 4819)
4(4819 4792 4791 4818)
4(4729 4702 4793 4820)
4(4820 4793 4792 4819)
4(4730 4703 4794 4821)
4(4821 4794 4793 4820)
4(4731 4683 4774 4822)
4(4822 4774 4794 4821)
4(4796 4773 4774 4822)
4(4733 4732 4823 4824)
4(4735 4826 4823 4732)
4(4734 4825 4826 4735)
4(4733 4824 4825 4734)
4(4824 4823 4826 4825)
4(4736 4732 4823 4827)
4(4737 4736 4827 4828)
4(4737 4828 4824 4733)
4(4828 4827 4823 4824)
4(4735 4826 4829 4738)
4(4736 4738 4829 4827)
4(4827 4829 4826 4823)
4(4740 4739 4830 4831)
4(4742 4833 4830 4739)
4(4741 4832 4833 4742)
4(4740 4831 4832 4741)
4(4831 4830 4833 4832)
4(4743 4739 4830 4834)
4(4744 4743 4834 4835)
4(4744 4835 4831 4740)
4(4835 4834 4830 4831)
4(4742 4833 4836 4745)
4(4743 4745 4836 4834)
4(4834 4836 4833 4830)
4(4749 4840 4837 4746)
4(4748 4747 4838 4839)
4(4746 4837 4838 4747)
4(4748 4839 4840 4749)
4(4839 4838 4837 4840)
4(4751 4842 4837 4746)
4(4750 4841 4842 4751)
4(4749 4840 4841 4750)
4(4840 4837 4842 4841)
4(4752 4747 4838 4843)
4(4738 4829 4839 4748)
4(4752 4843 4829 4738)
4(4843 4838 4839 4829)
4(4753 4747 4838 4844)
4(4754 4845 4843 4752)
4(4753 4844 4845 4754)
4(4844 4838 4843 4845)
4(4755 4746 4837 4846)
4(4755 4846 4844 4753)
4(4846 4837 4838 4844)
4(4756 4751 4842 4847)
4(4756 4847 4846 4755)
4(4847 4842 4837 4846)
4(4757 4751 4842 4848)
4(4745 4836 4847 4756)
4(4757 4848 4836 4745)
4(4848 4842 4847 4836)
4(4758 4750 4841 4849)
4(4758 4849 4848 4757)
4(4849 4841 4842 4848)
4(4759 4750 4841 4850)
4(4760 4851 4849 4758)
4(4760 4759 4850 4851)
4(4851 4850 4841 4849)
4(4761 4749 4840 4852)
4(4761 4852 4850 4759)
4(4852 4840 4841 4850)
4(4762 4748 4839 4853)
4(4762 4853 4852 4761)
4(4853 4839 4840 4852)
4(4762 4735 4826 4853)
4(4853 4826 4829 4839)
4(4763 4752 4843 4854)
4(4763 4854 4827 4736)
4(4854 4843 4829 4827)
4(4764 4754 4845 4855)
4(4764 4855 4854 4763)
4(4855 4845 4843 4854)
4(4766 4754 4845 4857)
4(4765 4856 4855 4764)
4(4766 4857 4856 4765)
4(4857 4845 4855 4856)
4(4767 4753 4844 4858)
4(4767 4858 4857 4766)
4(4858 4844 4845 4857)
4(4768 4755 4846 4859)
4(4768 4859 4858 4767)
4(4859 4846 4844 4858)
4(4769 4756 4847 4860)
4(4769 4860 4859 4768)
4(4860 4847 4846 4859)
4(4769 4742 4833 4860)
4(4860 4833 4836 4847)
4(4770 4757 4848 4861)
4(4770 4861 4834 4743)
4(4861 4848 4836 4834)
4(4771 4758 4849 4862)
4(4771 4862 4861 4770)
4(4862 4849 4848 4861)
4(4772 4863 4862 4771)
4(4772 4760 4851 4863)
4(4863 4851 4849 4862)
4(4773 4759 4850 4864)
4(4774 4865 4851 4760)
4(4774 4773 4864 4865)
4(4865 4864 4850 4851)
4(4776 4759 4850 4867)
4(4773 4775 4866 4864)
4(4776 4867 4866 4775)
4(4864 4866 4867 4850)
4(4777 4761 4852 4868)
4(4777 4868 4867 4776)
4(4868 4852 4850 4867)
4(4778 4762 4853 4869)
4(4778 4869 4868 4777)
4(4869 4853 4852 4868)
4(4734 4825 4869 4778)
4(4825 4826 4853 4869)
4(4779 4763 4854 4870)
4(4779 4870 4828 4737)
4(4870 4854 4827 4828)
4(4780 4764 4855 4871)
4(4780 4871 4870 4779)
4(4871 4855 4854 4870)
4(4781 4765 4856 4872)
4(4781 4872 4871 4780)
4(4872 4856 4855 4871)
4(4783 4765 4856 4874)
4(4782 4873 4872 4781)
4(4783 4874 4873 4782)
4(4874 4856 4872 4873)
4(4784 4766 4857 4875)
4(4784 4875 4874 4783)
4(4875 4857 4856 4874)
4(4785 4767 4858 4876)
4(4785 4876 4875 4784)
4(4876 4858 4857 4875)
4(4787 4767 4858 4878)
4(4786 4877 4876 4785)
4(4787 4878 4877 4786)
4(4878 4858 4876 4877)
4(4788 4768 4859 4879)
4(4788 4879 4878 4787)
4(4879 4859 4858 4878)
4(4789 4769 4860 4880)
4(4789 4880 4879 4788)
4(4880 4860 4859 4879)
4(4741 4832 4880 4789)
4(4832 4833 4860 4880)
4(4790 4770 4861 4881)
4(4790 4881 4835 4744)
4(4881 4861 4834 4835)
4(4791 4771 4862 4882)
4(4791 4882 4881 4790)
4(4882 4862 4861 4881)
4(4792 4772 4863 4883)
4(4792 4883 4882 4791)
4(4883 4863 4862 4882)
4(4794 4772 4863 4885)
4(4793 4884 4883 4792)
4(4794 4885 4884 4793)
4(4885 4863 4883 4884)
4(4774 4865 4885 4794)
4(4865 4851 4863 4885)
4(4795 4775 4866 4886)
4(4796 4887 4864 4773)
4(4886 4866 4864 4887)
4(4797 4776 4867 4888)
4(4888 4867 4866 4886)
4(4798 4777 4868 4889)
4(4889 4868 4867 4888)
4(4799 4778 4869 4890)
4(4890 4869 4868 4889)
4(4800 4734 4825 4891)
4(4891 4825 4869 4890)
4(4801 4733 4824 4892)
4(4892 4824 4825 4891)
4(4802 4737 4828 4893)
4(4893 4828 4824 4892)
4(4803 4779 4870 4894)
4(4894 4870 4828 4893)
4(4804 4780 4871 4895)
4(4895 4871 4870 4894)
4(4805 4781 4872 4896)
4(4896 4872 4871 4895)
4(4806 4782 4873 4897)
4(4897 4873 4872 4896)
4(4807 4783 4874 4898)
4(4898 4874 4873 4897)
4(4808 4784 4875 4899)
4(4899 4875 4874 4898)
4(4809 4785 4876 4900)
4(4900 4876 4875 4899)
4(4810 4786 4877 4901)
4(4900 4901 4877 4876)
4(4811 4787 4878 4902)
4(4902 4878 4877 4901)
4(4812 4788 4879 4903)
4(4903 4879 4878 4902)
4(4813 4789 4880 4904)
4(4904 4880 4879 4903)
4(4814 4741 4832 4905)
4(4905 4832 4880 4904)
4(4815 4740 4831 4906)
4(4906 4831 4832 4905)
4(4816 4744 4835 4907)
4(4907 4835 4831 4906)
4(4817 4790 4881 4908)
4(4908 4881 4835 4907)
4(4818 4791 4882 4909)
4(4909 4882 4881 4908)
4(4819 4792 4883 4910)
4(4910 4883 4882 4909)
4(4820 4793 4884 4911)
4(4911 4884 4883 4910)
4(4821 4794 4885 4912)
4(4912 4885 4884 4911)
4(4822 4774 4865 4913)
4(4913 4865 4885 4912)
4(4887 4864 4865 4913)
4(4824 4823 4914 4915)
4(4826 4917 4914 4823)
4(4825 4916 4917 4826)
4(4824 4915 4916 4825)
4(4915 4914 4917 4916)
4(4827 4823 4914 4918)
4(4828 4827 4918 4919)
4(4828 4919 4915 4824)
4(4919 4918 4914 4915)
4(4826 4917 4920 4829)
4(4827 4829 4920 4918)
4(4918 4920 4917 4914)
4(4831 4830 4921 4922)
4(4833 4924 4921 4830)
4(4832 4923 4924 4833)
4(4831 4922 4923 4832)
4(4922 4921 4924 4923)
4(4834 4830 4921 4925)
4(4835 4834 4925 4926)
4(4835 4926 4922 4831)
4(4926 4925 4921 4922)
4(4833 4924 4927 4836)
4(4834 4836 4927 4925)
4(4925 4927 4924 4921)
4(4840 4931 4928 4837)
4(4839 4838 4929 4930)
4(4837 4928 4929 4838)
4(4839 4930 4931 4840)
4(4930 4929 4928 4931)
4(4842 4933 4928 4837)
4(4841 4932 4933 4842)
4(4840 4931 4932 4841)
4(4931 4928 4933 4932)
4(4843 4838 4929 4934)
4(4829 4920 4930 4839)
4(4843 4934 4920 4829)
4(4934 4929 4930 4920)
4(4844 4838 4929 4935)
4(4845 4936 4934 4843)
4(4844 4935 4936 4845)
4(4935 4929 4934 4936)
4(4846 4837 4928 4937)
4(4846 4937 4935 4844)
4(4937 4928 4929 4935)
4(4847 4842 4933 4938)
4(4847 4938 4937 4846)
4(4938 4933 4928 4937)
4(4848 4842 4933 4939)
4(4836 4927 4938 4847)
4(4848 4939 4927 4836)
4(4939 4933 4938 4927)
4(4849 4841 4932 4940)
4(4849 4940 4939 4848)
4(4940 4932 4933 4939)
4(4850 4841 4932 4941)
4(4851 4942 4940 4849)
4(4851 4850 4941 4942)
4(4942 4941 4932 4940)
4(4852 4840 4931 4943)
4(4852 4943 4941 4850)
4(4943 4931 4932 4941)
4(4853 4839 4930 4944)
4(4853 4944 4943 4852)
4(4944 4930 4931 4943)
4(4853 4826 4917 4944)
4(4944 4917 4920 4930)
4(4854 4843 4934 4945)
4(4854 4945 4918 4827)
4(4945 4934 4920 4918)
4(4855 4845 4936 4946)
4(4855 4946 4945 4854)
4(4946 4936 4934 4945)
4(4857 4845 4936 4948)
4(4856 4947 4946 4855)
4(4857 4948 4947 4856)
4(4948 4936 4946 4947)
4(4858 4844 4935 4949)
4(4858 4949 4948 4857)
4(4949 4935 4936 4948)
4(4859 4846 4937 4950)
4(4859 4950 4949 4858)
4(4950 4937 4935 4949)
4(4860 4847 4938 4951)
4(4860 4951 4950 4859)
4(4951 4938 4937 4950)
4(4860 4833 4924 4951)
4(4951 4924 4927 4938)
4(4861 4848 4939 4952)
4(4861 4952 4925 4834)
4(4952 4939 4927 4925)
4(4862 4849 4940 4953)
4(4862 4953 4952 4861)
4(4953 4940 4939 4952)
4(4863 4954 4953 4862)
4(4863 4851 4942 4954)
4(4954 4942 4940 4953)
4(4864 4850 4941 4955)
4(4865 4956 4942 4851)
4(4865 4864 4955 4956)
4(4956 4955 4941 4942)
4(4867 4850 4941 4958)
4(4864 4866 4957 4955)
4(4867 4958 4957 4866)
4(4955 4957 4958 4941)
4(4868 4852 4943 4959)
4(4868 4959 4958 4867)
4(4959 4943 4941 4958)
4(4869 4853 4944 4960)
4(4869 4960 4959 4868)
4(4960 4944 4943 4959)
4(4825 4916 4960 4869)
4(4916 4917 4944 4960)
4(4870 4854 4945 4961)
4(4870 4961 4919 4828)
4(4961 4945 4918 4919)
4(4871 4855 4946 4962)
4(4871 4962 4961 4870)
4(4962 4946 4945 4961)
4(4872 4856 4947 4963)
4(4872 4963 4962 4871)
4(4963 4947 4946 4962)
4(4874 4856 4947 4965)
4(4873 4964 4963 4872)
4(4874 4965 4964 4873)
4(4965 4947 4963 4964)
4(4875 4857 4948 4966)
4(4875 4966 4965 4874)
4(4966 4948 4947 4965)
4(4876 4858 4949 4967)
4(4876 4967 4966 4875)
4(4967 4949 4948 4966)
4(4878 4858 4949 4969)
4(4877 4968 4967 4876)
4(4878 4969 4968 4877)
4(4969 4949 4967 4968)
4(4879 4859 4950 4970)
4(4879 4970 4969 4878)
4(4970 4950 4949 4969)
4(4880 4860 4951 4971)
4(4880 4971 4970 4879)
4(4971 4951 4950 4970)
4(4832 4923 4971 4880)
4(4923 4924 4951 4971)
4(4881 4861 4952 4972)
4(4881 4972 4926 4835)
4(4972 4952 4925 4926)
4(4882 4862 4953 4973)
4(4882 4973 4972 4881)
4(4973 4953 4952 4972)
4(4883 4863 4954 4974)
4(4883 4974 4973 4882)
4(4974 4954 4953 4973)
4(4885 4863 4954 4976)
4(4884 4975 4974 4883)
4(4885 4976 4975 4884)
4(4976 4954 4974 4975)
4(4865 4956 4976 4885)
4(4956 4942 4954 4976)
4(4886 4866 4957 4977)
4(4887 4978 4955 4864)
4(4977 4957 4955 4978)
4(4888 4867 4958 4979)
4(4979 4958 4957 4977)
4(4889 4868 4959 4980)
4(4980 4959 4958 4979)
4(4890 4869 4960 4981)
4(4981 4960 4959 4980)
4(4891 4825 4916 4982)
4(4982 4916 4960 4981)
4(4892 4824 4915 4983)
4(4983 4915 4916 4982)
4(4893 4828 4919 4984)
4(4984 4919 4915 4983)
4(4894 4870 4961 4985)
4(4985 4961 4919 4984)
4(4895 4871 4962 4986)
4(4986 4962 4961 4985)
4(4896 4872 4963 4987)
4(4987 4963 4962 4986)
4(4897 4873 4964 4988)
4(4988 4964 4963 4987)
4(4898 4874 4965 4989)
4(4989 4965 4964 4988)
4(4899 4875 4966 4990)
4(4990 4966 4965 4989)
4(4900 4876 4967 4991)
4(4991 4967 4966 4990)
4(4901 4877 4968 4992)
4(4991 4992 4968 4967)
4(4902 4878 4969 4993)
4(4993 4969 4968 4992)
4(4903 4879 4970 4994)
4(4994 4970 4969 4993)
4(4904 4880 4971 4995)
4(4995 4971 4970 4994)
4(4905 4832 4923 4996)
4(4996 4923 4971 4995)
4(4906 4831 4922 4997)
4(4997 4922 4923 4996)
4(4907 4835 4926 4998)
4(4998 4926 4922 4997)
4(4908 4881 4972 4999)
4(4999 4972 4926 4998)
4(4909 4882 4973 5000)
4(5000 4973 4972 4999)
4(4910 4883 4974 5001)
4(5001 4974 4973 5000)
4(4911 4884 4975 5002)
4(5002 4975 4974 5001)
4(4912 4885 4976 5003)
4(5003 4976 4975 5002)
4(4913 4865 4956 5004)
4(5004 4956 4976 5003)
4(4978 4955 4956 5004)
4(4915 4914 5005 5006)
4(4917 5008 5005 4914)
4(4916 5007 5008 4917)
4(4915 5006 5007 4916)
4(5006 5005 5008 5007)
4(4918 4914 5005 5009)
4(4919 4918 5009 5010)
4(4919 5010 5006 4915)
4(5010 5009 5005 5006)
4(4917 5008 5011 4920)
4(4918 4920 5011 5009)
4(5009 5011 5008 5005)
4(4922 4921 5012 5013)
4(4924 5015 5012 4921)
4(4923 5014 5015 4924)
4(4922 5013 5014 4923)
4(5013 5012 5015 5014)
4(4925 4921 5012 5016)
4(4926 4925 5016 5017)
4(4926 5017 5013 4922)
4(5017 5016 5012 5013)
4(4924 5015 5018 4927)
4(4925 4927 5018 5016)
4(5016 5018 5015 5012)
4(4931 5022 5019 4928)
4(4930 4929 5020 5021)
4(4928 5019 5020 4929)
4(4930 5021 5022 4931)
4(5021 5020 5019 5022)
4(4933 5024 5019 4928)
4(4932 5023 5024 4933)
4(4931 5022 5023 4932)
4(5022 5019 5024 5023)
4(4934 4929 5020 5025)
4(4920 5011 5021 4930)
4(4934 5025 5011 4920)
4(5025 5020 5021 5011)
4(4935 4929 5020 5026)
4(4936 5027 5025 4934)
4(4935 5026 5027 4936)
4(5026 5020 5025 5027)
4(4937 4928 5019 5028)
4(4937 5028 5026 4935)
4(5028 5019 5020 5026)
4(4938 4933 5024 5029)
4(4938 5029 5028 4937)
4(5029 5024 5019 5028)
4(4939 4933 5024 5030)
4(4927 5018 5029 4938)
4(4939 5030 5018 4927)
4(5030 5024 5029 5018)
4(4940 4932 5023 5031)
4(4940 5031 5030 4939)
4(5031 5023 5024 5030)
4(4941 4932 5023 5032)
4(4942 5033 5031 4940)
4(4942 4941 5032 5033)
4(5033 5032 5023 5031)
4(4943 4931 5022 5034)
4(4943 5034 5032 4941)
4(5034 5022 5023 5032)
4(4944 4930 5021 5035)
4(4944 5035 5034 4943)
4(5035 5021 5022 5034)
4(4944 4917 5008 5035)
4(5035 5008 5011 5021)
4(4945 4934 5025 5036)
4(4945 5036 5009 4918)
4(5036 5025 5011 5009)
4(4946 4936 5027 5037)
4(4946 5037 5036 4945)
4(5037 5027 5025 5036)
4(4948 4936 5027 5039)
4(4947 5038 5037 4946)
4(4948 5039 5038 4947)
4(5039 5027 5037 5038)
4(4949 4935 5026 5040)
4(4949 5040 5039 4948)
4(5040 5026 5027 5039)
4(4950 4937 5028 5041)
4(4950 5041 5040 4949)
4(5041 5028 5026 5040)
4(4951 4938 5029 5042)
4(4951 5042 5041 4950)
4(5042 5029 5028 5041)
4(4951 4924 5015 5042)
4(5042 5015 5018 5029)
4(4952 4939 5030 5043)
4(4952 5043 5016 4925)
4(5043 5030 5018 5016)
4(4953 4940 5031 5044)
4(4953 5044 5043 4952)
4(5044 5031 5030 5043)
4(4954 5045 5044 4953)
4(4954 4942 5033 5045)
4(5045 5033 5031 5044)
4(4955 4941 5032 5046)
4(4956 5047 5033 4942)
4(4956 4955 5046 5047)
4(5047 5046 5032 5033)
4(4958 4941 5032 5049)
4(4955 4957 5048 5046)
4(4958 5049 5048 4957)
4(5046 5048 5049 5032)
4(4959 4943 5034 5050)
4(4959 5050 5049 4958)
4(5050 5034 5032 5049)
4(4960 4944 5035 5051)
4(4960 5051 5050 4959)
4(5051 5035 5034 5050)
4(4916 5007 5051 4960)
4(5007 5008 5035 5051)
4(4961 4945 5036 5052)
4(4961 5052 5010 4919)
4(5052 5036 5009 5010)
4(4962 4946 5037 5053)
4(4962 5053 5052 4961)
4(5053 5037 5036 5052)
4(4963 4947 5038 5054)
4(4963 5054 5053 4962)
4(5054 5038 5037 5053)
4(4965 4947 5038 5056)
4(4964 5055 5054 4963)
4(4965 5056 5055 4964)
4(5056 5038 5054 5055)
4(4966 4948 5039 5057)
4(4966 5057 5056 4965)
4(5057 5039 5038 5056)
4(4967 4949 5040 5058)
4(4967 5058 5057 4966)
4(5058 5040 5039 5057)
4(4969 4949 5040 5060)
4(4968 5059 5058 4967)
4(4969 5060 5059 4968)
4(5060 5040 5058 5059)
4(4970 4950 5041 5061)
4(4970 5061 5060 4969)
4(5061 5041 5040 5060)
4(4971 4951 5042 5062)
4(4971 5062 5061 4970)
4(5062 5042 5041 5061)
4(4923 5014 5062 4971)
4(5014 5015 5042 5062)
4(4972 4952 5043 5063)
4(4972 5063 5017 4926)
4(5063 5043 5016 5017)
4(4973 4953 5044 5064)
4(4973 5064 5063 4972)
4(5064 5044 5043 5063)
4(4974 4954 5045 5065)
4(4974 5065 5064 4973)
4(5065 5045 5044 5064)
4(4976 4954 5045 5067)
4(4975 5066 5065 4974)
4(4976 5067 5066 4975)
4(5067 5045 5065 5066)
4(4956 5047 5067 4976)
4(5047 5033 5045 5067)
4(4977 4957 5048 5068)
4(4978 5069 5046 4955)
4(5068 5048 5046 5069)
4(4979 4958 5049 5070)
4(5070 5049 5048 5068)
4(4980 4959 5050 5071)
4(5071 5050 5049 5070)
4(4981 4960 5051 5072)
4(5072 5051 5050 5071)
4(4982 4916 5007 5073)
4(5073 5007 5051 5072)
4(4983 4915 5006 5074)
4(5074 5006 5007 5073)
4(4984 4919 5010 5075)
4(5075 5010 5006 5074)
4(4985 4961 5052 5076)
4(5076 5052 5010 5075)
4(4986 4962 5053 5077)
4(5077 5053 5052 5076)
4(4987 4963 5054 5078)
4(5078 5054 5053 5077)
4(4988 4964 5055 5079)
4(5079 5055 5054 5078)
4(4989 4965 5056 5080)
4(5080 5056 5055 5079)
4(4990 4966 5057 5081)
4(5081 5057 5056 5080)
4(4991 4967 5058 5082)
4(5082 5058 5057 5081)
4(4992 4968 5059 5083)
4(5082 5083 5059 5058)
4(4993 4969 5060 5084)
4(5084 5060 5059 5083)
4(4994 4970 5061 5085)
4(5085 5061 5060 5084)
4(4995 4971 5062 5086)
4(5086 5062 5061 5085)
4(4996 4923 5014 5087)
4(5087 5014 5062 5086)
4(4997 4922 5013 5088)
4(5088 5013 5014 5087)
4(4998 4926 5017 5089)
4(5089 5017 5013 5088)
4(4999 4972 5063 5090)
4(5090 5063 5017 5089)
4(5000 4973 5064 5091)
4(5091 5064 5063 5090)
4(5001 4974 5065 5092)
4(5092 5065 5064 5091)
4(5002 4975 5066 5093)
4(5093 5066 5065 5092)
4(5003 4976 5067 5094)
4(5094 5067 5066 5093)
4(5004 4956 5047 5095)
4(5095 5047 5067 5094)
4(5069 5046 5047 5095)
4(5006 5005 5096 5097)
4(5008 5099 5096 5005)
4(5007 5098 5099 5008)
4(5006 5097 5098 5007)
4(5097 5096 5099 5098)
4(5009 5005 5096 5100)
4(5010 5009 5100 5101)
4(5010 5101 5097 5006)
4(5101 5100 5096 5097)
4(5008 5099 5102 5011)
4(5009 5011 5102 5100)
4(5100 5102 5099 5096)
4(5013 5012 5103 5104)
4(5015 5106 5103 5012)
4(5014 5105 5106 5015)
4(5013 5104 5105 5014)
4(5104 5103 5106 5105)
4(5016 5012 5103 5107)
4(5017 5016 5107 5108)
4(5017 5108 5104 5013)
4(5108 5107 5103 5104)
4(5015 5106 5109 5018)
4(5016 5018 5109 5107)
4(5107 5109 5106 5103)
4(5022 5113 5110 5019)
4(5021 5020 5111 5112)
4(5019 5110 5111 5020)
4(5021 5112 5113 5022)
4(5112 5111 5110 5113)
4(5024 5115 5110 5019)
4(5023 5114 5115 5024)
4(5022 5113 5114 5023)
4(5113 5110 5115 5114)
4(5025 5020 5111 5116)
4(5011 5102 5112 5021)
4(5025 5116 5102 5011)
4(5116 5111 5112 5102)
4(5026 5020 5111 5117)
4(5027 5118 5116 5025)
4(5026 5117 5118 5027)
4(5117 5111 5116 5118)
4(5028 5019 5110 5119)
4(5028 5119 5117 5026)
4(5119 5110 5111 5117)
4(5029 5024 5115 5120)
4(5029 5120 5119 5028)
4(5120 5115 5110 5119)
4(5030 5024 5115 5121)
4(5018 5109 5120 5029)
4(5030 5121 5109 5018)
4(5121 5115 5120 5109)
4(5031 5023 5114 5122)
4(5031 5122 5121 5030)
4(5122 5114 5115 5121)
4(5032 5023 5114 5123)
4(5033 5124 5122 5031)
4(5033 5032 5123 5124)
4(5124 5123 5114 5122)
4(5034 5022 5113 5125)
4(5034 5125 5123 5032)
4(5125 5113 5114 5123)
4(5035 5021 5112 5126)
4(5035 5126 5125 5034)
4(5126 5112 5113 5125)
4(5035 5008 5099 5126)
4(5126 5099 5102 5112)
4(5036 5025 5116 5127)
4(5036 5127 5100 5009)
4(5127 5116 5102 5100)
4(5037 5027 5118 5128)
4(5037 5128 5127 5036)
4(5128 5118 5116 5127)
4(5039 5027 5118 5130)
4(5038 5129 5128 5037)
4(5039 5130 5129 5038)
4(5130 5118 5128 5129)
4(5040 5026 5117 5131)
4(5040 5131 5130 5039)
4(5131 5117 5118 5130)
4(5041 5028 5119 5132)
4(5041 5132 5131 5040)
4(5132 5119 5117 5131)
4(5042 5029 5120 5133)
4(5042 5133 5132 5041)
4(5133 5120 5119 5132)
4(5042 5015 5106 5133)
4(5133 5106 5109 5120)
4(5043 5030 5121 5134)
4(5043 5134 5107 5016)
4(5134 5121 5109 5107)
4(5044 5031 5122 5135)
4(5044 5135 5134 5043)
4(5135 5122 5121 5134)
4(5045 5136 5135 5044)
4(5045 5033 5124 5136)
4(5136 5124 5122 5135)
4(5046 5032 5123 5137)
4(5047 5138 5124 5033)
4(5047 5046 5137 5138)
4(5138 5137 5123 5124)
4(5049 5032 5123 5140)
4(5046 5048 5139 5137)
4(5049 5140 5139 5048)
4(5137 5139 5140 5123)
4(5050 5034 5125 5141)
4(5050 5141 5140 5049)
4(5141 5125 5123 5140)
4(5051 5035 5126 5142)
4(5051 5142 5141 5050)
4(5142 5126 5125 5141)
4(5007 5098 5142 5051)
4(5098 5099 5126 5142)
4(5052 5036 5127 5143)
4(5052 5143 5101 5010)
4(5143 5127 5100 5101)
4(5053 5037 5128 5144)
4(5053 5144 5143 5052)
4(5144 5128 5127 5143)
4(5054 5038 5129 5145)
4(5054 5145 5144 5053)
4(5145 5129 5128 5144)
4(5056 5038 5129 5147)
4(5055 5146 5145 5054)
4(5056 5147 5146 5055)
4(5147 5129 5145 5146)
4(5057 5039 5130 5148)
4(5057 5148 5147 5056)
4(5148 5130 5129 5147)
4(5058 5040 5131 5149)
4(5058 5149 5148 5057)
4(5149 5131 5130 5148)
4(5060 5040 5131 5151)
4(5059 5150 5149 5058)
4(5060 5151 5150 5059)
4(5151 5131 5149 5150)
4(5061 5041 5132 5152)
4(5061 5152 5151 5060)
4(5152 5132 5131 5151)
4(5062 5042 5133 5153)
4(5062 5153 5152 5061)
4(5153 5133 5132 5152)
4(5014 5105 5153 5062)
4(5105 5106 5133 5153)
4(5063 5043 5134 5154)
4(5063 5154 5108 5017)
4(5154 5134 5107 5108)
4(5064 5044 5135 5155)
4(5064 5155 5154 5063)
4(5155 5135 5134 5154)
4(5065 5045 5136 5156)
4(5065 5156 5155 5064)
4(5156 5136 5135 5155)
4(5067 5045 5136 5158)
4(5066 5157 5156 5065)
4(5067 5158 5157 5066)
4(5158 5136 5156 5157)
4(5047 5138 5158 5067)
4(5138 5124 5136 5158)
4(5068 5048 5139 5159)
4(5069 5160 5137 5046)
4(5159 5139 5137 5160)
4(5070 5049 5140 5161)
4(5161 5140 5139 5159)
4(5071 5050 5141 5162)
4(5162 5141 5140 5161)
4(5072 5051 5142 5163)
4(5163 5142 5141 5162)
4(5073 5007 5098 5164)
4(5164 5098 5142 5163)
4(5074 5006 5097 5165)
4(5165 5097 5098 5164)
4(5075 5010 5101 5166)
4(5166 5101 5097 5165)
4(5076 5052 5143 5167)
4(5167 5143 5101 5166)
4(5077 5053 5144 5168)
4(5168 5144 5143 5167)
4(5078 5054 5145 5169)
4(5169 5145 5144 5168)
4(5079 5055 5146 5170)
4(5170 5146 5145 5169)
4(5080 5056 5147 5171)
4(5171 5147 5146 5170)
4(5081 5057 5148 5172)
4(5172 5148 5147 5171)
4(5082 5058 5149 5173)
4(5173 5149 5148 5172)
4(5083 5059 5150 5174)
4(5173 5174 5150 5149)
4(5084 5060 5151 5175)
4(5175 5151 5150 5174)
4(5085 5061 5152 5176)
4(5176 5152 5151 5175)
4(5086 5062 5153 5177)
4(5177 5153 5152 5176)
4(5087 5014 5105 5178)
4(5178 5105 5153 5177)
4(5088 5013 5104 5179)
4(5179 5104 5105 5178)
4(5089 5017 5108 5180)
4(5180 5108 5104 5179)
4(5090 5063 5154 5181)
4(5181 5154 5108 5180)
4(5091 5064 5155 5182)
4(5182 5155 5154 5181)
4(5092 5065 5156 5183)
4(5183 5156 5155 5182)
4(5093 5066 5157 5184)
4(5184 5157 5156 5183)
4(5094 5067 5158 5185)
4(5185 5158 5157 5184)
4(5095 5047 5138 5186)
4(5186 5138 5158 5185)
4(5160 5137 5138 5186)
4(5097 5096 5187 5188)
4(5099 5190 5187 5096)
4(5098 5189 5190 5099)
4(5097 5188 5189 5098)
4(5188 5187 5190 5189)
4(5100 5096 5187 5191)
4(5101 5100 5191 5192)
4(5101 5192 5188 5097)
4(5192 5191 5187 5188)
4(5099 5190 5193 5102)
4(5100 5102 5193 5191)
4(5191 5193 5190 5187)
4(5104 5103 5194 5195)
4(5106 5197 5194 5103)
4(5105 5196 5197 5106)
4(5104 5195 5196 5105)
4(5195 5194 5197 5196)
4(5107 5103 5194 5198)
4(5108 5107 5198 5199)
4(5108 5199 5195 5104)
4(5199 5198 5194 5195)
4(5106 5197 5200 5109)
4(5107 5109 5200 5198)
4(5198 5200 5197 5194)
4(5113 5204 5201 5110)
4(5112 5111 5202 5203)
4(5110 5201 5202 5111)
4(5112 5203 5204 5113)
4(5203 5202 5201 5204)
4(5115 5206 5201 5110)
4(5114 5205 5206 5115)
4(5113 5204 5205 5114)
4(5204 5201 5206 5205)
4(5116 5111 5202 5207)
4(5102 5193 5203 5112)
4(5116 5207 5193 5102)
4(5207 5202 5203 5193)
4(5117 5111 5202 5208)
4(5118 5209 5207 5116)
4(5117 5208 5209 5118)
4(5208 5202 5207 5209)
4(5119 5110 5201 5210)
4(5119 5210 5208 5117)
4(5210 5201 5202 5208)
4(5120 5115 5206 5211)
4(5120 5211 5210 5119)
4(5211 5206 5201 5210)
4(5121 5115 5206 5212)
4(5109 5200 5211 5120)
4(5121 5212 5200 5109)
4(5212 5206 5211 5200)
4(5122 5114 5205 5213)
4(5122 5213 5212 5121)
4(5213 5205 5206 5212)
4(5123 5114 5205 5214)
4(5124 5215 5213 5122)
4(5124 5123 5214 5215)
4(5215 5214 5205 5213)
4(5125 5113 5204 5216)
4(5125 5216 5214 5123)
4(5216 5204 5205 5214)
4(5126 5112 5203 5217)
4(5126 5217 5216 5125)
4(5217 5203 5204 5216)
4(5126 5099 5190 5217)
4(5217 5190 5193 5203)
4(5127 5116 5207 5218)
4(5127 5218 5191 5100)
4(5218 5207 5193 5191)
4(5128 5118 5209 5219)
4(5128 5219 5218 5127)
4(5219 5209 5207 5218)
4(5130 5118 5209 5221)
4(5129 5220 5219 5128)
4(5130 5221 5220 5129)
4(5221 5209 5219 5220)
4(5131 5117 5208 5222)
4(5131 5222 5221 5130)
4(5222 5208 5209 5221)
4(5132 5119 5210 5223)
4(5132 5223 5222 5131)
4(5223 5210 5208 5222)
4(5133 5120 5211 5224)
4(5133 5224 5223 5132)
4(5224 5211 5210 5223)
4(5133 5106 5197 5224)
4(5224 5197 5200 5211)
4(5134 5121 5212 5225)
4(5134 5225 5198 5107)
4(5225 5212 5200 5198)
4(5135 5122 5213 5226)
4(5135 5226 5225 5134)
4(5226 5213 5212 5225)
4(5136 5227 5226 5135)
4(5136 5124 5215 5227)
4(5227 5215 5213 5226)
4(5137 5123 5214 5228)
4(5138 5229 5215 5124)
4(5138 5137 5228 5229)
4(5229 5228 5214 5215)
4(5140 5123 5214 5231)
4(5137 5139 5230 5228)
4(5140 5231 5230 5139)
4(5228 5230 5231 5214)
4(5141 5125 5216 5232)
4(5141 5232 5231 5140)
4(5232 5216 5214 5231)
4(5142 5126 5217 5233)
4(5142 5233 5232 5141)
4(5233 5217 5216 5232)
4(5098 5189 5233 5142)
4(5189 5190 5217 5233)
4(5143 5127 5218 5234)
4(5143 5234 5192 5101)
4(5234 5218 5191 5192)
4(5144 5128 5219 5235)
4(5144 5235 5234 5143)
4(5235 5219 5218 5234)
4(5145 5129 5220 5236)
4(5145 5236 5235 5144)
4(5236 5220 5219 5235)
4(5147 5129 5220 5238)
4(5146 5237 5236 5145)
4(5147 5238 5237 5146)
4(5238 5220 5236 5237)
4(5148 5130 5221 5239)
4(5148 5239 5238 5147)
4(5239 5221 5220 5238)
4(5149 5131 5222 5240)
4(5149 5240 5239 5148)
4(5240 5222 5221 5239)
4(5151 5131 5222 5242)
4(5150 5241 5240 5149)
4(5151 5242 5241 5150)
4(5242 5222 5240 5241)
4(5152 5132 5223 5243)
4(5152 5243 5242 5151)
4(5243 5223 5222 5242)
4(5153 5133 5224 5244)
4(5153 5244 5243 5152)
4(5244 5224 5223 5243)
4(5105 5196 5244 5153)
4(5196 5197 5224 5244)
4(5154 5134 5225 5245)
4(5154 5245 5199 5108)
4(5245 5225 5198 5199)
4(5155 5135 5226 5246)
4(5155 5246 5245 5154)
4(5246 5226 5225 5245)
4(5156 5136 5227 5247)
4(5156 5247 5246 5155)
4(5247 5227 5226 5246)
4(5158 5136 5227 5249)
4(5157 5248 5247 5156)
4(5158 5249 5248 5157)
4(5249 5227 5247 5248)
4(5138 5229 5249 5158)
4(5229 5215 5227 5249)
4(5159 5139 5230 5250)
4(5160 5251 5228 5137)
4(5250 5230 5228 5251)
4(5161 5140 5231 5252)
4(5252 5231 5230 5250)
4(5162 5141 5232 5253)
4(5253 5232 5231 5252)
4(5163 5142 5233 5254)
4(5254 5233 5232 5253)
4(5164 5098 5189 5255)
4(5255 5189 5233 5254)
4(5165 5097 5188 5256)
4(5256 5188 5189 5255)
4(5166 5101 5192 5257)
4(5257 5192 5188 5256)
4(5167 5143 5234 5258)
4(5258 5234 5192 5257)
4(5168 5144 5235 5259)
4(5259 5235 5234 5258)
4(5169 5145 5236 5260)
4(5260 5236 5235 5259)
4(5170 5146 5237 5261)
4(5261 5237 5236 5260)
4(5171 5147 5238 5262)
4(5262 5238 5237 5261)
4(5172 5148 5239 5263)
4(5263 5239 5238 5262)
4(5173 5149 5240 5264)
4(5264 5240 5239 5263)
4(5174 5150 5241 5265)
4(5264 5265 5241 5240)
4(5175 5151 5242 5266)
4(5266 5242 5241 5265)
4(5176 5152 5243 5267)
4(5267 5243 5242 5266)
4(5177 5153 5244 5268)
4(5268 5244 5243 5267)
4(5178 5105 5196 5269)
4(5269 5196 5244 5268)
4(5179 5104 5195 5270)
4(5270 5195 5196 5269)
4(5180 5108 5199 5271)
4(5271 5199 5195 5270)
4(5181 5154 5245 5272)
4(5272 5245 5199 5271)
4(5182 5155 5246 5273)
4(5273 5246 5245 5272)
4(5183 5156 5247 5274)
4(5274 5247 5246 5273)
4(5184 5157 5248 5275)
4(5275 5248 5247 5274)
4(5185 5158 5249 5276)
4(5276 5249 5248 5275)
4(5186 5138 5229 5277)
4(5277 5229 5249 5276)
4(5251 5228 5229 5277)
4(5188 5187 5278 5279)
4(5190 5281 5278 5187)
4(5189 5280 5281 5190)
4(5188 5279 5280 5189)
4(5279 5278 5281 5280)
4(5191 5187 5278 5282)
4(5192 5191 5282 5283)
4(5192 5283 5279 5188)
4(5283 5282 5278 5279)
4(5190 5281 5284 5193)
4(5191 5193 5284 5282)
4(5282 5284 5281 5278)
4(5195 5194 5285 5286)
4(5197 5288 5285 5194)
4(5196 5287 5288 5197)
4(5195 5286 5287 5196)
4(5286 5285 5288 5287)
4(5198 5194 5285 5289)
4(5199 5198 5289 5290)
4(5199 5290 5286 5195)
4(5290 5289 5285 5286)
4(5197 5288 5291 5200)
4(5198 5200 5291 5289)
4(5289 5291 5288 5285)
4(5204 5295 5292 5201)
4(5203 5202 5293 5294)
4(5201 5292 5293 5202)
4(5203 5294 5295 5204)
4(5294 5293 5292 5295)
4(5206 5297 5292 5201)
4(5205 5296 5297 5206)
4(5204 5295 5296 5205)
4(5295 5292 5297 5296)
4(5207 5202 5293 5298)
4(5193 5284 5294 5203)
4(5207 5298 5284 5193)
4(5298 5293 5294 5284)
4(5208 5202 5293 5299)
4(5209 5300 5298 5207)
4(5208 5299 5300 5209)
4(5299 5293 5298 5300)
4(5210 5201 5292 5301)
4(5210 5301 5299 5208)
4(5301 5292 5293 5299)
4(5211 5206 5297 5302)
4(5211 5302 5301 5210)
4(5302 5297 5292 5301)
4(5212 5206 5297 5303)
4(5200 5291 5302 5211)
4(5212 5303 5291 5200)
4(5303 5297 5302 5291)
4(5213 5205 5296 5304)
4(5213 5304 5303 5212)
4(5304 5296 5297 5303)
4(5214 5205 5296 5305)
4(5215 5306 5304 5213)
4(5215 5214 5305 5306)
4(5306 5305 5296 5304)
4(5216 5204 5295 5307)
4(5216 5307 5305 5214)
4(5307 5295 5296 5305)
4(5217 5203 5294 5308)
4(5217 5308 5307 5216)
4(5308 5294 5295 5307)
4(5217 5190 5281 5308)
4(5308 5281 5284 5294)
4(5218 5207 5298 5309)
4(5218 5309 5282 5191)
4(5309 5298 5284 5282)
4(5219 5209 5300 5310)
4(5219 5310 5309 5218)
4(5310 5300 5298 5309)
4(5221 5209 5300 5312)
4(5220 5311 5310 5219)
4(5221 5312 5311 5220)
4(5312 5300 5310 5311)
4(5222 5208 5299 5313)
4(5222 5313 5312 5221)
4(5313 5299 5300 5312)
4(5223 5210 5301 5314)
4(5223 5314 5313 5222)
4(5314 5301 5299 5313)
4(5224 5211 5302 5315)
4(5224 5315 5314 5223)
4(5315 5302 5301 5314)
4(5224 5197 5288 5315)
4(5315 5288 5291 5302)
4(5225 5212 5303 5316)
4(5225 5316 5289 5198)
4(5316 5303 5291 5289)
4(5226 5213 5304 5317)
4(5226 5317 5316 5225)
4(5317 5304 5303 5316)
4(5227 5318 5317 5226)
4(5227 5215 5306 5318)
4(5318 5306 5304 5317)
4(5228 5214 5305 5319)
4(5229 5320 5306 5215)
4(5229 5228 5319 5320)
4(5320 5319 5305 5306)
4(5231 5214 5305 5322)
4(5228 5230 5321 5319)
4(5231 5322 5321 5230)
4(5319 5321 5322 5305)
4(5232 5216 5307 5323)
4(5232 5323 5322 5231)
4(5323 5307 5305 5322)
4(5233 5217 5308 5324)
4(5233 5324 5323 5232)
4(5324 5308 5307 5323)
4(5189 5280 5324 5233)
4(5280 5281 5308 5324)
4(5234 5218 5309 5325)
4(5234 5325 5283 5192)
4(5325 5309 5282 5283)
4(5235 5219 5310 5326)
4(5235 5326 5325 5234)
4(5326 5310 5309 5325)
4(5236 5220 5311 5327)
4(5236 5327 5326 5235)
4(5327 5311 5310 5326)
4(5238 5220 5311 5329)
4(5237 5328 5327 5236)
4(5238 5329 5328 5237)
4(5329 5311 5327 5328)
4(5239 5221 5312 5330)
4(5239 5330 5329 5238)
4(5330 5312 5311 5329)
4(5240 5222 5313 5331)
4(5240 5331 5330 5239)
4(5331 5313 5312 5330)
4(5242 5222 5313 5333)
4(5241 5332 5331 5240)
4(5242 5333 5332 5241)
4(5333 5313 5331 5332)
4(5243 5223 5314 5334)
4(5243 5334 5333 5242)
4(5334 5314 5313 5333)
4(5244 5224 5315 5335)
4(5244 5335 5334 5243)
4(5335 5315 5314 5334)
4(5196 5287 5335 5244)
4(5287 5288 5315 5335)
4(5245 5225 5316 5336)
4(5245 5336 5290 5199)
4(5336 5316 5289 5290)
4(5246 5226 5317 5337)
4(5246 5337 5336 5245)
4(5337 5317 5316 5336)
4(5247 5227 5318 5338)
4(5247 5338 5337 5246)
4(5338 5318 5317 5337)
4(5249 5227 5318 5340)
4(5248 5339 5338 5247)
4(5249 5340 5339 5248)
4(5340 5318 5338 5339)
4(5229 5320 5340 5249)
4(5320 5306 5318 5340)
4(5250 5230 5321 5341)
4(5251 5342 5319 5228)
4(5341 5321 5319 5342)
4(5252 5231 5322 5343)
4(5343 5322 5321 5341)
4(5253 5232 5323 5344)
4(5344 5323 5322 5343)
4(5254 5233 5324 5345)
4(5345 5324 5323 5344)
4(5255 5189 5280 5346)
4(5346 5280 5324 5345)
4(5256 5188 5279 5347)
4(5347 5279 5280 5346)
4(5257 5192 5283 5348)
4(5348 5283 5279 5347)
4(5258 5234 5325 5349)
4(5349 5325 5283 5348)
4(5259 5235 5326 5350)
4(5350 5326 5325 5349)
4(5260 5236 5327 5351)
4(5351 5327 5326 5350)
4(5261 5237 5328 5352)
4(5352 5328 5327 5351)
4(5262 5238 5329 5353)
4(5353 5329 5328 5352)
4(5263 5239 5330 5354)
4(5354 5330 5329 5353)
4(5264 5240 5331 5355)
4(5355 5331 5330 5354)
4(5265 5241 5332 5356)
4(5355 5356 5332 5331)
4(5266 5242 5333 5357)
4(5357 5333 5332 5356)
4(5267 5243 5334 5358)
4(5358 5334 5333 5357)
4(5268 5244 5335 5359)
4(5359 5335 5334 5358)
4(5269 5196 5287 5360)
4(5360 5287 5335 5359)
4(5270 5195 5286 5361)
4(5361 5286 5287 5360)
4(5271 5199 5290 5362)
4(5362 5290 5286 5361)
4(5272 5245 5336 5363)
4(5363 5336 5290 5362)
4(5273 5246 5337 5364)
4(5364 5337 5336 5363)
4(5274 5247 5338 5365)
4(5365 5338 5337 5364)
4(5275 5248 5339 5366)
4(5366 5339 5338 5365)
4(5276 5249 5340 5367)
4(5367 5340 5339 5366)
4(5277 5229 5320 5368)
4(5368 5320 5340 5367)
4(5342 5319 5320 5368)
4(5279 5278 5369 5370)
4(5281 5372 5369 5278)
4(5280 5371 5372 5281)
4(5279 5370 5371 5280)
4(5370 5369 5372 5371)
4(5282 5278 5369 5373)
4(5283 5282 5373 5374)
4(5283 5374 5370 5279)
4(5374 5373 5369 5370)
4(5281 5372 5375 5284)
4(5282 5284 5375 5373)
4(5373 5375 5372 5369)
4(5286 5285 5376 5377)
4(5288 5379 5376 5285)
4(5287 5378 5379 5288)
4(5286 5377 5378 5287)
4(5377 5376 5379 5378)
4(5289 5285 5376 5380)
4(5290 5289 5380 5381)
4(5290 5381 5377 5286)
4(5381 5380 5376 5377)
4(5288 5379 5382 5291)
4(5289 5291 5382 5380)
4(5380 5382 5379 5376)
4(5295 5386 5383 5292)
4(5294 5293 5384 5385)
4(5292 5383 5384 5293)
4(5294 5385 5386 5295)
4(5385 5384 5383 5386)
4(5297 5388 5383 5292)
4(5296 5387 5388 5297)
4(5295 5386 5387 5296)
4(5386 5383 5388 5387)
4(5298 5293 5384 5389)
4(5284 5375 5385 5294)
4(5298 5389 5375 5284)
4(5389 5384 5385 5375)
4(5299 5293 5384 5390)
4(5300 5391 5389 5298)
4(5299 5390 5391 5300)
4(5390 5384 5389 5391)
4(5301 5292 5383 5392)
4(5301 5392 5390 5299)
4(5392 5383 5384 5390)
4(5302 5297 5388 5393)
4(5302 5393 5392 5301)
4(5393 5388 5383 5392)
4(5303 5297 5388 5394)
4(5291 5382 5393 5302)
4(5303 5394 5382 5291)
4(5394 5388 5393 5382)
4(5304 5296 5387 5395)
4(5304 5395 5394 5303)
4(5395 5387 5388 5394)
4(5305 5296 5387 5396)
4(5306 5397 5395 5304)
4(5306 5305 5396 5397)
4(5397 5396 5387 5395)
4(5307 5295 5386 5398)
4(5307 5398 5396 5305)
4(5398 5386 5387 5396)
4(5308 5294 5385 5399)
4(5308 5399 5398 5307)
4(5399 5385 5386 5398)
4(5308 5281 5372 5399)
4(5399 5372 5375 5385)
4(5309 5298 5389 5400)
4(5309 5400 5373 5282)
4(5400 5389 5375 5373)
4(5310 5300 5391 5401)
4(5310 5401 5400 5309)
4(5401 5391 5389 5400)
4(5312 5300 5391 5403)
4(5311 5402 5401 5310)
4(5312 5403 5402 5311)
4(5403 5391 5401 5402)
4(5313 5299 5390 5404)
4(5313 5404 5403 5312)
4(5404 5390 5391 5403)
4(5314 5301 5392 5405)
4(5314 5405 5404 5313)
4(5405 5392 5390 5404)
4(5315 5302 5393 5406)
4(5315 5406 5405 5314)
4(5406 5393 5392 5405)
4(5315 5288 5379 5406)
4(5406 5379 5382 5393)
4(5316 5303 5394 5407)
4(5316 5407 5380 5289)
4(5407 5394 5382 5380)
4(5317 5304 5395 5408)
4(5317 5408 5407 5316)
4(5408 5395 5394 5407)
4(5318 5409 5408 5317)
4(5318 5306 5397 5409)
4(5409 5397 5395 5408)
4(5319 5305 5396 5410)
4(5320 5411 5397 5306)
4(5320 5319 5410 5411)
4(5411 5410 5396 5397)
4(5322 5305 5396 5413)
4(5319 5321 5412 5410)
4(5322 5413 5412 5321)
4(5410 5412 5413 5396)
4(5323 5307 5398 5414)
4(5323 5414 5413 5322)
4(5414 5398 5396 5413)
4(5324 5308 5399 5415)
4(5324 5415 5414 5323)
4(5415 5399 5398 5414)
4(5280 5371 5415 5324)
4(5371 5372 5399 5415)
4(5325 5309 5400 5416)
4(5325 5416 5374 5283)
4(5416 5400 5373 5374)
4(5326 5310 5401 5417)
4(5326 5417 5416 5325)
4(5417 5401 5400 5416)
4(5327 5311 5402 5418)
4(5327 5418 5417 5326)
4(5418 5402 5401 5417)
4(5329 5311 5402 5420)
4(5328 5419 5418 5327)
4(5329 5420 5419 5328)
4(5420 5402 5418 5419)
4(5330 5312 5403 5421)
4(5330 5421 5420 5329)
4(5421 5403 5402 5420)
4(5331 5313 5404 5422)
4(5331 5422 5421 5330)
4(5422 5404 5403 5421)
4(5333 5313 5404 5424)
4(5332 5423 5422 5331)
4(5333 5424 5423 5332)
4(5424 5404 5422 5423)
4(5334 5314 5405 5425)
4(5334 5425 5424 5333)
4(5425 5405 5404 5424)
4(5335 5315 5406 5426)
4(5335 5426 5425 5334)
4(5426 5406 5405 5425)
4(5287 5378 5426 5335)
4(5378 5379 5406 5426)
4(5336 5316 5407 5427)
4(5336 5427 5381 5290)
4(5427 5407 5380 5381)
4(5337 5317 5408 5428)
4(5337 5428 5427 5336)
4(5428 5408 5407 5427)
4(5338 5318 5409 5429)
4(5338 5429 5428 5337)
4(5429 5409 5408 5428)
4(5340 5318 5409 5431)
4(5339 5430 5429 5338)
4(5340 5431 5430 5339)
4(5431 5409 5429 5430)
4(5320 5411 5431 5340)
4(5411 5397 5409 5431)
4(5341 5321 5412 5432)
4(5342 5433 5410 5319)
4(5432 5412 5410 5433)
4(5343 5322 5413 5434)
4(5434 5413 5412 5432)
4(5344 5323 5414 5435)
4(5435 5414 5413 5434)
4(5345 5324 5415 5436)
4(5436 5415 5414 5435)
4(5346 5280 5371 5437)
4(5437 5371 5415 5436)
4(5347 5279 5370 5438)
4(5438 5370 5371 5437)
4(5348 5283 5374 5439)
4(5439 5374 5370 5438)
4(5349 5325 5416 5440)
4(5440 5416 5374 5439)
4(5350 5326 5417 5441)
4(5441 5417 5416 5440)
4(5351 5327 5418 5442)
4(5442 5418 5417 5441)
4(5352 5328 5419 5443)
4(5443 5419 5418 5442)
4(5353 5329 5420 5444)
4(5444 5420 5419 5443)
4(5354 5330 5421 5445)
4(5445 5421 5420 5444)
4(5355 5331 5422 5446)
4(5446 5422 5421 5445)
4(5356 5332 5423 5447)
4(5446 5447 5423 5422)
4(5357 5333 5424 5448)
4(5448 5424 5423 5447)
4(5358 5334 5425 5449)
4(5449 5425 5424 5448)
4(5359 5335 5426 5450)
4(5450 5426 5425 5449)
4(5360 5287 5378 5451)
4(5451 5378 5426 5450)
4(5361 5286 5377 5452)
4(5452 5377 5378 5451)
4(5362 5290 5381 5453)
4(5453 5381 5377 5452)
4(5363 5336 5427 5454)
4(5454 5427 5381 5453)
4(5364 5337 5428 5455)
4(5455 5428 5427 5454)
4(5365 5338 5429 5456)
4(5456 5429 5428 5455)
4(5366 5339 5430 5457)
4(5457 5430 5429 5456)
4(5367 5340 5431 5458)
4(5458 5431 5430 5457)
4(5368 5320 5411 5459)
4(5459 5411 5431 5458)
4(5433 5410 5411 5459)
4(5370 5369 5460 5461)
4(5372 5463 5460 5369)
4(5371 5462 5463 5372)
4(5370 5461 5462 5371)
4(5461 5460 5463 5462)
4(5373 5369 5460 5464)
4(5374 5373 5464 5465)
4(5374 5465 5461 5370)
4(5465 5464 5460 5461)
4(5372 5463 5466 5375)
4(5373 5375 5466 5464)
4(5464 5466 5463 5460)
4(5377 5376 5467 5468)
4(5379 5470 5467 5376)
4(5378 5469 5470 5379)
4(5377 5468 5469 5378)
4(5468 5467 5470 5469)
4(5380 5376 5467 5471)
4(5381 5380 5471 5472)
4(5381 5472 5468 5377)
4(5472 5471 5467 5468)
4(5379 5470 5473 5382)
4(5380 5382 5473 5471)
4(5471 5473 5470 5467)
4(5386 5477 5474 5383)
4(5385 5384 5475 5476)
4(5383 5474 5475 5384)
4(5385 5476 5477 5386)
4(5476 5475 5474 5477)
4(5388 5479 5474 5383)
4(5387 5478 5479 5388)
4(5386 5477 5478 5387)
4(5477 5474 5479 5478)
4(5389 5384 5475 5480)
4(5375 5466 5476 5385)
4(5389 5480 5466 5375)
4(5480 5475 5476 5466)
4(5390 5384 5475 5481)
4(5391 5482 5480 5389)
4(5390 5481 5482 5391)
4(5481 5475 5480 5482)
4(5392 5383 5474 5483)
4(5392 5483 5481 5390)
4(5483 5474 5475 5481)
4(5393 5388 5479 5484)
4(5393 5484 5483 5392)
4(5484 5479 5474 5483)
4(5394 5388 5479 5485)
4(5382 5473 5484 5393)
4(5394 5485 5473 5382)
4(5485 5479 5484 5473)
4(5395 5387 5478 5486)
4(5395 5486 5485 5394)
4(5486 5478 5479 5485)
4(5396 5387 5478 5487)
4(5397 5488 5486 5395)
4(5397 5396 5487 5488)
4(5488 5487 5478 5486)
4(5398 5386 5477 5489)
4(5398 5489 5487 5396)
4(5489 5477 5478 5487)
4(5399 5385 5476 5490)
4(5399 5490 5489 5398)
4(5490 5476 5477 5489)
4(5399 5372 5463 5490)
4(5490 5463 5466 5476)
4(5400 5389 5480 5491)
4(5400 5491 5464 5373)
4(5491 5480 5466 5464)
4(5401 5391 5482 5492)
4(5401 5492 5491 5400)
4(5492 5482 5480 5491)
4(5403 5391 5482 5494)
4(5402 5493 5492 5401)
4(5403 5494 5493 5402)
4(5494 5482 5492 5493)
4(5404 5390 5481 5495)
4(5404 5495 5494 5403)
4(5495 5481 5482 5494)
4(5405 5392 5483 5496)
4(5405 5496 5495 5404)
4(5496 5483 5481 5495)
4(5406 5393 5484 5497)
4(5406 5497 5496 5405)
4(5497 5484 5483 5496)
4(5406 5379 5470 5497)
4(5497 5470 5473 5484)
4(5407 5394 5485 5498)
4(5407 5498 5471 5380)
4(5498 5485 5473 5471)
4(5408 5395 5486 5499)
4(5408 5499 5498 5407)
4(5499 5486 5485 5498)
4(5409 5500 5499 5408)
4(5409 5397 5488 5500)
4(5500 5488 5486 5499)
4(5410 5396 5487 5501)
4(5411 5502 5488 5397)
4(5411 5410 5501 5502)
4(5502 5501 5487 5488)
4(5413 5396 5487 5504)
4(5410 5412 5503 5501)
4(5413 5504 5503 5412)
4(5501 5503 5504 5487)
4(5414 5398 5489 5505)
4(5414 5505 5504 5413)
4(5505 5489 5487 5504)
4(5415 5399 5490 5506)
4(5415 5506 5505 5414)
4(5506 5490 5489 5505)
4(5371 5462 5506 5415)
4(5462 5463 5490 5506)
4(5416 5400 5491 5507)
4(5416 5507 5465 5374)
4(5507 5491 5464 5465)
4(5417 5401 5492 5508)
4(5417 5508 5507 5416)
4(5508 5492 5491 5507)
4(5418 5402 5493 5509)
4(5418 5509 5508 5417)
4(5509 5493 5492 5508)
4(5420 5402 5493 5511)
4(5419 5510 5509 5418)
4(5420 5511 5510 5419)
4(5511 5493 5509 5510)
4(5421 5403 5494 5512)
4(5421 5512 5511 5420)
4(5512 5494 5493 5511)
4(5422 5404 5495 5513)
4(5422 5513 5512 5421)
4(5513 5495 5494 5512)
4(5424 5404 5495 5515)
4(5423 5514 5513 5422)
4(5424 5515 5514 5423)
4(5515 5495 5513 5514)
4(5425 5405 5496 5516)
4(5425 5516 5515 5424)
4(5516 5496 5495 5515)
4(5426 5406 5497 5517)
4(5426 5517 5516 5425)
4(5517 5497 5496 5516)
4(5378 5469 5517 5426)
4(5469 5470 5497 5517)
4(5427 5407 5498 5518)
4(5427 5518 5472 5381)
4(5518 5498 5471 5472)
4(5428 5408 5499 5519)
4(5428 5519 5518 5427)
4(5519 5499 5498 5518)
4(5429 5409 5500 5520)
4(5429 5520 5519 5428)
4(5520 5500 5499 5519)
4(5431 5409 5500 5522)
4(5430 5521 5520 5429)
4(5431 5522 5521 5430)
4(5522 5500 5520 5521)
4(5411 5502 5522 5431)
4(5502 5488 5500 5522)
4(5432 5412 5503 5523)
4(5433 5524 5501 5410)
4(5523 5503 5501 5524)
4(5434 5413 5504 5525)
4(5525 5504 5503 5523)
4(5435 5414 5505 5526)
4(5526 5505 5504 5525)
4(5436 5415 5506 5527)
4(5527 5506 5505 5526)
4(5437 5371 5462 5528)
4(5528 5462 5506 5527)
4(5438 5370 5461 5529)
4(5529 5461 5462 5528)
4(5439 5374 5465 5530)
4(5530 5465 5461 5529)
4(5440 5416 5507 5531)
4(5531 5507 5465 5530)
4(5441 5417 5508 5532)
4(5532 5508 5507 5531)
4(5442 5418 5509 5533)
4(5533 5509 5508 5532)
4(5443 5419 5510 5534)
4(5534 5510 5509 5533)
4(5444 5420 5511 5535)
4(5535 5511 5510 5534)
4(5445 5421 5512 5536)
4(5536 5512 5511 5535)
4(5446 5422 5513 5537)
4(5537 5513 5512 5536)
4(5447 5423 5514 5538)
4(5537 5538 5514 5513)
4(5448 5424 5515 5539)
4(5539 5515 5514 5538)
4(5449 5425 5516 5540)
4(5540 5516 5515 5539)
4(5450 5426 5517 5541)
4(5541 5517 5516 5540)
4(5451 5378 5469 5542)
4(5542 5469 5517 5541)
4(5452 5377 5468 5543)
4(5543 5468 5469 5542)
4(5453 5381 5472 5544)
4(5544 5472 5468 5543)
4(5454 5427 5518 5545)
4(5545 5518 5472 5544)
4(5455 5428 5519 5546)
4(5546 5519 5518 5545)
4(5456 5429 5520 5547)
4(5547 5520 5519 5546)
4(5457 5430 5521 5548)
4(5548 5521 5520 5547)
4(5458 5431 5522 5549)
4(5549 5522 5521 5548)
4(5459 5411 5502 5550)
4(5550 5502 5522 5549)
4(5524 5501 5502 5550)
4(5461 5460 5551 5552)
4(5463 5554 5551 5460)
4(5462 5553 5554 5463)
4(5461 5552 5553 5462)
4(5552 5551 5554 5553)
4(5464 5460 5551 5555)
4(5465 5464 5555 5556)
4(5465 5556 5552 5461)
4(5556 5555 5551 5552)
4(5463 5554 5557 5466)
4(5464 5466 5557 5555)
4(5555 5557 5554 5551)
4(5468 5467 5558 5559)
4(5470 5561 5558 5467)
4(5469 5560 5561 5470)
4(5468 5559 5560 5469)
4(5559 5558 5561 5560)
4(5471 5467 5558 5562)
4(5472 5471 5562 5563)
4(5472 5563 5559 5468)
4(5563 5562 5558 5559)
4(5470 5561 5564 5473)
4(5471 5473 5564 5562)
4(5562 5564 5561 5558)
4(5477 5568 5565 5474)
4(5476 5475 5566 5567)
4(5474 5565 5566 5475)
4(5476 5567 5568 5477)
4(5567 5566 5565 5568)
4(5479 5570 5565 5474)
4(5478 5569 5570 5479)
4(5477 5568 5569 5478)
4(5568 5565 5570 5569)
4(5480 5475 5566 5571)
4(5466 5557 5567 5476)
4(5480 5571 5557 5466)
4(5571 5566 5567 5557)
4(5481 5475 5566 5572)
4(5482 5573 5571 5480)
4(5481 5572 5573 5482)
4(5572 5566 5571 5573)
4(5483 5474 5565 5574)
4(5483 5574 5572 5481)
4(5574 5565 5566 5572)
4(5484 5479 5570 5575)
4(5484 5575 5574 5483)
4(5575 5570 5565 5574)
4(5485 5479 5570 5576)
4(5473 5564 5575 5484)
4(5485 5576 5564 5473)
4(5576 5570 5575 5564)
4(5486 5478 5569 5577)
4(5486 5577 5576 5485)
4(5577 5569 5570 5576)
4(5487 5478 5569 5578)
4(5488 5579 5577 5486)
4(5488 5487 5578 5579)
4(5579 5578 5569 5577)
4(5489 5477 5568 5580)
4(5489 5580 5578 5487)
4(5580 5568 5569 5578)
4(5490 5476 5567 5581)
4(5490 5581 5580 5489)
4(5581 5567 5568 5580)
4(5490 5463 5554 5581)
4(5581 5554 5557 5567)
4(5491 5480 5571 5582)
4(5491 5582 5555 5464)
4(5582 5571 5557 5555)
4(5492 5482 5573 5583)
4(5492 5583 5582 5491)
4(5583 5573 5571 5582)
4(5494 5482 5573 5585)
4(5493 5584 5583 5492)
4(5494 5585 5584 5493)
4(5585 5573 5583 5584)
4(5495 5481 5572 5586)
4(5495 5586 5585 5494)
4(5586 5572 5573 5585)
4(5496 5483 5574 5587)
4(5496 5587 5586 5495)
4(5587 5574 5572 5586)
4(5497 5484 5575 5588)
4(5497 5588 5587 5496)
4(5588 5575 5574 5587)
4(5497 5470 5561 5588)
4(5588 5561 5564 5575)
4(5498 5485 5576 5589)
4(5498 5589 5562 5471)
4(5589 5576 5564 5562)
4(5499 5486 5577 5590)
4(5499 5590 5589 5498)
4(5590 5577 5576 5589)
4(5500 5591 5590 5499)
4(5500 5488 5579 5591)
4(5591 5579 5577 5590)
4(5501 5487 5578 5592)
4(5502 5593 5579 5488)
4(5502 5501 5592 5593)
4(5593 5592 5578 5579)
4(5504 5487 5578 5595)
4(5501 5503 5594 5592)
4(5504 5595 5594 5503)
4(5592 5594 5595 5578)
4(5505 5489 5580 5596)
4(5505 5596 5595 5504)
4(5596 5580 5578 5595)
4(5506 5490 5581 5597)
4(5506 5597 5596 5505)
4(5597 5581 5580 5596)
4(5462 5553 5597 5506)
4(5553 5554 5581 5597)
4(5507 5491 5582 5598)
4(5507 5598 5556 5465)
4(5598 5582 5555 5556)
4(5508 5492 5583 5599)
4(5508 5599 5598 5507)
4(5599 5583 5582 5598)
4(5509 5493 5584 5600)
4(5509 5600 5599 5508)
4(5600 5584 5583 5599)
4(5511 5493 5584 5602)
4(5510 5601 5600 5509)
4(5511 5602 5601 5510)
4(5602 5584 5600 5601)
4(5512 5494 5585 5603)
4(5512 5603 5602 5511)
4(5603 5585 5584 5602)
4(5513 5495 5586 5604)
4(5513 5604 5603 5512)
4(5604 5586 5585 5603)
4(5515 5495 5586 5606)
4(5514 5605 5604 5513)
4(5515 5606 5605 5514)
4(5606 5586 5604 5605)
4(5516 5496 5587 5607)
4(5516 5607 5606 5515)
4(5607 5587 5586 5606)
4(5517 5497 5588 5608)
4(5517 5608 5607 5516)
4(5608 5588 5587 5607)
4(5469 5560 5608 5517)
4(5560 5561 5588 5608)
4(5518 5498 5589 5609)
4(5518 5609 5563 5472)
4(5609 5589 5562 5563)
4(5519 5499 5590 5610)
4(5519 5610 5609 5518)
4(5610 5590 5589 5609)
4(5520 5500 5591 5611)
4(5520 5611 5610 5519)
4(5611 5591 5590 5610)
4(5522 5500 5591 5613)
4(5521 5612 5611 5520)
4(5522 5613 5612 5521)
4(5613 5591 5611 5612)
4(5502 5593 5613 5522)
4(5593 5579 5591 5613)
4(5523 5503 5594 5614)
4(5524 5615 5592 5501)
4(5614 5594 5592 5615)
4(5525 5504 5595 5616)
4(5616 5595 5594 5614)
4(5526 5505 5596 5617)
4(5617 5596 5595 5616)
4(5527 5506 5597 5618)
4(5618 5597 5596 5617)
4(5528 5462 5553 5619)
4(5619 5553 5597 5618)
4(5529 5461 5552 5620)
4(5620 5552 5553 5619)
4(5530 5465 5556 5621)
4(5621 5556 5552 5620)
4(5531 5507 5598 5622)
4(5622 5598 5556 5621)
4(5532 5508 5599 5623)
4(5623 5599 5598 5622)
4(5533 5509 5600 5624)
4(5624 5600 5599 5623)
4(5534 5510 5601 5625)
4(5625 5601 5600 5624)
4(5535 5511 5602 5626)
4(5626 5602 5601 5625)
4(5536 5512 5603 5627)
4(5627 5603 5602 5626)
4(5537 5513 5604 5628)
4(5628 5604 5603 5627)
4(5538 5514 5605 5629)
4(5628 5629 5605 5604)
4(5539 5515 5606 5630)
4(5630 5606 5605 5629)
4(5540 5516 5607 5631)
4(5631 5607 5606 5630)
4(5541 5517 5608 5632)
4(5632 5608 5607 5631)
4(5542 5469 5560 5633)
4(5633 5560 5608 5632)
4(5543 5468 5559 5634)
4(5634 5559 5560 5633)
4(5544 5472 5563 5635)
4(5635 5563 5559 5634)
4(5545 5518 5609 5636)
4(5636 5609 5563 5635)
4(5546 5519 5610 5637)
4(5637 5610 5609 5636)
4(5547 5520 5611 5638)
4(5638 5611 5610 5637)
4(5548 5521 5612 5639)
4(5639 5612 5611 5638)
4(5549 5522 5613 5640)
4(5640 5613 5612 5639)
4(5550 5502 5593 5641)
4(5641 5593 5613 5640)
4(5615 5592 5593 5641)
4(5552 5551 5642 5643)
4(5554 5645 5642 5551)
4(5553 5644 5645 5554)
4(5552 5643 5644 5553)
4(5643 5642 5645 5644)
4(5555 5551 5642 5646)
4(5556 5555 5646 5647)
4(5556 5647 5643 5552)
4(5647 5646 5642 5643)
4(5554 5645 5648 5557)
4(5555 5557 5648 5646)
4(5646 5648 5645 5642)
4(5559 5558 5649 5650)
4(5561 5652 5649 5558)
4(5560 5651 5652 5561)
4(5559 5650 5651 5560)
4(5650 5649 5652 5651)
4(5562 5558 5649 5653)
4(5563 5562 5653 5654)
4(5563 5654 5650 5559)
4(5654 5653 5649 5650)
4(5561 5652 5655 5564)
4(5562 5564 5655 5653)
4(5653 5655 5652 5649)
4(5568 5659 5656 5565)
4(5567 5566 5657 5658)
4(5565 5656 5657 5566)
4(5567 5658 5659 5568)
4(5658 5657 5656 5659)
4(5570 5661 5656 5565)
4(5569 5660 5661 5570)
4(5568 5659 5660 5569)
4(5659 5656 5661 5660)
4(5571 5566 5657 5662)
4(5557 5648 5658 5567)
4(5571 5662 5648 5557)
4(5662 5657 5658 5648)
4(5572 5566 5657 5663)
4(5573 5664 5662 5571)
4(5572 5663 5664 5573)
4(5663 5657 5662 5664)
4(5574 5565 5656 5665)
4(5574 5665 5663 5572)
4(5665 5656 5657 5663)
4(5575 5570 5661 5666)
4(5575 5666 5665 5574)
4(5666 5661 5656 5665)
4(5576 5570 5661 5667)
4(5564 5655 5666 5575)
4(5576 5667 5655 5564)
4(5667 5661 5666 5655)
4(5577 5569 5660 5668)
4(5577 5668 5667 5576)
4(5668 5660 5661 5667)
4(5578 5569 5660 5669)
4(5579 5670 5668 5577)
4(5579 5578 5669 5670)
4(5670 5669 5660 5668)
4(5580 5568 5659 5671)
4(5580 5671 5669 5578)
4(5671 5659 5660 5669)
4(5581 5567 5658 5672)
4(5581 5672 5671 5580)
4(5672 5658 5659 5671)
4(5581 5554 5645 5672)
4(5672 5645 5648 5658)
4(5582 5571 5662 5673)
4(5582 5673 5646 5555)
4(5673 5662 5648 5646)
4(5583 5573 5664 5674)
4(5583 5674 5673 5582)
4(5674 5664 5662 5673)
4(5585 5573 5664 5676)
4(5584 5675 5674 5583)
4(5585 5676 5675 5584)
4(5676 5664 5674 5675)
4(5586 5572 5663 5677)
4(5586 5677 5676 5585)
4(5677 5663 5664 5676)
4(5587 5574 5665 5678)
4(5587 5678 5677 5586)
4(5678 5665 5663 5677)
4(5588 5575 5666 5679)
4(5588 5679 5678 5587)
4(5679 5666 5665 5678)
4(5588 5561 5652 5679)
4(5679 5652 5655 5666)
4(5589 5576 5667 5680)
4(5589 5680 5653 5562)
4(5680 5667 5655 5653)
4(5590 5577 5668 5681)
4(5590 5681 5680 5589)
4(5681 5668 5667 5680)
4(5591 5682 5681 5590)
4(5591 5579 5670 5682)
4(5682 5670 5668 5681)
4(5592 5578 5669 5683)
4(5593 5684 5670 5579)
4(5593 5592 5683 5684)
4(5684 5683 5669 5670)
4(5595 5578 5669 5686)
4(5592 5594 5685 5683)
4(5595 5686 5685 5594)
4(5683 5685 5686 5669)
4(5596 5580 5671 5687)
4(5596 5687 5686 5595)
4(5687 5671 5669 5686)
4(5597 5581 5672 5688)
4(5597 5688 5687 5596)
4(5688 5672 5671 5687)
4(5553 5644 5688 5597)
4(5644 5645 5672 5688)
4(5598 5582 5673 5689)
4(5598 5689 5647 5556)
4(5689 5673 5646 5647)
4(5599 5583 5674 5690)
4(5599 5690 5689 5598)
4(5690 5674 5673 5689)
4(5600 5584 5675 5691)
4(5600 5691 5690 5599)
4(5691 5675 5674 5690)
4(5602 5584 5675 5693)
4(5601 5692 5691 5600)
4(5602 5693 5692 5601)
4(5693 5675 5691 5692)
4(5603 5585 5676 5694)
4(5603 5694 5693 5602)
4(5694 5676 5675 5693)
4(5604 5586 5677 5695)
4(5604 5695 5694 5603)
4(5695 5677 5676 5694)
4(5606 5586 5677 5697)
4(5605 5696 5695 5604)
4(5606 5697 5696 5605)
4(5697 5677 5695 5696)
4(5607 5587 5678 5698)
4(5607 5698 5697 5606)
4(5698 5678 5677 5697)
4(5608 5588 5679 5699)
4(5608 5699 5698 5607)
4(5699 5679 5678 5698)
4(5560 5651 5699 5608)
4(5651 5652 5679 5699)
4(5609 5589 5680 5700)
4(5609 5700 5654 5563)
4(5700 5680 5653 5654)
4(5610 5590 5681 5701)
4(5610 5701 5700 5609)
4(5701 5681 5680 5700)
4(5611 5591 5682 5702)
4(5611 5702 5701 5610)
4(5702 5682 5681 5701)
4(5613 5591 5682 5704)
4(5612 5703 5702 5611)
4(5613 5704 5703 5612)
4(5704 5682 5702 5703)
4(5593 5684 5704 5613)
4(5684 5670 5682 5704)
4(5614 5594 5685 5705)
4(5615 5706 5683 5592)
4(5705 5685 5683 5706)
4(5616 5595 5686 5707)
4(5707 5686 5685 5705)
4(5617 5596 5687 5708)
4(5708 5687 5686 5707)
4(5618 5597 5688 5709)
4(5709 5688 5687 5708)
4(5619 5553 5644 5710)
4(5710 5644 5688 5709)
4(5620 5552 5643 5711)
4(5711 5643 5644 5710)
4(5621 5556 5647 5712)
4(5712 5647 5643 5711)
4(5622 5598 5689 5713)
4(5713 5689 5647 5712)
4(5623 5599 5690 5714)
4(5714 5690 5689 5713)
4(5624 5600 5691 5715)
4(5715 5691 5690 5714)
4(5625 5601 5692 5716)
4(5716 5692 5691 5715)
4(5626 5602 5693 5717)
4(5717 5693 5692 5716)
4(5627 5603 5694 5718)
4(5718 5694 5693 5717)
4(5628 5604 5695 5719)
4(5719 5695 5694 5718)
4(5629 5605 5696 5720)
4(5719 5720 5696 5695)
4(5630 5606 5697 5721)
4(5721 5697 5696 5720)
4(5631 5607 5698 5722)
4(5722 5698 5697 5721)
4(5632 5608 5699 5723)
4(5723 5699 5698 5722)
4(5633 5560 5651 5724)
4(5724 5651 5699 5723)
4(5634 5559 5650 5725)
4(5725 5650 5651 5724)
4(5635 5563 5654 5726)
4(5726 5654 5650 5725)
4(5636 5609 5700 5727)
4(5727 5700 5654 5726)
4(5637 5610 5701 5728)
4(5728 5701 5700 5727)
4(5638 5611 5702 5729)
4(5729 5702 5701 5728)
4(5639 5612 5703 5730)
4(5730 5703 5702 5729)
4(5640 5613 5704 5731)
4(5731 5704 5703 5730)
4(5641 5593 5684 5732)
4(5732 5684 5704 5731)
4(5706 5683 5684 5732)
4(5643 5642 5733 5734)
4(5645 5736 5733 5642)
4(5644 5735 5736 5645)
4(5643 5734 5735 5644)
4(5734 5733 5736 5735)
4(5646 5642 5733 5737)
4(5647 5646 5737 5738)
4(5647 5738 5734 5643)
4(5738 5737 5733 5734)
4(5645 5736 5739 5648)
4(5646 5648 5739 5737)
4(5737 5739 5736 5733)
4(5650 5649 5740 5741)
4(5652 5743 5740 5649)
4(5651 5742 5743 5652)
4(5650 5741 5742 5651)
4(5741 5740 5743 5742)
4(5653 5649 5740 5744)
4(5654 5653 5744 5745)
4(5654 5745 5741 5650)
4(5745 5744 5740 5741)
4(5652 5743 5746 5655)
4(5653 5655 5746 5744)
4(5744 5746 5743 5740)
4(5659 5750 5747 5656)
4(5658 5657 5748 5749)
4(5656 5747 5748 5657)
4(5658 5749 5750 5659)
4(5749 5748 5747 5750)
4(5661 5752 5747 5656)
4(5660 5751 5752 5661)
4(5659 5750 5751 5660)
4(5750 5747 5752 5751)
4(5662 5657 5748 5753)
4(5648 5739 5749 5658)
4(5662 5753 5739 5648)
4(5753 5748 5749 5739)
4(5663 5657 5748 5754)
4(5664 5755 5753 5662)
4(5663 5754 5755 5664)
4(5754 5748 5753 5755)
4(5665 5656 5747 5756)
4(5665 5756 5754 5663)
4(5756 5747 5748 5754)
4(5666 5661 5752 5757)
4(5666 5757 5756 5665)
4(5757 5752 5747 5756)
4(5667 5661 5752 5758)
4(5655 5746 5757 5666)
4(5667 5758 5746 5655)
4(5758 5752 5757 5746)
4(5668 5660 5751 5759)
4(5668 5759 5758 5667)
4(5759 5751 5752 5758)
4(5669 5660 5751 5760)
4(5670 5761 5759 5668)
4(5670 5669 5760 5761)
4(5761 5760 5751 5759)
4(5671 5659 5750 5762)
4(5671 5762 5760 5669)
4(5762 5750 5751 5760)
4(5672 5658 5749 5763)
4(5672 5763 5762 5671)
4(5763 5749 5750 5762)
4(5672 5645 5736 5763)
4(5763 5736 5739 5749)
4(5673 5662 5753 5764)
4(5673 5764 5737 5646)
4(5764 5753 5739 5737)
4(5674 5664 5755 5765)
4(5674 5765 5764 5673)
4(5765 5755 5753 5764)
4(5676 5664 5755 5767)
4(5675 5766 5765 5674)
4(5676 5767 5766 5675)
4(5767 5755 5765 5766)
4(5677 5663 5754 5768)
4(5677 5768 5767 5676)
4(5768 5754 5755 5767)
4(5678 5665 5756 5769)
4(5678 5769 5768 5677)
4(5769 5756 5754 5768)
4(5679 5666 5757 5770)
4(5679 5770 5769 5678)
4(5770 5757 5756 5769)
4(5679 5652 5743 5770)
4(5770 5743 5746 5757)
4(5680 5667 5758 5771)
4(5680 5771 5744 5653)
4(5771 5758 5746 5744)
4(5681 5668 5759 5772)
4(5681 5772 5771 5680)
4(5772 5759 5758 5771)
4(5682 5773 5772 5681)
4(5682 5670 5761 5773)
4(5773 5761 5759 5772)
4(5683 5669 5760 5774)
4(5684 5775 5761 5670)
4(5684 5683 5774 5775)
4(5775 5774 5760 5761)
4(5686 5669 5760 5777)
4(5683 5685 5776 5774)
4(5686 5777 5776 5685)
4(5774 5776 5777 5760)
4(5687 5671 5762 5778)
4(5687 5778 5777 5686)
4(5778 5762 5760 5777)
4(5688 5672 5763 5779)
4(5688 5779 5778 5687)
4(5779 5763 5762 5778)
4(5644 5735 5779 5688)
4(5735 5736 5763 5779)
4(5689 5673 5764 5780)
4(5689 5780 5738 5647)
4(5780 5764 5737 5738)
4(5690 5674 5765 5781)
4(5690 5781 5780 5689)
4(5781 5765 5764 5780)
4(5691 5675 5766 5782)
4(5691 5782 5781 5690)
4(5782 5766 5765 5781)
4(5693 5675 5766 5784)
4(5692 5783 5782 5691)
4(5693 5784 5783 5692)
4(5784 5766 5782 5783)
4(5694 5676 5767 5785)
4(5694 5785 5784 5693)
4(5785 5767 5766 5784)
4(5695 5677 5768 5786)
4(5695 5786 5785 5694)
4(5786 5768 5767 5785)
4(5697 5677 5768 5788)
4(5696 5787 5786 5695)
4(5697 5788 5787 5696)
4(5788 5768 5786 5787)
4(5698 5678 5769 5789)
4(5698 5789 5788 5697)
4(5789 5769 5768 5788)
4(5699 5679 5770 5790)
4(5699 5790 5789 5698)
4(5790 5770 5769 5789)
4(5651 5742 5790 5699)
4(5742 5743 5770 5790)
4(5700 5680 5771 5791)
4(5700 5791 5745 5654)
4(5791 5771 5744 5745)
4(5701 5681 5772 5792)
4(5701 5792 5791 5700)
4(5792 5772 5771 5791)
4(5702 5682 5773 5793)
4(5702 5793 5792 5701)
4(5793 5773 5772 5792)
4(5704 5682 5773 5795)
4(5703 5794 5793 5702)
4(5704 5795 5794 5703)
4(5795 5773 5793 5794)
4(5684 5775 5795 5704)
4(5775 5761 5773 5795)
4(5705 5685 5776 5796)
4(5706 5797 5774 5683)
4(5796 5776 5774 5797)
4(5707 5686 5777 5798)
4(5798 5777 5776 5796)
4(5708 5687 5778 5799)
4(5799 5778 5777 5798)
4(5709 5688 5779 5800)
4(5800 5779 5778 5799)
4(5710 5644 5735 5801)
4(5801 5735 5779 5800)
4(5711 5643 5734 5802)
4(5802 5734 5735 5801)
4(5712 5647 5738 5803)
4(5803 5738 5734 5802)
4(5713 5689 5780 5804)
4(5804 5780 5738 5803)
4(5714 5690 5781 5805)
4(5805 5781 5780 5804)
4(5715 5691 5782 5806)
4(5806 5782 5781 5805)
4(5716 5692 5783 5807)
4(5807 5783 5782 5806)
4(5717 5693 5784 5808)
4(5808 5784 5783 5807)
4(5718 5694 5785 5809)
4(5809 5785 5784 5808)
4(5719 5695 5786 5810)
4(5810 5786 5785 5809)
4(5720 5696 5787 5811)
4(5810 5811 5787 5786)
4(5721 5697 5788 5812)
4(5812 5788 5787 5811)
4(5722 5698 5789 5813)
4(5813 5789 5788 5812)
4(5723 5699 5790 5814)
4(5814 5790 5789 5813)
4(5724 5651 5742 5815)
4(5815 5742 5790 5814)
4(5725 5650 5741 5816)
4(5816 5741 5742 5815)
4(5726 5654 5745 5817)
4(5817 5745 5741 5816)
4(5727 5700 5791 5818)
4(5818 5791 5745 5817)
4(5728 5701 5792 5819)
4(5819 5792 5791 5818)
4(5729 5702 5793 5820)
4(5820 5793 5792 5819)
4(5730 5703 5794 5821)
4(5821 5794 5793 5820)
4(5731 5704 5795 5822)
4(5822 5795 5794 5821)
4(5732 5684 5775 5823)
4(5823 5775 5795 5822)
4(5797 5774 5775 5823)
4(5734 5733 5824 5825)
4(5736 5827 5824 5733)
4(5735 5826 5827 5736)
4(5734 5825 5826 5735)
4(5825 5824 5827 5826)
4(5737 5733 5824 5828)
4(5738 5737 5828 5829)
4(5738 5829 5825 5734)
4(5829 5828 5824 5825)
4(5736 5827 5830 5739)
4(5737 5739 5830 5828)
4(5828 5830 5827 5824)
4(5741 5740 5831 5832)
4(5743 5834 5831 5740)
4(5742 5833 5834 5743)
4(5741 5832 5833 5742)
4(5832 5831 5834 5833)
4(5744 5740 5831 5835)
4(5745 5744 5835 5836)
4(5745 5836 5832 5741)
4(5836 5835 5831 5832)
4(5743 5834 5837 5746)
4(5744 5746 5837 5835)
4(5835 5837 5834 5831)
4(5750 5841 5838 5747)
4(5749 5748 5839 5840)
4(5747 5838 5839 5748)
4(5749 5840 5841 5750)
4(5840 5839 5838 5841)
4(5752 5843 5838 5747)
4(5751 5842 5843 5752)
4(5750 5841 5842 5751)
4(5841 5838 5843 5842)
4(5753 5748 5839 5844)
4(5739 5830 5840 5749)
4(5753 5844 5830 5739)
4(5844 5839 5840 5830)
4(5754 5748 5839 5845)
4(5755 5846 5844 5753)
4(5754 5845 5846 5755)
4(5845 5839 5844 5846)
4(5756 5747 5838 5847)
4(5756 5847 5845 5754)
4(5847 5838 5839 5845)
4(5757 5752 5843 5848)
4(5757 5848 5847 5756)
4(5848 5843 5838 5847)
4(5758 5752 5843 5849)
4(5746 5837 5848 5757)
4(5758 5849 5837 5746)
4(5849 5843 5848 5837)
4(5759 5751 5842 5850)
4(5759 5850 5849 5758)
4(5850 5842 5843 5849)
4(5760 5751 5842 5851)
4(5761 5852 5850 5759)
4(5761 5760 5851 5852)
4(5852 5851 5842 5850)
4(5762 5750 5841 5853)
4(5762 5853 5851 5760)
4(5853 5841 5842 5851)
4(5763 5749 5840 5854)
4(5763 5854 5853 5762)
4(5854 5840 5841 5853)
4(5763 5736 5827 5854)
4(5854 5827 5830 5840)
4(5764 5753 5844 5855)
4(5764 5855 5828 5737)
4(5855 5844 5830 5828)
4(5765 5755 5846 5856)
4(5765 5856 5855 5764)
4(5856 5846 5844 5855)
4(5767 5755 5846 5858)
4(5766 5857 5856 5765)
4(5767 5858 5857 5766)
4(5858 5846 5856 5857)
4(5768 5754 5845 5859)
4(5768 5859 5858 5767)
4(5859 5845 5846 5858)
4(5769 5756 5847 5860)
4(5769 5860 5859 5768)
4(5860 5847 5845 5859)
4(5770 5757 5848 5861)
4(5770 5861 5860 5769)
4(5861 5848 5847 5860)
4(5770 5743 5834 5861)
4(5861 5834 5837 5848)
4(5771 5758 5849 5862)
4(5771 5862 5835 5744)
4(5862 5849 5837 5835)
4(5772 5759 5850 5863)
4(5772 5863 5862 5771)
4(5863 5850 5849 5862)
4(5773 5864 5863 5772)
4(5773 5761 5852 5864)
4(5864 5852 5850 5863)
4(5774 5760 5851 5865)
4(5775 5866 5852 5761)
4(5775 5774 5865 5866)
4(5866 5865 5851 5852)
4(5777 5760 5851 5868)
4(5774 5776 5867 5865)
4(5777 5868 5867 5776)
4(5865 5867 5868 5851)
4(5778 5762 5853 5869)
4(5778 5869 5868 5777)
4(5869 5853 5851 5868)
4(5779 5763 5854 5870)
4(5779 5870 5869 5778)
4(5870 5854 5853 5869)
4(5735 5826 5870 5779)
4(5826 5827 5854 5870)
4(5780 5764 5855 5871)
4(5780 5871 5829 5738)
4(5871 5855 5828 5829)
4(5781 5765 5856 5872)
4(5781 5872 5871 5780)
4(5872 5856 5855 5871)
4(5782 5766 5857 5873)
4(5782 5873 5872 5781)
4(5873 5857 5856 5872)
4(5784 5766 5857 5875)
4(5783 5874 5873 5782)
4(5784 5875 5874 5783)
4(5875 5857 5873 5874)
4(5785 5767 5858 5876)
4(5785 5876 5875 5784)
4(5876 5858 5857 5875)
4(5786 5768 5859 5877)
4(5786 5877 5876 5785)
4(5877 5859 5858 5876)
4(5788 5768 5859 5879)
4(5787 5878 5877 5786)
4(5788 5879 5878 5787)
4(5879 5859 5877 5878)
4(5789 5769 5860 5880)
4(5789 5880 5879 5788)
4(5880 5860 5859 5879)
4(5790 5770 5861 5881)
4(5790 5881 5880 5789)
4(5881 5861 5860 5880)
4(5742 5833 5881 5790)
4(5833 5834 5861 5881)
4(5791 5771 5862 5882)
4(5791 5882 5836 5745)
4(5882 5862 5835 5836)
4(5792 5772 5863 5883)
4(5792 5883 5882 5791)
4(5883 5863 5862 5882)
4(5793 5773 5864 5884)
4(5793 5884 5883 5792)
4(5884 5864 5863 5883)
4(5795 5773 5864 5886)
4(5794 5885 5884 5793)
4(5795 5886 5885 5794)
4(5886 5864 5884 5885)
4(5775 5866 5886 5795)
4(5866 5852 5864 5886)
4(5796 5776 5867 5887)
4(5797 5888 5865 5774)
4(5887 5867 5865 5888)
4(5798 5777 5868 5889)
4(5889 5868 5867 5887)
4(5799 5778 5869 5890)
4(5890 5869 5868 5889)
4(5800 5779 5870 5891)
4(5891 5870 5869 5890)
4(5801 5735 5826 5892)
4(5892 5826 5870 5891)
4(5802 5734 5825 5893)
4(5893 5825 5826 5892)
4(5803 5738 5829 5894)
4(5894 5829 5825 5893)
4(5804 5780 5871 5895)
4(5895 5871 5829 5894)
4(5805 5781 5872 5896)
4(5896 5872 5871 5895)
4(5806 5782 5873 5897)
4(5897 5873 5872 5896)
4(5807 5783 5874 5898)
4(5898 5874 5873 5897)
4(5808 5784 5875 5899)
4(5899 5875 5874 5898)
4(5809 5785 5876 5900)
4(5900 5876 5875 5899)
4(5810 5786 5877 5901)
4(5901 5877 5876 5900)
4(5811 5787 5878 5902)
4(5901 5902 5878 5877)
4(5812 5788 5879 5903)
4(5903 5879 5878 5902)
4(5813 5789 5880 5904)
4(5904 5880 5879 5903)
4(5814 5790 5881 5905)
4(5905 5881 5880 5904)
4(5815 5742 5833 5906)
4(5906 5833 5881 5905)
4(5816 5741 5832 5907)
4(5907 5832 5833 5906)
4(5817 5745 5836 5908)
4(5908 5836 5832 5907)
4(5818 5791 5882 5909)
4(5909 5882 5836 5908)
4(5819 5792 5883 5910)
4(5910 5883 5882 5909)
4(5820 5793 5884 5911)
4(5911 5884 5883 5910)
4(5821 5794 5885 5912)
4(5912 5885 5884 5911)
4(5822 5795 5886 5913)
4(5913 5886 5885 5912)
4(5823 5775 5866 5914)
4(5914 5866 5886 5913)
4(5888 5865 5866 5914)
4(5825 5824 5915 5916)
4(5827 5918 5915 5824)
4(5826 5917 5918 5827)
4(5825 5916 5917 5826)
4(5916 5915 5918 5917)
4(5828 5824 5915 5919)
4(5829 5828 5919 5920)
4(5829 5920 5916 5825)
4(5920 5919 5915 5916)
4(5827 5918 5921 5830)
4(5828 5830 5921 5919)
4(5919 5921 5918 5915)
4(5832 5831 5922 5923)
4(5834 5925 5922 5831)
4(5833 5924 5925 5834)
4(5832 5923 5924 5833)
4(5923 5922 5925 5924)
4(5835 5831 5922 5926)
4(5836 5835 5926 5927)
4(5836 5927 5923 5832)
4(5927 5926 5922 5923)
4(5834 5925 5928 5837)
4(5835 5837 5928 5926)
4(5926 5928 5925 5922)
4(5841 5932 5929 5838)
4(5840 5839 5930 5931)
4(5838 5929 5930 5839)
4(5840 5931 5932 5841)
4(5931 5930 5929 5932)
4(5843 5934 5929 5838)
4(5842 5933 5934 5843)
4(5841 5932 5933 5842)
4(5932 5929 5934 5933)
4(5844 5839 5930 5935)
4(5830 5921 5931 5840)
4(5844 5935 5921 5830)
4(5935 5930 5931 5921)
4(5845 5839 5930 5936)
4(5846 5937 5935 5844)
4(5845 5936 5937 5846)
4(5936 5930 5935 5937)
4(5847 5838 5929 5938)
4(5847 5938 5936 5845)
4(5938 5929 5930 5936)
4(5848 5843 5934 5939)
4(5848 5939 5938 5847)
4(5939 5934 5929 5938)
4(5849 5843 5934 5940)
4(5837 5928 5939 5848)
4(5849 5940 5928 5837)
4(5940 5934 5939 5928)
4(5850 5842 5933 5941)
4(5850 5941 5940 5849)
4(5941 5933 5934 5940)
4(5851 5842 5933 5942)
4(5852 5943 5941 5850)
4(5852 5851 5942 5943)
4(5943 5942 5933 5941)
4(5853 5841 5932 5944)
4(5853 5944 5942 5851)
4(5944 5932 5933 5942)
4(5854 5840 5931 5945)
4(5854 5945 5944 5853)
4(5945 5931 5932 5944)
4(5854 5827 5918 5945)
4(5945 5918 5921 5931)
4(5855 5844 5935 5946)
4(5855 5946 5919 5828)
4(5946 5935 5921 5919)
4(5856 5846 5937 5947)
4(5856 5947 5946 5855)
4(5947 5937 5935 5946)
4(5858 5846 5937 5949)
4(5857 5948 5947 5856)
4(5858 5949 5948 5857)
4(5949 5937 5947 5948)
4(5859 5845 5936 5950)
4(5859 5950 5949 5858)
4(5950 5936 5937 5949)
4(5860 5847 5938 5951)
4(5860 5951 5950 5859)
4(5951 5938 5936 5950)
4(5861 5848 5939 5952)
4(5861 5952 5951 5860)
4(5952 5939 5938 5951)
4(5861 5834 5925 5952)
4(5952 5925 5928 5939)
4(5862 5849 5940 5953)
4(5862 5953 5926 5835)
4(5953 5940 5928 5926)
4(5863 5850 5941 5954)
4(5863 5954 5953 5862)
4(5954 5941 5940 5953)
4(5864 5955 5954 5863)
4(5864 5852 5943 5955)
4(5955 5943 5941 5954)
4(5865 5851 5942 5956)
4(5866 5957 5943 5852)
4(5866 5865 5956 5957)
4(5957 5956 5942 5943)
4(5868 5851 5942 5959)
4(5865 5867 5958 5956)
4(5868 5959 5958 5867)
4(5956 5958 5959 5942)
4(5869 5853 5944 5960)
4(5869 5960 5959 5868)
4(5960 5944 5942 5959)
4(5870 5854 5945 5961)
4(5870 5961 5960 5869)
4(5961 5945 5944 5960)
4(5826 5917 5961 5870)
4(5917 5918 5945 5961)
4(5871 5855 5946 5962)
4(5871 5962 5920 5829)
4(5962 5946 5919 5920)
4(5872 5856 5947 5963)
4(5872 5963 5962 5871)
4(5963 5947 5946 5962)
4(5873 5857 5948 5964)
4(5873 5964 5963 5872)
4(5964 5948 5947 5963)
4(5875 5857 5948 5966)
4(5874 5965 5964 5873)
4(5875 5966 5965 5874)
4(5966 5948 5964 5965)
4(5876 5858 5949 5967)
4(5876 5967 5966 5875)
4(5967 5949 5948 5966)
4(5877 5859 5950 5968)
4(5877 5968 5967 5876)
4(5968 5950 5949 5967)
4(5879 5859 5950 5970)
4(5878 5969 5968 5877)
4(5879 5970 5969 5878)
4(5970 5950 5968 5969)
4(5880 5860 5951 5971)
4(5880 5971 5970 5879)
4(5971 5951 5950 5970)
4(5881 5861 5952 5972)
4(5881 5972 5971 5880)
4(5972 5952 5951 5971)
4(5833 5924 5972 5881)
4(5924 5925 5952 5972)
4(5882 5862 5953 5973)
4(5882 5973 5927 5836)
4(5973 5953 5926 5927)
4(5883 5863 5954 5974)
4(5883 5974 5973 5882)
4(5974 5954 5953 5973)
4(5884 5864 5955 5975)
4(5884 5975 5974 5883)
4(5975 5955 5954 5974)
4(5886 5864 5955 5977)
4(5885 5976 5975 5884)
4(5886 5977 5976 5885)
4(5977 5955 5975 5976)
4(5866 5957 5977 5886)
4(5957 5943 5955 5977)
4(5887 5867 5958 5978)
4(5888 5979 5956 5865)
4(5978 5958 5956 5979)
4(5889 5868 5959 5980)
4(5980 5959 5958 5978)
4(5890 5869 5960 5981)
4(5981 5960 5959 5980)
4(5891 5870 5961 5982)
4(5982 5961 5960 5981)
4(5892 5826 5917 5983)
4(5983 5917 5961 5982)
4(5893 5825 5916 5984)
4(5984 5916 5917 5983)
4(5894 5829 5920 5985)
4(5985 5920 5916 5984)
4(5895 5871 5962 5986)
4(5986 5962 5920 5985)
4(5896 5872 5963 5987)
4(5987 5963 5962 5986)
4(5897 5873 5964 5988)
4(5988 5964 5963 5987)
4(5898 5874 5965 5989)
4(5989 5965 5964 5988)
4(5899 5875 5966 5990)
4(5990 5966 5965 5989)
4(5900 5876 5967 5991)
4(5991 5967 5966 5990)
4(5901 5877 5968 5992)
4(5992 5968 5967 5991)
4(5902 5878 5969 5993)
4(5992 5993 5969 5968)
4(5903 5879 5970 5994)
4(5994 5970 5969 5993)
4(5904 5880 5971 5995)
4(5995 5971 5970 5994)
4(5905 5881 5972 5996)
4(5996 5972 5971 5995)
4(5906 5833 5924 5997)
4(5997 5924 5972 5996)
4(5907 5832 5923 5998)
4(5998 5923 5924 5997)
4(5908 5836 5927 5999)
4(5999 5927 5923 5998)
4(5909 5882 5973 6000)
4(6000 5973 5927 5999)
4(5910 5883 5974 6001)
4(6001 5974 5973 6000)
4(5911 5884 5975 6002)
4(6002 5975 5974 6001)
4(5912 5885 5976 6003)
4(6003 5976 5975 6002)
4(5913 5886 5977 6004)
4(6004 5977 5976 6003)
4(5914 5866 5957 6005)
4(6005 5957 5977 6004)
4(5979 5956 5957 6005)
4(5916 5915 6006 6007)
4(5918 6009 6006 5915)
4(5917 6008 6009 5918)
4(5916 6007 6008 5917)
4(6007 6006 6009 6008)
4(5919 5915 6006 6010)
4(5920 5919 6010 6011)
4(5920 6011 6007 5916)
4(6011 6010 6006 6007)
4(5918 6009 6012 5921)
4(5919 5921 6012 6010)
4(6010 6012 6009 6006)
4(5923 5922 6013 6014)
4(5925 6016 6013 5922)
4(5924 6015 6016 5925)
4(5923 6014 6015 5924)
4(6014 6013 6016 6015)
4(5926 5922 6013 6017)
4(5927 5926 6017 6018)
4(5927 6018 6014 5923)
4(6018 6017 6013 6014)
4(5925 6016 6019 5928)
4(5926 5928 6019 6017)
4(6017 6019 6016 6013)
4(5932 6023 6020 5929)
4(5931 5930 6021 6022)
4(5929 6020 6021 5930)
4(5931 6022 6023 5932)
4(6022 6021 6020 6023)
4(5934 6025 6020 5929)
4(5933 6024 6025 5934)
4(5932 6023 6024 5933)
4(6023 6020 6025 6024)
4(5935 5930 6021 6026)
4(5921 6012 6022 5931)
4(5935 6026 6012 5921)
4(6026 6021 6022 6012)
4(5936 5930 6021 6027)
4(5937 6028 6026 5935)
4(5936 6027 6028 5937)
4(6027 6021 6026 6028)
4(5938 5929 6020 6029)
4(5938 6029 6027 5936)
4(6029 6020 6021 6027)
4(5939 5934 6025 6030)
4(5939 6030 6029 5938)
4(6030 6025 6020 6029)
4(5940 5934 6025 6031)
4(5928 6019 6030 5939)
4(5940 6031 6019 5928)
4(6031 6025 6030 6019)
4(5941 5933 6024 6032)
4(5941 6032 6031 5940)
4(6032 6024 6025 6031)
4(5942 5933 6024 6033)
4(5943 6034 6032 5941)
4(5943 5942 6033 6034)
4(6034 6033 6024 6032)
4(5944 5932 6023 6035)
4(5944 6035 6033 5942)
4(6035 6023 6024 6033)
4(5945 5931 6022 6036)
4(5945 6036 6035 5944)
4(6036 6022 6023 6035)
4(5945 5918 6009 6036)
4(6036 6009 6012 6022)
4(5946 5935 6026 6037)
4(5946 6037 6010 5919)
4(6037 6026 6012 6010)
4(5947 5937 6028 6038)
4(5947 6038 6037 5946)
4(6038 6028 6026 6037)
4(5949 5937 6028 6040)
4(5948 6039 6038 5947)
4(5949 6040 6039 5948)
4(6040 6028 6038 6039)
4(5950 5936 6027 6041)
4(5950 6041 6040 5949)
4(6041 6027 6028 6040)
4(5951 5938 6029 6042)
4(5951 6042 6041 5950)
4(6042 6029 6027 6041)
4(5952 5939 6030 6043)
4(5952 6043 6042 5951)
4(6043 6030 6029 6042)
4(5952 5925 6016 6043)
4(6043 6016 6019 6030)
4(5953 5940 6031 6044)
4(5953 6044 6017 5926)
4(6044 6031 6019 6017)
4(5954 5941 6032 6045)
4(5954 6045 6044 5953)
4(6045 6032 6031 6044)
4(5955 6046 6045 5954)
4(5955 5943 6034 6046)
4(6046 6034 6032 6045)
4(5956 5942 6033 6047)
4(5957 6048 6034 5943)
4(5957 5956 6047 6048)
4(6048 6047 6033 6034)
4(5959 5942 6033 6050)
4(5956 5958 6049 6047)
4(5959 6050 6049 5958)
4(6047 6049 6050 6033)
4(5960 5944 6035 6051)
4(5960 6051 6050 5959)
4(6051 6035 6033 6050)
4(5961 5945 6036 6052)
4(5961 6052 6051 5960)
4(6052 6036 6035 6051)
4(5917 6008 6052 5961)
4(6008 6009 6036 6052)
4(5962 5946 6037 6053)
4(5962 6053 6011 5920)
4(6053 6037 6010 6011)
4(5963 5947 6038 6054)
4(5963 6054 6053 5962)
4(6054 6038 6037 6053)
4(5964 5948 6039 6055)
4(5964 6055 6054 5963)
4(6055 6039 6038 6054)
4(5966 5948 6039 6057)
4(5965 6056 6055 5964)
4(5966 6057 6056 5965)
4(6057 6039 6055 6056)
4(5967 5949 6040 6058)
4(5967 6058 6057 5966)
4(6058 6040 6039 6057)
4(5968 5950 6041 6059)
4(5968 6059 6058 5967)
4(6059 6041 6040 6058)
4(5970 5950 6041 6061)
4(5969 6060 6059 5968)
4(5970 6061 6060 5969)
4(6061 6041 6059 6060)
4(5971 5951 6042 6062)
4(5971 6062 6061 5970)
4(6062 6042 6041 6061)
4(5972 5952 6043 6063)
4(5972 6063 6062 5971)
4(6063 6043 6042 6062)
4(5924 6015 6063 5972)
4(6015 6016 6043 6063)
4(5973 5953 6044 6064)
4(5973 6064 6018 5927)
4(6064 6044 6017 6018)
4(5974 5954 6045 6065)
4(5974 6065 6064 5973)
4(6065 6045 6044 6064)
4(5975 5955 6046 6066)
4(5975 6066 6065 5974)
4(6066 6046 6045 6065)
4(5977 5955 6046 6068)
4(5976 6067 6066 5975)
4(5977 6068 6067 5976)
4(6068 6046 6066 6067)
4(5957 6048 6068 5977)
4(6048 6034 6046 6068)
4(5978 5958 6049 6069)
4(5979 6070 6047 5956)
4(6069 6049 6047 6070)
4(5980 5959 6050 6071)
4(6071 6050 6049 6069)
4(5981 5960 6051 6072)
4(6072 6051 6050 6071)
4(5982 5961 6052 6073)
4(6073 6052 6051 6072)
4(5983 5917 6008 6074)
4(6074 6008 6052 6073)
4(5984 5916 6007 6075)
4(6075 6007 6008 6074)
4(5985 5920 6011 6076)
4(6076 6011 6007 6075)
4(5986 5962 6053 6077)
4(6077 6053 6011 6076)
4(5987 5963 6054 6078)
4(6078 6054 6053 6077)
4(5988 5964 6055 6079)
4(6079 6055 6054 6078)
4(5989 5965 6056 6080)
4(6080 6056 6055 6079)
4(5990 5966 6057 6081)
4(6081 6057 6056 6080)
4(5991 5967 6058 6082)
4(6082 6058 6057 6081)
4(5992 5968 6059 6083)
4(6083 6059 6058 6082)
4(5993 5969 6060 6084)
4(6083 6084 6060 6059)
4(5994 5970 6061 6085)
4(6085 6061 6060 6084)
4(5995 5971 6062 6086)
4(6086 6062 6061 6085)
4(5996 5972 6063 6087)
4(6087 6063 6062 6086)
4(5997 5924 6015 6088)
4(6088 6015 6063 6087)
4(5998 5923 6014 6089)
4(6089 6014 6015 6088)
4(5999 5927 6018 6090)
4(6090 6018 6014 6089)
4(6000 5973 6064 6091)
4(6091 6064 6018 6090)
4(6001 5974 6065 6092)
4(6092 6065 6064 6091)
4(6002 5975 6066 6093)
4(6093 6066 6065 6092)
4(6003 5976 6067 6094)
4(6094 6067 6066 6093)
4(6004 5977 6068 6095)
4(6095 6068 6067 6094)
4(6005 5957 6048 6096)
4(6096 6048 6068 6095)
4(6070 6047 6048 6096)
4(6007 6006 6097 6098)
4(6009 6100 6097 6006)
4(6008 6099 6100 6009)
4(6007 6098 6099 6008)
4(6098 6097 6100 6099)
4(6010 6006 6097 6101)
4(6011 6010 6101 6102)
4(6011 6102 6098 6007)
4(6102 6101 6097 6098)
4(6009 6100 6103 6012)
4(6010 6012 6103 6101)
4(6101 6103 6100 6097)
4(6014 6013 6104 6105)
4(6016 6107 6104 6013)
4(6015 6106 6107 6016)
4(6014 6105 6106 6015)
4(6105 6104 6107 6106)
4(6017 6013 6104 6108)
4(6018 6017 6108 6109)
4(6018 6109 6105 6014)
4(6109 6108 6104 6105)
4(6016 6107 6110 6019)
4(6017 6019 6110 6108)
4(6108 6110 6107 6104)
4(6023 6114 6111 6020)
4(6022 6021 6112 6113)
4(6020 6111 6112 6021)
4(6022 6113 6114 6023)
4(6113 6112 6111 6114)
4(6025 6116 6111 6020)
4(6024 6115 6116 6025)
4(6023 6114 6115 6024)
4(6114 6111 6116 6115)
4(6026 6021 6112 6117)
4(6012 6103 6113 6022)
4(6026 6117 6103 6012)
4(6117 6112 6113 6103)
4(6027 6021 6112 6118)
4(6028 6119 6117 6026)
4(6027 6118 6119 6028)
4(6118 6112 6117 6119)
4(6029 6020 6111 6120)
4(6029 6120 6118 6027)
4(6120 6111 6112 6118)
4(6030 6025 6116 6121)
4(6030 6121 6120 6029)
4(6121 6116 6111 6120)
4(6031 6025 6116 6122)
4(6019 6110 6121 6030)
4(6031 6122 6110 6019)
4(6122 6116 6121 6110)
4(6032 6024 6115 6123)
4(6032 6123 6122 6031)
4(6123 6115 6116 6122)
4(6033 6024 6115 6124)
4(6034 6125 6123 6032)
4(6034 6033 6124 6125)
4(6125 6124 6115 6123)
4(6035 6023 6114 6126)
4(6035 6126 6124 6033)
4(6126 6114 6115 6124)
4(6036 6022 6113 6127)
4(6036 6127 6126 6035)
4(6127 6113 6114 6126)
4(6036 6009 6100 6127)
4(6127 6100 6103 6113)
4(6037 6026 6117 6128)
4(6037 6128 6101 6010)
4(6128 6117 6103 6101)
4(6038 6028 6119 6129)
4(6038 6129 6128 6037)
4(6129 6119 6117 6128)
4(6040 6028 6119 6131)
4(6039 6130 6129 6038)
4(6040 6131 6130 6039)
4(6131 6119 6129 6130)
4(6041 6027 6118 6132)
4(6041 6132 6131 6040)
4(6132 6118 6119 6131)
4(6042 6029 6120 6133)
4(6042 6133 6132 6041)
4(6133 6120 6118 6132)
4(6043 6030 6121 6134)
4(6043 6134 6133 6042)
4(6134 6121 6120 6133)
4(6043 6016 6107 6134)
4(6134 6107 6110 6121)
4(6044 6031 6122 6135)
4(6044 6135 6108 6017)
4(6135 6122 6110 6108)
4(6045 6032 6123 6136)
4(6045 6136 6135 6044)
4(6136 6123 6122 6135)
4(6046 6137 6136 6045)
4(6046 6034 6125 6137)
4(6137 6125 6123 6136)
4(6047 6033 6124 6138)
4(6048 6139 6125 6034)
4(6048 6047 6138 6139)
4(6139 6138 6124 6125)
4(6050 6033 6124 6141)
4(6047 6049 6140 6138)
4(6050 6141 6140 6049)
4(6138 6140 6141 6124)
4(6051 6035 6126 6142)
4(6051 6142 6141 6050)
4(6142 6126 6124 6141)
4(6052 6036 6127 6143)
4(6052 6143 6142 6051)
4(6143 6127 6126 6142)
4(6008 6099 6143 6052)
4(6099 6100 6127 6143)
4(6053 6037 6128 6144)
4(6053 6144 6102 6011)
4(6144 6128 6101 6102)
4(6054 6038 6129 6145)
4(6054 6145 6144 6053)
4(6145 6129 6128 6144)
4(6055 6039 6130 6146)
4(6055 6146 6145 6054)
4(6146 6130 6129 6145)
4(6057 6039 6130 6148)
4(6056 6147 6146 6055)
4(6057 6148 6147 6056)
4(6148 6130 6146 6147)
4(6058 6040 6131 6149)
4(6058 6149 6148 6057)
4(6149 6131 6130 6148)
4(6059 6041 6132 6150)
4(6059 6150 6149 6058)
4(6150 6132 6131 6149)
4(6061 6041 6132 6152)
4(6060 6151 6150 6059)
4(6061 6152 6151 6060)
4(6152 6132 6150 6151)
4(6062 6042 6133 6153)
4(6062 6153 6152 6061)
4(6153 6133 6132 6152)
4(6063 6043 6134 6154)
4(6063 6154 6153 6062)
4(6154 6134 6133 6153)
4(6015 6106 6154 6063)
4(6106 6107 6134 6154)
4(6064 6044 6135 6155)
4(6064 6155 6109 6018)
4(6155 6135 6108 6109)
4(6065 6045 6136 6156)
4(6065 6156 6155 6064)
4(6156 6136 6135 6155)
4(6066 6046 6137 6157)
4(6066 6157 6156 6065)
4(6157 6137 6136 6156)
4(6068 6046 6137 6159)
4(6067 6158 6157 6066)
4(6068 6159 6158 6067)
4(6159 6137 6157 6158)
4(6048 6139 6159 6068)
4(6139 6125 6137 6159)
4(6069 6049 6140 6160)
4(6070 6161 6138 6047)
4(6160 6140 6138 6161)
4(6071 6050 6141 6162)
4(6162 6141 6140 6160)
4(6072 6051 6142 6163)
4(6163 6142 6141 6162)
4(6073 6052 6143 6164)
4(6164 6143 6142 6163)
4(6074 6008 6099 6165)
4(6165 6099 6143 6164)
4(6075 6007 6098 6166)
4(6166 6098 6099 6165)
4(6076 6011 6102 6167)
4(6167 6102 6098 6166)
4(6077 6053 6144 6168)
4(6168 6144 6102 6167)
4(6078 6054 6145 6169)
4(6169 6145 6144 6168)
4(6079 6055 6146 6170)
4(6170 6146 6145 6169)
4(6080 6056 6147 6171)
4(6171 6147 6146 6170)
4(6081 6057 6148 6172)
4(6172 6148 6147 6171)
4(6082 6058 6149 6173)
4(6173 6149 6148 6172)
4(6083 6059 6150 6174)
4(6174 6150 6149 6173)
4(6084 6060 6151 6175)
4(6174 6175 6151 6150)
4(6085 6061 6152 6176)
4(6176 6152 6151 6175)
4(6086 6062 6153 6177)
4(6177 6153 6152 6176)
4(6087 6063 6154 6178)
4(6178 6154 6153 6177)
4(6088 6015 6106 6179)
4(6179 6106 6154 6178)
4(6089 6014 6105 6180)
4(6180 6105 6106 6179)
4(6090 6018 6109 6181)
4(6181 6109 6105 6180)
4(6091 6064 6155 6182)
4(6182 6155 6109 6181)
4(6092 6065 6156 6183)
4(6183 6156 6155 6182)
4(6093 6066 6157 6184)
4(6184 6157 6156 6183)
4(6094 6067 6158 6185)
4(6185 6158 6157 6184)
4(6095 6068 6159 6186)
4(6186 6159 6158 6185)
4(6096 6048 6139 6187)
4(6187 6139 6159 6186)
4(6161 6138 6139 6187)
4(6098 6097 6188 6189)
4(6100 6191 6188 6097)
4(6099 6190 6191 6100)
4(6098 6189 6190 6099)
4(6189 6188 6191 6190)
4(6101 6097 6188 6192)
4(6102 6101 6192 6193)
4(6102 6193 6189 6098)
4(6193 6192 6188 6189)
4(6100 6191 6194 6103)
4(6101 6103 6194 6192)
4(6192 6194 6191 6188)
4(6105 6104 6195 6196)
4(6107 6198 6195 6104)
4(6106 6197 6198 6107)
4(6105 6196 6197 6106)
4(6196 6195 6198 6197)
4(6108 6104 6195 6199)
4(6109 6108 6199 6200)
4(6109 6200 6196 6105)
4(6200 6199 6195 6196)
4(6107 6198 6201 6110)
4(6108 6110 6201 6199)
4(6199 6201 6198 6195)
4(6114 6205 6202 6111)
4(6113 6112 6203 6204)
4(6111 6202 6203 6112)
4(6113 6204 6205 6114)
4(6204 6203 6202 6205)
4(6116 6207 6202 6111)
4(6115 6206 6207 6116)
4(6114 6205 6206 6115)
4(6205 6202 6207 6206)
4(6117 6112 6203 6208)
4(6103 6194 6204 6113)
4(6117 6208 6194 6103)
4(6208 6203 6204 6194)
4(6118 6112 6203 6209)
4(6119 6210 6208 6117)
4(6118 6209 6210 6119)
4(6209 6203 6208 6210)
4(6120 6111 6202 6211)
4(6120 6211 6209 6118)
4(6211 6202 6203 6209)
4(6121 6116 6207 6212)
4(6121 6212 6211 6120)
4(6212 6207 6202 6211)
4(6122 6116 6207 6213)
4(6110 6201 6212 6121)
4(6122 6213 6201 6110)
4(6213 6207 6212 6201)
4(6123 6115 6206 6214)
4(6123 6214 6213 6122)
4(6214 6206 6207 6213)
4(6124 6115 6206 6215)
4(6125 6216 6214 6123)
4(6125 6124 6215 6216)
4(6216 6215 6206 6214)
4(6126 6114 6205 6217)
4(6126 6217 6215 6124)
4(6217 6205 6206 6215)
4(6127 6113 6204 6218)
4(6127 6218 6217 6126)
4(6218 6204 6205 6217)
4(6127 6100 6191 6218)
4(6218 6191 6194 6204)
4(6128 6117 6208 6219)
4(6128 6219 6192 6101)
4(6219 6208 6194 6192)
4(6129 6119 6210 6220)
4(6129 6220 6219 6128)
4(6220 6210 6208 6219)
4(6131 6119 6210 6222)
4(6130 6221 6220 6129)
4(6131 6222 6221 6130)
4(6222 6210 6220 6221)
4(6132 6118 6209 6223)
4(6132 6223 6222 6131)
4(6223 6209 6210 6222)
4(6133 6120 6211 6224)
4(6133 6224 6223 6132)
4(6224 6211 6209 6223)
4(6134 6121 6212 6225)
4(6134 6225 6224 6133)
4(6225 6212 6211 6224)
4(6134 6107 6198 6225)
4(6225 6198 6201 6212)
4(6135 6122 6213 6226)
4(6135 6226 6199 6108)
4(6226 6213 6201 6199)
4(6136 6123 6214 6227)
4(6136 6227 6226 6135)
4(6227 6214 6213 6226)
4(6137 6228 6227 6136)
4(6137 6125 6216 6228)
4(6228 6216 6214 6227)
4(6138 6124 6215 6229)
4(6139 6230 6216 6125)
4(6139 6138 6229 6230)
4(6230 6229 6215 6216)
4(6141 6124 6215 6232)
4(6138 6140 6231 6229)
4(6141 6232 6231 6140)
4(6229 6231 6232 6215)
4(6142 6126 6217 6233)
4(6142 6233 6232 6141)
4(6233 6217 6215 6232)
4(6143 6127 6218 6234)
4(6143 6234 6233 6142)
4(6234 6218 6217 6233)
4(6099 6190 6234 6143)
4(6190 6191 6218 6234)
4(6144 6128 6219 6235)
4(6144 6235 6193 6102)
4(6235 6219 6192 6193)
4(6145 6129 6220 6236)
4(6145 6236 6235 6144)
4(6236 6220 6219 6235)
4(6146 6130 6221 6237)
4(6146 6237 6236 6145)
4(6237 6221 6220 6236)
4(6148 6130 6221 6239)
4(6147 6238 6237 6146)
4(6148 6239 6238 6147)
4(6239 6221 6237 6238)
4(6149 6131 6222 6240)
4(6149 6240 6239 6148)
4(6240 6222 6221 6239)
4(6150 6132 6223 6241)
4(6150 6241 6240 6149)
4(6241 6223 6222 6240)
4(6152 6132 6223 6243)
4(6151 6242 6241 6150)
4(6152 6243 6242 6151)
4(6243 6223 6241 6242)
4(6153 6133 6224 6244)
4(6153 6244 6243 6152)
4(6244 6224 6223 6243)
4(6154 6134 6225 6245)
4(6154 6245 6244 6153)
4(6245 6225 6224 6244)
4(6106 6197 6245 6154)
4(6197 6198 6225 6245)
4(6155 6135 6226 6246)
4(6155 6246 6200 6109)
4(6246 6226 6199 6200)
4(6156 6136 6227 6247)
4(6156 6247 6246 6155)
4(6247 6227 6226 6246)
4(6157 6137 6228 6248)
4(6157 6248 6247 6156)
4(6248 6228 6227 6247)
4(6159 6137 6228 6250)
4(6158 6249 6248 6157)
4(6159 6250 6249 6158)
4(6250 6228 6248 6249)
4(6139 6230 6250 6159)
4(6230 6216 6228 6250)
4(6160 6140 6231 6251)
4(6161 6252 6229 6138)
4(6251 6231 6229 6252)
4(6162 6141 6232 6253)
4(6253 6232 6231 6251)
4(6163 6142 6233 6254)
4(6254 6233 6232 6253)
4(6164 6143 6234 6255)
4(6255 6234 6233 6254)
4(6165 6099 6190 6256)
4(6256 6190 6234 6255)
4(6166 6098 6189 6257)
4(6257 6189 6190 6256)
4(6167 6102 6193 6258)
4(6258 6193 6189 6257)
4(6168 6144 6235 6259)
4(6259 6235 6193 6258)
4(6169 6145 6236 6260)
4(6260 6236 6235 6259)
4(6170 6146 6237 6261)
4(6261 6237 6236 6260)
4(6171 6147 6238 6262)
4(6262 6238 6237 6261)
4(6172 6148 6239 6263)
4(6263 6239 6238 6262)
4(6173 6149 6240 6264)
4(6264 6240 6239 6263)
4(6174 6150 6241 6265)
4(6265 6241 6240 6264)
4(6175 6151 6242 6266)
4(6265 6266 6242 6241)
4(6176 6152 6243 6267)
4(6267 6243 6242 6266)
4(6177 6153 6244 6268)
4(6268 6244 6243 6267)
4(6178 6154 6245 6269)
4(6269 6245 6244 6268)
4(6179 6106 6197 6270)
4(6270 6197 6245 6269)
4(6180 6105 6196 6271)
4(6271 6196 6197 6270)
4(6181 6109 6200 6272)
4(6272 6200 6196 6271)
4(6182 6155 6246 6273)
4(6273 6246 6200 6272)
4(6183 6156 6247 6274)
4(6274 6247 6246 6273)
4(6184 6157 6248 6275)
4(6275 6248 6247 6274)
4(6185 6158 6249 6276)
4(6276 6249 6248 6275)
4(6186 6159 6250 6277)
4(6277 6250 6249 6276)
4(6187 6139 6230 6278)
4(6278 6230 6250 6277)
4(6252 6229 6230 6278)
4(6189 6188 6279 6280)
4(6191 6282 6279 6188)
4(6190 6281 6282 6191)
4(6189 6280 6281 6190)
4(6280 6279 6282 6281)
4(6192 6188 6279 6283)
4(6193 6192 6283 6284)
4(6193 6284 6280 6189)
4(6284 6283 6279 6280)
4(6191 6282 6285 6194)
4(6192 6194 6285 6283)
4(6283 6285 6282 6279)
4(6196 6195 6286 6287)
4(6198 6289 6286 6195)
4(6197 6288 6289 6198)
4(6196 6287 6288 6197)
4(6287 6286 6289 6288)
4(6199 6195 6286 6290)
4(6200 6199 6290 6291)
4(6200 6291 6287 6196)
4(6291 6290 6286 6287)
4(6198 6289 6292 6201)
4(6199 6201 6292 6290)
4(6290 6292 6289 6286)
4(6205 6296 6293 6202)
4(6204 6203 6294 6295)
4(6202 6293 6294 6203)
4(6204 6295 6296 6205)
4(6295 6294 6293 6296)
4(6207 6298 6293 6202)
4(6206 6297 6298 6207)
4(6205 6296 6297 6206)
4(6296 6293 6298 6297)
4(6208 6203 6294 6299)
4(6194 6285 6295 6204)
4(6208 6299 6285 6194)
4(6299 6294 6295 6285)
4(6209 6203 6294 6300)
4(6210 6301 6299 6208)
4(6209 6300 6301 6210)
4(6300 6294 6299 6301)
4(6211 6202 6293 6302)
4(6211 6302 6300 6209)
4(6302 6293 6294 6300)
4(6212 6207 6298 6303)
4(6212 6303 6302 6211)
4(6303 6298 6293 6302)
4(6213 6207 6298 6304)
4(6201 6292 6303 6212)
4(6213 6304 6292 6201)
4(6304 6298 6303 6292)
4(6214 6206 6297 6305)
4(6214 6305 6304 6213)
4(6305 6297 6298 6304)
4(6215 6206 6297 6306)
4(6216 6307 6305 6214)
4(6216 6215 6306 6307)
4(6307 6306 6297 6305)
4(6217 6205 6296 6308)
4(6217 6308 6306 6215)
4(6308 6296 6297 6306)
4(6218 6204 6295 6309)
4(6218 6309 6308 6217)
4(6309 6295 6296 6308)
4(6218 6191 6282 6309)
4(6309 6282 6285 6295)
4(6219 6208 6299 6310)
4(6219 6310 6283 6192)
4(6310 6299 6285 6283)
4(6220 6210 6301 6311)
4(6220 6311 6310 6219)
4(6311 6301 6299 6310)
4(6222 6210 6301 6313)
4(6221 6312 6311 6220)
4(6222 6313 6312 6221)
4(6313 6301 6311 6312)
4(6223 6209 6300 6314)
4(6223 6314 6313 6222)
4(6314 6300 6301 6313)
4(6224 6211 6302 6315)
4(6224 6315 6314 6223)
4(6315 6302 6300 6314)
4(6225 6212 6303 6316)
4(6225 6316 6315 6224)
4(6316 6303 6302 6315)
4(6225 6198 6289 6316)
4(6316 6289 6292 6303)
4(6226 6213 6304 6317)
4(6226 6317 6290 6199)
4(6317 6304 6292 6290)
4(6227 6214 6305 6318)
4(6227 6318 6317 6226)
4(6318 6305 6304 6317)
4(6228 6319 6318 6227)
4(6228 6216 6307 6319)
4(6319 6307 6305 6318)
4(6229 6215 6306 6320)
4(6230 6321 6307 6216)
4(6230 6229 6320 6321)
4(6321 6320 6306 6307)
4(6232 6215 6306 6323)
4(6229 6231 6322 6320)
4(6232 6323 6322 6231)
4(6320 6322 6323 6306)
4(6233 6217 6308 6324)
4(6233 6324 6323 6232)
4(6324 6308 6306 6323)
4(6234 6218 6309 6325)
4(6234 6325 6324 6233)
4(6325 6309 6308 6324)
4(6190 6281 6325 6234)
4(6281 6282 6309 6325)
4(6235 6219 6310 6326)
4(6235 6326 6284 6193)
4(6326 6310 6283 6284)
4(6236 6220 6311 6327)
4(6236 6327 6326 6235)
4(6327 6311 6310 6326)
4(6237 6221 6312 6328)
4(6237 6328 6327 6236)
4(6328 6312 6311 6327)
4(6239 6221 6312 6330)
4(6238 6329 6328 6237)
4(6239 6330 6329 6238)
4(6330 6312 6328 6329)
4(6240 6222 6313 6331)
4(6240 6331 6330 6239)
4(6331 6313 6312 6330)
4(6241 6223 6314 6332)
4(6241 6332 6331 6240)
4(6332 6314 6313 6331)
4(6243 6223 6314 6334)
4(6242 6333 6332 6241)
4(6243 6334 6333 6242)
4(6334 6314 6332 6333)
4(6244 6224 6315 6335)
4(6244 6335 6334 6243)
4(6335 6315 6314 6334)
4(6245 6225 6316 6336)
4(6245 6336 6335 6244)
4(6336 6316 6315 6335)
4(6197 6288 6336 6245)
4(6288 6289 6316 6336)
4(6246 6226 6317 6337)
4(6246 6337 6291 6200)
4(6337 6317 6290 6291)
4(6247 6227 6318 6338)
4(6247 6338 6337 6246)
4(6338 6318 6317 6337)
4(6248 6228 6319 6339)
4(6248 6339 6338 6247)
4(6339 6319 6318 6338)
4(6250 6228 6319 6341)
4(6249 6340 6339 6248)
4(6250 6341 6340 6249)
4(6341 6319 6339 6340)
4(6230 6321 6341 6250)
4(6321 6307 6319 6341)
4(6251 6231 6322 6342)
4(6252 6343 6320 6229)
4(6342 6322 6320 6343)
4(6253 6232 6323 6344)
4(6344 6323 6322 6342)
4(6254 6233 6324 6345)
4(6345 6324 6323 6344)
4(6255 6234 6325 6346)
4(6346 6325 6324 6345)
4(6256 6190 6281 6347)
4(6347 6281 6325 6346)
4(6257 6189 6280 6348)
4(6348 6280 6281 6347)
4(6258 6193 6284 6349)
4(6349 6284 6280 6348)
4(6259 6235 6326 6350)
4(6350 6326 6284 6349)
4(6260 6236 6327 6351)
4(6351 6327 6326 6350)
4(6261 6237 6328 6352)
4(6352 6328 6327 6351)
4(6262 6238 6329 6353)
4(6353 6329 6328 6352)
4(6263 6239 6330 6354)
4(6354 6330 6329 6353)
4(6264 6240 6331 6355)
4(6355 6331 6330 6354)
4(6265 6241 6332 6356)
4(6356 6332 6331 6355)
4(6266 6242 6333 6357)
4(6356 6357 6333 6332)
4(6267 6243 6334 6358)
4(6358 6334 6333 6357)
4(6268 6244 6335 6359)
4(6359 6335 6334 6358)
4(6269 6245 6336 6360)
4(6360 6336 6335 6359)
4(6270 6197 6288 6361)
4(6361 6288 6336 6360)
4(6271 6196 6287 6362)
4(6362 6287 6288 6361)
4(6272 6200 6291 6363)
4(6363 6291 6287 6362)
4(6273 6246 6337 6364)
4(6364 6337 6291 6363)
4(6274 6247 6338 6365)
4(6365 6338 6337 6364)
4(6275 6248 6339 6366)
4(6366 6339 6338 6365)
4(6276 6249 6340 6367)
4(6367 6340 6339 6366)
4(6277 6250 6341 6368)
4(6368 6341 6340 6367)
4(6278 6230 6321 6369)
4(6369 6321 6341 6368)
4(6343 6320 6321 6369)
4(6280 6279 6370 6371)
4(6282 6373 6370 6279)
4(6281 6372 6373 6282)
4(6280 6371 6372 6281)
4(6371 6370 6373 6372)
4(6283 6279 6370 6374)
4(6284 6283 6374 6375)
4(6284 6375 6371 6280)
4(6375 6374 6370 6371)
4(6282 6373 6376 6285)
4(6283 6285 6376 6374)
4(6374 6376 6373 6370)
4(6287 6286 6377 6378)
4(6289 6380 6377 6286)
4(6288 6379 6380 6289)
4(6287 6378 6379 6288)
4(6378 6377 6380 6379)
4(6290 6286 6377 6381)
4(6291 6290 6381 6382)
4(6291 6382 6378 6287)
4(6382 6381 6377 6378)
4(6289 6380 6383 6292)
4(6290 6292 6383 6381)
4(6381 6383 6380 6377)
4(6296 6387 6384 6293)
4(6295 6294 6385 6386)
4(6293 6384 6385 6294)
4(6295 6386 6387 6296)
4(6386 6385 6384 6387)
4(6298 6389 6384 6293)
4(6297 6388 6389 6298)
4(6296 6387 6388 6297)
4(6387 6384 6389 6388)
4(6299 6294 6385 6390)
4(6285 6376 6386 6295)
4(6299 6390 6376 6285)
4(6390 6385 6386 6376)
4(6300 6294 6385 6391)
4(6301 6392 6390 6299)
4(6300 6391 6392 6301)
4(6391 6385 6390 6392)
4(6302 6293 6384 6393)
4(6302 6393 6391 6300)
4(6393 6384 6385 6391)
4(6303 6298 6389 6394)
4(6303 6394 6393 6302)
4(6394 6389 6384 6393)
4(6304 6298 6389 6395)
4(6292 6383 6394 6303)
4(6304 6395 6383 6292)
4(6395 6389 6394 6383)
4(6305 6297 6388 6396)
4(6305 6396 6395 6304)
4(6396 6388 6389 6395)
4(6306 6297 6388 6397)
4(6307 6398 6396 6305)
4(6307 6306 6397 6398)
4(6398 6397 6388 6396)
4(6308 6296 6387 6399)
4(6308 6399 6397 6306)
4(6399 6387 6388 6397)
4(6309 6295 6386 6400)
4(6309 6400 6399 6308)
4(6400 6386 6387 6399)
4(6309 6282 6373 6400)
4(6400 6373 6376 6386)
4(6310 6299 6390 6401)
4(6310 6401 6374 6283)
4(6401 6390 6376 6374)
4(6311 6301 6392 6402)
4(6311 6402 6401 6310)
4(6402 6392 6390 6401)
4(6313 6301 6392 6404)
4(6312 6403 6402 6311)
4(6313 6404 6403 6312)
4(6404 6392 6402 6403)
4(6314 6300 6391 6405)
4(6314 6405 6404 6313)
4(6405 6391 6392 6404)
4(6315 6302 6393 6406)
4(6315 6406 6405 6314)
4(6406 6393 6391 6405)
4(6316 6303 6394 6407)
4(6316 6407 6406 6315)
4(6407 6394 6393 6406)
4(6316 6289 6380 6407)
4(6407 6380 6383 6394)
4(6317 6304 6395 6408)
4(6317 6408 6381 6290)
4(6408 6395 6383 6381)
4(6318 6305 6396 6409)
4(6318 6409 6408 6317)
4(6409 6396 6395 6408)
4(6319 6410 6409 6318)
4(6319 6307 6398 6410)
4(6410 6398 6396 6409)
4(6320 6306 6397 6411)
4(6321 6412 6398 6307)
4(6321 6320 6411 6412)
4(6412 6411 6397 6398)
4(6323 6306 6397 6414)
4(6320 6322 6413 6411)
4(6323 6414 6413 6322)
4(6411 6413 6414 6397)
4(6324 6308 6399 6415)
4(6324 6415 6414 6323)
4(6415 6399 6397 6414)
4(6325 6309 6400 6416)
4(6325 6416 6415 6324)
4(6416 6400 6399 6415)
4(6281 6372 6416 6325)
4(6372 6373 6400 6416)
4(6326 6310 6401 6417)
4(6326 6417 6375 6284)
4(6417 6401 6374 6375)
4(6327 6311 6402 6418)
4(6327 6418 6417 6326)
4(6418 6402 6401 6417)
4(6328 6312 6403 6419)
4(6328 6419 6418 6327)
4(6419 6403 6402 6418)
4(6330 6312 6403 6421)
4(6329 6420 6419 6328)
4(6330 6421 6420 6329)
4(6421 6403 6419 6420)
4(6331 6313 6404 6422)
4(6331 6422 6421 6330)
4(6422 6404 6403 6421)
4(6332 6314 6405 6423)
4(6332 6423 6422 6331)
4(6423 6405 6404 6422)
4(6334 6314 6405 6425)
4(6333 6424 6423 6332)
4(6334 6425 6424 6333)
4(6425 6405 6423 6424)
4(6335 6315 6406 6426)
4(6335 6426 6425 6334)
4(6426 6406 6405 6425)
4(6336 6316 6407 6427)
4(6336 6427 6426 6335)
4(6427 6407 6406 6426)
4(6288 6379 6427 6336)
4(6379 6380 6407 6427)
4(6337 6317 6408 6428)
4(6337 6428 6382 6291)
4(6428 6408 6381 6382)
4(6338 6318 6409 6429)
4(6338 6429 6428 6337)
4(6429 6409 6408 6428)
4(6339 6319 6410 6430)
4(6339 6430 6429 6338)
4(6430 6410 6409 6429)
4(6341 6319 6410 6432)
4(6340 6431 6430 6339)
4(6341 6432 6431 6340)
4(6432 6410 6430 6431)
4(6321 6412 6432 6341)
4(6412 6398 6410 6432)
4(6342 6322 6413 6433)
4(6343 6434 6411 6320)
4(6433 6413 6411 6434)
4(6344 6323 6414 6435)
4(6435 6414 6413 6433)
4(6345 6324 6415 6436)
4(6436 6415 6414 6435)
4(6346 6325 6416 6437)
4(6437 6416 6415 6436)
4(6347 6281 6372 6438)
4(6438 6372 6416 6437)
4(6348 6280 6371 6439)
4(6439 6371 6372 6438)
4(6349 6284 6375 6440)
4(6440 6375 6371 6439)
4(6350 6326 6417 6441)
4(6441 6417 6375 6440)
4(6351 6327 6418 6442)
4(6442 6418 6417 6441)
4(6352 6328 6419 6443)
4(6443 6419 6418 6442)
4(6353 6329 6420 6444)
4(6444 6420 6419 6443)
4(6354 6330 6421 6445)
4(6445 6421 6420 6444)
4(6355 6331 6422 6446)
4(6446 6422 6421 6445)
4(6356 6332 6423 6447)
4(6447 6423 6422 6446)
4(6357 6333 6424 6448)
4(6447 6448 6424 6423)
4(6358 6334 6425 6449)
4(6449 6425 6424 6448)
4(6359 6335 6426 6450)
4(6450 6426 6425 6449)
4(6360 6336 6427 6451)
4(6451 6427 6426 6450)
4(6361 6288 6379 6452)
4(6452 6379 6427 6451)
4(6362 6287 6378 6453)
4(6453 6378 6379 6452)
4(6363 6291 6382 6454)
4(6454 6382 6378 6453)
4(6364 6337 6428 6455)
4(6455 6428 6382 6454)
4(6365 6338 6429 6456)
4(6456 6429 6428 6455)
4(6366 6339 6430 6457)
4(6457 6430 6429 6456)
4(6367 6340 6431 6458)
4(6458 6431 6430 6457)
4(6368 6341 6432 6459)
4(6459 6432 6431 6458)
4(6369 6321 6412 6460)
4(6460 6412 6432 6459)
4(6434 6411 6412 6460)
4(6371 6370 6461 6462)
4(6373 6464 6461 6370)
4(6372 6463 6464 6373)
4(6371 6462 6463 6372)
4(6462 6461 6464 6463)
4(6374 6370 6461 6465)
4(6375 6374 6465 6466)
4(6375 6466 6462 6371)
4(6466 6465 6461 6462)
4(6373 6464 6467 6376)
4(6374 6376 6467 6465)
4(6465 6467 6464 6461)
4(6378 6377 6468 6469)
4(6380 6471 6468 6377)
4(6379 6470 6471 6380)
4(6378 6469 6470 6379)
4(6469 6468 6471 6470)
4(6381 6377 6468 6472)
4(6382 6381 6472 6473)
4(6382 6473 6469 6378)
4(6473 6472 6468 6469)
4(6380 6471 6474 6383)
4(6381 6383 6474 6472)
4(6472 6474 6471 6468)
4(6387 6478 6475 6384)
4(6386 6385 6476 6477)
4(6384 6475 6476 6385)
4(6386 6477 6478 6387)
4(6477 6476 6475 6478)
4(6389 6480 6475 6384)
4(6388 6479 6480 6389)
4(6387 6478 6479 6388)
4(6478 6475 6480 6479)
4(6390 6385 6476 6481)
4(6376 6467 6477 6386)
4(6390 6481 6467 6376)
4(6481 6476 6477 6467)
4(6391 6385 6476 6482)
4(6392 6483 6481 6390)
4(6391 6482 6483 6392)
4(6482 6476 6481 6483)
4(6393 6384 6475 6484)
4(6393 6484 6482 6391)
4(6484 6475 6476 6482)
4(6394 6389 6480 6485)
4(6394 6485 6484 6393)
4(6485 6480 6475 6484)
4(6395 6389 6480 6486)
4(6383 6474 6485 6394)
4(6395 6486 6474 6383)
4(6486 6480 6485 6474)
4(6396 6388 6479 6487)
4(6396 6487 6486 6395)
4(6487 6479 6480 6486)
4(6397 6388 6479 6488)
4(6398 6489 6487 6396)
4(6398 6397 6488 6489)
4(6489 6488 6479 6487)
4(6399 6387 6478 6490)
4(6399 6490 6488 6397)
4(6490 6478 6479 6488)
4(6400 6386 6477 6491)
4(6400 6491 6490 6399)
4(6491 6477 6478 6490)
4(6400 6373 6464 6491)
4(6491 6464 6467 6477)
4(6401 6390 6481 6492)
4(6401 6492 6465 6374)
4(6492 6481 6467 6465)
4(6402 6392 6483 6493)
4(6402 6493 6492 6401)
4(6493 6483 6481 6492)
4(6404 6392 6483 6495)
4(6403 6494 6493 6402)
4(6404 6495 6494 6403)
4(6495 6483 6493 6494)
4(6405 6391 6482 6496)
4(6405 6496 6495 6404)
4(6496 6482 6483 6495)
4(6406 6393 6484 6497)
4(6406 6497 6496 6405)
4(6497 6484 6482 6496)
4(6407 6394 6485 6498)
4(6407 6498 6497 6406)
4(6498 6485 6484 6497)
4(6407 6380 6471 6498)
4(6498 6471 6474 6485)
4(6408 6395 6486 6499)
4(6408 6499 6472 6381)
4(6499 6486 6474 6472)
4(6409 6396 6487 6500)
4(6409 6500 6499 6408)
4(6500 6487 6486 6499)
4(6410 6501 6500 6409)
4(6410 6398 6489 6501)
4(6501 6489 6487 6500)
4(6411 6397 6488 6502)
4(6412 6503 6489 6398)
4(6412 6411 6502 6503)
4(6503 6502 6488 6489)
4(6414 6397 6488 6505)
4(6411 6413 6504 6502)
4(6414 6505 6504 6413)
4(6502 6504 6505 6488)
4(6415 6399 6490 6506)
4(6415 6506 6505 6414)
4(6506 6490 6488 6505)
4(6416 6400 6491 6507)
4(6416 6507 6506 6415)
4(6507 6491 6490 6506)
4(6372 6463 6507 6416)
4(6463 6464 6491 6507)
4(6417 6401 6492 6508)
4(6417 6508 6466 6375)
4(6508 6492 6465 6466)
4(6418 6402 6493 6509)
4(6418 6509 6508 6417)
4(6509 6493 6492 6508)
4(6419 6403 6494 6510)
4(6419 6510 6509 6418)
4(6510 6494 6493 6509)
4(6421 6403 6494 6512)
4(6420 6511 6510 6419)
4(6421 6512 6511 6420)
4(6512 6494 6510 6511)
4(6422 6404 6495 6513)
4(6422 6513 6512 6421)
4(6513 6495 6494 6512)
4(6423 6405 6496 6514)
4(6423 6514 6513 6422)
4(6514 6496 6495 6513)
4(6425 6405 6496 6516)
4(6424 6515 6514 6423)
4(6425 6516 6515 6424)
4(6516 6496 6514 6515)
4(6426 6406 6497 6517)
4(6426 6517 6516 6425)
4(6517 6497 6496 6516)
4(6427 6407 6498 6518)
4(6427 6518 6517 6426)
4(6518 6498 6497 6517)
4(6379 6470 6518 6427)
4(6470 6471 6498 6518)
4(6428 6408 6499 6519)
4(6428 6519 6473 6382)
4(6519 6499 6472 6473)
4(6429 6409 6500 6520)
4(6429 6520 6519 6428)
4(6520 6500 6499 6519)
4(6430 6410 6501 6521)
4(6430 6521 6520 6429)
4(6521 6501 6500 6520)
4(6432 6410 6501 6523)
4(6431 6522 6521 6430)
4(6432 6523 6522 6431)
4(6523 6501 6521 6522)
4(6412 6503 6523 6432)
4(6503 6489 6501 6523)
4(6433 6413 6504 6524)
4(6434 6525 6502 6411)
4(6524 6504 6502 6525)
4(6435 6414 6505 6526)
4(6526 6505 6504 6524)
4(6436 6415 6506 6527)
4(6527 6506 6505 6526)
4(6437 6416 6507 6528)
4(6528 6507 6506 6527)
4(6438 6372 6463 6529)
4(6529 6463 6507 6528)
4(6439 6371 6462 6530)
4(6530 6462 6463 6529)
4(6440 6375 6466 6531)
4(6531 6466 6462 6530)
4(6441 6417 6508 6532)
4(6532 6508 6466 6531)
4(6442 6418 6509 6533)
4(6533 6509 6508 6532)
4(6443 6419 6510 6534)
4(6534 6510 6509 6533)
4(6444 6420 6511 6535)
4(6535 6511 6510 6534)
4(6445 6421 6512 6536)
4(6536 6512 6511 6535)
4(6446 6422 6513 6537)
4(6537 6513 6512 6536)
4(6447 6423 6514 6538)
4(6538 6514 6513 6537)
4(6448 6424 6515 6539)
4(6538 6539 6515 6514)
4(6449 6425 6516 6540)
4(6540 6516 6515 6539)
4(6450 6426 6517 6541)
4(6541 6517 6516 6540)
4(6451 6427 6518 6542)
4(6542 6518 6517 6541)
4(6452 6379 6470 6543)
4(6543 6470 6518 6542)
4(6453 6378 6469 6544)
4(6544 6469 6470 6543)
4(6454 6382 6473 6545)
4(6545 6473 6469 6544)
4(6455 6428 6519 6546)
4(6546 6519 6473 6545)
4(6456 6429 6520 6547)
4(6547 6520 6519 6546)
4(6457 6430 6521 6548)
4(6548 6521 6520 6547)
4(6458 6431 6522 6549)
4(6549 6522 6521 6548)
4(6459 6432 6523 6550)
4(6550 6523 6522 6549)
4(6460 6412 6503 6551)
4(6551 6503 6523 6550)
4(6525 6502 6503 6551)
4(6462 6461 6552 6553)
4(6464 6555 6552 6461)
4(6463 6554 6555 6464)
4(6462 6553 6554 6463)
4(6553 6552 6555 6554)
4(6465 6461 6552 6556)
4(6466 6465 6556 6557)
4(6466 6557 6553 6462)
4(6557 6556 6552 6553)
4(6464 6555 6558 6467)
4(6465 6467 6558 6556)
4(6556 6558 6555 6552)
4(6469 6468 6559 6560)
4(6471 6562 6559 6468)
4(6470 6561 6562 6471)
4(6469 6560 6561 6470)
4(6560 6559 6562 6561)
4(6472 6468 6559 6563)
4(6473 6472 6563 6564)
4(6473 6564 6560 6469)
4(6564 6563 6559 6560)
4(6471 6562 6565 6474)
4(6472 6474 6565 6563)
4(6563 6565 6562 6559)
4(6478 6569 6566 6475)
4(6477 6476 6567 6568)
4(6475 6566 6567 6476)
4(6477 6568 6569 6478)
4(6568 6567 6566 6569)
4(6480 6571 6566 6475)
4(6479 6570 6571 6480)
4(6478 6569 6570 6479)
4(6569 6566 6571 6570)
4(6481 6476 6567 6572)
4(6467 6558 6568 6477)
4(6481 6572 6558 6467)
4(6572 6567 6568 6558)
4(6482 6476 6567 6573)
4(6483 6574 6572 6481)
4(6482 6573 6574 6483)
4(6573 6567 6572 6574)
4(6484 6475 6566 6575)
4(6484 6575 6573 6482)
4(6575 6566 6567 6573)
4(6485 6480 6571 6576)
4(6485 6576 6575 6484)
4(6576 6571 6566 6575)
4(6486 6480 6571 6577)
4(6474 6565 6576 6485)
4(6486 6577 6565 6474)
4(6577 6571 6576 6565)
4(6487 6479 6570 6578)
4(6487 6578 6577 6486)
4(6578 6570 6571 6577)
4(6488 6479 6570 6579)
4(6489 6580 6578 6487)
4(6489 6488 6579 6580)
4(6580 6579 6570 6578)
4(6490 6478 6569 6581)
4(6490 6581 6579 6488)
4(6581 6569 6570 6579)
4(6491 6477 6568 6582)
4(6491 6582 6581 6490)
4(6582 6568 6569 6581)
4(6491 6464 6555 6582)
4(6582 6555 6558 6568)
4(6492 6481 6572 6583)
4(6492 6583 6556 6465)
4(6583 6572 6558 6556)
4(6493 6483 6574 6584)
4(6493 6584 6583 6492)
4(6584 6574 6572 6583)
4(6495 6483 6574 6586)
4(6494 6585 6584 6493)
4(6495 6586 6585 6494)
4(6586 6574 6584 6585)
4(6496 6482 6573 6587)
4(6496 6587 6586 6495)
4(6587 6573 6574 6586)
4(6497 6484 6575 6588)
4(6497 6588 6587 6496)
4(6588 6575 6573 6587)
4(6498 6485 6576 6589)
4(6498 6589 6588 6497)
4(6589 6576 6575 6588)
4(6498 6471 6562 6589)
4(6589 6562 6565 6576)
4(6499 6486 6577 6590)
4(6499 6590 6563 6472)
4(6590 6577 6565 6563)
4(6500 6487 6578 6591)
4(6500 6591 6590 6499)
4(6591 6578 6577 6590)
4(6501 6592 6591 6500)
4(6501 6489 6580 6592)
4(6592 6580 6578 6591)
4(6502 6488 6579 6593)
4(6503 6594 6580 6489)
4(6503 6502 6593 6594)
4(6594 6593 6579 6580)
4(6505 6488 6579 6596)
4(6502 6504 6595 6593)
4(6505 6596 6595 6504)
4(6593 6595 6596 6579)
4(6506 6490 6581 6597)
4(6506 6597 6596 6505)
4(6597 6581 6579 6596)
4(6507 6491 6582 6598)
4(6507 6598 6597 6506)
4(6598 6582 6581 6597)
4(6463 6554 6598 6507)
4(6554 6555 6582 6598)
4(6508 6492 6583 6599)
4(6508 6599 6557 6466)
4(6599 6583 6556 6557)
4(6509 6493 6584 6600)
4(6509 6600 6599 6508)
4(6600 6584 6583 6599)
4(6510 6494 6585 6601)
4(6510 6601 6600 6509)
4(6601 6585 6584 6600)
4(6512 6494 6585 6603)
4(6511 6602 6601 6510)
4(6512 6603 6602 6511)
4(6603 6585 6601 6602)
4(6513 6495 6586 6604)
4(6513 6604 6603 6512)
4(6604 6586 6585 6603)
4(6514 6496 6587 6605)
4(6514 6605 6604 6513)
4(6605 6587 6586 6604)
4(6516 6496 6587 6607)
4(6515 6606 6605 6514)
4(6516 6607 6606 6515)
4(6607 6587 6605 6606)
4(6517 6497 6588 6608)
4(6517 6608 6607 6516)
4(6608 6588 6587 6607)
4(6518 6498 6589 6609)
4(6518 6609 6608 6517)
4(6609 6589 6588 6608)
4(6470 6561 6609 6518)
4(6561 6562 6589 6609)
4(6519 6499 6590 6610)
4(6519 6610 6564 6473)
4(6610 6590 6563 6564)
4(6520 6500 6591 6611)
4(6520 6611 6610 6519)
4(6611 6591 6590 6610)
4(6521 6501 6592 6612)
4(6521 6612 6611 6520)
4(6612 6592 6591 6611)
4(6523 6501 6592 6614)
4(6522 6613 6612 6521)
4(6523 6614 6613 6522)
4(6614 6592 6612 6613)
4(6503 6594 6614 6523)
4(6594 6580 6592 6614)
4(6524 6504 6595 6615)
4(6525 6616 6593 6502)
4(6615 6595 6593 6616)
4(6526 6505 6596 6617)
4(6617 6596 6595 6615)
4(6527 6506 6597 6618)
4(6618 6597 6596 6617)
4(6528 6507 6598 6619)
4(6619 6598 6597 6618)
4(6529 6463 6554 6620)
4(6620 6554 6598 6619)
4(6530 6462 6553 6621)
4(6621 6553 6554 6620)
4(6531 6466 6557 6622)
4(6622 6557 6553 6621)
4(6532 6508 6599 6623)
4(6623 6599 6557 6622)
4(6533 6509 6600 6624)
4(6624 6600 6599 6623)
4(6534 6510 6601 6625)
4(6625 6601 6600 6624)
4(6535 6511 6602 6626)
4(6626 6602 6601 6625)
4(6536 6512 6603 6627)
4(6627 6603 6602 6626)
4(6537 6513 6604 6628)
4(6628 6604 6603 6627)
4(6538 6514 6605 6629)
4(6629 6605 6604 6628)
4(6539 6515 6606 6630)
4(6629 6630 6606 6605)
4(6540 6516 6607 6631)
4(6631 6607 6606 6630)
4(6541 6517 6608 6632)
4(6632 6608 6607 6631)
4(6542 6518 6609 6633)
4(6633 6609 6608 6632)
4(6543 6470 6561 6634)
4(6634 6561 6609 6633)
4(6544 6469 6560 6635)
4(6635 6560 6561 6634)
4(6545 6473 6564 6636)
4(6636 6564 6560 6635)
4(6546 6519 6610 6637)
4(6637 6610 6564 6636)
4(6547 6520 6611 6638)
4(6638 6611 6610 6637)
4(6548 6521 6612 6639)
4(6639 6612 6611 6638)
4(6549 6522 6613 6640)
4(6640 6613 6612 6639)
4(6550 6523 6614 6641)
4(6641 6614 6613 6640)
4(6551 6503 6594 6642)
4(6642 6594 6614 6641)
4(6616 6593 6594 6642)
4(6553 6552 6643 6644)
4(6555 6646 6643 6552)
4(6554 6645 6646 6555)
4(6553 6644 6645 6554)
4(6644 6643 6646 6645)
4(6556 6552 6643 6647)
4(6557 6556 6647 6648)
4(6557 6648 6644 6553)
4(6648 6647 6643 6644)
4(6555 6646 6649 6558)
4(6556 6558 6649 6647)
4(6647 6649 6646 6643)
4(6560 6559 6650 6651)
4(6562 6653 6650 6559)
4(6561 6652 6653 6562)
4(6560 6651 6652 6561)
4(6651 6650 6653 6652)
4(6563 6559 6650 6654)
4(6564 6563 6654 6655)
4(6564 6655 6651 6560)
4(6655 6654 6650 6651)
4(6562 6653 6656 6565)
4(6563 6565 6656 6654)
4(6654 6656 6653 6650)
4(6569 6660 6657 6566)
4(6568 6567 6658 6659)
4(6566 6657 6658 6567)
4(6568 6659 6660 6569)
4(6659 6658 6657 6660)
4(6571 6662 6657 6566)
4(6570 6661 6662 6571)
4(6569 6660 6661 6570)
4(6660 6657 6662 6661)
4(6572 6567 6658 6663)
4(6558 6649 6659 6568)
4(6572 6663 6649 6558)
4(6663 6658 6659 6649)
4(6573 6567 6658 6664)
4(6574 6665 6663 6572)
4(6573 6664 6665 6574)
4(6664 6658 6663 6665)
4(6575 6566 6657 6666)
4(6575 6666 6664 6573)
4(6666 6657 6658 6664)
4(6576 6571 6662 6667)
4(6576 6667 6666 6575)
4(6667 6662 6657 6666)
4(6577 6571 6662 6668)
4(6565 6656 6667 6576)
4(6577 6668 6656 6565)
4(6668 6662 6667 6656)
4(6578 6570 6661 6669)
4(6578 6669 6668 6577)
4(6669 6661 6662 6668)
4(6579 6570 6661 6670)
4(6580 6671 6669 6578)
4(6580 6579 6670 6671)
4(6671 6670 6661 6669)
4(6581 6569 6660 6672)
4(6581 6672 6670 6579)
4(6672 6660 6661 6670)
4(6582 6568 6659 6673)
4(6582 6673 6672 6581)
4(6673 6659 6660 6672)
4(6582 6555 6646 6673)
4(6673 6646 6649 6659)
4(6583 6572 6663 6674)
4(6583 6674 6647 6556)
4(6674 6663 6649 6647)
4(6584 6574 6665 6675)
4(6584 6675 6674 6583)
4(6675 6665 6663 6674)
4(6586 6574 6665 6677)
4(6585 6676 6675 6584)
4(6586 6677 6676 6585)
4(6677 6665 6675 6676)
4(6587 6573 6664 6678)
4(6587 6678 6677 6586)
4(6678 6664 6665 6677)
4(6588 6575 6666 6679)
4(6588 6679 6678 6587)
4(6679 6666 6664 6678)
4(6589 6576 6667 6680)
4(6589 6680 6679 6588)
4(6680 6667 6666 6679)
4(6589 6562 6653 6680)
4(6680 6653 6656 6667)
4(6590 6577 6668 6681)
4(6590 6681 6654 6563)
4(6681 6668 6656 6654)
4(6591 6578 6669 6682)
4(6591 6682 6681 6590)
4(6682 6669 6668 6681)
4(6592 6683 6682 6591)
4(6592 6580 6671 6683)
4(6683 6671 6669 6682)
4(6593 6579 6670 6684)
4(6594 6685 6671 6580)
4(6594 6593 6684 6685)
4(6685 6684 6670 6671)
4(6596 6579 6670 6687)
4(6593 6595 6686 6684)
4(6596 6687 6686 6595)
4(6684 6686 6687 6670)
4(6597 6581 6672 6688)
4(6597 6688 6687 6596)
4(6688 6672 6670 6687)
4(6598 6582 6673 6689)
4(6598 6689 6688 6597)
4(6689 6673 6672 6688)
4(6554 6645 6689 6598)
4(6645 6646 6673 6689)
4(6599 6583 6674 6690)
4(6599 6690 6648 6557)
4(6690 6674 6647 6648)
4(6600 6584 6675 6691)
4(6600 6691 6690 6599)
4(6691 6675 6674 6690)
4(6601 6585 6676 6692)
4(6601 6692 6691 6600)
4(6692 6676 6675 6691)
4(6603 6585 6676 6694)
4(6602 6693 6692 6601)
4(6603 6694 6693 6602)
4(6694 6676 6692 6693)
4(6604 6586 6677 6695)
4(6604 6695 6694 6603)
4(6695 6677 6676 6694)
4(6605 6587 6678 6696)
4(6605 6696 6695 6604)
4(6696 6678 6677 6695)
4(6607 6587 6678 6698)
4(6606 6697 6696 6605)
4(6607 6698 6697 6606)
4(6698 6678 6696 6697)
4(6608 6588 6679 6699)
4(6608 6699 6698 6607)
4(6699 6679 6678 6698)
4(6609 6589 6680 6700)
4(6609 6700 6699 6608)
4(6700 6680 6679 6699)
4(6561 6652 6700 6609)
4(6652 6653 6680 6700)
4(6610 6590 6681 6701)
4(6610 6701 6655 6564)
4(6701 6681 6654 6655)
4(6611 6591 6682 6702)
4(6611 6702 6701 6610)
4(6702 6682 6681 6701)
4(6612 6592 6683 6703)
4(6612 6703 6702 6611)
4(6703 6683 6682 6702)
4(6614 6592 6683 6705)
4(6613 6704 6703 6612)
4(6614 6705 6704 6613)
4(6705 6683 6703 6704)
4(6594 6685 6705 6614)
4(6685 6671 6683 6705)
4(6615 6595 6686 6706)
4(6616 6707 6684 6593)
4(6706 6686 6684 6707)
4(6617 6596 6687 6708)
4(6708 6687 6686 6706)
4(6618 6597 6688 6709)
4(6709 6688 6687 6708)
4(6619 6598 6689 6710)
4(6710 6689 6688 6709)
4(6620 6554 6645 6711)
4(6711 6645 6689 6710)
4(6621 6553 6644 6712)
4(6712 6644 6645 6711)
4(6622 6557 6648 6713)
4(6713 6648 6644 6712)
4(6623 6599 6690 6714)
4(6714 6690 6648 6713)
4(6624 6600 6691 6715)
4(6715 6691 6690 6714)
4(6625 6601 6692 6716)
4(6716 6692 6691 6715)
4(6626 6602 6693 6717)
4(6717 6693 6692 6716)
4(6627 6603 6694 6718)
4(6718 6694 6693 6717)
4(6628 6604 6695 6719)
4(6719 6695 6694 6718)
4(6629 6605 6696 6720)
4(6720 6696 6695 6719)
4(6630 6606 6697 6721)
4(6720 6721 6697 6696)
4(6631 6607 6698 6722)
4(6722 6698 6697 6721)
4(6632 6608 6699 6723)
4(6723 6699 6698 6722)
4(6633 6609 6700 6724)
4(6724 6700 6699 6723)
4(6634 6561 6652 6725)
4(6725 6652 6700 6724)
4(6635 6560 6651 6726)
4(6726 6651 6652 6725)
4(6636 6564 6655 6727)
4(6727 6655 6651 6726)
4(6637 6610 6701 6728)
4(6728 6701 6655 6727)
4(6638 6611 6702 6729)
4(6729 6702 6701 6728)
4(6639 6612 6703 6730)
4(6730 6703 6702 6729)
4(6640 6613 6704 6731)
4(6731 6704 6703 6730)
4(6641 6614 6705 6732)
4(6732 6705 6704 6731)
4(6642 6594 6685 6733)
4(6733 6685 6705 6732)
4(6707 6684 6685 6733)
4(6644 6643 6734 6735)
4(6646 6737 6734 6643)
4(6645 6736 6737 6646)
4(6644 6735 6736 6645)
4(6735 6734 6737 6736)
4(6647 6643 6734 6738)
4(6648 6647 6738 6739)
4(6648 6739 6735 6644)
4(6739 6738 6734 6735)
4(6646 6737 6740 6649)
4(6647 6649 6740 6738)
4(6738 6740 6737 6734)
4(6651 6650 6741 6742)
4(6653 6744 6741 6650)
4(6652 6743 6744 6653)
4(6651 6742 6743 6652)
4(6742 6741 6744 6743)
4(6654 6650 6741 6745)
4(6655 6654 6745 6746)
4(6655 6746 6742 6651)
4(6746 6745 6741 6742)
4(6653 6744 6747 6656)
4(6654 6656 6747 6745)
4(6745 6747 6744 6741)
4(6660 6751 6748 6657)
4(6659 6658 6749 6750)
4(6657 6748 6749 6658)
4(6659 6750 6751 6660)
4(6750 6749 6748 6751)
4(6662 6753 6748 6657)
4(6661 6752 6753 6662)
4(6660 6751 6752 6661)
4(6751 6748 6753 6752)
4(6663 6658 6749 6754)
4(6649 6740 6750 6659)
4(6663 6754 6740 6649)
4(6754 6749 6750 6740)
4(6664 6658 6749 6755)
4(6665 6756 6754 6663)
4(6664 6755 6756 6665)
4(6755 6749 6754 6756)
4(6666 6657 6748 6757)
4(6666 6757 6755 6664)
4(6757 6748 6749 6755)
4(6667 6662 6753 6758)
4(6667 6758 6757 6666)
4(6758 6753 6748 6757)
4(6668 6662 6753 6759)
4(6656 6747 6758 6667)
4(6668 6759 6747 6656)
4(6759 6753 6758 6747)
4(6669 6661 6752 6760)
4(6669 6760 6759 6668)
4(6760 6752 6753 6759)
4(6670 6661 6752 6761)
4(6671 6762 6760 6669)
4(6671 6670 6761 6762)
4(6762 6761 6752 6760)
4(6672 6660 6751 6763)
4(6672 6763 6761 6670)
4(6763 6751 6752 6761)
4(6673 6659 6750 6764)
4(6673 6764 6763 6672)
4(6764 6750 6751 6763)
4(6673 6646 6737 6764)
4(6764 6737 6740 6750)
4(6674 6663 6754 6765)
4(6674 6765 6738 6647)
4(6765 6754 6740 6738)
4(6675 6665 6756 6766)
4(6675 6766 6765 6674)
4(6766 6756 6754 6765)
4(6677 6665 6756 6768)
4(6676 6767 6766 6675)
4(6677 6768 6767 6676)
4(6768 6756 6766 6767)
4(6678 6664 6755 6769)
4(6678 6769 6768 6677)
4(6769 6755 6756 6768)
4(6679 6666 6757 6770)
4(6679 6770 6769 6678)
4(6770 6757 6755 6769)
4(6680 6667 6758 6771)
4(6680 6771 6770 6679)
4(6771 6758 6757 6770)
4(6680 6653 6744 6771)
4(6771 6744 6747 6758)
4(6681 6668 6759 6772)
4(6681 6772 6745 6654)
4(6772 6759 6747 6745)
4(6682 6669 6760 6773)
4(6682 6773 6772 6681)
4(6773 6760 6759 6772)
4(6683 6774 6773 6682)
4(6683 6671 6762 6774)
4(6774 6762 6760 6773)
4(6684 6670 6761 6775)
4(6685 6776 6762 6671)
4(6685 6684 6775 6776)
4(6776 6775 6761 6762)
4(6687 6670 6761 6778)
4(6684 6686 6777 6775)
4(6687 6778 6777 6686)
4(6775 6777 6778 6761)
4(6688 6672 6763 6779)
4(6688 6779 6778 6687)
4(6779 6763 6761 6778)
4(6689 6673 6764 6780)
4(6689 6780 6779 6688)
4(6780 6764 6763 6779)
4(6645 6736 6780 6689)
4(6736 6737 6764 6780)
4(6690 6674 6765 6781)
4(6690 6781 6739 6648)
4(6781 6765 6738 6739)
4(6691 6675 6766 6782)
4(6691 6782 6781 6690)
4(6782 6766 6765 6781)
4(6692 6676 6767 6783)
4(6692 6783 6782 6691)
4(6783 6767 6766 6782)
4(6694 6676 6767 6785)
4(6693 6784 6783 6692)
4(6694 6785 6784 6693)
4(6785 6767 6783 6784)
4(6695 6677 6768 6786)
4(6695 6786 6785 6694)
4(6786 6768 6767 6785)
4(6696 6678 6769 6787)
4(6696 6787 6786 6695)
4(6787 6769 6768 6786)
4(6698 6678 6769 6789)
4(6697 6788 6787 6696)
4(6698 6789 6788 6697)
4(6789 6769 6787 6788)
4(6699 6679 6770 6790)
4(6699 6790 6789 6698)
4(6790 6770 6769 6789)
4(6700 6680 6771 6791)
4(6700 6791 6790 6699)
4(6791 6771 6770 6790)
4(6652 6743 6791 6700)
4(6743 6744 6771 6791)
4(6701 6681 6772 6792)
4(6701 6792 6746 6655)
4(6792 6772 6745 6746)
4(6702 6682 6773 6793)
4(6702 6793 6792 6701)
4(6793 6773 6772 6792)
4(6703 6683 6774 6794)
4(6703 6794 6793 6702)
4(6794 6774 6773 6793)
4(6705 6683 6774 6796)
4(6704 6795 6794 6703)
4(6705 6796 6795 6704)
4(6796 6774 6794 6795)
4(6685 6776 6796 6705)
4(6776 6762 6774 6796)
4(6706 6686 6777 6797)
4(6707 6798 6775 6684)
4(6797 6777 6775 6798)
4(6708 6687 6778 6799)
4(6799 6778 6777 6797)
4(6709 6688 6779 6800)
4(6800 6779 6778 6799)
4(6710 6689 6780 6801)
4(6801 6780 6779 6800)
4(6711 6645 6736 6802)
4(6802 6736 6780 6801)
4(6712 6644 6735 6803)
4(6803 6735 6736 6802)
4(6713 6648 6739 6804)
4(6804 6739 6735 6803)
4(6714 6690 6781 6805)
4(6805 6781 6739 6804)
4(6715 6691 6782 6806)
4(6806 6782 6781 6805)
4(6716 6692 6783 6807)
4(6807 6783 6782 6806)
4(6717 6693 6784 6808)
4(6808 6784 6783 6807)
4(6718 6694 6785 6809)
4(6809 6785 6784 6808)
4(6719 6695 6786 6810)
4(6810 6786 6785 6809)
4(6720 6696 6787 6811)
4(6811 6787 6786 6810)
4(6721 6697 6788 6812)
4(6811 6812 6788 6787)
4(6722 6698 6789 6813)
4(6813 6789 6788 6812)
4(6723 6699 6790 6814)
4(6814 6790 6789 6813)
4(6724 6700 6791 6815)
4(6815 6791 6790 6814)
4(6725 6652 6743 6816)
4(6816 6743 6791 6815)
4(6726 6651 6742 6817)
4(6817 6742 6743 6816)
4(6727 6655 6746 6818)
4(6818 6746 6742 6817)
4(6728 6701 6792 6819)
4(6819 6792 6746 6818)
4(6729 6702 6793 6820)
4(6820 6793 6792 6819)
4(6730 6703 6794 6821)
4(6821 6794 6793 6820)
4(6731 6704 6795 6822)
4(6822 6795 6794 6821)
4(6732 6705 6796 6823)
4(6823 6796 6795 6822)
4(6733 6685 6776 6824)
4(6824 6776 6796 6823)
4(6798 6775 6776 6824)
4(6735 6734 6825 6826)
4(6737 6828 6825 6734)
4(6736 6827 6828 6737)
4(6735 6826 6827 6736)
4(6826 6825 6828 6827)
4(6738 6734 6825 6829)
4(6739 6738 6829 6830)
4(6739 6830 6826 6735)
4(6830 6829 6825 6826)
4(6737 6828 6831 6740)
4(6738 6740 6831 6829)
4(6829 6831 6828 6825)
4(6742 6741 6832 6833)
4(6744 6835 6832 6741)
4(6743 6834 6835 6744)
4(6742 6833 6834 6743)
4(6833 6832 6835 6834)
4(6745 6741 6832 6836)
4(6746 6745 6836 6837)
4(6746 6837 6833 6742)
4(6837 6836 6832 6833)
4(6744 6835 6838 6747)
4(6745 6747 6838 6836)
4(6836 6838 6835 6832)
4(6751 6842 6839 6748)
4(6750 6749 6840 6841)
4(6748 6839 6840 6749)
4(6750 6841 6842 6751)
4(6841 6840 6839 6842)
4(6753 6844 6839 6748)
4(6752 6843 6844 6753)
4(6751 6842 6843 6752)
4(6842 6839 6844 6843)
4(6754 6749 6840 6845)
4(6740 6831 6841 6750)
4(6754 6845 6831 6740)
4(6845 6840 6841 6831)
4(6755 6749 6840 6846)
4(6756 6847 6845 6754)
4(6755 6846 6847 6756)
4(6846 6840 6845 6847)
4(6757 6748 6839 6848)
4(6757 6848 6846 6755)
4(6848 6839 6840 6846)
4(6758 6753 6844 6849)
4(6758 6849 6848 6757)
4(6849 6844 6839 6848)
4(6759 6753 6844 6850)
4(6747 6838 6849 6758)
4(6759 6850 6838 6747)
4(6850 6844 6849 6838)
4(6760 6752 6843 6851)
4(6760 6851 6850 6759)
4(6851 6843 6844 6850)
4(6761 6752 6843 6852)
4(6762 6853 6851 6760)
4(6762 6761 6852 6853)
4(6853 6852 6843 6851)
4(6763 6751 6842 6854)
4(6763 6854 6852 6761)
4(6854 6842 6843 6852)
4(6764 6750 6841 6855)
4(6764 6855 6854 6763)
4(6855 6841 6842 6854)
4(6764 6737 6828 6855)
4(6855 6828 6831 6841)
4(6765 6754 6845 6856)
4(6765 6856 6829 6738)
4(6856 6845 6831 6829)
4(6766 6756 6847 6857)
4(6766 6857 6856 6765)
4(6857 6847 6845 6856)
4(6768 6756 6847 6859)
4(6767 6858 6857 6766)
4(6768 6859 6858 6767)
4(6859 6847 6857 6858)
4(6769 6755 6846 6860)
4(6769 6860 6859 6768)
4(6860 6846 6847 6859)
4(6770 6757 6848 6861)
4(6770 6861 6860 6769)
4(6861 6848 6846 6860)
4(6771 6758 6849 6862)
4(6771 6862 6861 6770)
4(6862 6849 6848 6861)
4(6771 6744 6835 6862)
4(6862 6835 6838 6849)
4(6772 6759 6850 6863)
4(6772 6863 6836 6745)
4(6863 6850 6838 6836)
4(6773 6760 6851 6864)
4(6773 6864 6863 6772)
4(6864 6851 6850 6863)
4(6774 6865 6864 6773)
4(6774 6762 6853 6865)
4(6865 6853 6851 6864)
4(6775 6761 6852 6866)
4(6776 6867 6853 6762)
4(6776 6775 6866 6867)
4(6867 6866 6852 6853)
4(6778 6761 6852 6869)
4(6775 6777 6868 6866)
4(6778 6869 6868 6777)
4(6866 6868 6869 6852)
4(6779 6763 6854 6870)
4(6779 6870 6869 6778)
4(6870 6854 6852 6869)
4(6780 6764 6855 6871)
4(6780 6871 6870 6779)
4(6871 6855 6854 6870)
4(6736 6827 6871 6780)
4(6827 6828 6855 6871)
4(6781 6765 6856 6872)
4(6781 6872 6830 6739)
4(6872 6856 6829 6830)
4(6782 6766 6857 6873)
4(6782 6873 6872 6781)
4(6873 6857 6856 6872)
4(6783 6767 6858 6874)
4(6783 6874 6873 6782)
4(6874 6858 6857 6873)
4(6785 6767 6858 6876)
4(6784 6875 6874 6783)
4(6785 6876 6875 6784)
4(6876 6858 6874 6875)
4(6786 6768 6859 6877)
4(6786 6877 6876 6785)
4(6877 6859 6858 6876)
4(6787 6769 6860 6878)
4(6787 6878 6877 6786)
4(6878 6860 6859 6877)
4(6789 6769 6860 6880)
4(6788 6879 6878 6787)
4(6789 6880 6879 6788)
4(6880 6860 6878 6879)
4(6790 6770 6861 6881)
4(6790 6881 6880 6789)
4(6881 6861 6860 6880)
4(6791 6771 6862 6882)
4(6791 6882 6881 6790)
4(6882 6862 6861 6881)
4(6743 6834 6882 6791)
4(6834 6835 6862 6882)
4(6792 6772 6863 6883)
4(6792 6883 6837 6746)
4(6883 6863 6836 6837)
4(6793 6773 6864 6884)
4(6793 6884 6883 6792)
4(6884 6864 6863 6883)
4(6794 6774 6865 6885)
4(6794 6885 6884 6793)
4(6885 6865 6864 6884)
4(6796 6774 6865 6887)
4(6795 6886 6885 6794)
4(6796 6887 6886 6795)
4(6887 6865 6885 6886)
4(6776 6867 6887 6796)
4(6867 6853 6865 6887)
4(6797 6777 6868 6888)
4(6798 6889 6866 6775)
4(6888 6868 6866 6889)
4(6799 6778 6869 6890)
4(6890 6869 6868 6888)
4(6800 6779 6870 6891)
4(6891 6870 6869 6890)
4(6801 6780 6871 6892)
4(6892 6871 6870 6891)
4(6802 6736 6827 6893)
4(6893 6827 6871 6892)
4(6803 6735 6826 6894)
4(6894 6826 6827 6893)
4(6804 6739 6830 6895)
4(6895 6830 6826 6894)
4(6805 6781 6872 6896)
4(6896 6872 6830 6895)
4(6806 6782 6873 6897)
4(6897 6873 6872 6896)
4(6807 6783 6874 6898)
4(6898 6874 6873 6897)
4(6808 6784 6875 6899)
4(6899 6875 6874 6898)
4(6809 6785 6876 6900)
4(6900 6876 6875 6899)
4(6810 6786 6877 6901)
4(6901 6877 6876 6900)
4(6811 6787 6878 6902)
4(6902 6878 6877 6901)
4(6812 6788 6879 6903)
4(6902 6903 6879 6878)
4(6813 6789 6880 6904)
4(6904 6880 6879 6903)
4(6814 6790 6881 6905)
4(6905 6881 6880 6904)
4(6815 6791 6882 6906)
4(6906 6882 6881 6905)
4(6816 6743 6834 6907)
4(6907 6834 6882 6906)
4(6817 6742 6833 6908)
4(6908 6833 6834 6907)
4(6818 6746 6837 6909)
4(6909 6837 6833 6908)
4(6819 6792 6883 6910)
4(6910 6883 6837 6909)
4(6820 6793 6884 6911)
4(6911 6884 6883 6910)
4(6821 6794 6885 6912)
4(6912 6885 6884 6911)
4(6822 6795 6886 6913)
4(6913 6886 6885 6912)
4(6823 6796 6887 6914)
4(6914 6887 6886 6913)
4(6824 6776 6867 6915)
4(6915 6867 6887 6914)
4(6889 6866 6867 6915)
4(6826 6825 6916 6917)
4(6828 6919 6916 6825)
4(6827 6918 6919 6828)
4(6826 6917 6918 6827)
4(6917 6916 6919 6918)
4(6829 6825 6916 6920)
4(6830 6829 6920 6921)
4(6830 6921 6917 6826)
4(6921 6920 6916 6917)
4(6828 6919 6922 6831)
4(6829 6831 6922 6920)
4(6920 6922 6919 6916)
4(6833 6832 6923 6924)
4(6835 6926 6923 6832)
4(6834 6925 6926 6835)
4(6833 6924 6925 6834)
4(6924 6923 6926 6925)
4(6836 6832 6923 6927)
4(6837 6836 6927 6928)
4(6837 6928 6924 6833)
4(6928 6927 6923 6924)
4(6835 6926 6929 6838)
4(6836 6838 6929 6927)
4(6927 6929 6926 6923)
4(6842 6933 6930 6839)
4(6841 6840 6931 6932)
4(6839 6930 6931 6840)
4(6841 6932 6933 6842)
4(6932 6931 6930 6933)
4(6844 6935 6930 6839)
4(6843 6934 6935 6844)
4(6842 6933 6934 6843)
4(6933 6930 6935 6934)
4(6845 6840 6931 6936)
4(6831 6922 6932 6841)
4(6845 6936 6922 6831)
4(6936 6931 6932 6922)
4(6846 6840 6931 6937)
4(6847 6938 6936 6845)
4(6846 6937 6938 6847)
4(6937 6931 6936 6938)
4(6848 6839 6930 6939)
4(6848 6939 6937 6846)
4(6939 6930 6931 6937)
4(6849 6844 6935 6940)
4(6849 6940 6939 6848)
4(6940 6935 6930 6939)
4(6850 6844 6935 6941)
4(6838 6929 6940 6849)
4(6850 6941 6929 6838)
4(6941 6935 6940 6929)
4(6851 6843 6934 6942)
4(6851 6942 6941 6850)
4(6942 6934 6935 6941)
4(6852 6843 6934 6943)
4(6853 6944 6942 6851)
4(6853 6852 6943 6944)
4(6944 6943 6934 6942)
4(6854 6842 6933 6945)
4(6854 6945 6943 6852)
4(6945 6933 6934 6943)
4(6855 6841 6932 6946)
4(6855 6946 6945 6854)
4(6946 6932 6933 6945)
4(6855 6828 6919 6946)
4(6946 6919 6922 6932)
4(6856 6845 6936 6947)
4(6856 6947 6920 6829)
4(6947 6936 6922 6920)
4(6857 6847 6938 6948)
4(6857 6948 6947 6856)
4(6948 6938 6936 6947)
4(6859 6847 6938 6950)
4(6858 6949 6948 6857)
4(6859 6950 6949 6858)
4(6950 6938 6948 6949)
4(6860 6846 6937 6951)
4(6860 6951 6950 6859)
4(6951 6937 6938 6950)
4(6861 6848 6939 6952)
4(6861 6952 6951 6860)
4(6952 6939 6937 6951)
4(6862 6849 6940 6953)
4(6862 6953 6952 6861)
4(6953 6940 6939 6952)
4(6862 6835 6926 6953)
4(6953 6926 6929 6940)
4(6863 6850 6941 6954)
4(6863 6954 6927 6836)
4(6954 6941 6929 6927)
4(6864 6851 6942 6955)
4(6864 6955 6954 6863)
4(6955 6942 6941 6954)
4(6865 6956 6955 6864)
4(6865 6853 6944 6956)
4(6956 6944 6942 6955)
4(6866 6852 6943 6957)
4(6867 6958 6944 6853)
4(6867 6866 6957 6958)
4(6958 6957 6943 6944)
4(6869 6852 6943 6960)
4(6866 6868 6959 6957)
4(6869 6960 6959 6868)
4(6957 6959 6960 6943)
4(6870 6854 6945 6961)
4(6870 6961 6960 6869)
4(6961 6945 6943 6960)
4(6871 6855 6946 6962)
4(6871 6962 6961 6870)
4(6962 6946 6945 6961)
4(6827 6918 6962 6871)
4(6918 6919 6946 6962)
4(6872 6856 6947 6963)
4(6872 6963 6921 6830)
4(6963 6947 6920 6921)
4(6873 6857 6948 6964)
4(6873 6964 6963 6872)
4(6964 6948 6947 6963)
4(6874 6858 6949 6965)
4(6874 6965 6964 6873)
4(6965 6949 6948 6964)
4(6876 6858 6949 6967)
4(6875 6966 6965 6874)
4(6876 6967 6966 6875)
4(6967 6949 6965 6966)
4(6877 6859 6950 6968)
4(6877 6968 6967 6876)
4(6968 6950 6949 6967)
4(6878 6860 6951 6969)
4(6878 6969 6968 6877)
4(6969 6951 6950 6968)
4(6880 6860 6951 6971)
4(6879 6970 6969 6878)
4(6880 6971 6970 6879)
4(6971 6951 6969 6970)
4(6881 6861 6952 6972)
4(6881 6972 6971 6880)
4(6972 6952 6951 6971)
4(6882 6862 6953 6973)
4(6882 6973 6972 6881)
4(6973 6953 6952 6972)
4(6834 6925 6973 6882)
4(6925 6926 6953 6973)
4(6883 6863 6954 6974)
4(6883 6974 6928 6837)
4(6974 6954 6927 6928)
4(6884 6864 6955 6975)
4(6884 6975 6974 6883)
4(6975 6955 6954 6974)
4(6885 6865 6956 6976)
4(6885 6976 6975 6884)
4(6976 6956 6955 6975)
4(6887 6865 6956 6978)
4(6886 6977 6976 6885)
4(6887 6978 6977 6886)
4(6978 6956 6976 6977)
4(6867 6958 6978 6887)
4(6958 6944 6956 6978)
4(6888 6868 6959 6979)
4(6889 6980 6957 6866)
4(6979 6959 6957 6980)
4(6890 6869 6960 6981)
4(6981 6960 6959 6979)
4(6891 6870 6961 6982)
4(6982 6961 6960 6981)
4(6892 6871 6962 6983)
4(6983 6962 6961 6982)
4(6893 6827 6918 6984)
4(6984 6918 6962 6983)
4(6894 6826 6917 6985)
4(6985 6917 6918 6984)
4(6895 6830 6921 6986)
4(6986 6921 6917 6985)
4(6896 6872 6963 6987)
4(6987 6963 6921 6986)
4(6897 6873 6964 6988)
4(6988 6964 6963 6987)
4(6898 6874 6965 6989)
4(6989 6965 6964 6988)
4(6899 6875 6966 6990)
4(6990 6966 6965 6989)
4(6900 6876 6967 6991)
4(6991 6967 6966 6990)
4(6901 6877 6968 6992)
4(6992 6968 6967 6991)
4(6902 6878 6969 6993)
4(6993 6969 6968 6992)
4(6903 6879 6970 6994)
4(6993 6994 6970 6969)
4(6904 6880 6971 6995)
4(6995 6971 6970 6994)
4(6905 6881 6972 6996)
4(6996 6972 6971 6995)
4(6906 6882 6973 6997)
4(6997 6973 6972 6996)
4(6907 6834 6925 6998)
4(6998 6925 6973 6997)
4(6908 6833 6924 6999)
4(6999 6924 6925 6998)
4(6909 6837 6928 7000)
4(7000 6928 6924 6999)
4(6910 6883 6974 7001)
4(7001 6974 6928 7000)
4(6911 6884 6975 7002)
4(7002 6975 6974 7001)
4(6912 6885 6976 7003)
4(7003 6976 6975 7002)
4(6913 6886 6977 7004)
4(7004 6977 6976 7003)
4(6914 6887 6978 7005)
4(7005 6978 6977 7004)
4(6915 6867 6958 7006)
4(7006 6958 6978 7005)
4(6980 6957 6958 7006)
4(6917 6916 7007 7008)
4(6919 7010 7007 6916)
4(6918 7009 7010 6919)
4(6917 7008 7009 6918)
4(7008 7007 7010 7009)
4(6920 6916 7007 7011)
4(6921 6920 7011 7012)
4(6921 7012 7008 6917)
4(7012 7011 7007 7008)
4(6919 7010 7013 6922)
4(6920 6922 7013 7011)
4(7011 7013 7010 7007)
4(6924 6923 7014 7015)
4(6926 7017 7014 6923)
4(6925 7016 7017 6926)
4(6924 7015 7016 6925)
4(7015 7014 7017 7016)
4(6927 6923 7014 7018)
4(6928 6927 7018 7019)
4(6928 7019 7015 6924)
4(7019 7018 7014 7015)
4(6926 7017 7020 6929)
4(6927 6929 7020 7018)
4(7018 7020 7017 7014)
4(6933 7024 7021 6930)
4(6932 6931 7022 7023)
4(6930 7021 7022 6931)
4(6932 7023 7024 6933)
4(7023 7022 7021 7024)
4(6935 7026 7021 6930)
4(6934 7025 7026 6935)
4(6933 7024 7025 6934)
4(7024 7021 7026 7025)
4(6936 6931 7022 7027)
4(6922 7013 7023 6932)
4(6936 7027 7013 6922)
4(7027 7022 7023 7013)
4(6937 6931 7022 7028)
4(6938 7029 7027 6936)
4(6937 7028 7029 6938)
4(7028 7022 7027 7029)
4(6939 6930 7021 7030)
4(6939 7030 7028 6937)
4(7030 7021 7022 7028)
4(6940 6935 7026 7031)
4(6940 7031 7030 6939)
4(7031 7026 7021 7030)
4(6941 6935 7026 7032)
4(6929 7020 7031 6940)
4(6941 7032 7020 6929)
4(7032 7026 7031 7020)
4(6942 6934 7025 7033)
4(6942 7033 7032 6941)
4(7033 7025 7026 7032)
4(6943 6934 7025 7034)
4(6944 7035 7033 6942)
4(6944 6943 7034 7035)
4(7035 7034 7025 7033)
4(6945 6933 7024 7036)
4(6945 7036 7034 6943)
4(7036 7024 7025 7034)
4(6946 6932 7023 7037)
4(6946 7037 7036 6945)
4(7037 7023 7024 7036)
4(6946 6919 7010 7037)
4(7037 7010 7013 7023)
4(6947 6936 7027 7038)
4(6947 7038 7011 6920)
4(7038 7027 7013 7011)
4(6948 6938 7029 7039)
4(6948 7039 7038 6947)
4(7039 7029 7027 7038)
4(6950 6938 7029 7041)
4(6949 7040 7039 6948)
4(6950 7041 7040 6949)
4(7041 7029 7039 7040)
4(6951 6937 7028 7042)
4(6951 7042 7041 6950)
4(7042 7028 7029 7041)
4(6952 6939 7030 7043)
4(6952 7043 7042 6951)
4(7043 7030 7028 7042)
4(6953 6940 7031 7044)
4(6953 7044 7043 6952)
4(7044 7031 7030 7043)
4(6953 6926 7017 7044)
4(7044 7017 7020 7031)
4(6954 6941 7032 7045)
4(6954 7045 7018 6927)
4(7045 7032 7020 7018)
4(6955 6942 7033 7046)
4(6955 7046 7045 6954)
4(7046 7033 7032 7045)
4(6956 7047 7046 6955)
4(6956 6944 7035 7047)
4(7047 7035 7033 7046)
4(6957 6943 7034 7048)
4(6958 7049 7035 6944)
4(6958 6957 7048 7049)
4(7049 7048 7034 7035)
4(6960 6943 7034 7051)
4(6957 6959 7050 7048)
4(6960 7051 7050 6959)
4(7048 7050 7051 7034)
4(6961 6945 7036 7052)
4(6961 7052 7051 6960)
4(7052 7036 7034 7051)
4(6962 6946 7037 7053)
4(6962 7053 7052 6961)
4(7053 7037 7036 7052)
4(6918 7009 7053 6962)
4(7009 7010 7037 7053)
4(6963 6947 7038 7054)
4(6963 7054 7012 6921)
4(7054 7038 7011 7012)
4(6964 6948 7039 7055)
4(6964 7055 7054 6963)
4(7055 7039 7038 7054)
4(6965 6949 7040 7056)
4(6965 7056 7055 6964)
4(7056 7040 7039 7055)
4(6967 6949 7040 7058)
4(6966 7057 7056 6965)
4(6967 7058 7057 6966)
4(7058 7040 7056 7057)
4(6968 6950 7041 7059)
4(6968 7059 7058 6967)
4(7059 7041 7040 7058)
4(6969 6951 7042 7060)
4(6969 7060 7059 6968)
4(7060 7042 7041 7059)
4(6971 6951 7042 7062)
4(6970 7061 7060 6969)
4(6971 7062 7061 6970)
4(7062 7042 7060 7061)
4(6972 6952 7043 7063)
4(6972 7063 7062 6971)
4(7063 7043 7042 7062)
4(6973 6953 7044 7064)
4(6973 7064 7063 6972)
4(7064 7044 7043 7063)
4(6925 7016 7064 6973)
4(7016 7017 7044 7064)
4(6974 6954 7045 7065)
4(6974 7065 7019 6928)
4(7065 7045 7018 7019)
4(6975 6955 7046 7066)
4(6975 7066 7065 6974)
4(7066 7046 7045 7065)
4(6976 6956 7047 7067)
4(6976 7067 7066 6975)
4(7067 7047 7046 7066)
4(6978 6956 7047 7069)
4(6977 7068 7067 6976)
4(6978 7069 7068 6977)
4(7069 7047 7067 7068)
4(6958 7049 7069 6978)
4(7049 7035 7047 7069)
4(6979 6959 7050 7070)
4(6980 7071 7048 6957)
4(7070 7050 7048 7071)
4(6981 6960 7051 7072)
4(7072 7051 7050 7070)
4(6982 6961 7052 7073)
4(7073 7052 7051 7072)
4(6983 6962 7053 7074)
4(7074 7053 7052 7073)
4(6984 6918 7009 7075)
4(7075 7009 7053 7074)
4(6985 6917 7008 7076)
4(7076 7008 7009 7075)
4(6986 6921 7012 7077)
4(7077 7012 7008 7076)
4(6987 6963 7054 7078)
4(7078 7054 7012 7077)
4(6988 6964 7055 7079)
4(7079 7055 7054 7078)
4(6989 6965 7056 7080)
4(7080 7056 7055 7079)
4(6990 6966 7057 7081)
4(7081 7057 7056 7080)
4(6991 6967 7058 7082)
4(7082 7058 7057 7081)
4(6992 6968 7059 7083)
4(7083 7059 7058 7082)
4(6993 6969 7060 7084)
4(7084 7060 7059 7083)
4(6994 6970 7061 7085)
4(7084 7085 7061 7060)
4(6995 6971 7062 7086)
4(7086 7062 7061 7085)
4(6996 6972 7063 7087)
4(7087 7063 7062 7086)
4(6997 6973 7064 7088)
4(7088 7064 7063 7087)
4(6998 6925 7016 7089)
4(7089 7016 7064 7088)
4(6999 6924 7015 7090)
4(7090 7015 7016 7089)
4(7000 6928 7019 7091)
4(7091 7019 7015 7090)
4(7001 6974 7065 7092)
4(7092 7065 7019 7091)
4(7002 6975 7066 7093)
4(7093 7066 7065 7092)
4(7003 6976 7067 7094)
4(7094 7067 7066 7093)
4(7004 6977 7068 7095)
4(7095 7068 7067 7094)
4(7005 6978 7069 7096)
4(7096 7069 7068 7095)
4(7006 6958 7049 7097)
4(7097 7049 7069 7096)
4(7071 7048 7049 7097)
4(7008 7007 7098 7099)
4(7010 7101 7098 7007)
4(7009 7100 7101 7010)
4(7008 7099 7100 7009)
4(7099 7098 7101 7100)
4(7011 7007 7098 7102)
4(7012 7011 7102 7103)
4(7012 7103 7099 7008)
4(7103 7102 7098 7099)
4(7010 7101 7104 7013)
4(7011 7013 7104 7102)
4(7102 7104 7101 7098)
4(7015 7014 7105 7106)
4(7017 7108 7105 7014)
4(7016 7107 7108 7017)
4(7015 7106 7107 7016)
4(7106 7105 7108 7107)
4(7018 7014 7105 7109)
4(7019 7018 7109 7110)
4(7019 7110 7106 7015)
4(7110 7109 7105 7106)
4(7017 7108 7111 7020)
4(7018 7020 7111 7109)
4(7109 7111 7108 7105)
4(7024 7115 7112 7021)
4(7023 7022 7113 7114)
4(7021 7112 7113 7022)
4(7023 7114 7115 7024)
4(7114 7113 7112 7115)
4(7026 7117 7112 7021)
4(7025 7116 7117 7026)
4(7024 7115 7116 7025)
4(7115 7112 7117 7116)
4(7027 7022 7113 7118)
4(7013 7104 7114 7023)
4(7027 7118 7104 7013)
4(7118 7113 7114 7104)
4(7028 7022 7113 7119)
4(7029 7120 7118 7027)
4(7028 7119 7120 7029)
4(7119 7113 7118 7120)
4(7030 7021 7112 7121)
4(7030 7121 7119 7028)
4(7121 7112 7113 7119)
4(7031 7026 7117 7122)
4(7031 7122 7121 7030)
4(7122 7117 7112 7121)
4(7032 7026 7117 7123)
4(7020 7111 7122 7031)
4(7032 7123 7111 7020)
4(7123 7117 7122 7111)
4(7033 7025 7116 7124)
4(7033 7124 7123 7032)
4(7124 7116 7117 7123)
4(7034 7025 7116 7125)
4(7035 7126 7124 7033)
4(7035 7034 7125 7126)
4(7126 7125 7116 7124)
4(7036 7024 7115 7127)
4(7036 7127 7125 7034)
4(7127 7115 7116 7125)
4(7037 7023 7114 7128)
4(7037 7128 7127 7036)
4(7128 7114 7115 7127)
4(7037 7010 7101 7128)
4(7128 7101 7104 7114)
4(7038 7027 7118 7129)
4(7038 7129 7102 7011)
4(7129 7118 7104 7102)
4(7039 7029 7120 7130)
4(7039 7130 7129 7038)
4(7130 7120 7118 7129)
4(7041 7029 7120 7132)
4(7040 7131 7130 7039)
4(7041 7132 7131 7040)
4(7132 7120 7130 7131)
4(7042 7028 7119 7133)
4(7042 7133 7132 7041)
4(7133 7119 7120 7132)
4(7043 7030 7121 7134)
4(7043 7134 7133 7042)
4(7134 7121 7119 7133)
4(7044 7031 7122 7135)
4(7044 7135 7134 7043)
4(7135 7122 7121 7134)
4(7044 7017 7108 7135)
4(7135 7108 7111 7122)
4(7045 7032 7123 7136)
4(7045 7136 7109 7018)
4(7136 7123 7111 7109)
4(7046 7033 7124 7137)
4(7046 7137 7136 7045)
4(7137 7124 7123 7136)
4(7047 7138 7137 7046)
4(7047 7035 7126 7138)
4(7138 7126 7124 7137)
4(7048 7034 7125 7139)
4(7049 7140 7126 7035)
4(7049 7048 7139 7140)
4(7140 7139 7125 7126)
4(7051 7034 7125 7142)
4(7048 7050 7141 7139)
4(7051 7142 7141 7050)
4(7139 7141 7142 7125)
4(7052 7036 7127 7143)
4(7052 7143 7142 7051)
4(7143 7127 7125 7142)
4(7053 7037 7128 7144)
4(7053 7144 7143 7052)
4(7144 7128 7127 7143)
4(7009 7100 7144 7053)
4(7100 7101 7128 7144)
4(7054 7038 7129 7145)
4(7054 7145 7103 7012)
4(7145 7129 7102 7103)
4(7055 7039 7130 7146)
4(7055 7146 7145 7054)
4(7146 7130 7129 7145)
4(7056 7040 7131 7147)
4(7056 7147 7146 7055)
4(7147 7131 7130 7146)
4(7058 7040 7131 7149)
4(7057 7148 7147 7056)
4(7058 7149 7148 7057)
4(7149 7131 7147 7148)
4(7059 7041 7132 7150)
4(7059 7150 7149 7058)
4(7150 7132 7131 7149)
4(7060 7042 7133 7151)
4(7060 7151 7150 7059)
4(7151 7133 7132 7150)
4(7062 7042 7133 7153)
4(7061 7152 7151 7060)
4(7062 7153 7152 7061)
4(7153 7133 7151 7152)
4(7063 7043 7134 7154)
4(7063 7154 7153 7062)
4(7154 7134 7133 7153)
4(7064 7044 7135 7155)
4(7064 7155 7154 7063)
4(7155 7135 7134 7154)
4(7016 7107 7155 7064)
4(7107 7108 7135 7155)
4(7065 7045 7136 7156)
4(7065 7156 7110 7019)
4(7156 7136 7109 7110)
4(7066 7046 7137 7157)
4(7066 7157 7156 7065)
4(7157 7137 7136 7156)
4(7067 7047 7138 7158)
4(7067 7158 7157 7066)
4(7158 7138 7137 7157)
4(7069 7047 7138 7160)
4(7068 7159 7158 7067)
4(7069 7160 7159 7068)
4(7160 7138 7158 7159)
4(7049 7140 7160 7069)
4(7140 7126 7138 7160)
4(7070 7050 7141 7161)
4(7071 7162 7139 7048)
4(7161 7141 7139 7162)
4(7072 7051 7142 7163)
4(7163 7142 7141 7161)
4(7073 7052 7143 7164)
4(7164 7143 7142 7163)
4(7074 7053 7144 7165)
4(7165 7144 7143 7164)
4(7075 7009 7100 7166)
4(7166 7100 7144 7165)
4(7076 7008 7099 7167)
4(7167 7099 7100 7166)
4(7077 7012 7103 7168)
4(7168 7103 7099 7167)
4(7078 7054 7145 7169)
4(7169 7145 7103 7168)
4(7079 7055 7146 7170)
4(7170 7146 7145 7169)
4(7080 7056 7147 7171)
4(7171 7147 7146 7170)
4(7081 7057 7148 7172)
4(7172 7148 7147 7171)
4(7082 7058 7149 7173)
4(7173 7149 7148 7172)
4(7083 7059 7150 7174)
4(7174 7150 7149 7173)
4(7084 7060 7151 7175)
4(7175 7151 7150 7174)
4(7085 7061 7152 7176)
4(7175 7176 7152 7151)
4(7086 7062 7153 7177)
4(7177 7153 7152 7176)
4(7087 7063 7154 7178)
4(7178 7154 7153 7177)
4(7088 7064 7155 7179)
4(7179 7155 7154 7178)
4(7089 7016 7107 7180)
4(7180 7107 7155 7179)
4(7090 7015 7106 7181)
4(7181 7106 7107 7180)
4(7091 7019 7110 7182)
4(7182 7110 7106 7181)
4(7092 7065 7156 7183)
4(7183 7156 7110 7182)
4(7093 7066 7157 7184)
4(7184 7157 7156 7183)
4(7094 7067 7158 7185)
4(7185 7158 7157 7184)
4(7095 7068 7159 7186)
4(7186 7159 7158 7185)
4(7096 7069 7160 7187)
4(7187 7160 7159 7186)
4(7097 7049 7140 7188)
4(7188 7140 7160 7187)
4(7162 7139 7140 7188)
4(7099 7098 7189 7190)
4(7101 7192 7189 7098)
4(7100 7191 7192 7101)
4(7099 7190 7191 7100)
4(7190 7189 7192 7191)
4(7102 7098 7189 7193)
4(7103 7102 7193 7194)
4(7103 7194 7190 7099)
4(7194 7193 7189 7190)
4(7101 7192 7195 7104)
4(7102 7104 7195 7193)
4(7193 7195 7192 7189)
4(7106 7105 7196 7197)
4(7108 7199 7196 7105)
4(7107 7198 7199 7108)
4(7106 7197 7198 7107)
4(7197 7196 7199 7198)
4(7109 7105 7196 7200)
4(7110 7109 7200 7201)
4(7110 7201 7197 7106)
4(7201 7200 7196 7197)
4(7108 7199 7202 7111)
4(7109 7111 7202 7200)
4(7200 7202 7199 7196)
4(7115 7206 7203 7112)
4(7114 7113 7204 7205)
4(7112 7203 7204 7113)
4(7114 7205 7206 7115)
4(7205 7204 7203 7206)
4(7117 7208 7203 7112)
4(7116 7207 7208 7117)
4(7115 7206 7207 7116)
4(7206 7203 7208 7207)
4(7118 7113 7204 7209)
4(7104 7195 7205 7114)
4(7118 7209 7195 7104)
4(7209 7204 7205 7195)
4(7119 7113 7204 7210)
4(7120 7211 7209 7118)
4(7119 7210 7211 7120)
4(7210 7204 7209 7211)
4(7121 7112 7203 7212)
4(7121 7212 7210 7119)
4(7212 7203 7204 7210)
4(7122 7117 7208 7213)
4(7122 7213 7212 7121)
4(7213 7208 7203 7212)
4(7123 7117 7208 7214)
4(7111 7202 7213 7122)
4(7123 7214 7202 7111)
4(7214 7208 7213 7202)
4(7124 7116 7207 7215)
4(7124 7215 7214 7123)
4(7215 7207 7208 7214)
4(7125 7116 7207 7216)
4(7126 7217 7215 7124)
4(7126 7125 7216 7217)
4(7217 7216 7207 7215)
4(7127 7115 7206 7218)
4(7127 7218 7216 7125)
4(7218 7206 7207 7216)
4(7128 7114 7205 7219)
4(7128 7219 7218 7127)
4(7219 7205 7206 7218)
4(7128 7101 7192 7219)
4(7219 7192 7195 7205)
4(7129 7118 7209 7220)
4(7129 7220 7193 7102)
4(7220 7209 7195 7193)
4(7130 7120 7211 7221)
4(7130 7221 7220 7129)
4(7221 7211 7209 7220)
4(7132 7120 7211 7223)
4(7131 7222 7221 7130)
4(7132 7223 7222 7131)
4(7223 7211 7221 7222)
4(7133 7119 7210 7224)
4(7133 7224 7223 7132)
4(7224 7210 7211 7223)
4(7134 7121 7212 7225)
4(7134 7225 7224 7133)
4(7225 7212 7210 7224)
4(7135 7122 7213 7226)
4(7135 7226 7225 7134)
4(7226 7213 7212 7225)
4(7135 7108 7199 7226)
4(7226 7199 7202 7213)
4(7136 7123 7214 7227)
4(7136 7227 7200 7109)
4(7227 7214 7202 7200)
4(7137 7124 7215 7228)
4(7137 7228 7227 7136)
4(7228 7215 7214 7227)
4(7138 7229 7228 7137)
4(7138 7126 7217 7229)
4(7229 7217 7215 7228)
4(7139 7125 7216 7230)
4(7140 7231 7217 7126)
4(7140 7139 7230 7231)
4(7231 7230 7216 7217)
4(7142 7125 7216 7233)
4(7139 7141 7232 7230)
4(7142 7233 7232 7141)
4(7230 7232 7233 7216)
4(7143 7127 7218 7234)
4(7143 7234 7233 7142)
4(7234 7218 7216 7233)
4(7144 7128 7219 7235)
4(7144 7235 7234 7143)
4(7235 7219 7218 7234)
4(7100 7191 7235 7144)
4(7191 7192 7219 7235)
4(7145 7129 7220 7236)
4(7145 7236 7194 7103)
4(7236 7220 7193 7194)
4(7146 7130 7221 7237)
4(7146 7237 7236 7145)
4(7237 7221 7220 7236)
4(7147 7131 7222 7238)
4(7147 7238 7237 7146)
4(7238 7222 7221 7237)
4(7149 7131 7222 7240)
4(7148 7239 7238 7147)
4(7149 7240 7239 7148)
4(7240 7222 7238 7239)
4(7150 7132 7223 7241)
4(7150 7241 7240 7149)
4(7241 7223 7222 7240)
4(7151 7133 7224 7242)
4(7151 7242 7241 7150)
4(7242 7224 7223 7241)
4(7153 7133 7224 7244)
4(7152 7243 7242 7151)
4(7153 7244 7243 7152)
4(7244 7224 7242 7243)
4(7154 7134 7225 7245)
4(7154 7245 7244 7153)
4(7245 7225 7224 7244)
4(7155 7135 7226 7246)
4(7155 7246 7245 7154)
4(7246 7226 7225 7245)
4(7107 7198 7246 7155)
4(7198 7199 7226 7246)
4(7156 7136 7227 7247)
4(7156 7247 7201 7110)
4(7247 7227 7200 7201)
4(7157 7137 7228 7248)
4(7157 7248 7247 7156)
4(7248 7228 7227 7247)
4(7158 7138 7229 7249)
4(7158 7249 7248 7157)
4(7249 7229 7228 7248)
4(7160 7138 7229 7251)
4(7159 7250 7249 7158)
4(7160 7251 7250 7159)
4(7251 7229 7249 7250)
4(7140 7231 7251 7160)
4(7231 7217 7229 7251)
4(7161 7141 7232 7252)
4(7162 7253 7230 7139)
4(7252 7232 7230 7253)
4(7163 7142 7233 7254)
4(7254 7233 7232 7252)
4(7164 7143 7234 7255)
4(7255 7234 7233 7254)
4(7165 7144 7235 7256)
4(7256 7235 7234 7255)
4(7166 7100 7191 7257)
4(7257 7191 7235 7256)
4(7167 7099 7190 7258)
4(7258 7190 7191 7257)
4(7168 7103 7194 7259)
4(7259 7194 7190 7258)
4(7169 7145 7236 7260)
4(7260 7236 7194 7259)
4(7170 7146 7237 7261)
4(7261 7237 7236 7260)
4(7171 7147 7238 7262)
4(7262 7238 7237 7261)
4(7172 7148 7239 7263)
4(7263 7239 7238 7262)
4(7173 7149 7240 7264)
4(7264 7240 7239 7263)
4(7174 7150 7241 7265)
4(7265 7241 7240 7264)
4(7175 7151 7242 7266)
4(7266 7242 7241 7265)
4(7176 7152 7243 7267)
4(7266 7267 7243 7242)
4(7177 7153 7244 7268)
4(7268 7244 7243 7267)
4(7178 7154 7245 7269)
4(7269 7245 7244 7268)
4(7179 7155 7246 7270)
4(7270 7246 7245 7269)
4(7180 7107 7198 7271)
4(7271 7198 7246 7270)
4(7181 7106 7197 7272)
4(7272 7197 7198 7271)
4(7182 7110 7201 7273)
4(7273 7201 7197 7272)
4(7183 7156 7247 7274)
4(7274 7247 7201 7273)
4(7184 7157 7248 7275)
4(7275 7248 7247 7274)
4(7185 7158 7249 7276)
4(7276 7249 7248 7275)
4(7186 7159 7250 7277)
4(7277 7250 7249 7276)
4(7187 7160 7251 7278)
4(7278 7251 7250 7277)
4(7188 7140 7231 7279)
4(7279 7231 7251 7278)
4(7253 7230 7231 7279)
4(7190 7189 7280 7281)
4(7192 7283 7280 7189)
4(7191 7282 7283 7192)
4(7190 7281 7282 7191)
4(7281 7280 7283 7282)
4(7193 7189 7280 7284)
4(7194 7193 7284 7285)
4(7194 7285 7281 7190)
4(7285 7284 7280 7281)
4(7192 7283 7286 7195)
4(7193 7195 7286 7284)
4(7284 7286 7283 7280)
4(7197 7196 7287 7288)
4(7199 7290 7287 7196)
4(7198 7289 7290 7199)
4(7197 7288 7289 7198)
4(7288 7287 7290 7289)
4(7200 7196 7287 7291)
4(7201 7200 7291 7292)
4(7201 7292 7288 7197)
4(7292 7291 7287 7288)
4(7199 7290 7293 7202)
4(7200 7202 7293 7291)
4(7291 7293 7290 7287)
4(7206 7297 7294 7203)
4(7205 7204 7295 7296)
4(7203 7294 7295 7204)
4(7205 7296 7297 7206)
4(7296 7295 7294 7297)
4(7208 7299 7294 7203)
4(7207 7298 7299 7208)
4(7206 7297 7298 7207)
4(7297 7294 7299 7298)
4(7209 7204 7295 7300)
4(7195 7286 7296 7205)
4(7209 7300 7286 7195)
4(7300 7295 7296 7286)
4(7210 7204 7295 7301)
4(7211 7302 7300 7209)
4(7210 7301 7302 7211)
4(7301 7295 7300 7302)
4(7212 7203 7294 7303)
4(7212 7303 7301 7210)
4(7303 7294 7295 7301)
4(7213 7208 7299 7304)
4(7213 7304 7303 7212)
4(7304 7299 7294 7303)
4(7214 7208 7299 7305)
4(7202 7293 7304 7213)
4(7214 7305 7293 7202)
4(7305 7299 7304 7293)
4(7215 7207 7298 7306)
4(7215 7306 7305 7214)
4(7306 7298 7299 7305)
4(7216 7207 7298 7307)
4(7217 7308 7306 7215)
4(7217 7216 7307 7308)
4(7308 7307 7298 7306)
4(7218 7206 7297 7309)
4(7218 7309 7307 7216)
4(7309 7297 7298 7307)
4(7219 7205 7296 7310)
4(7219 7310 7309 7218)
4(7310 7296 7297 7309)
4(7219 7192 7283 7310)
4(7310 7283 7286 7296)
4(7220 7209 7300 7311)
4(7220 7311 7284 7193)
4(7311 7300 7286 7284)
4(7221 7211 7302 7312)
4(7221 7312 7311 7220)
4(7312 7302 7300 7311)
4(7223 7211 7302 7314)
4(7222 7313 7312 7221)
4(7223 7314 7313 7222)
4(7314 7302 7312 7313)
4(7224 7210 7301 7315)
4(7224 7315 7314 7223)
4(7315 7301 7302 7314)
4(7225 7212 7303 7316)
4(7225 7316 7315 7224)
4(7316 7303 7301 7315)
4(7226 7213 7304 7317)
4(7226 7317 7316 7225)
4(7317 7304 7303 7316)
4(7226 7199 7290 7317)
4(7317 7290 7293 7304)
4(7227 7214 7305 7318)
4(7227 7318 7291 7200)
4(7318 7305 7293 7291)
4(7228 7215 7306 7319)
4(7228 7319 7318 7227)
4(7319 7306 7305 7318)
4(7229 7320 7319 7228)
4(7229 7217 7308 7320)
4(7320 7308 7306 7319)
4(7230 7216 7307 7321)
4(7231 7322 7308 7217)
4(7231 7230 7321 7322)
4(7322 7321 7307 7308)
4(7233 7216 7307 7324)
4(7230 7232 7323 7321)
4(7233 7324 7323 7232)
4(7321 7323 7324 7307)
4(7234 7218 7309 7325)
4(7234 7325 7324 7233)
4(7325 7309 7307 7324)
4(7235 7219 7310 7326)
4(7235 7326 7325 7234)
4(7326 7310 7309 7325)
4(7191 7282 7326 7235)
4(7282 7283 7310 7326)
4(7236 7220 7311 7327)
4(7236 7327 7285 7194)
4(7327 7311 7284 7285)
4(7237 7221 7312 7328)
4(7237 7328 7327 7236)
4(7328 7312 7311 7327)
4(7238 7222 7313 7329)
4(7238 7329 7328 7237)
4(7329 7313 7312 7328)
4(7240 7222 7313 7331)
4(7239 7330 7329 7238)
4(7240 7331 7330 7239)
4(7331 7313 7329 7330)
4(7241 7223 7314 7332)
4(7241 7332 7331 7240)
4(7332 7314 7313 7331)
4(7242 7224 7315 7333)
4(7242 7333 7332 7241)
4(7333 7315 7314 7332)
4(7244 7224 7315 7335)
4(7243 7334 7333 7242)
4(7244 7335 7334 7243)
4(7335 7315 7333 7334)
4(7245 7225 7316 7336)
4(7245 7336 7335 7244)
4(7336 7316 7315 7335)
4(7246 7226 7317 7337)
4(7246 7337 7336 7245)
4(7337 7317 7316 7336)
4(7198 7289 7337 7246)
4(7289 7290 7317 7337)
4(7247 7227 7318 7338)
4(7247 7338 7292 7201)
4(7338 7318 7291 7292)
4(7248 7228 7319 7339)
4(7248 7339 7338 7247)
4(7339 7319 7318 7338)
4(7249 7229 7320 7340)
4(7249 7340 7339 7248)
4(7340 7320 7319 7339)
4(7251 7229 7320 7342)
4(7250 7341 7340 7249)
4(7251 7342 7341 7250)
4(7342 7320 7340 7341)
4(7231 7322 7342 7251)
4(7322 7308 7320 7342)
4(7252 7232 7323 7343)
4(7253 7344 7321 7230)
4(7343 7323 7321 7344)
4(7254 7233 7324 7345)
4(7345 7324 7323 7343)
4(7255 7234 7325 7346)
4(7346 7325 7324 7345)
4(7256 7235 7326 7347)
4(7347 7326 7325 7346)
4(7257 7191 7282 7348)
4(7348 7282 7326 7347)
4(7258 7190 7281 7349)
4(7349 7281 7282 7348)
4(7259 7194 7285 7350)
4(7350 7285 7281 7349)
4(7260 7236 7327 7351)
4(7351 7327 7285 7350)
4(7261 7237 7328 7352)
4(7352 7328 7327 7351)
4(7262 7238 7329 7353)
4(7353 7329 7328 7352)
4(7263 7239 7330 7354)
4(7354 7330 7329 7353)
4(7264 7240 7331 7355)
4(7355 7331 7330 7354)
4(7265 7241 7332 7356)
4(7356 7332 7331 7355)
4(7266 7242 7333 7357)
4(7357 7333 7332 7356)
4(7267 7243 7334 7358)
4(7357 7358 7334 7333)
4(7268 7244 7335 7359)
4(7359 7335 7334 7358)
4(7269 7245 7336 7360)
4(7360 7336 7335 7359)
4(7270 7246 7337 7361)
4(7361 7337 7336 7360)
4(7271 7198 7289 7362)
4(7362 7289 7337 7361)
4(7272 7197 7288 7363)
4(7363 7288 7289 7362)
4(7273 7201 7292 7364)
4(7364 7292 7288 7363)
4(7274 7247 7338 7365)
4(7365 7338 7292 7364)
4(7275 7248 7339 7366)
4(7366 7339 7338 7365)
4(7276 7249 7340 7367)
4(7367 7340 7339 7366)
4(7277 7250 7341 7368)
4(7368 7341 7340 7367)
4(7278 7251 7342 7369)
4(7369 7342 7341 7368)
4(7279 7231 7322 7370)
4(7370 7322 7342 7369)
4(7344 7321 7322 7370)
4(7281 7280 7371 7372)
4(7283 7374 7371 7280)
4(7282 7373 7374 7283)
4(7281 7372 7373 7282)
4(7372 7371 7374 7373)
4(7284 7280 7371 7375)
4(7285 7284 7375 7376)
4(7285 7376 7372 7281)
4(7376 7375 7371 7372)
4(7283 7374 7377 7286)
4(7284 7286 7377 7375)
4(7375 7377 7374 7371)
4(7288 7287 7378 7379)
4(7290 7381 7378 7287)
4(7289 7380 7381 7290)
4(7288 7379 7380 7289)
4(7379 7378 7381 7380)
4(7291 7287 7378 7382)
4(7292 7291 7382 7383)
4(7292 7383 7379 7288)
4(7383 7382 7378 7379)
4(7290 7381 7384 7293)
4(7291 7293 7384 7382)
4(7382 7384 7381 7378)
4(7297 7388 7385 7294)
4(7296 7295 7386 7387)
4(7294 7385 7386 7295)
4(7296 7387 7388 7297)
4(7387 7386 7385 7388)
4(7299 7390 7385 7294)
4(7298 7389 7390 7299)
4(7297 7388 7389 7298)
4(7388 7385 7390 7389)
4(7300 7295 7386 7391)
4(7286 7377 7387 7296)
4(7300 7391 7377 7286)
4(7391 7386 7387 7377)
4(7301 7295 7386 7392)
4(7302 7393 7391 7300)
4(7301 7392 7393 7302)
4(7392 7386 7391 7393)
4(7303 7294 7385 7394)
4(7303 7394 7392 7301)
4(7394 7385 7386 7392)
4(7304 7299 7390 7395)
4(7304 7395 7394 7303)
4(7395 7390 7385 7394)
4(7305 7299 7390 7396)
4(7293 7384 7395 7304)
4(7305 7396 7384 7293)
4(7396 7390 7395 7384)
4(7306 7298 7389 7397)
4(7306 7397 7396 7305)
4(7397 7389 7390 7396)
4(7307 7298 7389 7398)
4(7308 7399 7397 7306)
4(7308 7307 7398 7399)
4(7399 7398 7389 7397)
4(7309 7297 7388 7400)
4(7309 7400 7398 7307)
4(7400 7388 7389 7398)
4(7310 7296 7387 7401)
4(7310 7401 7400 7309)
4(7401 7387 7388 7400)
4(7310 7283 7374 7401)
4(7401 7374 7377 7387)
4(7311 7300 7391 7402)
4(7311 7402 7375 7284)
4(7402 7391 7377 7375)
4(7312 7302 7393 7403)
4(7312 7403 7402 7311)
4(7403 7393 7391 7402)
4(7314 7302 7393 7405)
4(7313 7404 7403 7312)
4(7314 7405 7404 7313)
4(7405 7393 7403 7404)
4(7315 7301 7392 7406)
4(7315 7406 7405 7314)
4(7406 7392 7393 7405)
4(7316 7303 7394 7407)
4(7316 7407 7406 7315)
4(7407 7394 7392 7406)
4(7317 7304 7395 7408)
4(7317 7408 7407 7316)
4(7408 7395 7394 7407)
4(7317 7290 7381 7408)
4(7408 7381 7384 7395)
4(7318 7305 7396 7409)
4(7318 7409 7382 7291)
4(7409 7396 7384 7382)
4(7319 7306 7397 7410)
4(7319 7410 7409 7318)
4(7410 7397 7396 7409)
4(7320 7411 7410 7319)
4(7320 7308 7399 7411)
4(7411 7399 7397 7410)
4(7321 7307 7398 7412)
4(7322 7413 7399 7308)
4(7322 7321 7412 7413)
4(7413 7412 7398 7399)
4(7324 7307 7398 7415)
4(7321 7323 7414 7412)
4(7324 7415 7414 7323)
4(7412 7414 7415 7398)
4(7325 7309 7400 7416)
4(7325 7416 7415 7324)
4(7416 7400 7398 7415)
4(7326 7310 7401 7417)
4(7326 7417 7416 7325)
4(7417 7401 7400 7416)
4(7282 7373 7417 7326)
4(7373 7374 7401 7417)
4(7327 7311 7402 7418)
4(7327 7418 7376 7285)
4(7418 7402 7375 7376)
4(7328 7312 7403 7419)
4(7328 7419 7418 7327)
4(7419 7403 7402 7418)
4(7329 7313 7404 7420)
4(7329 7420 7419 7328)
4(7420 7404 7403 7419)
4(7331 7313 7404 7422)
4(7330 7421 7420 7329)
4(7331 7422 7421 7330)
4(7422 7404 7420 7421)
4(7332 7314 7405 7423)
4(7332 7423 7422 7331)
4(7423 7405 7404 7422)
4(7333 7315 7406 7424)
4(7333 7424 7423 7332)
4(7424 7406 7405 7423)
4(7335 7315 7406 7426)
4(7334 7425 7424 7333)
4(7335 7426 7425 7334)
4(7426 7406 7424 7425)
4(7336 7316 7407 7427)
4(7336 7427 7426 7335)
4(7427 7407 7406 7426)
4(7337 7317 7408 7428)
4(7337 7428 7427 7336)
4(7428 7408 7407 7427)
4(7289 7380 7428 7337)
4(7380 7381 7408 7428)
4(7338 7318 7409 7429)
4(7338 7429 7383 7292)
4(7429 7409 7382 7383)
4(7339 7319 7410 7430)
4(7339 7430 7429 7338)
4(7430 7410 7409 7429)
4(7340 7320 7411 7431)
4(7340 7431 7430 7339)
4(7431 7411 7410 7430)
4(7342 7320 7411 7433)
4(7341 7432 7431 7340)
4(7342 7433 7432 7341)
4(7433 7411 7431 7432)
4(7322 7413 7433 7342)
4(7413 7399 7411 7433)
4(7343 7323 7414 7434)
4(7344 7435 7412 7321)
4(7434 7414 7412 7435)
4(7345 7324 7415 7436)
4(7436 7415 7414 7434)
4(7346 7325 7416 7437)
4(7437 7416 7415 7436)
4(7347 7326 7417 7438)
4(7438 7417 7416 7437)
4(7348 7282 7373 7439)
4(7439 7373 7417 7438)
4(7349 7281 7372 7440)
4(7440 7372 7373 7439)
4(7350 7285 7376 7441)
4(7441 7376 7372 7440)
4(7351 7327 7418 7442)
4(7442 7418 7376 7441)
4(7352 7328 7419 7443)
4(7443 7419 7418 7442)
4(7353 7329 7420 7444)
4(7444 7420 7419 7443)
4(7354 7330 7421 7445)
4(7445 7421 7420 7444)
4(7355 7331 7422 7446)
4(7446 7422 7421 7445)
4(7356 7332 7423 7447)
4(7447 7423 7422 7446)
4(7357 7333 7424 7448)
4(7448 7424 7423 7447)
4(7358 7334 7425 7449)
4(7448 7449 7425 7424)
4(7359 7335 7426 7450)
4(7450 7426 7425 7449)
4(7360 7336 7427 7451)
4(7451 7427 7426 7450)
4(7361 7337 7428 7452)
4(7452 7428 7427 7451)
4(7362 7289 7380 7453)
4(7453 7380 7428 7452)
4(7363 7288 7379 7454)
4(7454 7379 7380 7453)
4(7364 7292 7383 7455)
4(7455 7383 7379 7454)
4(7365 7338 7429 7456)
4(7456 7429 7383 7455)
4(7366 7339 7430 7457)
4(7457 7430 7429 7456)
4(7367 7340 7431 7458)
4(7458 7431 7430 7457)
4(7368 7341 7432 7459)
4(7459 7432 7431 7458)
4(7369 7342 7433 7460)
4(7460 7433 7432 7459)
4(7370 7322 7413 7461)
4(7461 7413 7433 7460)
4(7435 7412 7413 7461)
4(7372 7371 7462 7463)
4(7374 7465 7462 7371)
4(7373 7464 7465 7374)
4(7372 7463 7464 7373)
4(7463 7462 7465 7464)
4(7375 7371 7462 7466)
4(7376 7375 7466 7467)
4(7376 7467 7463 7372)
4(7467 7466 7462 7463)
4(7374 7465 7468 7377)
4(7375 7377 7468 7466)
4(7466 7468 7465 7462)
4(7379 7378 7469 7470)
4(7381 7472 7469 7378)
4(7380 7471 7472 7381)
4(7379 7470 7471 7380)
4(7470 7469 7472 7471)
4(7382 7378 7469 7473)
4(7383 7382 7473 7474)
4(7383 7474 7470 7379)
4(7474 7473 7469 7470)
4(7381 7472 7475 7384)
4(7382 7384 7475 7473)
4(7473 7475 7472 7469)
4(7388 7479 7476 7385)
4(7387 7386 7477 7478)
4(7385 7476 7477 7386)
4(7387 7478 7479 7388)
4(7478 7477 7476 7479)
4(7390 7481 7476 7385)
4(7389 7480 7481 7390)
4(7388 7479 7480 7389)
4(7479 7476 7481 7480)
4(7391 7386 7477 7482)
4(7377 7468 7478 7387)
4(7391 7482 7468 7377)
4(7482 7477 7478 7468)
4(7392 7386 7477 7483)
4(7393 7484 7482 7391)
4(7392 7483 7484 7393)
4(7483 7477 7482 7484)
4(7394 7385 7476 7485)
4(7394 7485 7483 7392)
4(7485 7476 7477 7483)
4(7395 7390 7481 7486)
4(7395 7486 7485 7394)
4(7486 7481 7476 7485)
4(7396 7390 7481 7487)
4(7384 7475 7486 7395)
4(7396 7487 7475 7384)
4(7487 7481 7486 7475)
4(7397 7389 7480 7488)
4(7397 7488 7487 7396)
4(7488 7480 7481 7487)
4(7398 7389 7480 7489)
4(7399 7490 7488 7397)
4(7399 7398 7489 7490)
4(7490 7489 7480 7488)
4(7400 7388 7479 7491)
4(7400 7491 7489 7398)
4(7491 7479 7480 7489)
4(7401 7387 7478 7492)
4(7401 7492 7491 7400)
4(7492 7478 7479 7491)
4(7401 7374 7465 7492)
4(7492 7465 7468 7478)
4(7402 7391 7482 7493)
4(7402 7493 7466 7375)
4(7493 7482 7468 7466)
4(7403 7393 7484 7494)
4(7403 7494 7493 7402)
4(7494 7484 7482 7493)
4(7405 7393 7484 7496)
4(7404 7495 7494 7403)
4(7405 7496 7495 7404)
4(7496 7484 7494 7495)
4(7406 7392 7483 7497)
4(7406 7497 7496 7405)
4(7497 7483 7484 7496)
4(7407 7394 7485 7498)
4(7407 7498 7497 7406)
4(7498 7485 7483 7497)
4(7408 7395 7486 7499)
4(7408 7499 7498 7407)
4(7499 7486 7485 7498)
4(7408 7381 7472 7499)
4(7499 7472 7475 7486)
4(7409 7396 7487 7500)
4(7409 7500 7473 7382)
4(7500 7487 7475 7473)
4(7410 7397 7488 7501)
4(7410 7501 7500 7409)
4(7501 7488 7487 7500)
4(7411 7502 7501 7410)
4(7411 7399 7490 7502)
4(7502 7490 7488 7501)
4(7412 7398 7489 7503)
4(7413 7504 7490 7399)
4(7413 7412 7503 7504)
4(7504 7503 7489 7490)
4(7415 7398 7489 7506)
4(7412 7414 7505 7503)
4(7415 7506 7505 7414)
4(7503 7505 7506 7489)
4(7416 7400 7491 7507)
4(7416 7507 7506 7415)
4(7507 7491 7489 7506)
4(7417 7401 7492 7508)
4(7417 7508 7507 7416)
4(7508 7492 7491 7507)
4(7373 7464 7508 7417)
4(7464 7465 7492 7508)
4(7418 7402 7493 7509)
4(7418 7509 7467 7376)
4(7509 7493 7466 7467)
4(7419 7403 7494 7510)
4(7419 7510 7509 7418)
4(7510 7494 7493 7509)
4(7420 7404 7495 7511)
4(7420 7511 7510 7419)
4(7511 7495 7494 7510)
4(7422 7404 7495 7513)
4(7421 7512 7511 7420)
4(7422 7513 7512 7421)
4(7513 7495 7511 7512)
4(7423 7405 7496 7514)
4(7423 7514 7513 7422)
4(7514 7496 7495 7513)
4(7424 7406 7497 7515)
4(7424 7515 7514 7423)
4(7515 7497 7496 7514)
4(7426 7406 7497 7517)
4(7425 7516 7515 7424)
4(7426 7517 7516 7425)
4(7517 7497 7515 7516)
4(7427 7407 7498 7518)
4(7427 7518 7517 7426)
4(7518 7498 7497 7517)
4(7428 7408 7499 7519)
4(7428 7519 7518 7427)
4(7519 7499 7498 7518)
4(7380 7471 7519 7428)
4(7471 7472 7499 7519)
4(7429 7409 7500 7520)
4(7429 7520 7474 7383)
4(7520 7500 7473 7474)
4(7430 7410 7501 7521)
4(7430 7521 7520 7429)
4(7521 7501 7500 7520)
4(7431 7411 7502 7522)
4(7431 7522 7521 7430)
4(7522 7502 7501 7521)
4(7433 7411 7502 7524)
4(7432 7523 7522 7431)
4(7433 7524 7523 7432)
4(7524 7502 7522 7523)
4(7413 7504 7524 7433)
4(7504 7490 7502 7524)
4(7434 7414 7505 7525)
4(7435 7526 7503 7412)
4(7525 7505 7503 7526)
4(7436 7415 7506 7527)
4(7527 7506 7505 7525)
4(7437 7416 7507 7528)
4(7528 7507 7506 7527)
4(7438 7417 7508 7529)
4(7529 7508 7507 7528)
4(7439 7373 7464 7530)
4(7530 7464 7508 7529)
4(7440 7372 7463 7531)
4(7531 7463 7464 7530)
4(7441 7376 7467 7532)
4(7532 7467 7463 7531)
4(7442 7418 7509 7533)
4(7533 7509 7467 7532)
4(7443 7419 7510 7534)
4(7534 7510 7509 7533)
4(7444 7420 7511 7535)
4(7535 7511 7510 7534)
4(7445 7421 7512 7536)
4(7536 7512 7511 7535)
4(7446 7422 7513 7537)
4(7537 7513 7512 7536)
4(7447 7423 7514 7538)
4(7538 7514 7513 7537)
4(7448 7424 7515 7539)
4(7539 7515 7514 7538)
4(7449 7425 7516 7540)
4(7539 7540 7516 7515)
4(7450 7426 7517 7541)
4(7541 7517 7516 7540)
4(7451 7427 7518 7542)
4(7542 7518 7517 7541)
4(7452 7428 7519 7543)
4(7543 7519 7518 7542)
4(7453 7380 7471 7544)
4(7544 7471 7519 7543)
4(7454 7379 7470 7545)
4(7545 7470 7471 7544)
4(7455 7383 7474 7546)
4(7546 7474 7470 7545)
4(7456 7429 7520 7547)
4(7547 7520 7474 7546)
4(7457 7430 7521 7548)
4(7548 7521 7520 7547)
4(7458 7431 7522 7549)
4(7549 7522 7521 7548)
4(7459 7432 7523 7550)
4(7550 7523 7522 7549)
4(7460 7433 7524 7551)
4(7551 7524 7523 7550)
4(7461 7413 7504 7552)
4(7552 7504 7524 7551)
4(7526 7503 7504 7552)
4(7463 7462 7553 7554)
4(7465 7556 7553 7462)
4(7464 7555 7556 7465)
4(7463 7554 7555 7464)
4(7554 7553 7556 7555)
4(7466 7462 7553 7557)
4(7467 7466 7557 7558)
4(7467 7558 7554 7463)
4(7558 7557 7553 7554)
4(7465 7556 7559 7468)
4(7466 7468 7559 7557)
4(7557 7559 7556 7553)
4(7470 7469 7560 7561)
4(7472 7563 7560 7469)
4(7471 7562 7563 7472)
4(7470 7561 7562 7471)
4(7561 7560 7563 7562)
4(7473 7469 7560 7564)
4(7474 7473 7564 7565)
4(7474 7565 7561 7470)
4(7565 7564 7560 7561)
4(7472 7563 7566 7475)
4(7473 7475 7566 7564)
4(7564 7566 7563 7560)
4(7479 7570 7567 7476)
4(7478 7477 7568 7569)
4(7476 7567 7568 7477)
4(7478 7569 7570 7479)
4(7569 7568 7567 7570)
4(7481 7572 7567 7476)
4(7480 7571 7572 7481)
4(7479 7570 7571 7480)
4(7570 7567 7572 7571)
4(7482 7477 7568 7573)
4(7468 7559 7569 7478)
4(7482 7573 7559 7468)
4(7573 7568 7569 7559)
4(7483 7477 7568 7574)
4(7484 7575 7573 7482)
4(7483 7574 7575 7484)
4(7574 7568 7573 7575)
4(7485 7476 7567 7576)
4(7485 7576 7574 7483)
4(7576 7567 7568 7574)
4(7486 7481 7572 7577)
4(7486 7577 7576 7485)
4(7577 7572 7567 7576)
4(7487 7481 7572 7578)
4(7475 7566 7577 7486)
4(7487 7578 7566 7475)
4(7578 7572 7577 7566)
4(7488 7480 7571 7579)
4(7488 7579 7578 7487)
4(7579 7571 7572 7578)
4(7489 7480 7571 7580)
4(7490 7581 7579 7488)
4(7490 7489 7580 7581)
4(7581 7580 7571 7579)
4(7491 7479 7570 7582)
4(7491 7582 7580 7489)
4(7582 7570 7571 7580)
4(7492 7478 7569 7583)
4(7492 7583 7582 7491)
4(7583 7569 7570 7582)
4(7492 7465 7556 7583)
4(7583 7556 7559 7569)
4(7493 7482 7573 7584)
4(7493 7584 7557 7466)
4(7584 7573 7559 7557)
4(7494 7484 7575 7585)
4(7494 7585 7584 7493)
4(7585 7575 7573 7584)
4(7496 7484 7575 7587)
4(7495 7586 7585 7494)
4(7496 7587 7586 7495)
4(7587 7575 7585 7586)
4(7497 7483 7574 7588)
4(7497 7588 7587 7496)
4(7588 7574 7575 7587)
4(7498 7485 7576 7589)
4(7498 7589 7588 7497)
4(7589 7576 7574 7588)
4(7499 7486 7577 7590)
4(7499 7590 7589 7498)
4(7590 7577 7576 7589)
4(7499 7472 7563 7590)
4(7590 7563 7566 7577)
4(7500 7487 7578 7591)
4(7500 7591 7564 7473)
4(7591 7578 7566 7564)
4(7501 7488 7579 7592)
4(7501 7592 7591 7500)
4(7592 7579 7578 7591)
4(7502 7593 7592 7501)
4(7502 7490 7581 7593)
4(7593 7581 7579 7592)
4(7503 7489 7580 7594)
4(7504 7595 7581 7490)
4(7504 7503 7594 7595)
4(7595 7594 7580 7581)
4(7506 7489 7580 7597)
4(7503 7505 7596 7594)
4(7506 7597 7596 7505)
4(7594 7596 7597 7580)
4(7507 7491 7582 7598)
4(7507 7598 7597 7506)
4(7598 7582 7580 7597)
4(7508 7492 7583 7599)
4(7508 7599 7598 7507)
4(7599 7583 7582 7598)
4(7464 7555 7599 7508)
4(7555 7556 7583 7599)
4(7509 7493 7584 7600)
4(7509 7600 7558 7467)
4(7600 7584 7557 7558)
4(7510 7494 7585 7601)
4(7510 7601 7600 7509)
4(7601 7585 7584 7600)
4(7511 7495 7586 7602)
4(7511 7602 7601 7510)
4(7602 7586 7585 7601)
4(7513 7495 7586 7604)
4(7512 7603 7602 7511)
4(7513 7604 7603 7512)
4(7604 7586 7602 7603)
4(7514 7496 7587 7605)
4(7514 7605 7604 7513)
4(7605 7587 7586 7604)
4(7515 7497 7588 7606)
4(7515 7606 7605 7514)
4(7606 7588 7587 7605)
4(7517 7497 7588 7608)
4(7516 7607 7606 7515)
4(7517 7608 7607 7516)
4(7608 7588 7606 7607)
4(7518 7498 7589 7609)
4(7518 7609 7608 7517)
4(7609 7589 7588 7608)
4(7519 7499 7590 7610)
4(7519 7610 7609 7518)
4(7610 7590 7589 7609)
4(7471 7562 7610 7519)
4(7562 7563 7590 7610)
4(7520 7500 7591 7611)
4(7520 7611 7565 7474)
4(7611 7591 7564 7565)
4(7521 7501 7592 7612)
4(7521 7612 7611 7520)
4(7612 7592 7591 7611)
4(7522 7502 7593 7613)
4(7522 7613 7612 7521)
4(7613 7593 7592 7612)
4(7524 7502 7593 7615)
4(7523 7614 7613 7522)
4(7524 7615 7614 7523)
4(7615 7593 7613 7614)
4(7504 7595 7615 7524)
4(7595 7581 7593 7615)
4(7525 7505 7596 7616)
4(7526 7617 7594 7503)
4(7616 7596 7594 7617)
4(7527 7506 7597 7618)
4(7618 7597 7596 7616)
4(7528 7507 7598 7619)
4(7619 7598 7597 7618)
4(7529 7508 7599 7620)
4(7620 7599 7598 7619)
4(7530 7464 7555 7621)
4(7621 7555 7599 7620)
4(7531 7463 7554 7622)
4(7622 7554 7555 7621)
4(7532 7467 7558 7623)
4(7623 7558 7554 7622)
4(7533 7509 7600 7624)
4(7624 7600 7558 7623)
4(7534 7510 7601 7625)
4(7625 7601 7600 7624)
4(7535 7511 7602 7626)
4(7626 7602 7601 7625)
4(7536 7512 7603 7627)
4(7627 7603 7602 7626)
4(7537 7513 7604 7628)
4(7628 7604 7603 7627)
4(7538 7514 7605 7629)
4(7629 7605 7604 7628)
4(7539 7515 7606 7630)
4(7630 7606 7605 7629)
4(7540 7516 7607 7631)
4(7630 7631 7607 7606)
4(7541 7517 7608 7632)
4(7632 7608 7607 7631)
4(7542 7518 7609 7633)
4(7633 7609 7608 7632)
4(7543 7519 7610 7634)
4(7634 7610 7609 7633)
4(7544 7471 7562 7635)
4(7635 7562 7610 7634)
4(7545 7470 7561 7636)
4(7636 7561 7562 7635)
4(7546 7474 7565 7637)
4(7637 7565 7561 7636)
4(7547 7520 7611 7638)
4(7638 7611 7565 7637)
4(7548 7521 7612 7639)
4(7639 7612 7611 7638)
4(7549 7522 7613 7640)
4(7640 7613 7612 7639)
4(7550 7523 7614 7641)
4(7641 7614 7613 7640)
4(7551 7524 7615 7642)
4(7642 7615 7614 7641)
4(7552 7504 7595 7643)
4(7643 7595 7615 7642)
4(7617 7594 7595 7643)
4(7554 7553 7644 7645)
4(7556 7647 7644 7553)
4(7555 7646 7647 7556)
4(7554 7645 7646 7555)
4(7645 7644 7647 7646)
4(7557 7553 7644 7648)
4(7558 7557 7648 7649)
4(7558 7649 7645 7554)
4(7649 7648 7644 7645)
4(7556 7647 7650 7559)
4(7557 7559 7650 7648)
4(7648 7650 7647 7644)
4(7561 7560 7651 7652)
4(7563 7654 7651 7560)
4(7562 7653 7654 7563)
4(7561 7652 7653 7562)
4(7652 7651 7654 7653)
4(7564 7560 7651 7655)
4(7565 7564 7655 7656)
4(7565 7656 7652 7561)
4(7656 7655 7651 7652)
4(7563 7654 7657 7566)
4(7564 7566 7657 7655)
4(7655 7657 7654 7651)
4(7570 7661 7658 7567)
4(7569 7568 7659 7660)
4(7567 7658 7659 7568)
4(7569 7660 7661 7570)
4(7660 7659 7658 7661)
4(7572 7663 7658 7567)
4(7571 7662 7663 7572)
4(7570 7661 7662 7571)
4(7661 7658 7663 7662)
4(7573 7568 7659 7664)
4(7559 7650 7660 7569)
4(7573 7664 7650 7559)
4(7664 7659 7660 7650)
4(7574 7568 7659 7665)
4(7575 7666 7664 7573)
4(7574 7665 7666 7575)
4(7665 7659 7664 7666)
4(7576 7567 7658 7667)
4(7576 7667 7665 7574)
4(7667 7658 7659 7665)
4(7577 7572 7663 7668)
4(7577 7668 7667 7576)
4(7668 7663 7658 7667)
4(7578 7572 7663 7669)
4(7566 7657 7668 7577)
4(7578 7669 7657 7566)
4(7669 7663 7668 7657)
4(7579 7571 7662 7670)
4(7579 7670 7669 7578)
4(7670 7662 7663 7669)
4(7580 7571 7662 7671)
4(7581 7672 7670 7579)
4(7581 7580 7671 7672)
4(7672 7671 7662 7670)
4(7582 7570 7661 7673)
4(7582 7673 7671 7580)
4(7673 7661 7662 7671)
4(7583 7569 7660 7674)
4(7583 7674 7673 7582)
4(7674 7660 7661 7673)
4(7583 7556 7647 7674)
4(7674 7647 7650 7660)
4(7584 7573 7664 7675)
4(7584 7675 7648 7557)
4(7675 7664 7650 7648)
4(7585 7575 7666 7676)
4(7585 7676 7675 7584)
4(7676 7666 7664 7675)
4(7587 7575 7666 7678)
4(7586 7677 7676 7585)
4(7587 7678 7677 7586)
4(7678 7666 7676 7677)
4(7588 7574 7665 7679)
4(7588 7679 7678 7587)
4(7679 7665 7666 7678)
4(7589 7576 7667 7680)
4(7589 7680 7679 7588)
4(7680 7667 7665 7679)
4(7590 7577 7668 7681)
4(7590 7681 7680 7589)
4(7681 7668 7667 7680)
4(7590 7563 7654 7681)
4(7681 7654 7657 7668)
4(7591 7578 7669 7682)
4(7591 7682 7655 7564)
4(7682 7669 7657 7655)
4(7592 7579 7670 7683)
4(7592 7683 7682 7591)
4(7683 7670 7669 7682)
4(7593 7684 7683 7592)
4(7593 7581 7672 7684)
4(7684 7672 7670 7683)
4(7594 7580 7671 7685)
4(7595 7686 7672 7581)
4(7595 7594 7685 7686)
4(7686 7685 7671 7672)
4(7597 7580 7671 7688)
4(7594 7596 7687 7685)
4(7597 7688 7687 7596)
4(7685 7687 7688 7671)
4(7598 7582 7673 7689)
4(7598 7689 7688 7597)
4(7689 7673 7671 7688)
4(7599 7583 7674 7690)
4(7599 7690 7689 7598)
4(7690 7674 7673 7689)
4(7555 7646 7690 7599)
4(7646 7647 7674 7690)
4(7600 7584 7675 7691)
4(7600 7691 7649 7558)
4(7691 7675 7648 7649)
4(7601 7585 7676 7692)
4(7601 7692 7691 7600)
4(7692 7676 7675 7691)
4(7602 7586 7677 7693)
4(7602 7693 7692 7601)
4(7693 7677 7676 7692)
4(7604 7586 7677 7695)
4(7603 7694 7693 7602)
4(7604 7695 7694 7603)
4(7695 7677 7693 7694)
4(7605 7587 7678 7696)
4(7605 7696 7695 7604)
4(7696 7678 7677 7695)
4(7606 7588 7679 7697)
4(7606 7697 7696 7605)
4(7697 7679 7678 7696)
4(7608 7588 7679 7699)
4(7607 7698 7697 7606)
4(7608 7699 7698 7607)
4(7699 7679 7697 7698)
4(7609 7589 7680 7700)
4(7609 7700 7699 7608)
4(7700 7680 7679 7699)
4(7610 7590 7681 7701)
4(7610 7701 7700 7609)
4(7701 7681 7680 7700)
4(7562 7653 7701 7610)
4(7653 7654 7681 7701)
4(7611 7591 7682 7702)
4(7611 7702 7656 7565)
4(7702 7682 7655 7656)
4(7612 7592 7683 7703)
4(7612 7703 7702 7611)
4(7703 7683 7682 7702)
4(7613 7593 7684 7704)
4(7613 7704 7703 7612)
4(7704 7684 7683 7703)
4(7615 7593 7684 7706)
4(7614 7705 7704 7613)
4(7615 7706 7705 7614)
4(7706 7684 7704 7705)
4(7595 7686 7706 7615)
4(7686 7672 7684 7706)
4(7616 7596 7687 7707)
4(7617 7708 7685 7594)
4(7707 7687 7685 7708)
4(7618 7597 7688 7709)
4(7709 7688 7687 7707)
4(7619 7598 7689 7710)
4(7710 7689 7688 7709)
4(7620 7599 7690 7711)
4(7711 7690 7689 7710)
4(7621 7555 7646 7712)
4(7712 7646 7690 7711)
4(7622 7554 7645 7713)
4(7713 7645 7646 7712)
4(7623 7558 7649 7714)
4(7714 7649 7645 7713)
4(7624 7600 7691 7715)
4(7715 7691 7649 7714)
4(7625 7601 7692 7716)
4(7716 7692 7691 7715)
4(7626 7602 7693 7717)
4(7717 7693 7692 7716)
4(7627 7603 7694 7718)
4(7718 7694 7693 7717)
4(7628 7604 7695 7719)
4(7719 7695 7694 7718)
4(7629 7605 7696 7720)
4(7720 7696 7695 7719)
4(7630 7606 7697 7721)
4(7721 7697 7696 7720)
4(7631 7607 7698 7722)
4(7721 7722 7698 7697)
4(7632 7608 7699 7723)
4(7723 7699 7698 7722)
4(7633 7609 7700 7724)
4(7724 7700 7699 7723)
4(7634 7610 7701 7725)
4(7725 7701 7700 7724)
4(7635 7562 7653 7726)
4(7726 7653 7701 7725)
4(7636 7561 7652 7727)
4(7727 7652 7653 7726)
4(7637 7565 7656 7728)
4(7728 7656 7652 7727)
4(7638 7611 7702 7729)
4(7729 7702 7656 7728)
4(7639 7612 7703 7730)
4(7730 7703 7702 7729)
4(7640 7613 7704 7731)
4(7731 7704 7703 7730)
4(7641 7614 7705 7732)
4(7732 7705 7704 7731)
4(7642 7615 7706 7733)
4(7733 7706 7705 7732)
4(7643 7595 7686 7734)
4(7734 7686 7706 7733)
4(7708 7685 7686 7734)
4(7645 7644 7735 7736)
4(7647 7738 7735 7644)
4(7646 7737 7738 7647)
4(7645 7736 7737 7646)
4(7736 7735 7738 7737)
4(7648 7644 7735 7739)
4(7649 7648 7739 7740)
4(7649 7740 7736 7645)
4(7740 7739 7735 7736)
4(7647 7738 7741 7650)
4(7648 7650 7741 7739)
4(7739 7741 7738 7735)
4(7652 7651 7742 7743)
4(7654 7745 7742 7651)
4(7653 7744 7745 7654)
4(7652 7743 7744 7653)
4(7743 7742 7745 7744)
4(7655 7651 7742 7746)
4(7656 7655 7746 7747)
4(7656 7747 7743 7652)
4(7747 7746 7742 7743)
4(7654 7745 7748 7657)
4(7655 7657 7748 7746)
4(7746 7748 7745 7742)
4(7661 7752 7749 7658)
4(7660 7659 7750 7751)
4(7658 7749 7750 7659)
4(7660 7751 7752 7661)
4(7751 7750 7749 7752)
4(7663 7754 7749 7658)
4(7662 7753 7754 7663)
4(7661 7752 7753 7662)
4(7752 7749 7754 7753)
4(7664 7659 7750 7755)
4(7650 7741 7751 7660)
4(7664 7755 7741 7650)
4(7755 7750 7751 7741)
4(7665 7659 7750 7756)
4(7666 7757 7755 7664)
4(7665 7756 7757 7666)
4(7756 7750 7755 7757)
4(7667 7658 7749 7758)
4(7667 7758 7756 7665)
4(7758 7749 7750 7756)
4(7668 7663 7754 7759)
4(7668 7759 7758 7667)
4(7759 7754 7749 7758)
4(7669 7663 7754 7760)
4(7657 7748 7759 7668)
4(7669 7760 7748 7657)
4(7760 7754 7759 7748)
4(7670 7662 7753 7761)
4(7670 7761 7760 7669)
4(7761 7753 7754 7760)
4(7671 7662 7753 7762)
4(7672 7763 7761 7670)
4(7672 7671 7762 7763)
4(7763 7762 7753 7761)
4(7673 7661 7752 7764)
4(7673 7764 7762 7671)
4(7764 7752 7753 7762)
4(7674 7660 7751 7765)
4(7674 7765 7764 7673)
4(7765 7751 7752 7764)
4(7674 7647 7738 7765)
4(7765 7738 7741 7751)
4(7675 7664 7755 7766)
4(7675 7766 7739 7648)
4(7766 7755 7741 7739)
4(7676 7666 7757 7767)
4(7676 7767 7766 7675)
4(7767 7757 7755 7766)
4(7678 7666 7757 7769)
4(7677 7768 7767 7676)
4(7678 7769 7768 7677)
4(7769 7757 7767 7768)
4(7679 7665 7756 7770)
4(7679 7770 7769 7678)
4(7770 7756 7757 7769)
4(7680 7667 7758 7771)
4(7680 7771 7770 7679)
4(7771 7758 7756 7770)
4(7681 7668 7759 7772)
4(7681 7772 7771 7680)
4(7772 7759 7758 7771)
4(7681 7654 7745 7772)
4(7772 7745 7748 7759)
4(7682 7669 7760 7773)
4(7682 7773 7746 7655)
4(7773 7760 7748 7746)
4(7683 7670 7761 7774)
4(7683 7774 7773 7682)
4(7774 7761 7760 7773)
4(7684 7775 7774 7683)
4(7684 7672 7763 7775)
4(7775 7763 7761 7774)
4(7685 7671 7762 7776)
4(7686 7777 7763 7672)
4(7686 7685 7776 7777)
4(7777 7776 7762 7763)
4(7688 7671 7762 7779)
4(7685 7687 7778 7776)
4(7688 7779 7778 7687)
4(7776 7778 7779 7762)
4(7689 7673 7764 7780)
4(7689 7780 7779 7688)
4(7780 7764 7762 7779)
4(7690 7674 7765 7781)
4(7690 7781 7780 7689)
4(7781 7765 7764 7780)
4(7646 7737 7781 7690)
4(7737 7738 7765 7781)
4(7691 7675 7766 7782)
4(7691 7782 7740 7649)
4(7782 7766 7739 7740)
4(7692 7676 7767 7783)
4(7692 7783 7782 7691)
4(7783 7767 7766 7782)
4(7693 7677 7768 7784)
4(7693 7784 7783 7692)
4(7784 7768 7767 7783)
4(7695 7677 7768 7786)
4(7694 7785 7784 7693)
4(7695 7786 7785 7694)
4(7786 7768 7784 7785)
4(7696 7678 7769 7787)
4(7696 7787 7786 7695)
4(7787 7769 7768 7786)
4(7697 7679 7770 7788)
4(7697 7788 7787 7696)
4(7788 7770 7769 7787)
4(7699 7679 7770 7790)
4(7698 7789 7788 7697)
4(7699 7790 7789 7698)
4(7790 7770 7788 7789)
4(7700 7680 7771 7791)
4(7700 7791 7790 7699)
4(7791 7771 7770 7790)
4(7701 7681 7772 7792)
4(7701 7792 7791 7700)
4(7792 7772 7771 7791)
4(7653 7744 7792 7701)
4(7744 7745 7772 7792)
4(7702 7682 7773 7793)
4(7702 7793 7747 7656)
4(7793 7773 7746 7747)
4(7703 7683 7774 7794)
4(7703 7794 7793 7702)
4(7794 7774 7773 7793)
4(7704 7684 7775 7795)
4(7704 7795 7794 7703)
4(7795 7775 7774 7794)
4(7706 7684 7775 7797)
4(7705 7796 7795 7704)
4(7706 7797 7796 7705)
4(7797 7775 7795 7796)
4(7686 7777 7797 7706)
4(7777 7763 7775 7797)
4(7707 7687 7778 7798)
4(7708 7799 7776 7685)
4(7798 7778 7776 7799)
4(7709 7688 7779 7800)
4(7800 7779 7778 7798)
4(7710 7689 7780 7801)
4(7801 7780 7779 7800)
4(7711 7690 7781 7802)
4(7802 7781 7780 7801)
4(7712 7646 7737 7803)
4(7803 7737 7781 7802)
4(7713 7645 7736 7804)
4(7804 7736 7737 7803)
4(7714 7649 7740 7805)
4(7805 7740 7736 7804)
4(7715 7691 7782 7806)
4(7806 7782 7740 7805)
4(7716 7692 7783 7807)
4(7807 7783 7782 7806)
4(7717 7693 7784 7808)
4(7808 7784 7783 7807)
4(7718 7694 7785 7809)
4(7809 7785 7784 7808)
4(7719 7695 7786 7810)
4(7810 7786 7785 7809)
4(7720 7696 7787 7811)
4(7811 7787 7786 7810)
4(7721 7697 7788 7812)
4(7812 7788 7787 7811)
4(7722 7698 7789 7813)
4(7812 7813 7789 7788)
4(7723 7699 7790 7814)
4(7814 7790 7789 7813)
4(7724 7700 7791 7815)
4(7815 7791 7790 7814)
4(7725 7701 7792 7816)
4(7816 7792 7791 7815)
4(7726 7653 7744 7817)
4(7817 7744 7792 7816)
4(7727 7652 7743 7818)
4(7818 7743 7744 7817)
4(7728 7656 7747 7819)
4(7819 7747 7743 7818)
4(7729 7702 7793 7820)
4(7820 7793 7747 7819)
4(7730 7703 7794 7821)
4(7821 7794 7793 7820)
4(7731 7704 7795 7822)
4(7822 7795 7794 7821)
4(7732 7705 7796 7823)
4(7823 7796 7795 7822)
4(7733 7706 7797 7824)
4(7824 7797 7796 7823)
4(7734 7686 7777 7825)
4(7825 7777 7797 7824)
4(7799 7776 7777 7825)
4(7736 7735 7826 7827)
4(7738 7829 7826 7735)
4(7737 7828 7829 7738)
4(7736 7827 7828 7737)
4(7827 7826 7829 7828)
4(7739 7735 7826 7830)
4(7740 7739 7830 7831)
4(7740 7831 7827 7736)
4(7831 7830 7826 7827)
4(7738 7829 7832 7741)
4(7739 7741 7832 7830)
4(7830 7832 7829 7826)
4(7743 7742 7833 7834)
4(7745 7836 7833 7742)
4(7744 7835 7836 7745)
4(7743 7834 7835 7744)
4(7834 7833 7836 7835)
4(7746 7742 7833 7837)
4(7747 7746 7837 7838)
4(7747 7838 7834 7743)
4(7838 7837 7833 7834)
4(7745 7836 7839 7748)
4(7746 7748 7839 7837)
4(7837 7839 7836 7833)
4(7752 7843 7840 7749)
4(7751 7750 7841 7842)
4(7749 7840 7841 7750)
4(7751 7842 7843 7752)
4(7842 7841 7840 7843)
4(7754 7845 7840 7749)
4(7753 7844 7845 7754)
4(7752 7843 7844 7753)
4(7843 7840 7845 7844)
4(7755 7750 7841 7846)
4(7741 7832 7842 7751)
4(7755 7846 7832 7741)
4(7846 7841 7842 7832)
4(7756 7750 7841 7847)
4(7757 7848 7846 7755)
4(7756 7847 7848 7757)
4(7847 7841 7846 7848)
4(7758 7749 7840 7849)
4(7758 7849 7847 7756)
4(7849 7840 7841 7847)
4(7759 7754 7845 7850)
4(7759 7850 7849 7758)
4(7850 7845 7840 7849)
4(7760 7754 7845 7851)
4(7748 7839 7850 7759)
4(7760 7851 7839 7748)
4(7851 7845 7850 7839)
4(7761 7753 7844 7852)
4(7761 7852 7851 7760)
4(7852 7844 7845 7851)
4(7762 7753 7844 7853)
4(7763 7854 7852 7761)
4(7763 7762 7853 7854)
4(7854 7853 7844 7852)
4(7764 7752 7843 7855)
4(7764 7855 7853 7762)
4(7855 7843 7844 7853)
4(7765 7751 7842 7856)
4(7765 7856 7855 7764)
4(7856 7842 7843 7855)
4(7765 7738 7829 7856)
4(7856 7829 7832 7842)
4(7766 7755 7846 7857)
4(7766 7857 7830 7739)
4(7857 7846 7832 7830)
4(7767 7757 7848 7858)
4(7767 7858 7857 7766)
4(7858 7848 7846 7857)
4(7769 7757 7848 7860)
4(7768 7859 7858 7767)
4(7769 7860 7859 7768)
4(7860 7848 7858 7859)
4(7770 7756 7847 7861)
4(7770 7861 7860 7769)
4(7861 7847 7848 7860)
4(7771 7758 7849 7862)
4(7771 7862 7861 7770)
4(7862 7849 7847 7861)
4(7772 7759 7850 7863)
4(7772 7863 7862 7771)
4(7863 7850 7849 7862)
4(7772 7745 7836 7863)
4(7863 7836 7839 7850)
4(7773 7760 7851 7864)
4(7773 7864 7837 7746)
4(7864 7851 7839 7837)
4(7774 7761 7852 7865)
4(7774 7865 7864 7773)
4(7865 7852 7851 7864)
4(7775 7866 7865 7774)
4(7775 7763 7854 7866)
4(7866 7854 7852 7865)
4(7776 7762 7853 7867)
4(7777 7868 7854 7763)
4(7777 7776 7867 7868)
4(7868 7867 7853 7854)
4(7779 7762 7853 7870)
4(7776 7778 7869 7867)
4(7779 7870 7869 7778)
4(7867 7869 7870 7853)
4(7780 7764 7855 7871)
4(7780 7871 7870 7779)
4(7871 7855 7853 7870)
4(7781 7765 7856 7872)
4(7781 7872 7871 7780)
4(7872 7856 7855 7871)
4(7737 7828 7872 7781)
4(7828 7829 7856 7872)
4(7782 7766 7857 7873)
4(7782 7873 7831 7740)
4(7873 7857 7830 7831)
4(7783 7767 7858 7874)
4(7783 7874 7873 7782)
4(7874 7858 7857 7873)
4(7784 7768 7859 7875)
4(7784 7875 7874 7783)
4(7875 7859 7858 7874)
4(7786 7768 7859 7877)
4(7785 7876 7875 7784)
4(7786 7877 7876 7785)
4(7877 7859 7875 7876)
4(7787 7769 7860 7878)
4(7787 7878 7877 7786)
4(7878 7860 7859 7877)
4(7788 7770 7861 7879)
4(7788 7879 7878 7787)
4(7879 7861 7860 7878)
4(7790 7770 7861 7881)
4(7789 7880 7879 7788)
4(7790 7881 7880 7789)
4(7881 7861 7879 7880)
4(7791 7771 7862 7882)
4(7791 7882 7881 7790)
4(7882 7862 7861 7881)
4(7792 7772 7863 7883)
4(7792 7883 7882 7791)
4(7883 7863 7862 7882)
4(7744 7835 7883 7792)
4(7835 7836 7863 7883)
4(7793 7773 7864 7884)
4(7793 7884 7838 7747)
4(7884 7864 7837 7838)
4(7794 7774 7865 7885)
4(7794 7885 7884 7793)
4(7885 7865 7864 7884)
4(7795 7775 7866 7886)
4(7795 7886 7885 7794)
4(7886 7866 7865 7885)
4(7797 7775 7866 7888)
4(7796 7887 7886 7795)
4(7797 7888 7887 7796)
4(7888 7866 7886 7887)
4(7777 7868 7888 7797)
4(7868 7854 7866 7888)
4(7798 7778 7869 7889)
4(7799 7890 7867 7776)
4(7889 7869 7867 7890)
4(7800 7779 7870 7891)
4(7891 7870 7869 7889)
4(7801 7780 7871 7892)
4(7892 7871 7870 7891)
4(7802 7781 7872 7893)
4(7893 7872 7871 7892)
4(7803 7737 7828 7894)
4(7894 7828 7872 7893)
4(7804 7736 7827 7895)
4(7895 7827 7828 7894)
4(7805 7740 7831 7896)
4(7896 7831 7827 7895)
4(7806 7782 7873 7897)
4(7897 7873 7831 7896)
4(7807 7783 7874 7898)
4(7898 7874 7873 7897)
4(7808 7784 7875 7899)
4(7899 7875 7874 7898)
4(7809 7785 7876 7900)
4(7900 7876 7875 7899)
4(7810 7786 7877 7901)
4(7901 7877 7876 7900)
4(7811 7787 7878 7902)
4(7902 7878 7877 7901)
4(7812 7788 7879 7903)
4(7903 7879 7878 7902)
4(7813 7789 7880 7904)
4(7903 7904 7880 7879)
4(7814 7790 7881 7905)
4(7905 7881 7880 7904)
4(7815 7791 7882 7906)
4(7906 7882 7881 7905)
4(7816 7792 7883 7907)
4(7907 7883 7882 7906)
4(7817 7744 7835 7908)
4(7908 7835 7883 7907)
4(7818 7743 7834 7909)
4(7909 7834 7835 7908)
4(7819 7747 7838 7910)
4(7910 7838 7834 7909)
4(7820 7793 7884 7911)
4(7911 7884 7838 7910)
4(7821 7794 7885 7912)
4(7912 7885 7884 7911)
4(7822 7795 7886 7913)
4(7913 7886 7885 7912)
4(7823 7796 7887 7914)
4(7914 7887 7886 7913)
4(7824 7797 7888 7915)
4(7915 7888 7887 7914)
4(7825 7777 7868 7916)
4(7916 7868 7888 7915)
4(7890 7867 7868 7916)
4(7827 7826 7917 7918)
4(7829 7920 7917 7826)
4(7828 7919 7920 7829)
4(7827 7918 7919 7828)
4(7918 7917 7920 7919)
4(7830 7826 7917 7921)
4(7831 7830 7921 7922)
4(7831 7922 7918 7827)
4(7922 7921 7917 7918)
4(7829 7920 7923 7832)
4(7830 7832 7923 7921)
4(7921 7923 7920 7917)
4(7834 7833 7924 7925)
4(7836 7927 7924 7833)
4(7835 7926 7927 7836)
4(7834 7925 7926 7835)
4(7925 7924 7927 7926)
4(7837 7833 7924 7928)
4(7838 7837 7928 7929)
4(7838 7929 7925 7834)
4(7929 7928 7924 7925)
4(7836 7927 7930 7839)
4(7837 7839 7930 7928)
4(7928 7930 7927 7924)
4(7843 7934 7931 7840)
4(7842 7841 7932 7933)
4(7840 7931 7932 7841)
4(7842 7933 7934 7843)
4(7933 7932 7931 7934)
4(7845 7936 7931 7840)
4(7844 7935 7936 7845)
4(7843 7934 7935 7844)
4(7934 7931 7936 7935)
4(7846 7841 7932 7937)
4(7832 7923 7933 7842)
4(7846 7937 7923 7832)
4(7937 7932 7933 7923)
4(7847 7841 7932 7938)
4(7848 7939 7937 7846)
4(7847 7938 7939 7848)
4(7938 7932 7937 7939)
4(7849 7840 7931 7940)
4(7849 7940 7938 7847)
4(7940 7931 7932 7938)
4(7850 7845 7936 7941)
4(7850 7941 7940 7849)
4(7941 7936 7931 7940)
4(7851 7845 7936 7942)
4(7839 7930 7941 7850)
4(7851 7942 7930 7839)
4(7942 7936 7941 7930)
4(7852 7844 7935 7943)
4(7852 7943 7942 7851)
4(7943 7935 7936 7942)
4(7853 7844 7935 7944)
4(7854 7945 7943 7852)
4(7854 7853 7944 7945)
4(7945 7944 7935 7943)
4(7855 7843 7934 7946)
4(7855 7946 7944 7853)
4(7946 7934 7935 7944)
4(7856 7842 7933 7947)
4(7856 7947 7946 7855)
4(7947 7933 7934 7946)
4(7856 7829 7920 7947)
4(7947 7920 7923 7933)
4(7857 7846 7937 7948)
4(7857 7948 7921 7830)
4(7948 7937 7923 7921)
4(7858 7848 7939 7949)
4(7858 7949 7948 7857)
4(7949 7939 7937 7948)
4(7860 7848 7939 7951)
4(7859 7950 7949 7858)
4(7860 7951 7950 7859)
4(7951 7939 7949 7950)
4(7861 7847 7938 7952)
4(7861 7952 7951 7860)
4(7952 7938 7939 7951)
4(7862 7849 7940 7953)
4(7862 7953 7952 7861)
4(7953 7940 7938 7952)
4(7863 7850 7941 7954)
4(7863 7954 7953 7862)
4(7954 7941 7940 7953)
4(7863 7836 7927 7954)
4(7954 7927 7930 7941)
4(7864 7851 7942 7955)
4(7864 7955 7928 7837)
4(7955 7942 7930 7928)
4(7865 7852 7943 7956)
4(7865 7956 7955 7864)
4(7956 7943 7942 7955)
4(7866 7957 7956 7865)
4(7866 7854 7945 7957)
4(7957 7945 7943 7956)
4(7867 7853 7944 7958)
4(7868 7959 7945 7854)
4(7868 7867 7958 7959)
4(7959 7958 7944 7945)
4(7870 7853 7944 7961)
4(7867 7869 7960 7958)
4(7870 7961 7960 7869)
4(7958 7960 7961 7944)
4(7871 7855 7946 7962)
4(7871 7962 7961 7870)
4(7962 7946 7944 7961)
4(7872 7856 7947 7963)
4(7872 7963 7962 7871)
4(7963 7947 7946 7962)
4(7828 7919 7963 7872)
4(7919 7920 7947 7963)
4(7873 7857 7948 7964)
4(7873 7964 7922 7831)
4(7964 7948 7921 7922)
4(7874 7858 7949 7965)
4(7874 7965 7964 7873)
4(7965 7949 7948 7964)
4(7875 7859 7950 7966)
4(7875 7966 7965 7874)
4(7966 7950 7949 7965)
4(7877 7859 7950 7968)
4(7876 7967 7966 7875)
4(7877 7968 7967 7876)
4(7968 7950 7966 7967)
4(7878 7860 7951 7969)
4(7878 7969 7968 7877)
4(7969 7951 7950 7968)
4(7879 7861 7952 7970)
4(7879 7970 7969 7878)
4(7970 7952 7951 7969)
4(7881 7861 7952 7972)
4(7880 7971 7970 7879)
4(7881 7972 7971 7880)
4(7972 7952 7970 7971)
4(7882 7862 7953 7973)
4(7882 7973 7972 7881)
4(7973 7953 7952 7972)
4(7883 7863 7954 7974)
4(7883 7974 7973 7882)
4(7974 7954 7953 7973)
4(7835 7926 7974 7883)
4(7926 7927 7954 7974)
4(7884 7864 7955 7975)
4(7884 7975 7929 7838)
4(7975 7955 7928 7929)
4(7885 7865 7956 7976)
4(7885 7976 7975 7884)
4(7976 7956 7955 7975)
4(7886 7866 7957 7977)
4(7886 7977 7976 7885)
4(7977 7957 7956 7976)
4(7888 7866 7957 7979)
4(7887 7978 7977 7886)
4(7888 7979 7978 7887)
4(7979 7957 7977 7978)
4(7868 7959 7979 7888)
4(7959 7945 7957 7979)
4(7889 7869 7960 7980)
4(7890 7981 7958 7867)
4(7980 7960 7958 7981)
4(7891 7870 7961 7982)
4(7982 7961 7960 7980)
4(7892 7871 7962 7983)
4(7983 7962 7961 7982)
4(7893 7872 7963 7984)
4(7984 7963 7962 7983)
4(7894 7828 7919 7985)
4(7985 7919 7963 7984)
4(7895 7827 7918 7986)
4(7986 7918 7919 7985)
4(7896 7831 7922 7987)
4(7987 7922 7918 7986)
4(7897 7873 7964 7988)
4(7988 7964 7922 7987)
4(7898 7874 7965 7989)
4(7989 7965 7964 7988)
4(7899 7875 7966 7990)
4(7990 7966 7965 7989)
4(7900 7876 7967 7991)
4(7991 7967 7966 7990)
4(7901 7877 7968 7992)
4(7992 7968 7967 7991)
4(7902 7878 7969 7993)
4(7993 7969 7968 7992)
4(7903 7879 7970 7994)
4(7994 7970 7969 7993)
4(7904 7880 7971 7995)
4(7994 7995 7971 7970)
4(7905 7881 7972 7996)
4(7996 7972 7971 7995)
4(7906 7882 7973 7997)
4(7997 7973 7972 7996)
4(7907 7883 7974 7998)
4(7998 7974 7973 7997)
4(7908 7835 7926 7999)
4(7999 7926 7974 7998)
4(7909 7834 7925 8000)
4(8000 7925 7926 7999)
4(7910 7838 7929 8001)
4(8001 7929 7925 8000)
4(7911 7884 7975 8002)
4(8002 7975 7929 8001)
4(7912 7885 7976 8003)
4(8003 7976 7975 8002)
4(7913 7886 7977 8004)
4(8004 7977 7976 8003)
4(7914 7887 7978 8005)
4(8005 7978 7977 8004)
4(7915 7888 7979 8006)
4(8006 7979 7978 8005)
4(7916 7868 7959 8007)
4(8007 7959 7979 8006)
4(7981 7958 7959 8007)
4(7918 7917 8008 8009)
4(7920 8011 8008 7917)
4(7919 8010 8011 7920)
4(7918 8009 8010 7919)
4(8009 8008 8011 8010)
4(7921 7917 8008 8012)
4(7922 7921 8012 8013)
4(7922 8013 8009 7918)
4(8013 8012 8008 8009)
4(7920 8011 8014 7923)
4(7921 7923 8014 8012)
4(8012 8014 8011 8008)
4(7925 7924 8015 8016)
4(7927 8018 8015 7924)
4(7926 8017 8018 7927)
4(7925 8016 8017 7926)
4(8016 8015 8018 8017)
4(7928 7924 8015 8019)
4(7929 7928 8019 8020)
4(7929 8020 8016 7925)
4(8020 8019 8015 8016)
4(7927 8018 8021 7930)
4(7928 7930 8021 8019)
4(8019 8021 8018 8015)
4(7934 8025 8022 7931)
4(7933 7932 8023 8024)
4(7931 8022 8023 7932)
4(7933 8024 8025 7934)
4(8024 8023 8022 8025)
4(7936 8027 8022 7931)
4(7935 8026 8027 7936)
4(7934 8025 8026 7935)
4(8025 8022 8027 8026)
4(7937 7932 8023 8028)
4(7923 8014 8024 7933)
4(7937 8028 8014 7923)
4(8028 8023 8024 8014)
4(7938 7932 8023 8029)
4(7939 8030 8028 7937)
4(7938 8029 8030 7939)
4(8029 8023 8028 8030)
4(7940 7931 8022 8031)
4(7940 8031 8029 7938)
4(8031 8022 8023 8029)
4(7941 7936 8027 8032)
4(7941 8032 8031 7940)
4(8032 8027 8022 8031)
4(7942 7936 8027 8033)
4(7930 8021 8032 7941)
4(7942 8033 8021 7930)
4(8033 8027 8032 8021)
4(7943 7935 8026 8034)
4(7943 8034 8033 7942)
4(8034 8026 8027 8033)
4(7944 7935 8026 8035)
4(7945 8036 8034 7943)
4(7945 7944 8035 8036)
4(8036 8035 8026 8034)
4(7946 7934 8025 8037)
4(7946 8037 8035 7944)
4(8037 8025 8026 8035)
4(7947 7933 8024 8038)
4(7947 8038 8037 7946)
4(8038 8024 8025 8037)
4(7947 7920 8011 8038)
4(8038 8011 8014 8024)
4(7948 7937 8028 8039)
4(7948 8039 8012 7921)
4(8039 8028 8014 8012)
4(7949 7939 8030 8040)
4(7949 8040 8039 7948)
4(8040 8030 8028 8039)
4(7951 7939 8030 8042)
4(7950 8041 8040 7949)
4(7951 8042 8041 7950)
4(8042 8030 8040 8041)
4(7952 7938 8029 8043)
4(7952 8043 8042 7951)
4(8043 8029 8030 8042)
4(7953 7940 8031 8044)
4(7953 8044 8043 7952)
4(8044 8031 8029 8043)
4(7954 7941 8032 8045)
4(7954 8045 8044 7953)
4(8045 8032 8031 8044)
4(7954 7927 8018 8045)
4(8045 8018 8021 8032)
4(7955 7942 8033 8046)
4(7955 8046 8019 7928)
4(8046 8033 8021 8019)
4(7956 7943 8034 8047)
4(7956 8047 8046 7955)
4(8047 8034 8033 8046)
4(7957 8048 8047 7956)
4(7957 7945 8036 8048)
4(8048 8036 8034 8047)
4(7958 7944 8035 8049)
4(7959 8050 8036 7945)
4(7959 7958 8049 8050)
4(8050 8049 8035 8036)
4(7961 7944 8035 8052)
4(7958 7960 8051 8049)
4(7961 8052 8051 7960)
4(8049 8051 8052 8035)
4(7962 7946 8037 8053)
4(7962 8053 8052 7961)
4(8053 8037 8035 8052)
4(7963 7947 8038 8054)
4(7963 8054 8053 7962)
4(8054 8038 8037 8053)
4(7919 8010 8054 7963)
4(8010 8011 8038 8054)
4(7964 7948 8039 8055)
4(7964 8055 8013 7922)
4(8055 8039 8012 8013)
4(7965 7949 8040 8056)
4(7965 8056 8055 7964)
4(8056 8040 8039 8055)
4(7966 7950 8041 8057)
4(7966 8057 8056 7965)
4(8057 8041 8040 8056)
4(7968 7950 8041 8059)
4(7967 8058 8057 7966)
4(7968 8059 8058 7967)
4(8059 8041 8057 8058)
4(7969 7951 8042 8060)
4(7969 8060 8059 7968)
4(8060 8042 8041 8059)
4(7970 7952 8043 8061)
4(7970 8061 8060 7969)
4(8061 8043 8042 8060)
4(7972 7952 8043 8063)
4(7971 8062 8061 7970)
4(7972 8063 8062 7971)
4(8063 8043 8061 8062)
4(7973 7953 8044 8064)
4(7973 8064 8063 7972)
4(8064 8044 8043 8063)
4(7974 7954 8045 8065)
4(7974 8065 8064 7973)
4(8065 8045 8044 8064)
4(7926 8017 8065 7974)
4(8017 8018 8045 8065)
4(7975 7955 8046 8066)
4(7975 8066 8020 7929)
4(8066 8046 8019 8020)
4(7976 7956 8047 8067)
4(7976 8067 8066 7975)
4(8067 8047 8046 8066)
4(7977 7957 8048 8068)
4(7977 8068 8067 7976)
4(8068 8048 8047 8067)
4(7979 7957 8048 8070)
4(7978 8069 8068 7977)
4(7979 8070 8069 7978)
4(8070 8048 8068 8069)
4(7959 8050 8070 7979)
4(8050 8036 8048 8070)
4(7980 7960 8051 8071)
4(7981 8072 8049 7958)
4(8071 8051 8049 8072)
4(7982 7961 8052 8073)
4(8073 8052 8051 8071)
4(7983 7962 8053 8074)
4(8074 8053 8052 8073)
4(7984 7963 8054 8075)
4(8075 8054 8053 8074)
4(7985 7919 8010 8076)
4(8076 8010 8054 8075)
4(7986 7918 8009 8077)
4(8077 8009 8010 8076)
4(7987 7922 8013 8078)
4(8078 8013 8009 8077)
4(7988 7964 8055 8079)
4(8079 8055 8013 8078)
4(7989 7965 8056 8080)
4(8080 8056 8055 8079)
4(7990 7966 8057 8081)
4(8081 8057 8056 8080)
4(7991 7967 8058 8082)
4(8082 8058 8057 8081)
4(7992 7968 8059 8083)
4(8083 8059 8058 8082)
4(7993 7969 8060 8084)
4(8084 8060 8059 8083)
4(7994 7970 8061 8085)
4(8085 8061 8060 8084)
4(7995 7971 8062 8086)
4(8085 8086 8062 8061)
4(7996 7972 8063 8087)
4(8087 8063 8062 8086)
4(7997 7973 8064 8088)
4(8088 8064 8063 8087)
4(7998 7974 8065 8089)
4(8089 8065 8064 8088)
4(7999 7926 8017 8090)
4(8090 8017 8065 8089)
4(8000 7925 8016 8091)
4(8091 8016 8017 8090)
4(8001 7929 8020 8092)
4(8092 8020 8016 8091)
4(8002 7975 8066 8093)
4(8093 8066 8020 8092)
4(8003 7976 8067 8094)
4(8094 8067 8066 8093)
4(8004 7977 8068 8095)
4(8095 8068 8067 8094)
4(8005 7978 8069 8096)
4(8096 8069 8068 8095)
4(8006 7979 8070 8097)
4(8097 8070 8069 8096)
4(8007 7959 8050 8098)
4(8098 8050 8070 8097)
4(8072 8049 8050 8098)
4(8009 8008 8099 8100)
4(8011 8102 8099 8008)
4(8010 8101 8102 8011)
4(8009 8100 8101 8010)
4(8100 8099 8102 8101)
4(8012 8008 8099 8103)
4(8013 8012 8103 8104)
4(8013 8104 8100 8009)
4(8104 8103 8099 8100)
4(8011 8102 8105 8014)
4(8012 8014 8105 8103)
4(8103 8105 8102 8099)
4(8016 8015 8106 8107)
4(8018 8109 8106 8015)
4(8017 8108 8109 8018)
4(8016 8107 8108 8017)
4(8107 8106 8109 8108)
4(8019 8015 8106 8110)
4(8020 8019 8110 8111)
4(8020 8111 8107 8016)
4(8111 8110 8106 8107)
4(8018 8109 8112 8021)
4(8019 8021 8112 8110)
4(8110 8112 8109 8106)
4(8025 8116 8113 8022)
4(8024 8023 8114 8115)
4(8022 8113 8114 8023)
4(8024 8115 8116 8025)
4(8115 8114 8113 8116)
4(8027 8118 8113 8022)
4(8026 8117 8118 8027)
4(8025 8116 8117 8026)
4(8116 8113 8118 8117)
4(8028 8023 8114 8119)
4(8014 8105 8115 8024)
4(8028 8119 8105 8014)
4(8119 8114 8115 8105)
4(8029 8023 8114 8120)
4(8030 8121 8119 8028)
4(8029 8120 8121 8030)
4(8120 8114 8119 8121)
4(8031 8022 8113 8122)
4(8031 8122 8120 8029)
4(8122 8113 8114 8120)
4(8032 8027 8118 8123)
4(8032 8123 8122 8031)
4(8123 8118 8113 8122)
4(8033 8027 8118 8124)
4(8021 8112 8123 8032)
4(8033 8124 8112 8021)
4(8124 8118 8123 8112)
4(8034 8026 8117 8125)
4(8034 8125 8124 8033)
4(8125 8117 8118 8124)
4(8035 8026 8117 8126)
4(8036 8127 8125 8034)
4(8036 8035 8126 8127)
4(8127 8126 8117 8125)
4(8037 8025 8116 8128)
4(8037 8128 8126 8035)
4(8128 8116 8117 8126)
4(8038 8024 8115 8129)
4(8038 8129 8128 8037)
4(8129 8115 8116 8128)
4(8038 8011 8102 8129)
4(8129 8102 8105 8115)
4(8039 8028 8119 8130)
4(8039 8130 8103 8012)
4(8130 8119 8105 8103)
4(8040 8030 8121 8131)
4(8040 8131 8130 8039)
4(8131 8121 8119 8130)
4(8042 8030 8121 8133)
4(8041 8132 8131 8040)
4(8042 8133 8132 8041)
4(8133 8121 8131 8132)
4(8043 8029 8120 8134)
4(8043 8134 8133 8042)
4(8134 8120 8121 8133)
4(8044 8031 8122 8135)
4(8044 8135 8134 8043)
4(8135 8122 8120 8134)
4(8045 8032 8123 8136)
4(8045 8136 8135 8044)
4(8136 8123 8122 8135)
4(8045 8018 8109 8136)
4(8136 8109 8112 8123)
4(8046 8033 8124 8137)
4(8046 8137 8110 8019)
4(8137 8124 8112 8110)
4(8047 8034 8125 8138)
4(8047 8138 8137 8046)
4(8138 8125 8124 8137)
4(8048 8139 8138 8047)
4(8048 8036 8127 8139)
4(8139 8127 8125 8138)
4(8049 8035 8126 8140)
4(8050 8141 8127 8036)
4(8050 8049 8140 8141)
4(8141 8140 8126 8127)
4(8052 8035 8126 8143)
4(8049 8051 8142 8140)
4(8052 8143 8142 8051)
4(8140 8142 8143 8126)
4(8053 8037 8128 8144)
4(8053 8144 8143 8052)
4(8144 8128 8126 8143)
4(8054 8038 8129 8145)
4(8054 8145 8144 8053)
4(8145 8129 8128 8144)
4(8010 8101 8145 8054)
4(8101 8102 8129 8145)
4(8055 8039 8130 8146)
4(8055 8146 8104 8013)
4(8146 8130 8103 8104)
4(8056 8040 8131 8147)
4(8056 8147 8146 8055)
4(8147 8131 8130 8146)
4(8057 8041 8132 8148)
4(8057 8148 8147 8056)
4(8148 8132 8131 8147)
4(8059 8041 8132 8150)
4(8058 8149 8148 8057)
4(8059 8150 8149 8058)
4(8150 8132 8148 8149)
4(8060 8042 8133 8151)
4(8060 8151 8150 8059)
4(8151 8133 8132 8150)
4(8061 8043 8134 8152)
4(8061 8152 8151 8060)
4(8152 8134 8133 8151)
4(8063 8043 8134 8154)
4(8062 8153 8152 8061)
4(8063 8154 8153 8062)
4(8154 8134 8152 8153)
4(8064 8044 8135 8155)
4(8064 8155 8154 8063)
4(8155 8135 8134 8154)
4(8065 8045 8136 8156)
4(8065 8156 8155 8064)
4(8156 8136 8135 8155)
4(8017 8108 8156 8065)
4(8108 8109 8136 8156)
4(8066 8046 8137 8157)
4(8066 8157 8111 8020)
4(8157 8137 8110 8111)
4(8067 8047 8138 8158)
4(8067 8158 8157 8066)
4(8158 8138 8137 8157)
4(8068 8048 8139 8159)
4(8068 8159 8158 8067)
4(8159 8139 8138 8158)
4(8070 8048 8139 8161)
4(8069 8160 8159 8068)
4(8070 8161 8160 8069)
4(8161 8139 8159 8160)
4(8050 8141 8161 8070)
4(8141 8127 8139 8161)
4(8071 8051 8142 8162)
4(8072 8163 8140 8049)
4(8162 8142 8140 8163)
4(8073 8052 8143 8164)
4(8164 8143 8142 8162)
4(8074 8053 8144 8165)
4(8165 8144 8143 8164)
4(8075 8054 8145 8166)
4(8166 8145 8144 8165)
4(8076 8010 8101 8167)
4(8167 8101 8145 8166)
4(8077 8009 8100 8168)
4(8168 8100 8101 8167)
4(8078 8013 8104 8169)
4(8169 8104 8100 8168)
4(8079 8055 8146 8170)
4(8170 8146 8104 8169)
4(8080 8056 8147 8171)
4(8171 8147 8146 8170)
4(8081 8057 8148 8172)
4(8172 8148 8147 8171)
4(8082 8058 8149 8173)
4(8173 8149 8148 8172)
4(8083 8059 8150 8174)
4(8174 8150 8149 8173)
4(8084 8060 8151 8175)
4(8175 8151 8150 8174)
4(8085 8061 8152 8176)
4(8176 8152 8151 8175)
4(8086 8062 8153 8177)
4(8176 8177 8153 8152)
4(8087 8063 8154 8178)
4(8178 8154 8153 8177)
4(8088 8064 8155 8179)
4(8179 8155 8154 8178)
4(8089 8065 8156 8180)
4(8180 8156 8155 8179)
4(8090 8017 8108 8181)
4(8181 8108 8156 8180)
4(8091 8016 8107 8182)
4(8182 8107 8108 8181)
4(8092 8020 8111 8183)
4(8183 8111 8107 8182)
4(8093 8066 8157 8184)
4(8184 8157 8111 8183)
4(8094 8067 8158 8185)
4(8185 8158 8157 8184)
4(8095 8068 8159 8186)
4(8186 8159 8158 8185)
4(8096 8069 8160 8187)
4(8187 8160 8159 8186)
4(8097 8070 8161 8188)
4(8188 8161 8160 8187)
4(8098 8050 8141 8189)
4(8189 8141 8161 8188)
4(8163 8140 8141 8189)
4(8100 8099 8190 8191)
4(8102 8193 8190 8099)
4(8101 8192 8193 8102)
4(8100 8191 8192 8101)
4(8191 8190 8193 8192)
4(8103 8099 8190 8194)
4(8104 8103 8194 8195)
4(8104 8195 8191 8100)
4(8195 8194 8190 8191)
4(8102 8193 8196 8105)
4(8103 8105 8196 8194)
4(8194 8196 8193 8190)
4(8107 8106 8197 8198)
4(8109 8200 8197 8106)
4(8108 8199 8200 8109)
4(8107 8198 8199 8108)
4(8198 8197 8200 8199)
4(8110 8106 8197 8201)
4(8111 8110 8201 8202)
4(8111 8202 8198 8107)
4(8202 8201 8197 8198)
4(8109 8200 8203 8112)
4(8110 8112 8203 8201)
4(8201 8203 8200 8197)
4(8116 8207 8204 8113)
4(8115 8114 8205 8206)
4(8113 8204 8205 8114)
4(8115 8206 8207 8116)
4(8206 8205 8204 8207)
4(8118 8209 8204 8113)
4(8117 8208 8209 8118)
4(8116 8207 8208 8117)
4(8207 8204 8209 8208)
4(8119 8114 8205 8210)
4(8105 8196 8206 8115)
4(8119 8210 8196 8105)
4(8210 8205 8206 8196)
4(8120 8114 8205 8211)
4(8121 8212 8210 8119)
4(8120 8211 8212 8121)
4(8211 8205 8210 8212)
4(8122 8113 8204 8213)
4(8122 8213 8211 8120)
4(8213 8204 8205 8211)
4(8123 8118 8209 8214)
4(8123 8214 8213 8122)
4(8214 8209 8204 8213)
4(8124 8118 8209 8215)
4(8112 8203 8214 8123)
4(8124 8215 8203 8112)
4(8215 8209 8214 8203)
4(8125 8117 8208 8216)
4(8125 8216 8215 8124)
4(8216 8208 8209 8215)
4(8126 8117 8208 8217)
4(8127 8218 8216 8125)
4(8127 8126 8217 8218)
4(8218 8217 8208 8216)
4(8128 8116 8207 8219)
4(8128 8219 8217 8126)
4(8219 8207 8208 8217)
4(8129 8115 8206 8220)
4(8129 8220 8219 8128)
4(8220 8206 8207 8219)
4(8129 8102 8193 8220)
4(8220 8193 8196 8206)
4(8130 8119 8210 8221)
4(8130 8221 8194 8103)
4(8221 8210 8196 8194)
4(8131 8121 8212 8222)
4(8131 8222 8221 8130)
4(8222 8212 8210 8221)
4(8133 8121 8212 8224)
4(8132 8223 8222 8131)
4(8133 8224 8223 8132)
4(8224 8212 8222 8223)
4(8134 8120 8211 8225)
4(8134 8225 8224 8133)
4(8225 8211 8212 8224)
4(8135 8122 8213 8226)
4(8135 8226 8225 8134)
4(8226 8213 8211 8225)
4(8136 8123 8214 8227)
4(8136 8227 8226 8135)
4(8227 8214 8213 8226)
4(8136 8109 8200 8227)
4(8227 8200 8203 8214)
4(8137 8124 8215 8228)
4(8137 8228 8201 8110)
4(8228 8215 8203 8201)
4(8138 8125 8216 8229)
4(8138 8229 8228 8137)
4(8229 8216 8215 8228)
4(8139 8230 8229 8138)
4(8139 8127 8218 8230)
4(8230 8218 8216 8229)
4(8140 8126 8217 8231)
4(8141 8232 8218 8127)
4(8141 8140 8231 8232)
4(8232 8231 8217 8218)
4(8143 8126 8217 8234)
4(8140 8142 8233 8231)
4(8143 8234 8233 8142)
4(8231 8233 8234 8217)
4(8144 8128 8219 8235)
4(8144 8235 8234 8143)
4(8235 8219 8217 8234)
4(8145 8129 8220 8236)
4(8145 8236 8235 8144)
4(8236 8220 8219 8235)
4(8101 8192 8236 8145)
4(8192 8193 8220 8236)
4(8146 8130 8221 8237)
4(8146 8237 8195 8104)
4(8237 8221 8194 8195)
4(8147 8131 8222 8238)
4(8147 8238 8237 8146)
4(8238 8222 8221 8237)
4(8148 8132 8223 8239)
4(8148 8239 8238 8147)
4(8239 8223 8222 8238)
4(8150 8132 8223 8241)
4(8149 8240 8239 8148)
4(8150 8241 8240 8149)
4(8241 8223 8239 8240)
4(8151 8133 8224 8242)
4(8151 8242 8241 8150)
4(8242 8224 8223 8241)
4(8152 8134 8225 8243)
4(8152 8243 8242 8151)
4(8243 8225 8224 8242)
4(8154 8134 8225 8245)
4(8153 8244 8243 8152)
4(8154 8245 8244 8153)
4(8245 8225 8243 8244)
4(8155 8135 8226 8246)
4(8155 8246 8245 8154)
4(8246 8226 8225 8245)
4(8156 8136 8227 8247)
4(8156 8247 8246 8155)
4(8247 8227 8226 8246)
4(8108 8199 8247 8156)
4(8199 8200 8227 8247)
4(8157 8137 8228 8248)
4(8157 8248 8202 8111)
4(8248 8228 8201 8202)
4(8158 8138 8229 8249)
4(8158 8249 8248 8157)
4(8249 8229 8228 8248)
4(8159 8139 8230 8250)
4(8159 8250 8249 8158)
4(8250 8230 8229 8249)
4(8161 8139 8230 8252)
4(8160 8251 8250 8159)
4(8161 8252 8251 8160)
4(8252 8230 8250 8251)
4(8141 8232 8252 8161)
4(8232 8218 8230 8252)
4(8162 8142 8233 8253)
4(8163 8254 8231 8140)
4(8253 8233 8231 8254)
4(8164 8143 8234 8255)
4(8255 8234 8233 8253)
4(8165 8144 8235 8256)
4(8256 8235 8234 8255)
4(8166 8145 8236 8257)
4(8257 8236 8235 8256)
4(8167 8101 8192 8258)
4(8258 8192 8236 8257)
4(8168 8100 8191 8259)
4(8259 8191 8192 8258)
4(8169 8104 8195 8260)
4(8260 8195 8191 8259)
4(8170 8146 8237 8261)
4(8261 8237 8195 8260)
4(8171 8147 8238 8262)
4(8262 8238 8237 8261)
4(8172 8148 8239 8263)
4(8263 8239 8238 8262)
4(8173 8149 8240 8264)
4(8264 8240 8239 8263)
4(8174 8150 8241 8265)
4(8265 8241 8240 8264)
4(8175 8151 8242 8266)
4(8266 8242 8241 8265)
4(8176 8152 8243 8267)
4(8267 8243 8242 8266)
4(8177 8153 8244 8268)
4(8267 8268 8244 8243)
4(8178 8154 8245 8269)
4(8269 8245 8244 8268)
4(8179 8155 8246 8270)
4(8270 8246 8245 8269)
4(8180 8156 8247 8271)
4(8271 8247 8246 8270)
4(8181 8108 8199 8272)
4(8272 8199 8247 8271)
4(8182 8107 8198 8273)
4(8273 8198 8199 8272)
4(8183 8111 8202 8274)
4(8274 8202 8198 8273)
4(8184 8157 8248 8275)
4(8275 8248 8202 8274)
4(8185 8158 8249 8276)
4(8276 8249 8248 8275)
4(8186 8159 8250 8277)
4(8277 8250 8249 8276)
4(8187 8160 8251 8278)
4(8278 8251 8250 8277)
4(8188 8161 8252 8279)
4(8279 8252 8251 8278)
4(8189 8141 8232 8280)
4(8280 8232 8252 8279)
4(8254 8231 8232 8280)
4(8191 8190 8281 8282)
4(8193 8284 8281 8190)
4(8192 8283 8284 8193)
4(8191 8282 8283 8192)
4(8282 8281 8284 8283)
4(8194 8190 8281 8285)
4(8195 8194 8285 8286)
4(8195 8286 8282 8191)
4(8286 8285 8281 8282)
4(8193 8284 8287 8196)
4(8194 8196 8287 8285)
4(8285 8287 8284 8281)
4(8198 8197 8288 8289)
4(8200 8291 8288 8197)
4(8199 8290 8291 8200)
4(8198 8289 8290 8199)
4(8289 8288 8291 8290)
4(8201 8197 8288 8292)
4(8202 8201 8292 8293)
4(8202 8293 8289 8198)
4(8293 8292 8288 8289)
4(8200 8291 8294 8203)
4(8201 8203 8294 8292)
4(8292 8294 8291 8288)
4(8207 8298 8295 8204)
4(8206 8205 8296 8297)
4(8204 8295 8296 8205)
4(8206 8297 8298 8207)
4(8297 8296 8295 8298)
4(8209 8300 8295 8204)
4(8208 8299 8300 8209)
4(8207 8298 8299 8208)
4(8298 8295 8300 8299)
4(8210 8205 8296 8301)
4(8196 8287 8297 8206)
4(8210 8301 8287 8196)
4(8301 8296 8297 8287)
4(8211 8205 8296 8302)
4(8212 8303 8301 8210)
4(8211 8302 8303 8212)
4(8302 8296 8301 8303)
4(8213 8204 8295 8304)
4(8213 8304 8302 8211)
4(8304 8295 8296 8302)
4(8214 8209 8300 8305)
4(8214 8305 8304 8213)
4(8305 8300 8295 8304)
4(8215 8209 8300 8306)
4(8203 8294 8305 8214)
4(8215 8306 8294 8203)
4(8306 8300 8305 8294)
4(8216 8208 8299 8307)
4(8216 8307 8306 8215)
4(8307 8299 8300 8306)
4(8217 8208 8299 8308)
4(8218 8309 8307 8216)
4(8218 8217 8308 8309)
4(8309 8308 8299 8307)
4(8219 8207 8298 8310)
4(8219 8310 8308 8217)
4(8310 8298 8299 8308)
4(8220 8206 8297 8311)
4(8220 8311 8310 8219)
4(8311 8297 8298 8310)
4(8220 8193 8284 8311)
4(8311 8284 8287 8297)
4(8221 8210 8301 8312)
4(8221 8312 8285 8194)
4(8312 8301 8287 8285)
4(8222 8212 8303 8313)
4(8222 8313 8312 8221)
4(8313 8303 8301 8312)
4(8224 8212 8303 8315)
4(8223 8314 8313 8222)
4(8224 8315 8314 8223)
4(8315 8303 8313 8314)
4(8225 8211 8302 8316)
4(8225 8316 8315 8224)
4(8316 8302 8303 8315)
4(8226 8213 8304 8317)
4(8226 8317 8316 8225)
4(8317 8304 8302 8316)
4(8227 8214 8305 8318)
4(8227 8318 8317 8226)
4(8318 8305 8304 8317)
4(8227 8200 8291 8318)
4(8318 8291 8294 8305)
4(8228 8215 8306 8319)
4(8228 8319 8292 8201)
4(8319 8306 8294 8292)
4(8229 8216 8307 8320)
4(8229 8320 8319 8228)
4(8320 8307 8306 8319)
4(8230 8321 8320 8229)
4(8230 8218 8309 8321)
4(8321 8309 8307 8320)
4(8231 8217 8308 8322)
4(8232 8323 8309 8218)
4(8232 8231 8322 8323)
4(8323 8322 8308 8309)
4(8234 8217 8308 8325)
4(8231 8233 8324 8322)
4(8234 8325 8324 8233)
4(8322 8324 8325 8308)
4(8235 8219 8310 8326)
4(8235 8326 8325 8234)
4(8326 8310 8308 8325)
4(8236 8220 8311 8327)
4(8236 8327 8326 8235)
4(8327 8311 8310 8326)
4(8192 8283 8327 8236)
4(8283 8284 8311 8327)
4(8237 8221 8312 8328)
4(8237 8328 8286 8195)
4(8328 8312 8285 8286)
4(8238 8222 8313 8329)
4(8238 8329 8328 8237)
4(8329 8313 8312 8328)
4(8239 8223 8314 8330)
4(8239 8330 8329 8238)
4(8330 8314 8313 8329)
4(8241 8223 8314 8332)
4(8240 8331 8330 8239)
4(8241 8332 8331 8240)
4(8332 8314 8330 8331)
4(8242 8224 8315 8333)
4(8242 8333 8332 8241)
4(8333 8315 8314 8332)
4(8243 8225 8316 8334)
4(8243 8334 8333 8242)
4(8334 8316 8315 8333)
4(8245 8225 8316 8336)
4(8244 8335 8334 8243)
4(8245 8336 8335 8244)
4(8336 8316 8334 8335)
4(8246 8226 8317 8337)
4(8246 8337 8336 8245)
4(8337 8317 8316 8336)
4(8247 8227 8318 8338)
4(8247 8338 8337 8246)
4(8338 8318 8317 8337)
4(8199 8290 8338 8247)
4(8290 8291 8318 8338)
4(8248 8228 8319 8339)
4(8248 8339 8293 8202)
4(8339 8319 8292 8293)
4(8249 8229 8320 8340)
4(8249 8340 8339 8248)
4(8340 8320 8319 8339)
4(8250 8230 8321 8341)
4(8250 8341 8340 8249)
4(8341 8321 8320 8340)
4(8252 8230 8321 8343)
4(8251 8342 8341 8250)
4(8252 8343 8342 8251)
4(8343 8321 8341 8342)
4(8232 8323 8343 8252)
4(8323 8309 8321 8343)
4(8253 8233 8324 8344)
4(8254 8345 8322 8231)
4(8344 8324 8322 8345)
4(8255 8234 8325 8346)
4(8346 8325 8324 8344)
4(8256 8235 8326 8347)
4(8347 8326 8325 8346)
4(8257 8236 8327 8348)
4(8348 8327 8326 8347)
4(8258 8192 8283 8349)
4(8349 8283 8327 8348)
4(8259 8191 8282 8350)
4(8350 8282 8283 8349)
4(8260 8195 8286 8351)
4(8351 8286 8282 8350)
4(8261 8237 8328 8352)
4(8352 8328 8286 8351)
4(8262 8238 8329 8353)
4(8353 8329 8328 8352)
4(8263 8239 8330 8354)
4(8354 8330 8329 8353)
4(8264 8240 8331 8355)
4(8355 8331 8330 8354)
4(8265 8241 8332 8356)
4(8356 8332 8331 8355)
4(8266 8242 8333 8357)
4(8357 8333 8332 8356)
4(8267 8243 8334 8358)
4(8358 8334 8333 8357)
4(8268 8244 8335 8359)
4(8358 8359 8335 8334)
4(8269 8245 8336 8360)
4(8360 8336 8335 8359)
4(8270 8246 8337 8361)
4(8361 8337 8336 8360)
4(8271 8247 8338 8362)
4(8362 8338 8337 8361)
4(8272 8199 8290 8363)
4(8363 8290 8338 8362)
4(8273 8198 8289 8364)
4(8364 8289 8290 8363)
4(8274 8202 8293 8365)
4(8365 8293 8289 8364)
4(8275 8248 8339 8366)
4(8366 8339 8293 8365)
4(8276 8249 8340 8367)
4(8367 8340 8339 8366)
4(8277 8250 8341 8368)
4(8368 8341 8340 8367)
4(8278 8251 8342 8369)
4(8369 8342 8341 8368)
4(8279 8252 8343 8370)
4(8370 8343 8342 8369)
4(8280 8232 8323 8371)
4(8371 8323 8343 8370)
4(8345 8322 8323 8371)
4(8282 8281 8372 8373)
4(8284 8375 8372 8281)
4(8283 8374 8375 8284)
4(8282 8373 8374 8283)
4(8373 8372 8375 8374)
4(8285 8281 8372 8376)
4(8286 8285 8376 8377)
4(8286 8377 8373 8282)
4(8377 8376 8372 8373)
4(8284 8375 8378 8287)
4(8285 8287 8378 8376)
4(8376 8378 8375 8372)
4(8289 8288 8379 8380)
4(8291 8382 8379 8288)
4(8290 8381 8382 8291)
4(8289 8380 8381 8290)
4(8380 8379 8382 8381)
4(8292 8288 8379 8383)
4(8293 8292 8383 8384)
4(8293 8384 8380 8289)
4(8384 8383 8379 8380)
4(8291 8382 8385 8294)
4(8292 8294 8385 8383)
4(8383 8385 8382 8379)
4(8298 8389 8386 8295)
4(8297 8296 8387 8388)
4(8295 8386 8387 8296)
4(8297 8388 8389 8298)
4(8388 8387 8386 8389)
4(8300 8391 8386 8295)
4(8299 8390 8391 8300)
4(8298 8389 8390 8299)
4(8389 8386 8391 8390)
4(8301 8296 8387 8392)
4(8287 8378 8388 8297)
4(8301 8392 8378 8287)
4(8392 8387 8388 8378)
4(8302 8296 8387 8393)
4(8303 8394 8392 8301)
4(8302 8393 8394 8303)
4(8393 8387 8392 8394)
4(8304 8295 8386 8395)
4(8304 8395 8393 8302)
4(8395 8386 8387 8393)
4(8305 8300 8391 8396)
4(8305 8396 8395 8304)
4(8396 8391 8386 8395)
4(8306 8300 8391 8397)
4(8294 8385 8396 8305)
4(8306 8397 8385 8294)
4(8397 8391 8396 8385)
4(8307 8299 8390 8398)
4(8307 8398 8397 8306)
4(8398 8390 8391 8397)
4(8308 8299 8390 8399)
4(8309 8400 8398 8307)
4(8309 8308 8399 8400)
4(8400 8399 8390 8398)
4(8310 8298 8389 8401)
4(8310 8401 8399 8308)
4(8401 8389 8390 8399)
4(8311 8297 8388 8402)
4(8311 8402 8401 8310)
4(8402 8388 8389 8401)
4(8311 8284 8375 8402)
4(8402 8375 8378 8388)
4(8312 8301 8392 8403)
4(8312 8403 8376 8285)
4(8403 8392 8378 8376)
4(8313 8303 8394 8404)
4(8313 8404 8403 8312)
4(8404 8394 8392 8403)
4(8315 8303 8394 8406)
4(8314 8405 8404 8313)
4(8315 8406 8405 8314)
4(8406 8394 8404 8405)
4(8316 8302 8393 8407)
4(8316 8407 8406 8315)
4(8407 8393 8394 8406)
4(8317 8304 8395 8408)
4(8317 8408 8407 8316)
4(8408 8395 8393 8407)
4(8318 8305 8396 8409)
4(8318 8409 8408 8317)
4(8409 8396 8395 8408)
4(8318 8291 8382 8409)
4(8409 8382 8385 8396)
4(8319 8306 8397 8410)
4(8319 8410 8383 8292)
4(8410 8397 8385 8383)
4(8320 8307 8398 8411)
4(8320 8411 8410 8319)
4(8411 8398 8397 8410)
4(8321 8412 8411 8320)
4(8321 8309 8400 8412)
4(8412 8400 8398 8411)
4(8322 8308 8399 8413)
4(8323 8414 8400 8309)
4(8323 8322 8413 8414)
4(8414 8413 8399 8400)
4(8325 8308 8399 8416)
4(8322 8324 8415 8413)
4(8325 8416 8415 8324)
4(8413 8415 8416 8399)
4(8326 8310 8401 8417)
4(8326 8417 8416 8325)
4(8417 8401 8399 8416)
4(8327 8311 8402 8418)
4(8327 8418 8417 8326)
4(8418 8402 8401 8417)
4(8283 8374 8418 8327)
4(8374 8375 8402 8418)
4(8328 8312 8403 8419)
4(8328 8419 8377 8286)
4(8419 8403 8376 8377)
4(8329 8313 8404 8420)
4(8329 8420 8419 8328)
4(8420 8404 8403 8419)
4(8330 8314 8405 8421)
4(8330 8421 8420 8329)
4(8421 8405 8404 8420)
4(8332 8314 8405 8423)
4(8331 8422 8421 8330)
4(8332 8423 8422 8331)
4(8423 8405 8421 8422)
4(8333 8315 8406 8424)
4(8333 8424 8423 8332)
4(8424 8406 8405 8423)
4(8334 8316 8407 8425)
4(8334 8425 8424 8333)
4(8425 8407 8406 8424)
4(8336 8316 8407 8427)
4(8335 8426 8425 8334)
4(8336 8427 8426 8335)
4(8427 8407 8425 8426)
4(8337 8317 8408 8428)
4(8337 8428 8427 8336)
4(8428 8408 8407 8427)
4(8338 8318 8409 8429)
4(8338 8429 8428 8337)
4(8429 8409 8408 8428)
4(8290 8381 8429 8338)
4(8381 8382 8409 8429)
4(8339 8319 8410 8430)
4(8339 8430 8384 8293)
4(8430 8410 8383 8384)
4(8340 8320 8411 8431)
4(8340 8431 8430 8339)
4(8431 8411 8410 8430)
4(8341 8321 8412 8432)
4(8341 8432 8431 8340)
4(8432 8412 8411 8431)
4(8343 8321 8412 8434)
4(8342 8433 8432 8341)
4(8343 8434 8433 8342)
4(8434 8412 8432 8433)
4(8323 8414 8434 8343)
4(8414 8400 8412 8434)
4(8344 8324 8415 8435)
4(8345 8436 8413 8322)
4(8435 8415 8413 8436)
4(8346 8325 8416 8437)
4(8437 8416 8415 8435)
4(8347 8326 8417 8438)
4(8438 8417 8416 8437)
4(8348 8327 8418 8439)
4(8439 8418 8417 8438)
4(8349 8283 8374 8440)
4(8440 8374 8418 8439)
4(8350 8282 8373 8441)
4(8441 8373 8374 8440)
4(8351 8286 8377 8442)
4(8442 8377 8373 8441)
4(8352 8328 8419 8443)
4(8443 8419 8377 8442)
4(8353 8329 8420 8444)
4(8444 8420 8419 8443)
4(8354 8330 8421 8445)
4(8445 8421 8420 8444)
4(8355 8331 8422 8446)
4(8446 8422 8421 8445)
4(8356 8332 8423 8447)
4(8447 8423 8422 8446)
4(8357 8333 8424 8448)
4(8448 8424 8423 8447)
4(8358 8334 8425 8449)
4(8449 8425 8424 8448)
4(8359 8335 8426 8450)
4(8449 8450 8426 8425)
4(8360 8336 8427 8451)
4(8451 8427 8426 8450)
4(8361 8337 8428 8452)
4(8452 8428 8427 8451)
4(8362 8338 8429 8453)
4(8453 8429 8428 8452)
4(8363 8290 8381 8454)
4(8454 8381 8429 8453)
4(8364 8289 8380 8455)
4(8455 8380 8381 8454)
4(8365 8293 8384 8456)
4(8456 8384 8380 8455)
4(8366 8339 8430 8457)
4(8457 8430 8384 8456)
4(8367 8340 8431 8458)
4(8458 8431 8430 8457)
4(8368 8341 8432 8459)
4(8459 8432 8431 8458)
4(8369 8342 8433 8460)
4(8460 8433 8432 8459)
4(8370 8343 8434 8461)
4(8461 8434 8433 8460)
4(8371 8323 8414 8462)
4(8462 8414 8434 8461)
4(8436 8413 8414 8462)
4(8373 8372 8463 8464)
4(8375 8466 8463 8372)
4(8374 8465 8466 8375)
4(8373 8464 8465 8374)
4(8464 8463 8466 8465)
4(8376 8372 8463 8467)
4(8377 8376 8467 8468)
4(8377 8468 8464 8373)
4(8468 8467 8463 8464)
4(8375 8466 8469 8378)
4(8376 8378 8469 8467)
4(8467 8469 8466 8463)
4(8380 8379 8470 8471)
4(8382 8473 8470 8379)
4(8381 8472 8473 8382)
4(8380 8471 8472 8381)
4(8471 8470 8473 8472)
4(8383 8379 8470 8474)
4(8384 8383 8474 8475)
4(8384 8475 8471 8380)
4(8475 8474 8470 8471)
4(8382 8473 8476 8385)
4(8383 8385 8476 8474)
4(8474 8476 8473 8470)
4(8389 8480 8477 8386)
4(8388 8387 8478 8479)
4(8386 8477 8478 8387)
4(8388 8479 8480 8389)
4(8479 8478 8477 8480)
4(8391 8482 8477 8386)
4(8390 8481 8482 8391)
4(8389 8480 8481 8390)
4(8480 8477 8482 8481)
4(8392 8387 8478 8483)
4(8378 8469 8479 8388)
4(8392 8483 8469 8378)
4(8483 8478 8479 8469)
4(8393 8387 8478 8484)
4(8394 8485 8483 8392)
4(8393 8484 8485 8394)
4(8484 8478 8483 8485)
4(8395 8386 8477 8486)
4(8395 8486 8484 8393)
4(8486 8477 8478 8484)
4(8396 8391 8482 8487)
4(8396 8487 8486 8395)
4(8487 8482 8477 8486)
4(8397 8391 8482 8488)
4(8385 8476 8487 8396)
4(8397 8488 8476 8385)
4(8488 8482 8487 8476)
4(8398 8390 8481 8489)
4(8398 8489 8488 8397)
4(8489 8481 8482 8488)
4(8399 8390 8481 8490)
4(8400 8491 8489 8398)
4(8400 8399 8490 8491)
4(8491 8490 8481 8489)
4(8401 8389 8480 8492)
4(8401 8492 8490 8399)
4(8492 8480 8481 8490)
4(8402 8388 8479 8493)
4(8402 8493 8492 8401)
4(8493 8479 8480 8492)
4(8402 8375 8466 8493)
4(8493 8466 8469 8479)
4(8403 8392 8483 8494)
4(8403 8494 8467 8376)
4(8494 8483 8469 8467)
4(8404 8394 8485 8495)
4(8404 8495 8494 8403)
4(8495 8485 8483 8494)
4(8406 8394 8485 8497)
4(8405 8496 8495 8404)
4(8406 8497 8496 8405)
4(8497 8485 8495 8496)
4(8407 8393 8484 8498)
4(8407 8498 8497 8406)
4(8498 8484 8485 8497)
4(8408 8395 8486 8499)
4(8408 8499 8498 8407)
4(8499 8486 8484 8498)
4(8409 8396 8487 8500)
4(8409 8500 8499 8408)
4(8500 8487 8486 8499)
4(8409 8382 8473 8500)
4(8500 8473 8476 8487)
4(8410 8397 8488 8501)
4(8410 8501 8474 8383)
4(8501 8488 8476 8474)
4(8411 8398 8489 8502)
4(8411 8502 8501 8410)
4(8502 8489 8488 8501)
4(8412 8503 8502 8411)
4(8412 8400 8491 8503)
4(8503 8491 8489 8502)
4(8413 8399 8490 8504)
4(8414 8505 8491 8400)
4(8414 8413 8504 8505)
4(8505 8504 8490 8491)
4(8416 8399 8490 8507)
4(8413 8415 8506 8504)
4(8416 8507 8506 8415)
4(8504 8506 8507 8490)
4(8417 8401 8492 8508)
4(8417 8508 8507 8416)
4(8508 8492 8490 8507)
4(8418 8402 8493 8509)
4(8418 8509 8508 8417)
4(8509 8493 8492 8508)
4(8374 8465 8509 8418)
4(8465 8466 8493 8509)
4(8419 8403 8494 8510)
4(8419 8510 8468 8377)
4(8510 8494 8467 8468)
4(8420 8404 8495 8511)
4(8420 8511 8510 8419)
4(8511 8495 8494 8510)
4(8421 8405 8496 8512)
4(8421 8512 8511 8420)
4(8512 8496 8495 8511)
4(8423 8405 8496 8514)
4(8422 8513 8512 8421)
4(8423 8514 8513 8422)
4(8514 8496 8512 8513)
4(8424 8406 8497 8515)
4(8424 8515 8514 8423)
4(8515 8497 8496 8514)
4(8425 8407 8498 8516)
4(8425 8516 8515 8424)
4(8516 8498 8497 8515)
4(8427 8407 8498 8518)
4(8426 8517 8516 8425)
4(8427 8518 8517 8426)
4(8518 8498 8516 8517)
4(8428 8408 8499 8519)
4(8428 8519 8518 8427)
4(8519 8499 8498 8518)
4(8429 8409 8500 8520)
4(8429 8520 8519 8428)
4(8520 8500 8499 8519)
4(8381 8472 8520 8429)
4(8472 8473 8500 8520)
4(8430 8410 8501 8521)
4(8430 8521 8475 8384)
4(8521 8501 8474 8475)
4(8431 8411 8502 8522)
4(8431 8522 8521 8430)
4(8522 8502 8501 8521)
4(8432 8412 8503 8523)
4(8432 8523 8522 8431)
4(8523 8503 8502 8522)
4(8434 8412 8503 8525)
4(8433 8524 8523 8432)
4(8434 8525 8524 8433)
4(8525 8503 8523 8524)
4(8414 8505 8525 8434)
4(8505 8491 8503 8525)
4(8435 8415 8506 8526)
4(8436 8527 8504 8413)
4(8526 8506 8504 8527)
4(8437 8416 8507 8528)
4(8528 8507 8506 8526)
4(8438 8417 8508 8529)
4(8529 8508 8507 8528)
4(8439 8418 8509 8530)
4(8530 8509 8508 8529)
4(8440 8374 8465 8531)
4(8531 8465 8509 8530)
4(8441 8373 8464 8532)
4(8532 8464 8465 8531)
4(8442 8377 8468 8533)
4(8533 8468 8464 8532)
4(8443 8419 8510 8534)
4(8534 8510 8468 8533)
4(8444 8420 8511 8535)
4(8535 8511 8510 8534)
4(8445 8421 8512 8536)
4(8536 8512 8511 8535)
4(8446 8422 8513 8537)
4(8537 8513 8512 8536)
4(8447 8423 8514 8538)
4(8538 8514 8513 8537)
4(8448 8424 8515 8539)
4(8539 8515 8514 8538)
4(8449 8425 8516 8540)
4(8540 8516 8515 8539)
4(8450 8426 8517 8541)
4(8540 8541 8517 8516)
4(8451 8427 8518 8542)
4(8542 8518 8517 8541)
4(8452 8428 8519 8543)
4(8543 8519 8518 8542)
4(8453 8429 8520 8544)
4(8544 8520 8519 8543)
4(8454 8381 8472 8545)
4(8545 8472 8520 8544)
4(8455 8380 8471 8546)
4(8546 8471 8472 8545)
4(8456 8384 8475 8547)
4(8547 8475 8471 8546)
4(8457 8430 8521 8548)
4(8548 8521 8475 8547)
4(8458 8431 8522 8549)
4(8549 8522 8521 8548)
4(8459 8432 8523 8550)
4(8550 8523 8522 8549)
4(8460 8433 8524 8551)
4(8551 8524 8523 8550)
4(8461 8434 8525 8552)
4(8552 8525 8524 8551)
4(8462 8414 8505 8553)
4(8553 8505 8525 8552)
4(8527 8504 8505 8553)
4(8464 8463 8554 8555)
4(8466 8557 8554 8463)
4(8465 8556 8557 8466)
4(8464 8555 8556 8465)
4(8555 8554 8557 8556)
4(8467 8463 8554 8558)
4(8468 8467 8558 8559)
4(8468 8559 8555 8464)
4(8559 8558 8554 8555)
4(8466 8557 8560 8469)
4(8467 8469 8560 8558)
4(8558 8560 8557 8554)
4(8471 8470 8561 8562)
4(8473 8564 8561 8470)
4(8472 8563 8564 8473)
4(8471 8562 8563 8472)
4(8562 8561 8564 8563)
4(8474 8470 8561 8565)
4(8475 8474 8565 8566)
4(8475 8566 8562 8471)
4(8566 8565 8561 8562)
4(8473 8564 8567 8476)
4(8474 8476 8567 8565)
4(8565 8567 8564 8561)
4(8480 8571 8568 8477)
4(8479 8478 8569 8570)
4(8477 8568 8569 8478)
4(8479 8570 8571 8480)
4(8570 8569 8568 8571)
4(8482 8573 8568 8477)
4(8481 8572 8573 8482)
4(8480 8571 8572 8481)
4(8571 8568 8573 8572)
4(8483 8478 8569 8574)
4(8469 8560 8570 8479)
4(8483 8574 8560 8469)
4(8574 8569 8570 8560)
4(8484 8478 8569 8575)
4(8485 8576 8574 8483)
4(8484 8575 8576 8485)
4(8575 8569 8574 8576)
4(8486 8477 8568 8577)
4(8486 8577 8575 8484)
4(8577 8568 8569 8575)
4(8487 8482 8573 8578)
4(8487 8578 8577 8486)
4(8578 8573 8568 8577)
4(8488 8482 8573 8579)
4(8476 8567 8578 8487)
4(8488 8579 8567 8476)
4(8579 8573 8578 8567)
4(8489 8481 8572 8580)
4(8489 8580 8579 8488)
4(8580 8572 8573 8579)
4(8490 8481 8572 8581)
4(8491 8582 8580 8489)
4(8491 8490 8581 8582)
4(8582 8581 8572 8580)
4(8492 8480 8571 8583)
4(8492 8583 8581 8490)
4(8583 8571 8572 8581)
4(8493 8479 8570 8584)
4(8493 8584 8583 8492)
4(8584 8570 8571 8583)
4(8493 8466 8557 8584)
4(8584 8557 8560 8570)
4(8494 8483 8574 8585)
4(8494 8585 8558 8467)
4(8585 8574 8560 8558)
4(8495 8485 8576 8586)
4(8495 8586 8585 8494)
4(8586 8576 8574 8585)
4(8497 8485 8576 8588)
4(8496 8587 8586 8495)
4(8497 8588 8587 8496)
4(8588 8576 8586 8587)
4(8498 8484 8575 8589)
4(8498 8589 8588 8497)
4(8589 8575 8576 8588)
4(8499 8486 8577 8590)
4(8499 8590 8589 8498)
4(8590 8577 8575 8589)
4(8500 8487 8578 8591)
4(8500 8591 8590 8499)
4(8591 8578 8577 8590)
4(8500 8473 8564 8591)
4(8591 8564 8567 8578)
4(8501 8488 8579 8592)
4(8501 8592 8565 8474)
4(8592 8579 8567 8565)
4(8502 8489 8580 8593)
4(8502 8593 8592 8501)
4(8593 8580 8579 8592)
4(8503 8594 8593 8502)
4(8503 8491 8582 8594)
4(8594 8582 8580 8593)
4(8504 8490 8581 8595)
4(8505 8596 8582 8491)
4(8505 8504 8595 8596)
4(8596 8595 8581 8582)
4(8507 8490 8581 8598)
4(8504 8506 8597 8595)
4(8507 8598 8597 8506)
4(8595 8597 8598 8581)
4(8508 8492 8583 8599)
4(8508 8599 8598 8507)
4(8599 8583 8581 8598)
4(8509 8493 8584 8600)
4(8509 8600 8599 8508)
4(8600 8584 8583 8599)
4(8465 8556 8600 8509)
4(8556 8557 8584 8600)
4(8510 8494 8585 8601)
4(8510 8601 8559 8468)
4(8601 8585 8558 8559)
4(8511 8495 8586 8602)
4(8511 8602 8601 8510)
4(8602 8586 8585 8601)
4(8512 8496 8587 8603)
4(8512 8603 8602 8511)
4(8603 8587 8586 8602)
4(8514 8496 8587 8605)
4(8513 8604 8603 8512)
4(8514 8605 8604 8513)
4(8605 8587 8603 8604)
4(8515 8497 8588 8606)
4(8515 8606 8605 8514)
4(8606 8588 8587 8605)
4(8516 8498 8589 8607)
4(8516 8607 8606 8515)
4(8607 8589 8588 8606)
4(8518 8498 8589 8609)
4(8517 8608 8607 8516)
4(8518 8609 8608 8517)
4(8609 8589 8607 8608)
4(8519 8499 8590 8610)
4(8519 8610 8609 8518)
4(8610 8590 8589 8609)
4(8520 8500 8591 8611)
4(8520 8611 8610 8519)
4(8611 8591 8590 8610)
4(8472 8563 8611 8520)
4(8563 8564 8591 8611)
4(8521 8501 8592 8612)
4(8521 8612 8566 8475)
4(8612 8592 8565 8566)
4(8522 8502 8593 8613)
4(8522 8613 8612 8521)
4(8613 8593 8592 8612)
4(8523 8503 8594 8614)
4(8523 8614 8613 8522)
4(8614 8594 8593 8613)
4(8525 8503 8594 8616)
4(8524 8615 8614 8523)
4(8525 8616 8615 8524)
4(8616 8594 8614 8615)
4(8505 8596 8616 8525)
4(8596 8582 8594 8616)
4(8526 8506 8597 8617)
4(8527 8618 8595 8504)
4(8617 8597 8595 8618)
4(8528 8507 8598 8619)
4(8619 8598 8597 8617)
4(8529 8508 8599 8620)
4(8620 8599 8598 8619)
4(8530 8509 8600 8621)
4(8621 8600 8599 8620)
4(8531 8465 8556 8622)
4(8622 8556 8600 8621)
4(8532 8464 8555 8623)
4(8623 8555 8556 8622)
4(8533 8468 8559 8624)
4(8624 8559 8555 8623)
4(8534 8510 8601 8625)
4(8625 8601 8559 8624)
4(8535 8511 8602 8626)
4(8626 8602 8601 8625)
4(8536 8512 8603 8627)
4(8627 8603 8602 8626)
4(8537 8513 8604 8628)
4(8628 8604 8603 8627)
4(8538 8514 8605 8629)
4(8629 8605 8604 8628)
4(8539 8515 8606 8630)
4(8630 8606 8605 8629)
4(8540 8516 8607 8631)
4(8631 8607 8606 8630)
4(8541 8517 8608 8632)
4(8631 8632 8608 8607)
4(8542 8518 8609 8633)
4(8633 8609 8608 8632)
4(8543 8519 8610 8634)
4(8634 8610 8609 8633)
4(8544 8520 8611 8635)
4(8635 8611 8610 8634)
4(8545 8472 8563 8636)
4(8636 8563 8611 8635)
4(8546 8471 8562 8637)
4(8637 8562 8563 8636)
4(8547 8475 8566 8638)
4(8638 8566 8562 8637)
4(8548 8521 8612 8639)
4(8639 8612 8566 8638)
4(8549 8522 8613 8640)
4(8640 8613 8612 8639)
4(8550 8523 8614 8641)
4(8641 8614 8613 8640)
4(8551 8524 8615 8642)
4(8642 8615 8614 8641)
4(8552 8525 8616 8643)
4(8643 8616 8615 8642)
4(8553 8505 8596 8644)
4(8644 8596 8616 8643)
4(8618 8595 8596 8644)
4(8555 8554 8645 8646)
4(8557 8648 8645 8554)
4(8556 8647 8648 8557)
4(8555 8646 8647 8556)
4(8646 8645 8648 8647)
4(8558 8554 8645 8649)
4(8559 8558 8649 8650)
4(8559 8650 8646 8555)
4(8650 8649 8645 8646)
4(8557 8648 8651 8560)
4(8558 8560 8651 8649)
4(8649 8651 8648 8645)
4(8562 8561 8652 8653)
4(8564 8655 8652 8561)
4(8563 8654 8655 8564)
4(8562 8653 8654 8563)
4(8653 8652 8655 8654)
4(8565 8561 8652 8656)
4(8566 8565 8656 8657)
4(8566 8657 8653 8562)
4(8657 8656 8652 8653)
4(8564 8655 8658 8567)
4(8565 8567 8658 8656)
4(8656 8658 8655 8652)
4(8571 8662 8659 8568)
4(8570 8569 8660 8661)
4(8568 8659 8660 8569)
4(8570 8661 8662 8571)
4(8661 8660 8659 8662)
4(8573 8664 8659 8568)
4(8572 8663 8664 8573)
4(8571 8662 8663 8572)
4(8662 8659 8664 8663)
4(8574 8569 8660 8665)
4(8560 8651 8661 8570)
4(8574 8665 8651 8560)
4(8665 8660 8661 8651)
4(8575 8569 8660 8666)
4(8576 8667 8665 8574)
4(8575 8666 8667 8576)
4(8666 8660 8665 8667)
4(8577 8568 8659 8668)
4(8577 8668 8666 8575)
4(8668 8659 8660 8666)
4(8578 8573 8664 8669)
4(8578 8669 8668 8577)
4(8669 8664 8659 8668)
4(8579 8573 8664 8670)
4(8567 8658 8669 8578)
4(8579 8670 8658 8567)
4(8670 8664 8669 8658)
4(8580 8572 8663 8671)
4(8580 8671 8670 8579)
4(8671 8663 8664 8670)
4(8581 8572 8663 8672)
4(8582 8673 8671 8580)
4(8582 8581 8672 8673)
4(8673 8672 8663 8671)
4(8583 8571 8662 8674)
4(8583 8674 8672 8581)
4(8674 8662 8663 8672)
4(8584 8570 8661 8675)
4(8584 8675 8674 8583)
4(8675 8661 8662 8674)
4(8584 8557 8648 8675)
4(8675 8648 8651 8661)
4(8585 8574 8665 8676)
4(8585 8676 8649 8558)
4(8676 8665 8651 8649)
4(8586 8576 8667 8677)
4(8586 8677 8676 8585)
4(8677 8667 8665 8676)
4(8588 8576 8667 8679)
4(8587 8678 8677 8586)
4(8588 8679 8678 8587)
4(8679 8667 8677 8678)
4(8589 8575 8666 8680)
4(8589 8680 8679 8588)
4(8680 8666 8667 8679)
4(8590 8577 8668 8681)
4(8590 8681 8680 8589)
4(8681 8668 8666 8680)
4(8591 8578 8669 8682)
4(8591 8682 8681 8590)
4(8682 8669 8668 8681)
4(8591 8564 8655 8682)
4(8682 8655 8658 8669)
4(8592 8579 8670 8683)
4(8592 8683 8656 8565)
4(8683 8670 8658 8656)
4(8593 8580 8671 8684)
4(8593 8684 8683 8592)
4(8684 8671 8670 8683)
4(8594 8685 8684 8593)
4(8594 8582 8673 8685)
4(8685 8673 8671 8684)
4(8595 8581 8672 8686)
4(8596 8687 8673 8582)
4(8596 8595 8686 8687)
4(8687 8686 8672 8673)
4(8598 8581 8672 8689)
4(8595 8597 8688 8686)
4(8598 8689 8688 8597)
4(8686 8688 8689 8672)
4(8599 8583 8674 8690)
4(8599 8690 8689 8598)
4(8690 8674 8672 8689)
4(8600 8584 8675 8691)
4(8600 8691 8690 8599)
4(8691 8675 8674 8690)
4(8556 8647 8691 8600)
4(8647 8648 8675 8691)
4(8601 8585 8676 8692)
4(8601 8692 8650 8559)
4(8692 8676 8649 8650)
4(8602 8586 8677 8693)
4(8602 8693 8692 8601)
4(8693 8677 8676 8692)
4(8603 8587 8678 8694)
4(8603 8694 8693 8602)
4(8694 8678 8677 8693)
4(8605 8587 8678 8696)
4(8604 8695 8694 8603)
4(8605 8696 8695 8604)
4(8696 8678 8694 8695)
4(8606 8588 8679 8697)
4(8606 8697 8696 8605)
4(8697 8679 8678 8696)
4(8607 8589 8680 8698)
4(8607 8698 8697 8606)
4(8698 8680 8679 8697)
4(8609 8589 8680 8700)
4(8608 8699 8698 8607)
4(8609 8700 8699 8608)
4(8700 8680 8698 8699)
4(8610 8590 8681 8701)
4(8610 8701 8700 8609)
4(8701 8681 8680 8700)
4(8611 8591 8682 8702)
4(8611 8702 8701 8610)
4(8702 8682 8681 8701)
4(8563 8654 8702 8611)
4(8654 8655 8682 8702)
4(8612 8592 8683 8703)
4(8612 8703 8657 8566)
4(8703 8683 8656 8657)
4(8613 8593 8684 8704)
4(8613 8704 8703 8612)
4(8704 8684 8683 8703)
4(8614 8594 8685 8705)
4(8614 8705 8704 8613)
4(8705 8685 8684 8704)
4(8616 8594 8685 8707)
4(8615 8706 8705 8614)
4(8616 8707 8706 8615)
4(8707 8685 8705 8706)
4(8596 8687 8707 8616)
4(8687 8673 8685 8707)
4(8617 8597 8688 8708)
4(8618 8709 8686 8595)
4(8708 8688 8686 8709)
4(8619 8598 8689 8710)
4(8710 8689 8688 8708)
4(8620 8599 8690 8711)
4(8711 8690 8689 8710)
4(8621 8600 8691 8712)
4(8712 8691 8690 8711)
4(8622 8556 8647 8713)
4(8713 8647 8691 8712)
4(8623 8555 8646 8714)
4(8714 8646 8647 8713)
4(8624 8559 8650 8715)
4(8715 8650 8646 8714)
4(8625 8601 8692 8716)
4(8716 8692 8650 8715)
4(8626 8602 8693 8717)
4(8717 8693 8692 8716)
4(8627 8603 8694 8718)
4(8718 8694 8693 8717)
4(8628 8604 8695 8719)
4(8719 8695 8694 8718)
4(8629 8605 8696 8720)
4(8720 8696 8695 8719)
4(8630 8606 8697 8721)
4(8721 8697 8696 8720)
4(8631 8607 8698 8722)
4(8722 8698 8697 8721)
4(8632 8608 8699 8723)
4(8722 8723 8699 8698)
4(8633 8609 8700 8724)
4(8724 8700 8699 8723)
4(8634 8610 8701 8725)
4(8725 8701 8700 8724)
4(8635 8611 8702 8726)
4(8726 8702 8701 8725)
4(8636 8563 8654 8727)
4(8727 8654 8702 8726)
4(8637 8562 8653 8728)
4(8728 8653 8654 8727)
4(8638 8566 8657 8729)
4(8729 8657 8653 8728)
4(8639 8612 8703 8730)
4(8730 8703 8657 8729)
4(8640 8613 8704 8731)
4(8731 8704 8703 8730)
4(8641 8614 8705 8732)
4(8732 8705 8704 8731)
4(8642 8615 8706 8733)
4(8733 8706 8705 8732)
4(8643 8616 8707 8734)
4(8734 8707 8706 8733)
4(8644 8596 8687 8735)
4(8735 8687 8707 8734)
4(8709 8686 8687 8735)
4(8646 8645 8736 8737)
4(8648 8739 8736 8645)
4(8647 8738 8739 8648)
4(8646 8737 8738 8647)
4(8737 8736 8739 8738)
4(8649 8645 8736 8740)
4(8650 8649 8740 8741)
4(8650 8741 8737 8646)
4(8741 8740 8736 8737)
4(8648 8739 8742 8651)
4(8649 8651 8742 8740)
4(8740 8742 8739 8736)
4(8653 8652 8743 8744)
4(8655 8746 8743 8652)
4(8654 8745 8746 8655)
4(8653 8744 8745 8654)
4(8744 8743 8746 8745)
4(8656 8652 8743 8747)
4(8657 8656 8747 8748)
4(8657 8748 8744 8653)
4(8748 8747 8743 8744)
4(8655 8746 8749 8658)
4(8656 8658 8749 8747)
4(8747 8749 8746 8743)
4(8662 8753 8750 8659)
4(8661 8660 8751 8752)
4(8659 8750 8751 8660)
4(8661 8752 8753 8662)
4(8752 8751 8750 8753)
4(8664 8755 8750 8659)
4(8663 8754 8755 8664)
4(8662 8753 8754 8663)
4(8753 8750 8755 8754)
4(8665 8660 8751 8756)
4(8651 8742 8752 8661)
4(8665 8756 8742 8651)
4(8756 8751 8752 8742)
4(8666 8660 8751 8757)
4(8667 8758 8756 8665)
4(8666 8757 8758 8667)
4(8757 8751 8756 8758)
4(8668 8659 8750 8759)
4(8668 8759 8757 8666)
4(8759 8750 8751 8757)
4(8669 8664 8755 8760)
4(8669 8760 8759 8668)
4(8760 8755 8750 8759)
4(8670 8664 8755 8761)
4(8658 8749 8760 8669)
4(8670 8761 8749 8658)
4(8761 8755 8760 8749)
4(8671 8663 8754 8762)
4(8671 8762 8761 8670)
4(8762 8754 8755 8761)
4(8672 8663 8754 8763)
4(8673 8764 8762 8671)
4(8673 8672 8763 8764)
4(8764 8763 8754 8762)
4(8674 8662 8753 8765)
4(8674 8765 8763 8672)
4(8765 8753 8754 8763)
4(8675 8661 8752 8766)
4(8675 8766 8765 8674)
4(8766 8752 8753 8765)
4(8675 8648 8739 8766)
4(8766 8739 8742 8752)
4(8676 8665 8756 8767)
4(8676 8767 8740 8649)
4(8767 8756 8742 8740)
4(8677 8667 8758 8768)
4(8677 8768 8767 8676)
4(8768 8758 8756 8767)
4(8679 8667 8758 8770)
4(8678 8769 8768 8677)
4(8679 8770 8769 8678)
4(8770 8758 8768 8769)
4(8680 8666 8757 8771)
4(8680 8771 8770 8679)
4(8771 8757 8758 8770)
4(8681 8668 8759 8772)
4(8681 8772 8771 8680)
4(8772 8759 8757 8771)
4(8682 8669 8760 8773)
4(8682 8773 8772 8681)
4(8773 8760 8759 8772)
4(8682 8655 8746 8773)
4(8773 8746 8749 8760)
4(8683 8670 8761 8774)
4(8683 8774 8747 8656)
4(8774 8761 8749 8747)
4(8684 8671 8762 8775)
4(8684 8775 8774 8683)
4(8775 8762 8761 8774)
4(8685 8776 8775 8684)
4(8685 8673 8764 8776)
4(8776 8764 8762 8775)
4(8686 8672 8763 8777)
4(8687 8778 8764 8673)
4(8687 8686 8777 8778)
4(8778 8777 8763 8764)
4(8689 8672 8763 8780)
4(8686 8688 8779 8777)
4(8689 8780 8779 8688)
4(8777 8779 8780 8763)
4(8690 8674 8765 8781)
4(8690 8781 8780 8689)
4(8781 8765 8763 8780)
4(8691 8675 8766 8782)
4(8691 8782 8781 8690)
4(8782 8766 8765 8781)
4(8647 8738 8782 8691)
4(8738 8739 8766 8782)
4(8692 8676 8767 8783)
4(8692 8783 8741 8650)
4(8783 8767 8740 8741)
4(8693 8677 8768 8784)
4(8693 8784 8783 8692)
4(8784 8768 8767 8783)
4(8694 8678 8769 8785)
4(8694 8785 8784 8693)
4(8785 8769 8768 8784)
4(8696 8678 8769 8787)
4(8695 8786 8785 8694)
4(8696 8787 8786 8695)
4(8787 8769 8785 8786)
4(8697 8679 8770 8788)
4(8697 8788 8787 8696)
4(8788 8770 8769 8787)
4(8698 8680 8771 8789)
4(8698 8789 8788 8697)
4(8789 8771 8770 8788)
4(8700 8680 8771 8791)
4(8699 8790 8789 8698)
4(8700 8791 8790 8699)
4(8791 8771 8789 8790)
4(8701 8681 8772 8792)
4(8701 8792 8791 8700)
4(8792 8772 8771 8791)
4(8702 8682 8773 8793)
4(8702 8793 8792 8701)
4(8793 8773 8772 8792)
4(8654 8745 8793 8702)
4(8745 8746 8773 8793)
4(8703 8683 8774 8794)
4(8703 8794 8748 8657)
4(8794 8774 8747 8748)
4(8704 8684 8775 8795)
4(8704 8795 8794 8703)
4(8795 8775 8774 8794)
4(8705 8685 8776 8796)
4(8705 8796 8795 8704)
4(8796 8776 8775 8795)
4(8707 8685 8776 8798)
4(8706 8797 8796 8705)
4(8707 8798 8797 8706)
4(8798 8776 8796 8797)
4(8687 8778 8798 8707)
4(8778 8764 8776 8798)
4(8708 8688 8779 8799)
4(8709 8800 8777 8686)
4(8799 8779 8777 8800)
4(8710 8689 8780 8801)
4(8801 8780 8779 8799)
4(8711 8690 8781 8802)
4(8802 8781 8780 8801)
4(8712 8691 8782 8803)
4(8803 8782 8781 8802)
4(8713 8647 8738 8804)
4(8804 8738 8782 8803)
4(8714 8646 8737 8805)
4(8805 8737 8738 8804)
4(8715 8650 8741 8806)
4(8806 8741 8737 8805)
4(8716 8692 8783 8807)
4(8807 8783 8741 8806)
4(8717 8693 8784 8808)
4(8808 8784 8783 8807)
4(8718 8694 8785 8809)
4(8809 8785 8784 8808)
4(8719 8695 8786 8810)
4(8810 8786 8785 8809)
4(8720 8696 8787 8811)
4(8811 8787 8786 8810)
4(8721 8697 8788 8812)
4(8812 8788 8787 8811)
4(8722 8698 8789 8813)
4(8813 8789 8788 8812)
4(8723 8699 8790 8814)
4(8813 8814 8790 8789)
4(8724 8700 8791 8815)
4(8815 8791 8790 8814)
4(8725 8701 8792 8816)
4(8816 8792 8791 8815)
4(8726 8702 8793 8817)
4(8817 8793 8792 8816)
4(8727 8654 8745 8818)
4(8818 8745 8793 8817)
4(8728 8653 8744 8819)
4(8819 8744 8745 8818)
4(8729 8657 8748 8820)
4(8820 8748 8744 8819)
4(8730 8703 8794 8821)
4(8821 8794 8748 8820)
4(8731 8704 8795 8822)
4(8822 8795 8794 8821)
4(8732 8705 8796 8823)
4(8823 8796 8795 8822)
4(8733 8706 8797 8824)
4(8824 8797 8796 8823)
4(8734 8707 8798 8825)
4(8825 8798 8797 8824)
4(8735 8687 8778 8826)
4(8826 8778 8798 8825)
4(8800 8777 8778 8826)
4(8737 8736 8827 8828)
4(8739 8830 8827 8736)
4(8738 8829 8830 8739)
4(8737 8828 8829 8738)
4(8828 8827 8830 8829)
4(8740 8736 8827 8831)
4(8741 8740 8831 8832)
4(8741 8832 8828 8737)
4(8832 8831 8827 8828)
4(8739 8830 8833 8742)
4(8740 8742 8833 8831)
4(8831 8833 8830 8827)
4(8744 8743 8834 8835)
4(8746 8837 8834 8743)
4(8745 8836 8837 8746)
4(8744 8835 8836 8745)
4(8835 8834 8837 8836)
4(8747 8743 8834 8838)
4(8748 8747 8838 8839)
4(8748 8839 8835 8744)
4(8839 8838 8834 8835)
4(8746 8837 8840 8749)
4(8747 8749 8840 8838)
4(8838 8840 8837 8834)
4(8753 8844 8841 8750)
4(8752 8751 8842 8843)
4(8750 8841 8842 8751)
4(8752 8843 8844 8753)
4(8843 8842 8841 8844)
4(8755 8846 8841 8750)
4(8754 8845 8846 8755)
4(8753 8844 8845 8754)
4(8844 8841 8846 8845)
4(8756 8751 8842 8847)
4(8742 8833 8843 8752)
4(8756 8847 8833 8742)
4(8847 8842 8843 8833)
4(8757 8751 8842 8848)
4(8758 8849 8847 8756)
4(8757 8848 8849 8758)
4(8848 8842 8847 8849)
4(8759 8750 8841 8850)
4(8759 8850 8848 8757)
4(8850 8841 8842 8848)
4(8760 8755 8846 8851)
4(8760 8851 8850 8759)
4(8851 8846 8841 8850)
4(8761 8755 8846 8852)
4(8749 8840 8851 8760)
4(8761 8852 8840 8749)
4(8852 8846 8851 8840)
4(8762 8754 8845 8853)
4(8762 8853 8852 8761)
4(8853 8845 8846 8852)
4(8763 8754 8845 8854)
4(8764 8855 8853 8762)
4(8764 8763 8854 8855)
4(8855 8854 8845 8853)
4(8765 8753 8844 8856)
4(8765 8856 8854 8763)
4(8856 8844 8845 8854)
4(8766 8752 8843 8857)
4(8766 8857 8856 8765)
4(8857 8843 8844 8856)
4(8766 8739 8830 8857)
4(8857 8830 8833 8843)
4(8767 8756 8847 8858)
4(8767 8858 8831 8740)
4(8858 8847 8833 8831)
4(8768 8758 8849 8859)
4(8768 8859 8858 8767)
4(8859 8849 8847 8858)
4(8770 8758 8849 8861)
4(8769 8860 8859 8768)
4(8770 8861 8860 8769)
4(8861 8849 8859 8860)
4(8771 8757 8848 8862)
4(8771 8862 8861 8770)
4(8862 8848 8849 8861)
4(8772 8759 8850 8863)
4(8772 8863 8862 8771)
4(8863 8850 8848 8862)
4(8773 8760 8851 8864)
4(8773 8864 8863 8772)
4(8864 8851 8850 8863)
4(8773 8746 8837 8864)
4(8864 8837 8840 8851)
4(8774 8761 8852 8865)
4(8774 8865 8838 8747)
4(8865 8852 8840 8838)
4(8775 8762 8853 8866)
4(8775 8866 8865 8774)
4(8866 8853 8852 8865)
4(8776 8867 8866 8775)
4(8776 8764 8855 8867)
4(8867 8855 8853 8866)
4(8777 8763 8854 8868)
4(8778 8869 8855 8764)
4(8778 8777 8868 8869)
4(8869 8868 8854 8855)
4(8780 8763 8854 8871)
4(8777 8779 8870 8868)
4(8780 8871 8870 8779)
4(8868 8870 8871 8854)
4(8781 8765 8856 8872)
4(8781 8872 8871 8780)
4(8872 8856 8854 8871)
4(8782 8766 8857 8873)
4(8782 8873 8872 8781)
4(8873 8857 8856 8872)
4(8738 8829 8873 8782)
4(8829 8830 8857 8873)
4(8783 8767 8858 8874)
4(8783 8874 8832 8741)
4(8874 8858 8831 8832)
4(8784 8768 8859 8875)
4(8784 8875 8874 8783)
4(8875 8859 8858 8874)
4(8785 8769 8860 8876)
4(8785 8876 8875 8784)
4(8876 8860 8859 8875)
4(8787 8769 8860 8878)
4(8786 8877 8876 8785)
4(8787 8878 8877 8786)
4(8878 8860 8876 8877)
4(8788 8770 8861 8879)
4(8788 8879 8878 8787)
4(8879 8861 8860 8878)
4(8789 8771 8862 8880)
4(8789 8880 8879 8788)
4(8880 8862 8861 8879)
4(8791 8771 8862 8882)
4(8790 8881 8880 8789)
4(8791 8882 8881 8790)
4(8882 8862 8880 8881)
4(8792 8772 8863 8883)
4(8792 8883 8882 8791)
4(8883 8863 8862 8882)
4(8793 8773 8864 8884)
4(8793 8884 8883 8792)
4(8884 8864 8863 8883)
4(8745 8836 8884 8793)
4(8836 8837 8864 8884)
4(8794 8774 8865 8885)
4(8794 8885 8839 8748)
4(8885 8865 8838 8839)
4(8795 8775 8866 8886)
4(8795 8886 8885 8794)
4(8886 8866 8865 8885)
4(8796 8776 8867 8887)
4(8796 8887 8886 8795)
4(8887 8867 8866 8886)
4(8798 8776 8867 8889)
4(8797 8888 8887 8796)
4(8798 8889 8888 8797)
4(8889 8867 8887 8888)
4(8778 8869 8889 8798)
4(8869 8855 8867 8889)
4(8799 8779 8870 8890)
4(8800 8891 8868 8777)
4(8890 8870 8868 8891)
4(8801 8780 8871 8892)
4(8892 8871 8870 8890)
4(8802 8781 8872 8893)
4(8893 8872 8871 8892)
4(8803 8782 8873 8894)
4(8894 8873 8872 8893)
4(8804 8738 8829 8895)
4(8895 8829 8873 8894)
4(8805 8737 8828 8896)
4(8896 8828 8829 8895)
4(8806 8741 8832 8897)
4(8897 8832 8828 8896)
4(8807 8783 8874 8898)
4(8898 8874 8832 8897)
4(8808 8784 8875 8899)
4(8899 8875 8874 8898)
4(8809 8785 8876 8900)
4(8900 8876 8875 8899)
4(8810 8786 8877 8901)
4(8901 8877 8876 8900)
4(8811 8787 8878 8902)
4(8902 8878 8877 8901)
4(8812 8788 8879 8903)
4(8903 8879 8878 8902)
4(8813 8789 8880 8904)
4(8904 8880 8879 8903)
4(8814 8790 8881 8905)
4(8904 8905 8881 8880)
4(8815 8791 8882 8906)
4(8906 8882 8881 8905)
4(8816 8792 8883 8907)
4(8907 8883 8882 8906)
4(8817 8793 8884 8908)
4(8908 8884 8883 8907)
4(8818 8745 8836 8909)
4(8909 8836 8884 8908)
4(8819 8744 8835 8910)
4(8910 8835 8836 8909)
4(8820 8748 8839 8911)
4(8911 8839 8835 8910)
4(8821 8794 8885 8912)
4(8912 8885 8839 8911)
4(8822 8795 8886 8913)
4(8913 8886 8885 8912)
4(8823 8796 8887 8914)
4(8914 8887 8886 8913)
4(8824 8797 8888 8915)
4(8915 8888 8887 8914)
4(8825 8798 8889 8916)
4(8916 8889 8888 8915)
4(8826 8778 8869 8917)
4(8917 8869 8889 8916)
4(8891 8868 8869 8917)
4(8828 8827 8918 8919)
4(8830 8921 8918 8827)
4(8829 8920 8921 8830)
4(8828 8919 8920 8829)
4(8919 8918 8921 8920)
4(8831 8827 8918 8922)
4(8832 8831 8922 8923)
4(8832 8923 8919 8828)
4(8923 8922 8918 8919)
4(8830 8921 8924 8833)
4(8831 8833 8924 8922)
4(8922 8924 8921 8918)
4(8835 8834 8925 8926)
4(8837 8928 8925 8834)
4(8836 8927 8928 8837)
4(8835 8926 8927 8836)
4(8926 8925 8928 8927)
4(8838 8834 8925 8929)
4(8839 8838 8929 8930)
4(8839 8930 8926 8835)
4(8930 8929 8925 8926)
4(8837 8928 8931 8840)
4(8838 8840 8931 8929)
4(8929 8931 8928 8925)
4(8844 8935 8932 8841)
4(8843 8842 8933 8934)
4(8841 8932 8933 8842)
4(8843 8934 8935 8844)
4(8934 8933 8932 8935)
4(8846 8937 8932 8841)
4(8845 8936 8937 8846)
4(8844 8935 8936 8845)
4(8935 8932 8937 8936)
4(8847 8842 8933 8938)
4(8833 8924 8934 8843)
4(8847 8938 8924 8833)
4(8938 8933 8934 8924)
4(8848 8842 8933 8939)
4(8849 8940 8938 8847)
4(8848 8939 8940 8849)
4(8939 8933 8938 8940)
4(8850 8841 8932 8941)
4(8850 8941 8939 8848)
4(8941 8932 8933 8939)
4(8851 8846 8937 8942)
4(8851 8942 8941 8850)
4(8942 8937 8932 8941)
4(8852 8846 8937 8943)
4(8840 8931 8942 8851)
4(8852 8943 8931 8840)
4(8943 8937 8942 8931)
4(8853 8845 8936 8944)
4(8853 8944 8943 8852)
4(8944 8936 8937 8943)
4(8854 8845 8936 8945)
4(8855 8946 8944 8853)
4(8855 8854 8945 8946)
4(8946 8945 8936 8944)
4(8856 8844 8935 8947)
4(8856 8947 8945 8854)
4(8947 8935 8936 8945)
4(8857 8843 8934 8948)
4(8857 8948 8947 8856)
4(8948 8934 8935 8947)
4(8857 8830 8921 8948)
4(8948 8921 8924 8934)
4(8858 8847 8938 8949)
4(8858 8949 8922 8831)
4(8949 8938 8924 8922)
4(8859 8849 8940 8950)
4(8859 8950 8949 8858)
4(8950 8940 8938 8949)
4(8861 8849 8940 8952)
4(8860 8951 8950 8859)
4(8861 8952 8951 8860)
4(8952 8940 8950 8951)
4(8862 8848 8939 8953)
4(8862 8953 8952 8861)
4(8953 8939 8940 8952)
4(8863 8850 8941 8954)
4(8863 8954 8953 8862)
4(8954 8941 8939 8953)
4(8864 8851 8942 8955)
4(8864 8955 8954 8863)
4(8955 8942 8941 8954)
4(8864 8837 8928 8955)
4(8955 8928 8931 8942)
4(8865 8852 8943 8956)
4(8865 8956 8929 8838)
4(8956 8943 8931 8929)
4(8866 8853 8944 8957)
4(8866 8957 8956 8865)
4(8957 8944 8943 8956)
4(8867 8958 8957 8866)
4(8867 8855 8946 8958)
4(8958 8946 8944 8957)
4(8868 8854 8945 8959)
4(8869 8960 8946 8855)
4(8869 8868 8959 8960)
4(8960 8959 8945 8946)
4(8871 8854 8945 8962)
4(8868 8870 8961 8959)
4(8871 8962 8961 8870)
4(8959 8961 8962 8945)
4(8872 8856 8947 8963)
4(8872 8963 8962 8871)
4(8963 8947 8945 8962)
4(8873 8857 8948 8964)
4(8873 8964 8963 8872)
4(8964 8948 8947 8963)
4(8829 8920 8964 8873)
4(8920 8921 8948 8964)
4(8874 8858 8949 8965)
4(8874 8965 8923 8832)
4(8965 8949 8922 8923)
4(8875 8859 8950 8966)
4(8875 8966 8965 8874)
4(8966 8950 8949 8965)
4(8876 8860 8951 8967)
4(8876 8967 8966 8875)
4(8967 8951 8950 8966)
4(8878 8860 8951 8969)
4(8877 8968 8967 8876)
4(8878 8969 8968 8877)
4(8969 8951 8967 8968)
4(8879 8861 8952 8970)
4(8879 8970 8969 8878)
4(8970 8952 8951 8969)
4(8880 8862 8953 8971)
4(8880 8971 8970 8879)
4(8971 8953 8952 8970)
4(8882 8862 8953 8973)
4(8881 8972 8971 8880)
4(8882 8973 8972 8881)
4(8973 8953 8971 8972)
4(8883 8863 8954 8974)
4(8883 8974 8973 8882)
4(8974 8954 8953 8973)
4(8884 8864 8955 8975)
4(8884 8975 8974 8883)
4(8975 8955 8954 8974)
4(8836 8927 8975 8884)
4(8927 8928 8955 8975)
4(8885 8865 8956 8976)
4(8885 8976 8930 8839)
4(8976 8956 8929 8930)
4(8886 8866 8957 8977)
4(8886 8977 8976 8885)
4(8977 8957 8956 8976)
4(8887 8867 8958 8978)
4(8887 8978 8977 8886)
4(8978 8958 8957 8977)
4(8889 8867 8958 8980)
4(8888 8979 8978 8887)
4(8889 8980 8979 8888)
4(8980 8958 8978 8979)
4(8869 8960 8980 8889)
4(8960 8946 8958 8980)
4(8890 8870 8961 8981)
4(8891 8982 8959 8868)
4(8981 8961 8959 8982)
4(8892 8871 8962 8983)
4(8983 8962 8961 8981)
4(8893 8872 8963 8984)
4(8984 8963 8962 8983)
4(8894 8873 8964 8985)
4(8985 8964 8963 8984)
4(8895 8829 8920 8986)
4(8986 8920 8964 8985)
4(8896 8828 8919 8987)
4(8987 8919 8920 8986)
4(8897 8832 8923 8988)
4(8988 8923 8919 8987)
4(8898 8874 8965 8989)
4(8989 8965 8923 8988)
4(8899 8875 8966 8990)
4(8990 8966 8965 8989)
4(8900 8876 8967 8991)
4(8991 8967 8966 8990)
4(8901 8877 8968 8992)
4(8992 8968 8967 8991)
4(8902 8878 8969 8993)
4(8993 8969 8968 8992)
4(8903 8879 8970 8994)
4(8994 8970 8969 8993)
4(8904 8880 8971 8995)
4(8995 8971 8970 8994)
4(8905 8881 8972 8996)
4(8995 8996 8972 8971)
4(8906 8882 8973 8997)
4(8997 8973 8972 8996)
4(8907 8883 8974 8998)
4(8998 8974 8973 8997)
4(8908 8884 8975 8999)
4(8999 8975 8974 8998)
4(8909 8836 8927 9000)
4(9000 8927 8975 8999)
4(8910 8835 8926 9001)
4(9001 8926 8927 9000)
4(8911 8839 8930 9002)
4(9002 8930 8926 9001)
4(8912 8885 8976 9003)
4(9003 8976 8930 9002)
4(8913 8886 8977 9004)
4(9004 8977 8976 9003)
4(8914 8887 8978 9005)
4(9005 8978 8977 9004)
4(8915 8888 8979 9006)
4(9006 8979 8978 9005)
4(8916 8889 8980 9007)
4(9007 8980 8979 9006)
4(8917 8869 8960 9008)
4(9008 8960 8980 9007)
4(8982 8959 8960 9008)
4(8919 8918 9009 9010)
4(8921 9012 9009 8918)
4(8920 9011 9012 8921)
4(8919 9010 9011 8920)
4(9010 9009 9012 9011)
4(8922 8918 9009 9013)
4(8923 8922 9013 9014)
4(8923 9014 9010 8919)
4(9014 9013 9009 9010)
4(8921 9012 9015 8924)
4(8922 8924 9015 9013)
4(9013 9015 9012 9009)
4(8926 8925 9016 9017)
4(8928 9019 9016 8925)
4(8927 9018 9019 8928)
4(8926 9017 9018 8927)
4(9017 9016 9019 9018)
4(8929 8925 9016 9020)
4(8930 8929 9020 9021)
4(8930 9021 9017 8926)
4(9021 9020 9016 9017)
4(8928 9019 9022 8931)
4(8929 8931 9022 9020)
4(9020 9022 9019 9016)
4(8935 9026 9023 8932)
4(8934 8933 9024 9025)
4(8932 9023 9024 8933)
4(8934 9025 9026 8935)
4(9025 9024 9023 9026)
4(8937 9028 9023 8932)
4(8936 9027 9028 8937)
4(8935 9026 9027 8936)
4(9026 9023 9028 9027)
4(8938 8933 9024 9029)
4(8924 9015 9025 8934)
4(8938 9029 9015 8924)
4(9029 9024 9025 9015)
4(8939 8933 9024 9030)
4(8940 9031 9029 8938)
4(8939 9030 9031 8940)
4(9030 9024 9029 9031)
4(8941 8932 9023 9032)
4(8941 9032 9030 8939)
4(9032 9023 9024 9030)
4(8942 8937 9028 9033)
4(8942 9033 9032 8941)
4(9033 9028 9023 9032)
4(8943 8937 9028 9034)
4(8931 9022 9033 8942)
4(8943 9034 9022 8931)
4(9034 9028 9033 9022)
4(8944 8936 9027 9035)
4(8944 9035 9034 8943)
4(9035 9027 9028 9034)
4(8945 8936 9027 9036)
4(8946 9037 9035 8944)
4(8946 8945 9036 9037)
4(9037 9036 9027 9035)
4(8947 8935 9026 9038)
4(8947 9038 9036 8945)
4(9038 9026 9027 9036)
4(8948 8934 9025 9039)
4(8948 9039 9038 8947)
4(9039 9025 9026 9038)
4(8948 8921 9012 9039)
4(9039 9012 9015 9025)
4(8949 8938 9029 9040)
4(8949 9040 9013 8922)
4(9040 9029 9015 9013)
4(8950 8940 9031 9041)
4(8950 9041 9040 8949)
4(9041 9031 9029 9040)
4(8952 8940 9031 9043)
4(8951 9042 9041 8950)
4(8952 9043 9042 8951)
4(9043 9031 9041 9042)
4(8953 8939 9030 9044)
4(8953 9044 9043 8952)
4(9044 9030 9031 9043)
4(8954 8941 9032 9045)
4(8954 9045 9044 8953)
4(9045 9032 9030 9044)
4(8955 8942 9033 9046)
4(8955 9046 9045 8954)
4(9046 9033 9032 9045)
4(8955 8928 9019 9046)
4(9046 9019 9022 9033)
4(8956 8943 9034 9047)
4(8956 9047 9020 8929)
4(9047 9034 9022 9020)
4(8957 8944 9035 9048)
4(8957 9048 9047 8956)
4(9048 9035 9034 9047)
4(8958 9049 9048 8957)
4(8958 8946 9037 9049)
4(9049 9037 9035 9048)
4(8959 8945 9036 9050)
4(8960 9051 9037 8946)
4(8960 8959 9050 9051)
4(9051 9050 9036 9037)
4(8962 8945 9036 9053)
4(8959 8961 9052 9050)
4(8962 9053 9052 8961)
4(9050 9052 9053 9036)
4(8963 8947 9038 9054)
4(8963 9054 9053 8962)
4(9054 9038 9036 9053)
4(8964 8948 9039 9055)
4(8964 9055 9054 8963)
4(9055 9039 9038 9054)
4(8920 9011 9055 8964)
4(9011 9012 9039 9055)
4(8965 8949 9040 9056)
4(8965 9056 9014 8923)
4(9056 9040 9013 9014)
4(8966 8950 9041 9057)
4(8966 9057 9056 8965)
4(9057 9041 9040 9056)
4(8967 8951 9042 9058)
4(8967 9058 9057 8966)
4(9058 9042 9041 9057)
4(8969 8951 9042 9060)
4(8968 9059 9058 8967)
4(8969 9060 9059 8968)
4(9060 9042 9058 9059)
4(8970 8952 9043 9061)
4(8970 9061 9060 8969)
4(9061 9043 9042 9060)
4(8971 8953 9044 9062)
4(8971 9062 9061 8970)
4(9062 9044 9043 9061)
4(8973 8953 9044 9064)
4(8972 9063 9062 8971)
4(8973 9064 9063 8972)
4(9064 9044 9062 9063)
4(8974 8954 9045 9065)
4(8974 9065 9064 8973)
4(9065 9045 9044 9064)
4(8975 8955 9046 9066)
4(8975 9066 9065 8974)
4(9066 9046 9045 9065)
4(8927 9018 9066 8975)
4(9018 9019 9046 9066)
4(8976 8956 9047 9067)
4(8976 9067 9021 8930)
4(9067 9047 9020 9021)
4(8977 8957 9048 9068)
4(8977 9068 9067 8976)
4(9068 9048 9047 9067)
4(8978 8958 9049 9069)
4(8978 9069 9068 8977)
4(9069 9049 9048 9068)
4(8980 8958 9049 9071)
4(8979 9070 9069 8978)
4(8980 9071 9070 8979)
4(9071 9049 9069 9070)
4(8960 9051 9071 8980)
4(9051 9037 9049 9071)
4(8981 8961 9052 9072)
4(8982 9073 9050 8959)
4(9072 9052 9050 9073)
4(8983 8962 9053 9074)
4(9074 9053 9052 9072)
4(8984 8963 9054 9075)
4(9075 9054 9053 9074)
4(8985 8964 9055 9076)
4(9076 9055 9054 9075)
4(8986 8920 9011 9077)
4(9077 9011 9055 9076)
4(8987 8919 9010 9078)
4(9078 9010 9011 9077)
4(8988 8923 9014 9079)
4(9079 9014 9010 9078)
4(8989 8965 9056 9080)
4(9080 9056 9014 9079)
4(8990 8966 9057 9081)
4(9081 9057 9056 9080)
4(8991 8967 9058 9082)
4(9082 9058 9057 9081)
4(8992 8968 9059 9083)
4(9083 9059 9058 9082)
4(8993 8969 9060 9084)
4(9084 9060 9059 9083)
4(8994 8970 9061 9085)
4(9085 9061 9060 9084)
4(8995 8971 9062 9086)
4(9086 9062 9061 9085)
4(8996 8972 9063 9087)
4(9086 9087 9063 9062)
4(8997 8973 9064 9088)
4(9088 9064 9063 9087)
4(8998 8974 9065 9089)
4(9089 9065 9064 9088)
4(8999 8975 9066 9090)
4(9090 9066 9065 9089)
4(9000 8927 9018 9091)
4(9091 9018 9066 9090)
4(9001 8926 9017 9092)
4(9092 9017 9018 9091)
4(9002 8930 9021 9093)
4(9093 9021 9017 9092)
4(9003 8976 9067 9094)
4(9094 9067 9021 9093)
4(9004 8977 9068 9095)
4(9095 9068 9067 9094)
4(9005 8978 9069 9096)
4(9096 9069 9068 9095)
4(9006 8979 9070 9097)
4(9097 9070 9069 9096)
4(9007 8980 9071 9098)
4(9098 9071 9070 9097)
4(9008 8960 9051 9099)
4(9099 9051 9071 9098)
4(9073 9050 9051 9099)
4(9010 9009 9100 9101)
4(9012 9103 9100 9009)
4(9011 9102 9103 9012)
4(9010 9101 9102 9011)
4(9101 9100 9103 9102)
4(9013 9009 9100 9104)
4(9014 9013 9104 9105)
4(9014 9105 9101 9010)
4(9105 9104 9100 9101)
4(9012 9103 9106 9015)
4(9013 9015 9106 9104)
4(9104 9106 9103 9100)
4(9017 9016 9107 9108)
4(9019 9110 9107 9016)
4(9018 9109 9110 9019)
4(9017 9108 9109 9018)
4(9108 9107 9110 9109)
4(9020 9016 9107 9111)
4(9021 9020 9111 9112)
4(9021 9112 9108 9017)
4(9112 9111 9107 9108)
4(9019 9110 9113 9022)
4(9020 9022 9113 9111)
4(9111 9113 9110 9107)
4(9026 9117 9114 9023)
4(9025 9024 9115 9116)
4(9023 9114 9115 9024)
4(9025 9116 9117 9026)
4(9116 9115 9114 9117)
4(9028 9119 9114 9023)
4(9027 9118 9119 9028)
4(9026 9117 9118 9027)
4(9117 9114 9119 9118)
4(9029 9024 9115 9120)
4(9015 9106 9116 9025)
4(9029 9120 9106 9015)
4(9120 9115 9116 9106)
4(9030 9024 9115 9121)
4(9031 9122 9120 9029)
4(9030 9121 9122 9031)
4(9121 9115 9120 9122)
4(9032 9023 9114 9123)
4(9032 9123 9121 9030)
4(9123 9114 9115 9121)
4(9033 9028 9119 9124)
4(9033 9124 9123 9032)
4(9124 9119 9114 9123)
4(9034 9028 9119 9125)
4(9022 9113 9124 9033)
4(9034 9125 9113 9022)
4(9125 9119 9124 9113)
4(9035 9027 9118 9126)
4(9035 9126 9125 9034)
4(9126 9118 9119 9125)
4(9036 9027 9118 9127)
4(9037 9128 9126 9035)
4(9037 9036 9127 9128)
4(9128 9127 9118 9126)
4(9038 9026 9117 9129)
4(9038 9129 9127 9036)
4(9129 9117 9118 9127)
4(9039 9025 9116 9130)
4(9039 9130 9129 9038)
4(9130 9116 9117 9129)
4(9039 9012 9103 9130)
4(9130 9103 9106 9116)
4(9040 9029 9120 9131)
4(9040 9131 9104 9013)
4(9131 9120 9106 9104)
4(9041 9031 9122 9132)
4(9041 9132 9131 9040)
4(9132 9122 9120 9131)
4(9043 9031 9122 9134)
4(9042 9133 9132 9041)
4(9043 9134 9133 9042)
4(9134 9122 9132 9133)
4(9044 9030 9121 9135)
4(9044 9135 9134 9043)
4(9135 9121 9122 9134)
4(9045 9032 9123 9136)
4(9045 9136 9135 9044)
4(9136 9123 9121 9135)
4(9046 9033 9124 9137)
4(9046 9137 9136 9045)
4(9137 9124 9123 9136)
4(9046 9019 9110 9137)
4(9137 9110 9113 9124)
4(9047 9034 9125 9138)
4(9047 9138 9111 9020)
4(9138 9125 9113 9111)
4(9048 9035 9126 9139)
4(9048 9139 9138 9047)
4(9139 9126 9125 9138)
4(9049 9140 9139 9048)
4(9049 9037 9128 9140)
4(9140 9128 9126 9139)
4(9050 9036 9127 9141)
4(9051 9142 9128 9037)
4(9051 9050 9141 9142)
4(9142 9141 9127 9128)
4(9053 9036 9127 9144)
4(9050 9052 9143 9141)
4(9053 9144 9143 9052)
4(9141 9143 9144 9127)
4(9054 9038 9129 9145)
4(9054 9145 9144 9053)
4(9145 9129 9127 9144)
4(9055 9039 9130 9146)
4(9055 9146 9145 9054)
4(9146 9130 9129 9145)
4(9011 9102 9146 9055)
4(9102 9103 9130 9146)
4(9056 9040 9131 9147)
4(9056 9147 9105 9014)
4(9147 9131 9104 9105)
4(9057 9041 9132 9148)
4(9057 9148 9147 9056)
4(9148 9132 9131 9147)
4(9058 9042 9133 9149)
4(9058 9149 9148 9057)
4(9149 9133 9132 9148)
4(9060 9042 9133 9151)
4(9059 9150 9149 9058)
4(9060 9151 9150 9059)
4(9151 9133 9149 9150)
4(9061 9043 9134 9152)
4(9061 9152 9151 9060)
4(9152 9134 9133 9151)
4(9062 9044 9135 9153)
4(9062 9153 9152 9061)
4(9153 9135 9134 9152)
4(9064 9044 9135 9155)
4(9063 9154 9153 9062)
4(9064 9155 9154 9063)
4(9155 9135 9153 9154)
4(9065 9045 9136 9156)
4(9065 9156 9155 9064)
4(9156 9136 9135 9155)
4(9066 9046 9137 9157)
4(9066 9157 9156 9065)
4(9157 9137 9136 9156)
4(9018 9109 9157 9066)
4(9109 9110 9137 9157)
4(9067 9047 9138 9158)
4(9067 9158 9112 9021)
4(9158 9138 9111 9112)
4(9068 9048 9139 9159)
4(9068 9159 9158 9067)
4(9159 9139 9138 9158)
4(9069 9049 9140 9160)
4(9069 9160 9159 9068)
4(9160 9140 9139 9159)
4(9071 9049 9140 9162)
4(9070 9161 9160 9069)
4(9071 9162 9161 9070)
4(9162 9140 9160 9161)
4(9051 9142 9162 9071)
4(9142 9128 9140 9162)
4(9072 9052 9143 9163)
4(9073 9164 9141 9050)
4(9163 9143 9141 9164)
4(9074 9053 9144 9165)
4(9165 9144 9143 9163)
4(9075 9054 9145 9166)
4(9166 9145 9144 9165)
4(9076 9055 9146 9167)
4(9167 9146 9145 9166)
4(9077 9011 9102 9168)
4(9168 9102 9146 9167)
4(9078 9010 9101 9169)
4(9169 9101 9102 9168)
4(9079 9014 9105 9170)
4(9170 9105 9101 9169)
4(9080 9056 9147 9171)
4(9171 9147 9105 9170)
4(9081 9057 9148 9172)
4(9172 9148 9147 9171)
4(9082 9058 9149 9173)
4(9173 9149 9148 9172)
4(9083 9059 9150 9174)
4(9174 9150 9149 9173)
4(9084 9060 9151 9175)
4(9175 9151 9150 9174)
4(9085 9061 9152 9176)
4(9176 9152 9151 9175)
4(9086 9062 9153 9177)
4(9177 9153 9152 9176)
4(9087 9063 9154 9178)
4(9177 9178 9154 9153)
4(9088 9064 9155 9179)
4(9179 9155 9154 9178)
4(9089 9065 9156 9180)
4(9180 9156 9155 9179)
4(9090 9066 9157 9181)
4(9181 9157 9156 9180)
4(9091 9018 9109 9182)
4(9182 9109 9157 9181)
4(9092 9017 9108 9183)
4(9183 9108 9109 9182)
4(9093 9021 9112 9184)
4(9184 9112 9108 9183)
4(9094 9067 9158 9185)
4(9185 9158 9112 9184)
4(9095 9068 9159 9186)
4(9186 9159 9158 9185)
4(9096 9069 9160 9187)
4(9187 9160 9159 9186)
4(9097 9070 9161 9188)
4(9188 9161 9160 9187)
4(9098 9071 9162 9189)
4(9189 9162 9161 9188)
4(9099 9051 9142 9190)
4(9190 9142 9162 9189)
4(9164 9141 9142 9190)
4(9101 9100 9191 9192)
4(9103 9194 9191 9100)
4(9102 9193 9194 9103)
4(9101 9192 9193 9102)
4(9192 9191 9194 9193)
4(9104 9100 9191 9195)
4(9105 9104 9195 9196)
4(9105 9196 9192 9101)
4(9196 9195 9191 9192)
4(9103 9194 9197 9106)
4(9104 9106 9197 9195)
4(9195 9197 9194 9191)
4(9108 9107 9198 9199)
4(9110 9201 9198 9107)
4(9109 9200 9201 9110)
4(9108 9199 9200 9109)
4(9199 9198 9201 9200)
4(9111 9107 9198 9202)
4(9112 9111 9202 9203)
4(9112 9203 9199 9108)
4(9203 9202 9198 9199)
4(9110 9201 9204 9113)
4(9111 9113 9204 9202)
4(9202 9204 9201 9198)
4(9117 9208 9205 9114)
4(9116 9115 9206 9207)
4(9114 9205 9206 9115)
4(9116 9207 9208 9117)
4(9207 9206 9205 9208)
4(9119 9210 9205 9114)
4(9118 9209 9210 9119)
4(9117 9208 9209 9118)
4(9208 9205 9210 9209)
4(9120 9115 9206 9211)
4(9106 9197 9207 9116)
4(9120 9211 9197 9106)
4(9211 9206 9207 9197)
4(9121 9115 9206 9212)
4(9122 9213 9211 9120)
4(9121 9212 9213 9122)
4(9212 9206 9211 9213)
4(9123 9114 9205 9214)
4(9123 9214 9212 9121)
4(9214 9205 9206 9212)
4(9124 9119 9210 9215)
4(9124 9215 9214 9123)
4(9215 9210 9205 9214)
4(9125 9119 9210 9216)
4(9113 9204 9215 9124)
4(9125 9216 9204 9113)
4(9216 9210 9215 9204)
4(9126 9118 9209 9217)
4(9126 9217 9216 9125)
4(9217 9209 9210 9216)
4(9127 9118 9209 9218)
4(9128 9219 9217 9126)
4(9128 9127 9218 9219)
4(9219 9218 9209 9217)
4(9129 9117 9208 9220)
4(9129 9220 9218 9127)
4(9220 9208 9209 9218)
4(9130 9116 9207 9221)
4(9130 9221 9220 9129)
4(9221 9207 9208 9220)
4(9130 9103 9194 9221)
4(9221 9194 9197 9207)
4(9131 9120 9211 9222)
4(9131 9222 9195 9104)
4(9222 9211 9197 9195)
4(9132 9122 9213 9223)
4(9132 9223 9222 9131)
4(9223 9213 9211 9222)
4(9134 9122 9213 9225)
4(9133 9224 9223 9132)
4(9134 9225 9224 9133)
4(9225 9213 9223 9224)
4(9135 9121 9212 9226)
4(9135 9226 9225 9134)
4(9226 9212 9213 9225)
4(9136 9123 9214 9227)
4(9136 9227 9226 9135)
4(9227 9214 9212 9226)
4(9137 9124 9215 9228)
4(9137 9228 9227 9136)
4(9228 9215 9214 9227)
4(9137 9110 9201 9228)
4(9228 9201 9204 9215)
4(9138 9125 9216 9229)
4(9138 9229 9202 9111)
4(9229 9216 9204 9202)
4(9139 9126 9217 9230)
4(9139 9230 9229 9138)
4(9230 9217 9216 9229)
4(9140 9231 9230 9139)
4(9140 9128 9219 9231)
4(9231 9219 9217 9230)
4(9141 9127 9218 9232)
4(9142 9233 9219 9128)
4(9142 9141 9232 9233)
4(9233 9232 9218 9219)
4(9144 9127 9218 9235)
4(9141 9143 9234 9232)
4(9144 9235 9234 9143)
4(9232 9234 9235 9218)
4(9145 9129 9220 9236)
4(9145 9236 9235 9144)
4(9236 9220 9218 9235)
4(9146 9130 9221 9237)
4(9146 9237 9236 9145)
4(9237 9221 9220 9236)
4(9102 9193 9237 9146)
4(9193 9194 9221 9237)
4(9147 9131 9222 9238)
4(9147 9238 9196 9105)
4(9238 9222 9195 9196)
4(9148 9132 9223 9239)
4(9148 9239 9238 9147)
4(9239 9223 9222 9238)
4(9149 9133 9224 9240)
4(9149 9240 9239 9148)
4(9240 9224 9223 9239)
4(9151 9133 9224 9242)
4(9150 9241 9240 9149)
4(9151 9242 9241 9150)
4(9242 9224 9240 9241)
4(9152 9134 9225 9243)
4(9152 9243 9242 9151)
4(9243 9225 9224 9242)
4(9153 9135 9226 9244)
4(9153 9244 9243 9152)
4(9244 9226 9225 9243)
4(9155 9135 9226 9246)
4(9154 9245 9244 9153)
4(9155 9246 9245 9154)
4(9246 9226 9244 9245)
4(9156 9136 9227 9247)
4(9156 9247 9246 9155)
4(9247 9227 9226 9246)
4(9157 9137 9228 9248)
4(9157 9248 9247 9156)
4(9248 9228 9227 9247)
4(9109 9200 9248 9157)
4(9200 9201 9228 9248)
4(9158 9138 9229 9249)
4(9158 9249 9203 9112)
4(9249 9229 9202 9203)
4(9159 9139 9230 9250)
4(9159 9250 9249 9158)
4(9250 9230 9229 9249)
4(9160 9140 9231 9251)
4(9160 9251 9250 9159)
4(9251 9231 9230 9250)
4(9162 9140 9231 9253)
4(9161 9252 9251 9160)
4(9162 9253 9252 9161)
4(9253 9231 9251 9252)
4(9142 9233 9253 9162)
4(9233 9219 9231 9253)
4(9163 9143 9234 9254)
4(9164 9255 9232 9141)
4(9254 9234 9232 9255)
4(9165 9144 9235 9256)
4(9256 9235 9234 9254)
4(9166 9145 9236 9257)
4(9257 9236 9235 9256)
4(9167 9146 9237 9258)
4(9258 9237 9236 9257)
4(9168 9102 9193 9259)
4(9259 9193 9237 9258)
4(9169 9101 9192 9260)
4(9260 9192 9193 9259)
4(9170 9105 9196 9261)
4(9261 9196 9192 9260)
4(9171 9147 9238 9262)
4(9262 9238 9196 9261)
4(9172 9148 9239 9263)
4(9263 9239 9238 9262)
4(9173 9149 9240 9264)
4(9264 9240 9239 9263)
4(9174 9150 9241 9265)
4(9265 9241 9240 9264)
4(9175 9151 9242 9266)
4(9266 9242 9241 9265)
4(9176 9152 9243 9267)
4(9267 9243 9242 9266)
4(9177 9153 9244 9268)
4(9268 9244 9243 9267)
4(9178 9154 9245 9269)
4(9268 9269 9245 9244)
4(9179 9155 9246 9270)
4(9270 9246 9245 9269)
4(9180 9156 9247 9271)
4(9271 9247 9246 9270)
4(9181 9157 9248 9272)
4(9272 9248 9247 9271)
4(9182 9109 9200 9273)
4(9273 9200 9248 9272)
4(9183 9108 9199 9274)
4(9274 9199 9200 9273)
4(9184 9112 9203 9275)
4(9275 9203 9199 9274)
4(9185 9158 9249 9276)
4(9276 9249 9203 9275)
4(9186 9159 9250 9277)
4(9277 9250 9249 9276)
4(9187 9160 9251 9278)
4(9278 9251 9250 9277)
4(9188 9161 9252 9279)
4(9279 9252 9251 9278)
4(9189 9162 9253 9280)
4(9280 9253 9252 9279)
4(9190 9142 9233 9281)
4(9281 9233 9253 9280)
4(9255 9232 9233 9281)
4(9192 9191 9282 9283)
4(9194 9285 9282 9191)
4(9193 9284 9285 9194)
4(9192 9283 9284 9193)
4(9283 9282 9285 9284)
4(9195 9191 9282 9286)
4(9196 9195 9286 9287)
4(9196 9287 9283 9192)
4(9287 9286 9282 9283)
4(9194 9285 9288 9197)
4(9195 9197 9288 9286)
4(9286 9288 9285 9282)
4(9199 9198 9289 9290)
4(9201 9292 9289 9198)
4(9200 9291 9292 9201)
4(9199 9290 9291 9200)
4(9290 9289 9292 9291)
4(9202 9198 9289 9293)
4(9203 9202 9293 9294)
4(9203 9294 9290 9199)
4(9294 9293 9289 9290)
4(9201 9292 9295 9204)
4(9202 9204 9295 9293)
4(9293 9295 9292 9289)
4(9208 9299 9296 9205)
4(9207 9206 9297 9298)
4(9205 9296 9297 9206)
4(9207 9298 9299 9208)
4(9298 9297 9296 9299)
4(9210 9301 9296 9205)
4(9209 9300 9301 9210)
4(9208 9299 9300 9209)
4(9299 9296 9301 9300)
4(9211 9206 9297 9302)
4(9197 9288 9298 9207)
4(9211 9302 9288 9197)
4(9302 9297 9298 9288)
4(9212 9206 9297 9303)
4(9213 9304 9302 9211)
4(9212 9303 9304 9213)
4(9303 9297 9302 9304)
4(9214 9205 9296 9305)
4(9214 9305 9303 9212)
4(9305 9296 9297 9303)
4(9215 9210 9301 9306)
4(9215 9306 9305 9214)
4(9306 9301 9296 9305)
4(9216 9210 9301 9307)
4(9204 9295 9306 9215)
4(9216 9307 9295 9204)
4(9307 9301 9306 9295)
4(9217 9209 9300 9308)
4(9217 9308 9307 9216)
4(9308 9300 9301 9307)
4(9218 9209 9300 9309)
4(9219 9310 9308 9217)
4(9219 9218 9309 9310)
4(9310 9309 9300 9308)
4(9220 9208 9299 9311)
4(9220 9311 9309 9218)
4(9311 9299 9300 9309)
4(9221 9207 9298 9312)
4(9221 9312 9311 9220)
4(9312 9298 9299 9311)
4(9221 9194 9285 9312)
4(9312 9285 9288 9298)
4(9222 9211 9302 9313)
4(9222 9313 9286 9195)
4(9313 9302 9288 9286)
4(9223 9213 9304 9314)
4(9223 9314 9313 9222)
4(9314 9304 9302 9313)
4(9225 9213 9304 9316)
4(9224 9315 9314 9223)
4(9225 9316 9315 9224)
4(9316 9304 9314 9315)
4(9226 9212 9303 9317)
4(9226 9317 9316 9225)
4(9317 9303 9304 9316)
4(9227 9214 9305 9318)
4(9227 9318 9317 9226)
4(9318 9305 9303 9317)
4(9228 9215 9306 9319)
4(9228 9319 9318 9227)
4(9319 9306 9305 9318)
4(9228 9201 9292 9319)
4(9319 9292 9295 9306)
4(9229 9216 9307 9320)
4(9229 9320 9293 9202)
4(9320 9307 9295 9293)
4(9230 9217 9308 9321)
4(9230 9321 9320 9229)
4(9321 9308 9307 9320)
4(9231 9322 9321 9230)
4(9231 9219 9310 9322)
4(9322 9310 9308 9321)
4(9232 9218 9309 9323)
4(9233 9324 9310 9219)
4(9233 9232 9323 9324)
4(9324 9323 9309 9310)
4(9235 9218 9309 9326)
4(9232 9234 9325 9323)
4(9235 9326 9325 9234)
4(9323 9325 9326 9309)
4(9236 9220 9311 9327)
4(9236 9327 9326 9235)
4(9327 9311 9309 9326)
4(9237 9221 9312 9328)
4(9237 9328 9327 9236)
4(9328 9312 9311 9327)
4(9193 9284 9328 9237)
4(9284 9285 9312 9328)
4(9238 9222 9313 9329)
4(9238 9329 9287 9196)
4(9329 9313 9286 9287)
4(9239 9223 9314 9330)
4(9239 9330 9329 9238)
4(9330 9314 9313 9329)
4(9240 9224 9315 9331)
4(9240 9331 9330 9239)
4(9331 9315 9314 9330)
4(9242 9224 9315 9333)
4(9241 9332 9331 9240)
4(9242 9333 9332 9241)
4(9333 9315 9331 9332)
4(9243 9225 9316 9334)
4(9243 9334 9333 9242)
4(9334 9316 9315 9333)
4(9244 9226 9317 9335)
4(9244 9335 9334 9243)
4(9335 9317 9316 9334)
4(9246 9226 9317 9337)
4(9245 9336 9335 9244)
4(9246 9337 9336 9245)
4(9337 9317 9335 9336)
4(9247 9227 9318 9338)
4(9247 9338 9337 9246)
4(9338 9318 9317 9337)
4(9248 9228 9319 9339)
4(9248 9339 9338 9247)
4(9339 9319 9318 9338)
4(9200 9291 9339 9248)
4(9291 9292 9319 9339)
4(9249 9229 9320 9340)
4(9249 9340 9294 9203)
4(9340 9320 9293 9294)
4(9250 9230 9321 9341)
4(9250 9341 9340 9249)
4(9341 9321 9320 9340)
4(9251 9231 9322 9342)
4(9251 9342 9341 9250)
4(9342 9322 9321 9341)
4(9253 9231 9322 9344)
4(9252 9343 9342 9251)
4(9253 9344 9343 9252)
4(9344 9322 9342 9343)
4(9233 9324 9344 9253)
4(9324 9310 9322 9344)
4(9254 9234 9325 9345)
4(9255 9346 9323 9232)
4(9345 9325 9323 9346)
4(9256 9235 9326 9347)
4(9347 9326 9325 9345)
4(9257 9236 9327 9348)
4(9348 9327 9326 9347)
4(9258 9237 9328 9349)
4(9349 9328 9327 9348)
4(9259 9193 9284 9350)
4(9350 9284 9328 9349)
4(9260 9192 9283 9351)
4(9351 9283 9284 9350)
4(9261 9196 9287 9352)
4(9352 9287 9283 9351)
4(9262 9238 9329 9353)
4(9353 9329 9287 9352)
4(9263 9239 9330 9354)
4(9354 9330 9329 9353)
4(9264 9240 9331 9355)
4(9355 9331 9330 9354)
4(9265 9241 9332 9356)
4(9356 9332 9331 9355)
4(9266 9242 9333 9357)
4(9357 9333 9332 9356)
4(9267 9243 9334 9358)
4(9358 9334 9333 9357)
4(9268 9244 9335 9359)
4(9359 9335 9334 9358)
4(9269 9245 9336 9360)
4(9359 9360 9336 9335)
4(9270 9246 9337 9361)
4(9361 9337 9336 9360)
4(9271 9247 9338 9362)
4(9362 9338 9337 9361)
4(9272 9248 9339 9363)
4(9363 9339 9338 9362)
4(9273 9200 9291 9364)
4(9364 9291 9339 9363)
4(9274 9199 9290 9365)
4(9365 9290 9291 9364)
4(9275 9203 9294 9366)
4(9366 9294 9290 9365)
4(9276 9249 9340 9367)
4(9367 9340 9294 9366)
4(9277 9250 9341 9368)
4(9368 9341 9340 9367)
4(9278 9251 9342 9369)
4(9369 9342 9341 9368)
4(9279 9252 9343 9370)
4(9370 9343 9342 9369)
4(9280 9253 9344 9371)
4(9371 9344 9343 9370)
4(9281 9233 9324 9372)
4(9372 9324 9344 9371)
4(9346 9323 9324 9372)
4(9283 9282 9373 9374)
4(9285 9376 9373 9282)
4(9284 9375 9376 9285)
4(9283 9374 9375 9284)
4(9286 9282 9373 9377)
4(9287 9286 9377 9378)
4(9287 9378 9374 9283)
4(9285 9376 9379 9288)
4(9286 9288 9379 9377)
4(9290 9289 9380 9381)
4(9292 9383 9380 9289)
4(9291 9382 9383 9292)
4(9290 9381 9382 9291)
4(9293 9289 9380 9384)
4(9294 9293 9384 9385)
4(9294 9385 9381 9290)
4(9292 9383 9386 9295)
4(9293 9295 9386 9384)
4(9299 9390 9387 9296)
4(9298 9297 9388 9389)
4(9296 9387 9388 9297)
4(9298 9389 9390 9299)
4(9301 9392 9387 9296)
4(9300 9391 9392 9301)
4(9299 9390 9391 9300)
4(9302 9297 9388 9393)
4(9288 9379 9389 9298)
4(9302 9393 9379 9288)
4(9303 9297 9388 9394)
4(9304 9395 9393 9302)
4(9303 9394 9395 9304)
4(9305 9296 9387 9396)
4(9305 9396 9394 9303)
4(9306 9301 9392 9397)
4(9306 9397 9396 9305)
4(9307 9301 9392 9398)
4(9295 9386 9397 9306)
4(9307 9398 9386 9295)
4(9308 9300 9391 9399)
4(9308 9399 9398 9307)
4(9309 9300 9391 9400)
4(9310 9401 9399 9308)
4(9310 9309 9400 9401)
4(9311 9299 9390 9402)
4(9311 9402 9400 9309)
4(9312 9298 9389 9403)
4(9312 9403 9402 9311)
4(9312 9285 9376 9403)
4(9313 9302 9393 9404)
4(9313 9404 9377 9286)
4(9314 9304 9395 9405)
4(9314 9405 9404 9313)
4(9316 9304 9395 9407)
4(9315 9406 9405 9314)
4(9316 9407 9406 9315)
4(9317 9303 9394 9408)
4(9317 9408 9407 9316)
4(9318 9305 9396 9409)
4(9318 9409 9408 9317)
4(9319 9306 9397 9410)
4(9319 9410 9409 9318)
4(9319 9292 9383 9410)
4(9320 9307 9398 9411)
4(9320 9411 9384 9293)
4(9321 9308 9399 9412)
4(9321 9412 9411 9320)
4(9322 9413 9412 9321)
4(9322 9310 9401 9413)
4(9323 9309 9400 9414)
4(9324 9415 9401 9310)
4(9324 9323 9414 9415)
4(9326 9309 9400 9417)
4(9323 9325 9416 9414)
4(9326 9417 9416 9325)
4(9327 9311 9402 9418)
4(9327 9418 9417 9326)
4(9328 9312 9403 9419)
4(9328 9419 9418 9327)
4(9284 9375 9419 9328)
4(9329 9313 9404 9420)
4(9329 9420 9378 9287)
4(9330 9314 9405 9421)
4(9330 9421 9420 9329)
4(9331 9315 9406 9422)
4(9331 9422 9421 9330)
4(9333 9315 9406 9424)
4(9332 9423 9422 9331)
4(9333 9424 9423 9332)
4(9334 9316 9407 9425)
4(9334 9425 9424 9333)
4(9335 9317 9408 9426)
4(9335 9426 9425 9334)
4(9337 9317 9408 9428)
4(9336 9427 9426 9335)
4(9337 9428 9427 9336)
4(9338 9318 9409 9429)
4(9338 9429 9428 9337)
4(9339 9319 9410 9430)
4(9339 9430 9429 9338)
4(9291 9382 9430 9339)
4(9340 9320 9411 9431)
4(9340 9431 9385 9294)
4(9341 9321 9412 9432)
4(9341 9432 9431 9340)
4(9342 9322 9413 9433)
4(9342 9433 9432 9341)
4(9344 9322 9413 9435)
4(9343 9434 9433 9342)
4(9344 9435 9434 9343)
4(9324 9415 9435 9344)
4(9436 9345 9325 9416)
4(9437 9414 9323 9346)
4(9438 9347 9326 9417)
4(9439 9348 9327 9418)
4(9440 9349 9328 9419)
4(9441 9350 9284 9375)
4(9442 9351 9283 9374)
4(9443 9352 9287 9378)
4(9444 9353 9329 9420)
4(9445 9354 9330 9421)
4(9446 9355 9331 9422)
4(9447 9356 9332 9423)
4(9448 9357 9333 9424)
4(9449 9358 9334 9425)
4(9450 9359 9335 9426)
4(9451 9360 9336 9427)
4(9452 9361 9337 9428)
4(9453 9362 9338 9429)
4(9454 9363 9339 9430)
4(9455 9364 9291 9382)
4(9456 9365 9290 9381)
4(9457 9366 9294 9385)
4(9458 9367 9340 9431)
4(9459 9368 9341 9432)
4(9460 9369 9342 9433)
4(9461 9370 9343 9434)
4(9462 9371 9344 9435)
4(9463 9372 9324 9415)
4(129 181 85 84)
4(181 179 125 85)
4(179 177 124 125)
4(177 175 121 124)
4(175 173 119 121)
4(173 171 117 119)
4(171 169 25 117)
4(169 167 19 25)
4(167 165 20 19)
4(165 163 115 20)
4(163 161 113 115)
4(161 159 111 113)
4(159 157 110 111)
4(157 155 107 110)
4(155 153 105 107)
4(153 151 103 105)
4(151 149 102 103)
4(149 147 99 102)
4(147 145 97 99)
4(145 143 95 97)
4(143 141 11 95)
4(141 139 5 11)
4(139 137 6 5)
4(137 135 93 6)
4(135 133 91 93)
4(133 131 89 91)
4(131 128 88 89)
4(129 84 88 128)
4(85 125 81 57)
4(125 124 121 81)
4(121 119 79 81)
4(119 117 77 79)
4(117 25 24 77)
4(20 115 75 21)
4(115 113 73 75)
4(113 111 71 73)
4(111 110 107 71)
4(107 105 69 71)
4(105 103 68 69)
4(103 102 99 68)
4(99 97 65 68)
4(97 95 63 65)
4(95 11 10 63)
4(6 93 61 7)
4(93 91 59 61)
4(91 89 56 59)
4(84 56 89 88)
4(84 85 57 56)
4(57 81 79 53)
4(79 77 51 53)
4(77 24 27 51)
4(75 49 27 21)
4(75 73 47 49)
4(73 71 44 47)
4(71 69 45 44)
4(69 68 65 45)
4(65 63 41 45)
4(63 10 13 41)
4(61 34 13 7)
4(61 59 35 34)
4(59 56 38 35)
4(57 53 38 56)
4(53 51 39 38)
4(51 27 49 39)
4(49 47 32 39)
4(47 44 33 32)
4(44 45 41 33)
4(41 13 34 33)
4(35 38 39 32)
4(34 35 32 33)
4(18 21 27 24)
4(25 19 18 24)
4(19 20 21 18)
4(4 7 13 10)
4(11 5 4 10)
4(5 6 7 4)
4(9374 9373 9376 9375)
4(9378 9377 9373 9374)
4(9377 9379 9376 9373)
4(9381 9380 9383 9382)
4(9385 9384 9380 9381)
4(9384 9386 9383 9380)
4(9389 9388 9387 9390)
4(9390 9387 9392 9391)
4(9393 9388 9389 9379)
4(9394 9388 9393 9395)
4(9396 9387 9388 9394)
4(9397 9392 9387 9396)
4(9398 9392 9397 9386)
4(9399 9391 9392 9398)
4(9401 9400 9391 9399)
4(9402 9390 9391 9400)
4(9403 9389 9390 9402)
4(9403 9376 9379 9389)
4(9404 9393 9379 9377)
4(9405 9395 9393 9404)
4(9407 9395 9405 9406)
4(9408 9394 9395 9407)
4(9409 9396 9394 9408)
4(9410 9397 9396 9409)
4(9410 9383 9386 9397)
4(9411 9398 9386 9384)
4(9412 9399 9398 9411)
4(9413 9401 9399 9412)
4(9415 9414 9400 9401)
4(9414 9416 9417 9400)
4(9418 9402 9400 9417)
4(9419 9403 9402 9418)
4(9375 9376 9403 9419)
4(9420 9404 9377 9378)
4(9421 9405 9404 9420)
4(9422 9406 9405 9421)
4(9424 9406 9422 9423)
4(9425 9407 9406 9424)
4(9426 9408 9407 9425)
4(9428 9408 9426 9427)
4(9429 9409 9408 9428)
4(9430 9410 9409 9429)
4(9382 9383 9410 9430)
4(9431 9411 9384 9385)
4(9432 9412 9411 9431)
4(9433 9413 9412 9432)
4(9435 9413 9433 9434)
4(9415 9401 9413 9435)
4(9437 9436 9416 9414)
4(9436 9438 9417 9416)
4(9438 9439 9418 9417)
4(9439 9440 9419 9418)
4(9440 9441 9375 9419)
4(9441 9442 9374 9375)
4(9442 9443 9378 9374)
4(9443 9444 9420 9378)
4(9444 9445 9421 9420)
4(9445 9446 9422 9421)
4(9446 9447 9423 9422)
4(9447 9448 9424 9423)
4(9448 9449 9425 9424)
4(9449 9450 9426 9425)
4(9450 9451 9427 9426)
4(9451 9452 9428 9427)
4(9452 9453 9429 9428)
4(9453 9454 9430 9429)
4(9454 9455 9382 9430)
4(9455 9456 9381 9382)
4(9456 9457 9385 9381)
4(9457 9458 9431 9385)
4(9458 9459 9432 9431)
4(9459 9460 9433 9432)
4(9460 9461 9434 9433)
4(9461 9462 9435 9434)
4(9462 9463 9415 9435)
4(9437 9414 9415 9463)
4(1715 1806 1805 1714)
4(1806 1897 1896 1805)
4(1897 1988 1987 1896)
4(1988 2079 2078 1987)
4(2079 2170 2169 2078)
4(2170 2261 2260 2169)
4(2261 2352 2351 2260)
4(2352 2443 2442 2351)
4(2443 2534 2533 2442)
4(2534 2625 2624 2533)
4(2625 2716 2715 2624)
4(2716 2807 2806 2715)
4(2807 2898 2897 2806)
4(2898 2989 2988 2897)
4(2989 3080 3079 2988)
4(3080 3171 3170 3079)
4(3171 3262 3261 3170)
4(3262 3353 3352 3261)
4(3353 3444 3443 3352)
4(3444 3535 3534 3443)
4(3535 3626 3625 3534)
4(3626 3717 3716 3625)
4(3717 3808 3807 3716)
4(3808 3899 3898 3807)
4(3899 3990 3989 3898)
4(3990 4081 4080 3989)
4(4081 4172 4171 4080)
4(4172 4263 4262 4171)
4(4263 4354 4353 4262)
4(4354 4445 4444 4353)
4(4445 4536 4535 4444)
4(4536 4627 4626 4535)
4(4627 4718 4717 4626)
4(4718 4809 4808 4717)
4(4809 4900 4899 4808)
4(4900 4991 4990 4899)
4(4991 5082 5081 4990)
4(5082 5173 5172 5081)
4(5173 5264 5263 5172)
4(5264 5355 5354 5263)
4(5355 5446 5445 5354)
4(5446 5537 5536 5445)
4(5537 5628 5627 5536)
4(5628 5719 5718 5627)
4(5719 5810 5809 5718)
4(5810 5901 5900 5809)
4(5901 5992 5991 5900)
4(5992 6083 6082 5991)
4(6083 6174 6173 6082)
4(6174 6265 6264 6173)
4(6265 6356 6355 6264)
4(6356 6447 6446 6355)
4(6447 6538 6537 6446)
4(6538 6629 6628 6537)
4(6629 6720 6719 6628)
4(6720 6811 6810 6719)
4(6811 6902 6901 6810)
4(6902 6993 6992 6901)
4(6993 7084 7083 6992)
4(7084 7175 7174 7083)
4(7175 7266 7265 7174)
4(7266 7357 7356 7265)
4(7357 7448 7447 7356)
4(7448 7539 7538 7447)
4(7539 7630 7629 7538)
4(7630 7721 7720 7629)
4(7721 7812 7811 7720)
4(7812 7903 7902 7811)
4(7903 7994 7993 7902)
4(7994 8085 8084 7993)
4(8085 8176 8175 8084)
4(8176 8267 8266 8175)
4(8267 8358 8357 8266)
4(8358 8449 8448 8357)
4(8449 8540 8539 8448)
4(8540 8631 8630 8539)
4(8631 8722 8721 8630)
4(8722 8813 8812 8721)
4(8813 8904 8903 8812)
4(8904 8995 8994 8903)
4(8995 9086 9085 8994)
4(9086 9177 9176 9085)
4(9177 9268 9267 9176)
4(9268 9359 9358 9267)
4(9449 9358 9359 9450)
4(1714 1805 1804 1713)
4(1805 1896 1895 1804)
4(1896 1987 1986 1895)
4(1987 2078 2077 1986)
4(2078 2169 2168 2077)
4(2169 2260 2259 2168)
4(2260 2351 2350 2259)
4(2351 2442 2441 2350)
4(2442 2533 2532 2441)
4(2533 2624 2623 2532)
4(2624 2715 2714 2623)
4(2715 2806 2805 2714)
4(2806 2897 2896 2805)
4(2897 2988 2987 2896)
4(2988 3079 3078 2987)
4(3079 3170 3169 3078)
4(3170 3261 3260 3169)
4(3261 3352 3351 3260)
4(3352 3443 3442 3351)
4(3443 3534 3533 3442)
4(3534 3625 3624 3533)
4(3625 3716 3715 3624)
4(3716 3807 3806 3715)
4(3807 3898 3897 3806)
4(3898 3989 3988 3897)
4(3989 4080 4079 3988)
4(4080 4171 4170 4079)
4(4171 4262 4261 4170)
4(4262 4353 4352 4261)
4(4353 4444 4443 4352)
4(4444 4535 4534 4443)
4(4535 4626 4625 4534)
4(4626 4717 4716 4625)
4(4717 4808 4807 4716)
4(4808 4899 4898 4807)
4(4899 4990 4989 4898)
4(4990 5081 5080 4989)
4(5081 5172 5171 5080)
4(5172 5263 5262 5171)
4(5263 5354 5353 5262)
4(5354 5445 5444 5353)
4(5445 5536 5535 5444)
4(5536 5627 5626 5535)
4(5627 5718 5717 5626)
4(5718 5809 5808 5717)
4(5809 5900 5899 5808)
4(5900 5991 5990 5899)
4(5991 6082 6081 5990)
4(6082 6173 6172 6081)
4(6173 6264 6263 6172)
4(6264 6355 6354 6263)
4(6355 6446 6445 6354)
4(6446 6537 6536 6445)
4(6537 6628 6627 6536)
4(6628 6719 6718 6627)
4(6719 6810 6809 6718)
4(6810 6901 6900 6809)
4(6901 6992 6991 6900)
4(6992 7083 7082 6991)
4(7083 7174 7173 7082)
4(7174 7265 7264 7173)
4(7265 7356 7355 7264)
4(7356 7447 7446 7355)
4(7447 7538 7537 7446)
4(7538 7629 7628 7537)
4(7629 7720 7719 7628)
4(7720 7811 7810 7719)
4(7811 7902 7901 7810)
4(7902 7993 7992 7901)
4(7993 8084 8083 7992)
4(8084 8175 8174 8083)
4(8175 8266 8265 8174)
4(8266 8357 8356 8265)
4(8357 8448 8447 8356)
4(8448 8539 8538 8447)
4(8539 8630 8629 8538)
4(8630 8721 8720 8629)
4(8721 8812 8811 8720)
4(8812 8903 8902 8811)
4(8903 8994 8993 8902)
4(8994 9085 9084 8993)
4(9085 9176 9175 9084)
4(9176 9267 9266 9175)
4(9267 9358 9357 9266)
4(9448 9357 9358 9449)
4(1713 1804 1803 1712)
4(1804 1895 1894 1803)
4(1895 1986 1985 1894)
4(1986 2077 2076 1985)
4(2077 2168 2167 2076)
4(2168 2259 2258 2167)
4(2259 2350 2349 2258)
4(2350 2441 2440 2349)
4(2441 2532 2531 2440)
4(2532 2623 2622 2531)
4(2623 2714 2713 2622)
4(2714 2805 2804 2713)
4(2805 2896 2895 2804)
4(2896 2987 2986 2895)
4(2987 3078 3077 2986)
4(3078 3169 3168 3077)
4(3169 3260 3259 3168)
4(3260 3351 3350 3259)
4(3351 3442 3441 3350)
4(3442 3533 3532 3441)
4(3533 3624 3623 3532)
4(3624 3715 3714 3623)
4(3715 3806 3805 3714)
4(3806 3897 3896 3805)
4(3897 3988 3987 3896)
4(3988 4079 4078 3987)
4(4079 4170 4169 4078)
4(4170 4261 4260 4169)
4(4261 4352 4351 4260)
4(4352 4443 4442 4351)
4(4443 4534 4533 4442)
4(4534 4625 4624 4533)
4(4625 4716 4715 4624)
4(4716 4807 4806 4715)
4(4807 4898 4897 4806)
4(4898 4989 4988 4897)
4(4989 5080 5079 4988)
4(5080 5171 5170 5079)
4(5171 5262 5261 5170)
4(5262 5353 5352 5261)
4(5353 5444 5443 5352)
4(5444 5535 5534 5443)
4(5535 5626 5625 5534)
4(5626 5717 5716 5625)
4(5717 5808 5807 5716)
4(5808 5899 5898 5807)
4(5899 5990 5989 5898)
4(5990 6081 6080 5989)
4(6081 6172 6171 6080)
4(6172 6263 6262 6171)
4(6263 6354 6353 6262)
4(6354 6445 6444 6353)
4(6445 6536 6535 6444)
4(6536 6627 6626 6535)
4(6627 6718 6717 6626)
4(6718 6809 6808 6717)
4(6809 6900 6899 6808)
4(6900 6991 6990 6899)
4(6991 7082 7081 6990)
4(7082 7173 7172 7081)
4(7173 7264 7263 7172)
4(7264 7355 7354 7263)
4(7355 7446 7445 7354)
4(7446 7537 7536 7445)
4(7537 7628 7627 7536)
4(7628 7719 7718 7627)
4(7719 7810 7809 7718)
4(7810 7901 7900 7809)
4(7901 7992 7991 7900)
4(7992 8083 8082 7991)
4(8083 8174 8173 8082)
4(8174 8265 8264 8173)
4(8265 8356 8355 8264)
4(8356 8447 8446 8355)
4(8447 8538 8537 8446)
4(8538 8629 8628 8537)
4(8629 8720 8719 8628)
4(8720 8811 8810 8719)
4(8811 8902 8901 8810)
4(8902 8993 8992 8901)
4(8993 9084 9083 8992)
4(9084 9175 9174 9083)
4(9175 9266 9265 9174)
4(9266 9357 9356 9265)
4(9447 9356 9357 9448)
4(1712 1803 1802 1711)
4(1803 1894 1893 1802)
4(1894 1985 1984 1893)
4(1985 2076 2075 1984)
4(2076 2167 2166 2075)
4(2167 2258 2257 2166)
4(2258 2349 2348 2257)
4(2349 2440 2439 2348)
4(2440 2531 2530 2439)
4(2531 2622 2621 2530)
4(2622 2713 2712 2621)
4(2713 2804 2803 2712)
4(2804 2895 2894 2803)
4(2895 2986 2985 2894)
4(2986 3077 3076 2985)
4(3077 3168 3167 3076)
4(3168 3259 3258 3167)
4(3259 3350 3349 3258)
4(3350 3441 3440 3349)
4(3441 3532 3531 3440)
4(3532 3623 3622 3531)
4(3623 3714 3713 3622)
4(3714 3805 3804 3713)
4(3805 3896 3895 3804)
4(3896 3987 3986 3895)
4(3987 4078 4077 3986)
4(4078 4169 4168 4077)
4(4169 4260 4259 4168)
4(4260 4351 4350 4259)
4(4351 4442 4441 4350)
4(4442 4533 4532 4441)
4(4533 4624 4623 4532)
4(4624 4715 4714 4623)
4(4715 4806 4805 4714)
4(4806 4897 4896 4805)
4(4897 4988 4987 4896)
4(4988 5079 5078 4987)
4(5079 5170 5169 5078)
4(5170 5261 5260 5169)
4(5261 5352 5351 5260)
4(5352 5443 5442 5351)
4(5443 5534 5533 5442)
4(5534 5625 5624 5533)
4(5625 5716 5715 5624)
4(5716 5807 5806 5715)
4(5807 5898 5897 5806)
4(5898 5989 5988 5897)
4(5989 6080 6079 5988)
4(6080 6171 6170 6079)
4(6171 6262 6261 6170)
4(6262 6353 6352 6261)
4(6353 6444 6443 6352)
4(6444 6535 6534 6443)
4(6535 6626 6625 6534)
4(6626 6717 6716 6625)
4(6717 6808 6807 6716)
4(6808 6899 6898 6807)
4(6899 6990 6989 6898)
4(6990 7081 7080 6989)
4(7081 7172 7171 7080)
4(7172 7263 7262 7171)
4(7263 7354 7353 7262)
4(7354 7445 7444 7353)
4(7445 7536 7535 7444)
4(7536 7627 7626 7535)
4(7627 7718 7717 7626)
4(7718 7809 7808 7717)
4(7809 7900 7899 7808)
4(7900 7991 7990 7899)
4(7991 8082 8081 7990)
4(8082 8173 8172 8081)
4(8173 8264 8263 8172)
4(8264 8355 8354 8263)
4(8355 8446 8445 8354)
4(8446 8537 8536 8445)
4(8537 8628 8627 8536)
4(8628 8719 8718 8627)
4(8719 8810 8809 8718)
4(8810 8901 8900 8809)
4(8901 8992 8991 8900)
4(8992 9083 9082 8991)
4(9083 9174 9173 9082)
4(9174 9265 9264 9173)
4(9265 9356 9355 9264)
4(9446 9355 9356 9447)
4(1711 1802 1801 1710)
4(1802 1893 1892 1801)
4(1893 1984 1983 1892)
4(1984 2075 2074 1983)
4(2075 2166 2165 2074)
4(2166 2257 2256 2165)
4(2257 2348 2347 2256)
4(2348 2439 2438 2347)
4(2439 2530 2529 2438)
4(2530 2621 2620 2529)
4(2621 2712 2711 2620)
4(2712 2803 2802 2711)
4(2803 2894 2893 2802)
4(2894 2985 2984 2893)
4(2985 3076 3075 2984)
4(3076 3167 3166 3075)
4(3167 3258 3257 3166)
4(3258 3349 3348 3257)
4(3349 3440 3439 3348)
4(3440 3531 3530 3439)
4(3531 3622 3621 3530)
4(3622 3713 3712 3621)
4(3713 3804 3803 3712)
4(3804 3895 3894 3803)
4(3895 3986 3985 3894)
4(3986 4077 4076 3985)
4(4077 4168 4167 4076)
4(4168 4259 4258 4167)
4(4259 4350 4349 4258)
4(4350 4441 4440 4349)
4(4441 4532 4531 4440)
4(4532 4623 4622 4531)
4(4623 4714 4713 4622)
4(4714 4805 4804 4713)
4(4805 4896 4895 4804)
4(4896 4987 4986 4895)
4(4987 5078 5077 4986)
4(5078 5169 5168 5077)
4(5169 5260 5259 5168)
4(5260 5351 5350 5259)
4(5351 5442 5441 5350)
4(5442 5533 5532 5441)
4(5533 5624 5623 5532)
4(5624 5715 5714 5623)
4(5715 5806 5805 5714)
4(5806 5897 5896 5805)
4(5897 5988 5987 5896)
4(5988 6079 6078 5987)
4(6079 6170 6169 6078)
4(6170 6261 6260 6169)
4(6261 6352 6351 6260)
4(6352 6443 6442 6351)
4(6443 6534 6533 6442)
4(6534 6625 6624 6533)
4(6625 6716 6715 6624)
4(6716 6807 6806 6715)
4(6807 6898 6897 6806)
4(6898 6989 6988 6897)
4(6989 7080 7079 6988)
4(7080 7171 7170 7079)
4(7171 7262 7261 7170)
4(7262 7353 7352 7261)
4(7353 7444 7443 7352)
4(7444 7535 7534 7443)
4(7535 7626 7625 7534)
4(7626 7717 7716 7625)
4(7717 7808 7807 7716)
4(7808 7899 7898 7807)
4(7899 7990 7989 7898)
4(7990 8081 8080 7989)
4(8081 8172 8171 8080)
4(8172 8263 8262 8171)
4(8263 8354 8353 8262)
4(8354 8445 8444 8353)
4(8445 8536 8535 8444)
4(8536 8627 8626 8535)
4(8627 8718 8717 8626)
4(8718 8809 8808 8717)
4(8809 8900 8899 8808)
4(8900 8991 8990 8899)
4(8991 9082 9081 8990)
4(9082 9173 9172 9081)
4(9173 9264 9263 9172)
4(9264 9355 9354 9263)
4(9445 9354 9355 9446)
4(1710 1801 1800 1709)
4(1801 1892 1891 1800)
4(1892 1983 1982 1891)
4(1983 2074 2073 1982)
4(2074 2165 2164 2073)
4(2165 2256 2255 2164)
4(2256 2347 2346 2255)
4(2347 2438 2437 2346)
4(2438 2529 2528 2437)
4(2529 2620 2619 2528)
4(2620 2711 2710 2619)
4(2711 2802 2801 2710)
4(2802 2893 2892 2801)
4(2893 2984 2983 2892)
4(2984 3075 3074 2983)
4(3075 3166 3165 3074)
4(3166 3257 3256 3165)
4(3257 3348 3347 3256)
4(3348 3439 3438 3347)
4(3439 3530 3529 3438)
4(3530 3621 3620 3529)
4(3621 3712 3711 3620)
4(3712 3803 3802 3711)
4(3803 3894 3893 3802)
4(3894 3985 3984 3893)
4(3985 4076 4075 3984)
4(4076 4167 4166 4075)
4(4167 4258 4257 4166)
4(4258 4349 4348 4257)
4(4349 4440 4439 4348)
4(4440 4531 4530 4439)
4(4531 4622 4621 4530)
4(4622 4713 4712 4621)
4(4713 4804 4803 4712)
4(4804 4895 4894 4803)
4(4895 4986 4985 4894)
4(4986 5077 5076 4985)
4(5077 5168 5167 5076)
4(5168 5259 5258 5167)
4(5259 5350 5349 5258)
4(5350 5441 5440 5349)
4(5441 5532 5531 5440)
4(5532 5623 5622 5531)
4(5623 5714 5713 5622)
4(5714 5805 5804 5713)
4(5805 5896 5895 5804)
4(5896 5987 5986 5895)
4(5987 6078 6077 5986)
4(6078 6169 6168 6077)
4(6169 6260 6259 6168)
4(6260 6351 6350 6259)
4(6351 6442 6441 6350)
4(6442 6533 6532 6441)
4(6533 6624 6623 6532)
4(6624 6715 6714 6623)
4(6715 6806 6805 6714)
4(6806 6897 6896 6805)
4(6897 6988 6987 6896)
4(6988 7079 7078 6987)
4(7079 7170 7169 7078)
4(7170 7261 7260 7169)
4(7261 7352 7351 7260)
4(7352 7443 7442 7351)
4(7443 7534 7533 7442)
4(7534 7625 7624 7533)
4(7625 7716 7715 7624)
4(7716 7807 7806 7715)
4(7807 7898 7897 7806)
4(7898 7989 7988 7897)
4(7989 8080 8079 7988)
4(8080 8171 8170 8079)
4(8171 8262 8261 8170)
4(8262 8353 8352 8261)
4(8353 8444 8443 8352)
4(8444 8535 8534 8443)
4(8535 8626 8625 8534)
4(8626 8717 8716 8625)
4(8717 8808 8807 8716)
4(8808 8899 8898 8807)
4(8899 8990 8989 8898)
4(8990 9081 9080 8989)
4(9081 9172 9171 9080)
4(9172 9263 9262 9171)
4(9263 9354 9353 9262)
4(9444 9353 9354 9445)
4(1709 1800 1799 1708)
4(1800 1891 1890 1799)
4(1891 1982 1981 1890)
4(1982 2073 2072 1981)
4(2073 2164 2163 2072)
4(2164 2255 2254 2163)
4(2255 2346 2345 2254)
4(2346 2437 2436 2345)
4(2437 2528 2527 2436)
4(2528 2619 2618 2527)
4(2619 2710 2709 2618)
4(2710 2801 2800 2709)
4(2801 2892 2891 2800)
4(2892 2983 2982 2891)
4(2983 3074 3073 2982)
4(3074 3165 3164 3073)
4(3165 3256 3255 3164)
4(3256 3347 3346 3255)
4(3347 3438 3437 3346)
4(3438 3529 3528 3437)
4(3529 3620 3619 3528)
4(3620 3711 3710 3619)
4(3711 3802 3801 3710)
4(3802 3893 3892 3801)
4(3893 3984 3983 3892)
4(3984 4075 4074 3983)
4(4075 4166 4165 4074)
4(4166 4257 4256 4165)
4(4257 4348 4347 4256)
4(4348 4439 4438 4347)
4(4439 4530 4529 4438)
4(4530 4621 4620 4529)
4(4621 4712 4711 4620)
4(4712 4803 4802 4711)
4(4803 4894 4893 4802)
4(4894 4985 4984 4893)
4(4985 5076 5075 4984)
4(5076 5167 5166 5075)
4(5167 5258 5257 5166)
4(5258 5349 5348 5257)
4(5349 5440 5439 5348)
4(5440 5531 5530 5439)
4(5531 5622 5621 5530)
4(5622 5713 5712 5621)
4(5713 5804 5803 5712)
4(5804 5895 5894 5803)
4(5895 5986 5985 5894)
4(5986 6077 6076 5985)
4(6077 6168 6167 6076)
4(6168 6259 6258 6167)
4(6259 6350 6349 6258)
4(6350 6441 6440 6349)
4(6441 6532 6531 6440)
4(6532 6623 6622 6531)
4(6623 6714 6713 6622)
4(6714 6805 6804 6713)
4(6805 6896 6895 6804)
4(6896 6987 6986 6895)
4(6987 7078 7077 6986)
4(7078 7169 7168 7077)
4(7169 7260 7259 7168)
4(7260 7351 7350 7259)
4(7351 7442 7441 7350)
4(7442 7533 7532 7441)
4(7533 7624 7623 7532)
4(7624 7715 7714 7623)
4(7715 7806 7805 7714)
4(7806 7897 7896 7805)
4(7897 7988 7987 7896)
4(7988 8079 8078 7987)
4(8079 8170 8169 8078)
4(8170 8261 8260 8169)
4(8261 8352 8351 8260)
4(8352 8443 8442 8351)
4(8443 8534 8533 8442)
4(8534 8625 8624 8533)
4(8625 8716 8715 8624)
4(8716 8807 8806 8715)
4(8807 8898 8897 8806)
4(8898 8989 8988 8897)
4(8989 9080 9079 8988)
4(9080 9171 9170 9079)
4(9171 9262 9261 9170)
4(9262 9353 9352 9261)
4(9443 9352 9353 9444)
4(1708 1799 1798 1707)
4(1799 1890 1889 1798)
4(1890 1981 1980 1889)
4(1981 2072 2071 1980)
4(2072 2163 2162 2071)
4(2163 2254 2253 2162)
4(2254 2345 2344 2253)
4(2345 2436 2435 2344)
4(2436 2527 2526 2435)
4(2527 2618 2617 2526)
4(2618 2709 2708 2617)
4(2709 2800 2799 2708)
4(2800 2891 2890 2799)
4(2891 2982 2981 2890)
4(2982 3073 3072 2981)
4(3073 3164 3163 3072)
4(3164 3255 3254 3163)
4(3255 3346 3345 3254)
4(3346 3437 3436 3345)
4(3437 3528 3527 3436)
4(3528 3619 3618 3527)
4(3619 3710 3709 3618)
4(3710 3801 3800 3709)
4(3801 3892 3891 3800)
4(3892 3983 3982 3891)
4(3983 4074 4073 3982)
4(4074 4165 4164 4073)
4(4165 4256 4255 4164)
4(4256 4347 4346 4255)
4(4347 4438 4437 4346)
4(4438 4529 4528 4437)
4(4529 4620 4619 4528)
4(4620 4711 4710 4619)
4(4711 4802 4801 4710)
4(4802 4893 4892 4801)
4(4893 4984 4983 4892)
4(4984 5075 5074 4983)
4(5075 5166 5165 5074)
4(5166 5257 5256 5165)
4(5257 5348 5347 5256)
4(5348 5439 5438 5347)
4(5439 5530 5529 5438)
4(5530 5621 5620 5529)
4(5621 5712 5711 5620)
4(5712 5803 5802 5711)
4(5803 5894 5893 5802)
4(5894 5985 5984 5893)
4(5985 6076 6075 5984)
4(6076 6167 6166 6075)
4(6167 6258 6257 6166)
4(6258 6349 6348 6257)
4(6349 6440 6439 6348)
4(6440 6531 6530 6439)
4(6531 6622 6621 6530)
4(6622 6713 6712 6621)
4(6713 6804 6803 6712)
4(6804 6895 6894 6803)
4(6895 6986 6985 6894)
4(6986 7077 7076 6985)
4(7077 7168 7167 7076)
4(7168 7259 7258 7167)
4(7259 7350 7349 7258)
4(7350 7441 7440 7349)
4(7441 7532 7531 7440)
4(7532 7623 7622 7531)
4(7623 7714 7713 7622)
4(7714 7805 7804 7713)
4(7805 7896 7895 7804)
4(7896 7987 7986 7895)
4(7987 8078 8077 7986)
4(8078 8169 8168 8077)
4(8169 8260 8259 8168)
4(8260 8351 8350 8259)
4(8351 8442 8441 8350)
4(8442 8533 8532 8441)
4(8533 8624 8623 8532)
4(8624 8715 8714 8623)
4(8715 8806 8805 8714)
4(8806 8897 8896 8805)
4(8897 8988 8987 8896)
4(8988 9079 9078 8987)
4(9079 9170 9169 9078)
4(9170 9261 9260 9169)
4(9261 9352 9351 9260)
4(9442 9351 9352 9443)
4(1707 1798 1797 1706)
4(1798 1889 1888 1797)
4(1889 1980 1979 1888)
4(1980 2071 2070 1979)
4(2071 2162 2161 2070)
4(2162 2253 2252 2161)
4(2253 2344 2343 2252)
4(2344 2435 2434 2343)
4(2435 2526 2525 2434)
4(2526 2617 2616 2525)
4(2617 2708 2707 2616)
4(2708 2799 2798 2707)
4(2799 2890 2889 2798)
4(2890 2981 2980 2889)
4(2981 3072 3071 2980)
4(3072 3163 3162 3071)
4(3163 3254 3253 3162)
4(3254 3345 3344 3253)
4(3345 3436 3435 3344)
4(3436 3527 3526 3435)
4(3527 3618 3617 3526)
4(3618 3709 3708 3617)
4(3709 3800 3799 3708)
4(3800 3891 3890 3799)
4(3891 3982 3981 3890)
4(3982 4073 4072 3981)
4(4073 4164 4163 4072)
4(4164 4255 4254 4163)
4(4255 4346 4345 4254)
4(4346 4437 4436 4345)
4(4437 4528 4527 4436)
4(4528 4619 4618 4527)
4(4619 4710 4709 4618)
4(4710 4801 4800 4709)
4(4801 4892 4891 4800)
4(4892 4983 4982 4891)
4(4983 5074 5073 4982)
4(5074 5165 5164 5073)
4(5165 5256 5255 5164)
4(5256 5347 5346 5255)
4(5347 5438 5437 5346)
4(5438 5529 5528 5437)
4(5529 5620 5619 5528)
4(5620 5711 5710 5619)
4(5711 5802 5801 5710)
4(5802 5893 5892 5801)
4(5893 5984 5983 5892)
4(5984 6075 6074 5983)
4(6075 6166 6165 6074)
4(6166 6257 6256 6165)
4(6257 6348 6347 6256)
4(6348 6439 6438 6347)
4(6439 6530 6529 6438)
4(6530 6621 6620 6529)
4(6621 6712 6711 6620)
4(6712 6803 6802 6711)
4(6803 6894 6893 6802)
4(6894 6985 6984 6893)
4(6985 7076 7075 6984)
4(7076 7167 7166 7075)
4(7167 7258 7257 7166)
4(7258 7349 7348 7257)
4(7349 7440 7439 7348)
4(7440 7531 7530 7439)
4(7531 7622 7621 7530)
4(7622 7713 7712 7621)
4(7713 7804 7803 7712)
4(7804 7895 7894 7803)
4(7895 7986 7985 7894)
4(7986 8077 8076 7985)
4(8077 8168 8167 8076)
4(8168 8259 8258 8167)
4(8259 8350 8349 8258)
4(8350 8441 8440 8349)
4(8441 8532 8531 8440)
4(8532 8623 8622 8531)
4(8623 8714 8713 8622)
4(8714 8805 8804 8713)
4(8805 8896 8895 8804)
4(8896 8987 8986 8895)
4(8987 9078 9077 8986)
4(9078 9169 9168 9077)
4(9169 9260 9259 9168)
4(9260 9351 9350 9259)
4(9441 9350 9351 9442)
4(1706 1797 1796 1705)
4(1797 1888 1887 1796)
4(1888 1979 1978 1887)
4(1979 2070 2069 1978)
4(2070 2161 2160 2069)
4(2161 2252 2251 2160)
4(2252 2343 2342 2251)
4(2343 2434 2433 2342)
4(2434 2525 2524 2433)
4(2525 2616 2615 2524)
4(2616 2707 2706 2615)
4(2707 2798 2797 2706)
4(2798 2889 2888 2797)
4(2889 2980 2979 2888)
4(2980 3071 3070 2979)
4(3071 3162 3161 3070)
4(3162 3253 3252 3161)
4(3253 3344 3343 3252)
4(3344 3435 3434 3343)
4(3435 3526 3525 3434)
4(3526 3617 3616 3525)
4(3617 3708 3707 3616)
4(3708 3799 3798 3707)
4(3799 3890 3889 3798)
4(3890 3981 3980 3889)
4(3981 4072 4071 3980)
4(4072 4163 4162 4071)
4(4163 4254 4253 4162)
4(4254 4345 4344 4253)
4(4345 4436 4435 4344)
4(4436 4527 4526 4435)
4(4527 4618 4617 4526)
4(4618 4709 4708 4617)
4(4709 4800 4799 4708)
4(4800 4891 4890 4799)
4(4891 4982 4981 4890)
4(4982 5073 5072 4981)
4(5073 5164 5163 5072)
4(5164 5255 5254 5163)
4(5255 5346 5345 5254)
4(5346 5437 5436 5345)
4(5437 5528 5527 5436)
4(5528 5619 5618 5527)
4(5619 5710 5709 5618)
4(5710 5801 5800 5709)
4(5801 5892 5891 5800)
4(5892 5983 5982 5891)
4(5983 6074 6073 5982)
4(6074 6165 6164 6073)
4(6165 6256 6255 6164)
4(6256 6347 6346 6255)
4(6347 6438 6437 6346)
4(6438 6529 6528 6437)
4(6529 6620 6619 6528)
4(6620 6711 6710 6619)
4(6711 6802 6801 6710)
4(6802 6893 6892 6801)
4(6893 6984 6983 6892)
4(6984 7075 7074 6983)
4(7075 7166 7165 7074)
4(7166 7257 7256 7165)
4(7257 7348 7347 7256)
4(7348 7439 7438 7347)
4(7439 7530 7529 7438)
4(7530 7621 7620 7529)
4(7621 7712 7711 7620)
4(7712 7803 7802 7711)
4(7803 7894 7893 7802)
4(7894 7985 7984 7893)
4(7985 8076 8075 7984)
4(8076 8167 8166 8075)
4(8167 8258 8257 8166)
4(8258 8349 8348 8257)
4(8349 8440 8439 8348)
4(8440 8531 8530 8439)
4(8531 8622 8621 8530)
4(8622 8713 8712 8621)
4(8713 8804 8803 8712)
4(8804 8895 8894 8803)
4(8895 8986 8985 8894)
4(8986 9077 9076 8985)
4(9077 9168 9167 9076)
4(9168 9259 9258 9167)
4(9259 9350 9349 9258)
4(9440 9349 9350 9441)
4(1705 1796 1795 1704)
4(1796 1887 1886 1795)
4(1887 1978 1977 1886)
4(1978 2069 2068 1977)
4(2069 2160 2159 2068)
4(2160 2251 2250 2159)
4(2251 2342 2341 2250)
4(2342 2433 2432 2341)
4(2433 2524 2523 2432)
4(2524 2615 2614 2523)
4(2615 2706 2705 2614)
4(2706 2797 2796 2705)
4(2797 2888 2887 2796)
4(2888 2979 2978 2887)
4(2979 3070 3069 2978)
4(3070 3161 3160 3069)
4(3161 3252 3251 3160)
4(3252 3343 3342 3251)
4(3343 3434 3433 3342)
4(3434 3525 3524 3433)
4(3525 3616 3615 3524)
4(3616 3707 3706 3615)
4(3707 3798 3797 3706)
4(3798 3889 3888 3797)
4(3889 3980 3979 3888)
4(3980 4071 4070 3979)
4(4071 4162 4161 4070)
4(4162 4253 4252 4161)
4(4253 4344 4343 4252)
4(4344 4435 4434 4343)
4(4435 4526 4525 4434)
4(4526 4617 4616 4525)
4(4617 4708 4707 4616)
4(4708 4799 4798 4707)
4(4799 4890 4889 4798)
4(4890 4981 4980 4889)
4(4981 5072 5071 4980)
4(5072 5163 5162 5071)
4(5163 5254 5253 5162)
4(5254 5345 5344 5253)
4(5345 5436 5435 5344)
4(5436 5527 5526 5435)
4(5527 5618 5617 5526)
4(5618 5709 5708 5617)
4(5709 5800 5799 5708)
4(5800 5891 5890 5799)
4(5891 5982 5981 5890)
4(5982 6073 6072 5981)
4(6073 6164 6163 6072)
4(6164 6255 6254 6163)
4(6255 6346 6345 6254)
4(6346 6437 6436 6345)
4(6437 6528 6527 6436)
4(6528 6619 6618 6527)
4(6619 6710 6709 6618)
4(6710 6801 6800 6709)
4(6801 6892 6891 6800)
4(6892 6983 6982 6891)
4(6983 7074 7073 6982)
4(7074 7165 7164 7073)
4(7165 7256 7255 7164)
4(7256 7347 7346 7255)
4(7347 7438 7437 7346)
4(7438 7529 7528 7437)
4(7529 7620 7619 7528)
4(7620 7711 7710 7619)
4(7711 7802 7801 7710)
4(7802 7893 7892 7801)
4(7893 7984 7983 7892)
4(7984 8075 8074 7983)
4(8075 8166 8165 8074)
4(8166 8257 8256 8165)
4(8257 8348 8347 8256)
4(8348 8439 8438 8347)
4(8439 8530 8529 8438)
4(8530 8621 8620 8529)
4(8621 8712 8711 8620)
4(8712 8803 8802 8711)
4(8803 8894 8893 8802)
4(8894 8985 8984 8893)
4(8985 9076 9075 8984)
4(9076 9167 9166 9075)
4(9167 9258 9257 9166)
4(9258 9349 9348 9257)
4(9439 9348 9349 9440)
4(1704 1795 1794 1703)
4(1795 1886 1885 1794)
4(1886 1977 1976 1885)
4(1977 2068 2067 1976)
4(2068 2159 2158 2067)
4(2159 2250 2249 2158)
4(2250 2341 2340 2249)
4(2341 2432 2431 2340)
4(2432 2523 2522 2431)
4(2523 2614 2613 2522)
4(2614 2705 2704 2613)
4(2705 2796 2795 2704)
4(2796 2887 2886 2795)
4(2887 2978 2977 2886)
4(2978 3069 3068 2977)
4(3069 3160 3159 3068)
4(3160 3251 3250 3159)
4(3251 3342 3341 3250)
4(3342 3433 3432 3341)
4(3433 3524 3523 3432)
4(3524 3615 3614 3523)
4(3615 3706 3705 3614)
4(3706 3797 3796 3705)
4(3797 3888 3887 3796)
4(3888 3979 3978 3887)
4(3979 4070 4069 3978)
4(4070 4161 4160 4069)
4(4161 4252 4251 4160)
4(4252 4343 4342 4251)
4(4343 4434 4433 4342)
4(4434 4525 4524 4433)
4(4525 4616 4615 4524)
4(4616 4707 4706 4615)
4(4707 4798 4797 4706)
4(4798 4889 4888 4797)
4(4889 4980 4979 4888)
4(4980 5071 5070 4979)
4(5071 5162 5161 5070)
4(5162 5253 5252 5161)
4(5253 5344 5343 5252)
4(5344 5435 5434 5343)
4(5435 5526 5525 5434)
4(5526 5617 5616 5525)
4(5617 5708 5707 5616)
4(5708 5799 5798 5707)
4(5799 5890 5889 5798)
4(5890 5981 5980 5889)
4(5981 6072 6071 5980)
4(6072 6163 6162 6071)
4(6163 6254 6253 6162)
4(6254 6345 6344 6253)
4(6345 6436 6435 6344)
4(6436 6527 6526 6435)
4(6527 6618 6617 6526)
4(6618 6709 6708 6617)
4(6709 6800 6799 6708)
4(6800 6891 6890 6799)
4(6891 6982 6981 6890)
4(6982 7073 7072 6981)
4(7073 7164 7163 7072)
4(7164 7255 7254 7163)
4(7255 7346 7345 7254)
4(7346 7437 7436 7345)
4(7437 7528 7527 7436)
4(7528 7619 7618 7527)
4(7619 7710 7709 7618)
4(7710 7801 7800 7709)
4(7801 7892 7891 7800)
4(7892 7983 7982 7891)
4(7983 8074 8073 7982)
4(8074 8165 8164 8073)
4(8165 8256 8255 8164)
4(8256 8347 8346 8255)
4(8347 8438 8437 8346)
4(8438 8529 8528 8437)
4(8529 8620 8619 8528)
4(8620 8711 8710 8619)
4(8711 8802 8801 8710)
4(8802 8893 8892 8801)
4(8893 8984 8983 8892)
4(8984 9075 9074 8983)
4(9075 9166 9165 9074)
4(9166 9257 9256 9165)
4(9257 9348 9347 9256)
4(9438 9347 9348 9439)
4(1703 1794 1792 1701)
4(1794 1885 1883 1792)
4(1885 1976 1974 1883)
4(1976 2067 2065 1974)
4(2067 2158 2156 2065)
4(2158 2249 2247 2156)
4(2249 2340 2338 2247)
4(2340 2431 2429 2338)
4(2431 2522 2520 2429)
4(2522 2613 2611 2520)
4(2613 2704 2702 2611)
4(2704 2795 2793 2702)
4(2795 2886 2884 2793)
4(2886 2977 2975 2884)
4(2977 3068 3066 2975)
4(3068 3159 3157 3066)
4(3159 3250 3248 3157)
4(3250 3341 3339 3248)
4(3341 3432 3430 3339)
4(3432 3523 3521 3430)
4(3523 3614 3612 3521)
4(3614 3705 3703 3612)
4(3705 3796 3794 3703)
4(3796 3887 3885 3794)
4(3887 3978 3976 3885)
4(3978 4069 4067 3976)
4(4069 4160 4158 4067)
4(4160 4251 4249 4158)
4(4251 4342 4340 4249)
4(4342 4433 4431 4340)
4(4433 4524 4522 4431)
4(4524 4615 4613 4522)
4(4615 4706 4704 4613)
4(4706 4797 4795 4704)
4(4797 4888 4886 4795)
4(4888 4979 4977 4886)
4(4979 5070 5068 4977)
4(5070 5161 5159 5068)
4(5161 5252 5250 5159)
4(5252 5343 5341 5250)
4(5343 5434 5432 5341)
4(5434 5525 5523 5432)
4(5525 5616 5614 5523)
4(5616 5707 5705 5614)
4(5707 5798 5796 5705)
4(5798 5889 5887 5796)
4(5889 5980 5978 5887)
4(5980 6071 6069 5978)
4(6071 6162 6160 6069)
4(6162 6253 6251 6160)
4(6253 6344 6342 6251)
4(6344 6435 6433 6342)
4(6435 6526 6524 6433)
4(6526 6617 6615 6524)
4(6617 6708 6706 6615)
4(6708 6799 6797 6706)
4(6799 6890 6888 6797)
4(6890 6981 6979 6888)
4(6981 7072 7070 6979)
4(7072 7163 7161 7070)
4(7163 7254 7252 7161)
4(7254 7345 7343 7252)
4(7345 7436 7434 7343)
4(7436 7527 7525 7434)
4(7527 7618 7616 7525)
4(7618 7709 7707 7616)
4(7709 7800 7798 7707)
4(7800 7891 7889 7798)
4(7891 7982 7980 7889)
4(7982 8073 8071 7980)
4(8073 8164 8162 8071)
4(8164 8255 8253 8162)
4(8255 8346 8344 8253)
4(8346 8437 8435 8344)
4(8437 8528 8526 8435)
4(8528 8619 8617 8526)
4(8619 8710 8708 8617)
4(8710 8801 8799 8708)
4(8801 8892 8890 8799)
4(8892 8983 8981 8890)
4(8983 9074 9072 8981)
4(9074 9165 9163 9072)
4(9165 9256 9254 9163)
4(9256 9347 9345 9254)
4(9436 9345 9347 9438)
4(1701 1792 1793 1702)
4(1792 1883 1884 1793)
4(1883 1974 1975 1884)
4(1974 2065 2066 1975)
4(2065 2156 2157 2066)
4(2156 2247 2248 2157)
4(2247 2338 2339 2248)
4(2338 2429 2430 2339)
4(2429 2520 2521 2430)
4(2520 2611 2612 2521)
4(2611 2702 2703 2612)
4(2702 2793 2794 2703)
4(2793 2884 2885 2794)
4(2884 2975 2976 2885)
4(2975 3066 3067 2976)
4(3066 3157 3158 3067)
4(3157 3248 3249 3158)
4(3248 3339 3340 3249)
4(3339 3430 3431 3340)
4(3430 3521 3522 3431)
4(3521 3612 3613 3522)
4(3612 3703 3704 3613)
4(3703 3794 3795 3704)
4(3794 3885 3886 3795)
4(3885 3976 3977 3886)
4(3976 4067 4068 3977)
4(4067 4158 4159 4068)
4(4158 4249 4250 4159)
4(4249 4340 4341 4250)
4(4340 4431 4432 4341)
4(4431 4522 4523 4432)
4(4522 4613 4614 4523)
4(4613 4704 4705 4614)
4(4704 4795 4796 4705)
4(4795 4886 4887 4796)
4(4886 4977 4978 4887)
4(4977 5068 5069 4978)
4(5068 5159 5160 5069)
4(5159 5250 5251 5160)
4(5250 5341 5342 5251)
4(5341 5432 5433 5342)
4(5432 5523 5524 5433)
4(5523 5614 5615 5524)
4(5614 5705 5706 5615)
4(5705 5796 5797 5706)
4(5796 5887 5888 5797)
4(5887 5978 5979 5888)
4(5978 6069 6070 5979)
4(6069 6160 6161 6070)
4(6160 6251 6252 6161)
4(6251 6342 6343 6252)
4(6342 6433 6434 6343)
4(6433 6524 6525 6434)
4(6524 6615 6616 6525)
4(6615 6706 6707 6616)
4(6706 6797 6798 6707)
4(6797 6888 6889 6798)
4(6888 6979 6980 6889)
4(6979 7070 7071 6980)
4(7070 7161 7162 7071)
4(7161 7252 7253 7162)
4(7252 7343 7344 7253)
4(7343 7434 7435 7344)
4(7434 7525 7526 7435)
4(7525 7616 7617 7526)
4(7616 7707 7708 7617)
4(7707 7798 7799 7708)
4(7798 7889 7890 7799)
4(7889 7980 7981 7890)
4(7980 8071 8072 7981)
4(8071 8162 8163 8072)
4(8162 8253 8254 8163)
4(8253 8344 8345 8254)
4(8344 8435 8436 8345)
4(8435 8526 8527 8436)
4(8526 8617 8618 8527)
4(8617 8708 8709 8618)
4(8708 8799 8800 8709)
4(8799 8890 8891 8800)
4(8890 8981 8982 8891)
4(8981 9072 9073 8982)
4(9072 9163 9164 9073)
4(9163 9254 9255 9164)
4(9254 9345 9346 9255)
4(9437 9346 9345 9436)
4(1702 1793 1819 1728)
4(1793 1884 1910 1819)
4(1884 1975 2001 1910)
4(1975 2066 2092 2001)
4(2066 2157 2183 2092)
4(2157 2248 2274 2183)
4(2248 2339 2365 2274)
4(2339 2430 2456 2365)
4(2430 2521 2547 2456)
4(2521 2612 2638 2547)
4(2612 2703 2729 2638)
4(2703 2794 2820 2729)
4(2794 2885 2911 2820)
4(2885 2976 3002 2911)
4(2976 3067 3093 3002)
4(3067 3158 3184 3093)
4(3158 3249 3275 3184)
4(3249 3340 3366 3275)
4(3340 3431 3457 3366)
4(3431 3522 3548 3457)
4(3522 3613 3639 3548)
4(3613 3704 3730 3639)
4(3704 3795 3821 3730)
4(3795 3886 3912 3821)
4(3886 3977 4003 3912)
4(3977 4068 4094 4003)
4(4068 4159 4185 4094)
4(4159 4250 4276 4185)
4(4250 4341 4367 4276)
4(4341 4432 4458 4367)
4(4432 4523 4549 4458)
4(4523 4614 4640 4549)
4(4614 4705 4731 4640)
4(4705 4796 4822 4731)
4(4796 4887 4913 4822)
4(4887 4978 5004 4913)
4(4978 5069 5095 5004)
4(5069 5160 5186 5095)
4(5160 5251 5277 5186)
4(5251 5342 5368 5277)
4(5342 5433 5459 5368)
4(5433 5524 5550 5459)
4(5524 5615 5641 5550)
4(5615 5706 5732 5641)
4(5706 5797 5823 5732)
4(5797 5888 5914 5823)
4(5888 5979 6005 5914)
4(5979 6070 6096 6005)
4(6070 6161 6187 6096)
4(6161 6252 6278 6187)
4(6252 6343 6369 6278)
4(6343 6434 6460 6369)
4(6434 6525 6551 6460)
4(6525 6616 6642 6551)
4(6616 6707 6733 6642)
4(6707 6798 6824 6733)
4(6798 6889 6915 6824)
4(6889 6980 7006 6915)
4(6980 7071 7097 7006)
4(7071 7162 7188 7097)
4(7162 7253 7279 7188)
4(7253 7344 7370 7279)
4(7344 7435 7461 7370)
4(7435 7526 7552 7461)
4(7526 7617 7643 7552)
4(7617 7708 7734 7643)
4(7708 7799 7825 7734)
4(7799 7890 7916 7825)
4(7890 7981 8007 7916)
4(7981 8072 8098 8007)
4(8072 8163 8189 8098)
4(8163 8254 8280 8189)
4(8254 8345 8371 8280)
4(8345 8436 8462 8371)
4(8436 8527 8553 8462)
4(8527 8618 8644 8553)
4(8618 8709 8735 8644)
4(8709 8800 8826 8735)
4(8800 8891 8917 8826)
4(8891 8982 9008 8917)
4(8982 9073 9099 9008)
4(9073 9164 9190 9099)
4(9164 9255 9281 9190)
4(9255 9346 9372 9281)
4(9437 9463 9372 9346)
4(1728 1819 1818 1727)
4(1819 1910 1909 1818)
4(1910 2001 2000 1909)
4(2001 2092 2091 2000)
4(2092 2183 2182 2091)
4(2183 2274 2273 2182)
4(2274 2365 2364 2273)
4(2365 2456 2455 2364)
4(2456 2547 2546 2455)
4(2547 2638 2637 2546)
4(2638 2729 2728 2637)
4(2729 2820 2819 2728)
4(2820 2911 2910 2819)
4(2911 3002 3001 2910)
4(3002 3093 3092 3001)
4(3093 3184 3183 3092)
4(3184 3275 3274 3183)
4(3275 3366 3365 3274)
4(3366 3457 3456 3365)
4(3457 3548 3547 3456)
4(3548 3639 3638 3547)
4(3639 3730 3729 3638)
4(3730 3821 3820 3729)
4(3821 3912 3911 3820)
4(3912 4003 4002 3911)
4(4003 4094 4093 4002)
4(4094 4185 4184 4093)
4(4185 4276 4275 4184)
4(4276 4367 4366 4275)
4(4367 4458 4457 4366)
4(4458 4549 4548 4457)
4(4549 4640 4639 4548)
4(4640 4731 4730 4639)
4(4731 4822 4821 4730)
4(4822 4913 4912 4821)
4(4913 5004 5003 4912)
4(5004 5095 5094 5003)
4(5095 5186 5185 5094)
4(5186 5277 5276 5185)
4(5277 5368 5367 5276)
4(5368 5459 5458 5367)
4(5459 5550 5549 5458)
4(5550 5641 5640 5549)
4(5641 5732 5731 5640)
4(5732 5823 5822 5731)
4(5823 5914 5913 5822)
4(5914 6005 6004 5913)
4(6005 6096 6095 6004)
4(6096 6187 6186 6095)
4(6187 6278 6277 6186)
4(6278 6369 6368 6277)
4(6369 6460 6459 6368)
4(6460 6551 6550 6459)
4(6551 6642 6641 6550)
4(6642 6733 6732 6641)
4(6733 6824 6823 6732)
4(6824 6915 6914 6823)
4(6915 7006 7005 6914)
4(7006 7097 7096 7005)
4(7097 7188 7187 7096)
4(7188 7279 7278 7187)
4(7279 7370 7369 7278)
4(7370 7461 7460 7369)
4(7461 7552 7551 7460)
4(7552 7643 7642 7551)
4(7643 7734 7733 7642)
4(7734 7825 7824 7733)
4(7825 7916 7915 7824)
4(7916 8007 8006 7915)
4(8007 8098 8097 8006)
4(8098 8189 8188 8097)
4(8189 8280 8279 8188)
4(8280 8371 8370 8279)
4(8371 8462 8461 8370)
4(8462 8553 8552 8461)
4(8553 8644 8643 8552)
4(8644 8735 8734 8643)
4(8735 8826 8825 8734)
4(8826 8917 8916 8825)
4(8917 9008 9007 8916)
4(9008 9099 9098 9007)
4(9099 9190 9189 9098)
4(9190 9281 9280 9189)
4(9281 9372 9371 9280)
4(9462 9371 9372 9463)
4(1727 1818 1817 1726)
4(1818 1909 1908 1817)
4(1909 2000 1999 1908)
4(2000 2091 2090 1999)
4(2091 2182 2181 2090)
4(2182 2273 2272 2181)
4(2273 2364 2363 2272)
4(2364 2455 2454 2363)
4(2455 2546 2545 2454)
4(2546 2637 2636 2545)
4(2637 2728 2727 2636)
4(2728 2819 2818 2727)
4(2819 2910 2909 2818)
4(2910 3001 3000 2909)
4(3001 3092 3091 3000)
4(3092 3183 3182 3091)
4(3183 3274 3273 3182)
4(3274 3365 3364 3273)
4(3365 3456 3455 3364)
4(3456 3547 3546 3455)
4(3547 3638 3637 3546)
4(3638 3729 3728 3637)
4(3729 3820 3819 3728)
4(3820 3911 3910 3819)
4(3911 4002 4001 3910)
4(4002 4093 4092 4001)
4(4093 4184 4183 4092)
4(4184 4275 4274 4183)
4(4275 4366 4365 4274)
4(4366 4457 4456 4365)
4(4457 4548 4547 4456)
4(4548 4639 4638 4547)
4(4639 4730 4729 4638)
4(4730 4821 4820 4729)
4(4821 4912 4911 4820)
4(4912 5003 5002 4911)
4(5003 5094 5093 5002)
4(5094 5185 5184 5093)
4(5185 5276 5275 5184)
4(5276 5367 5366 5275)
4(5367 5458 5457 5366)
4(5458 5549 5548 5457)
4(5549 5640 5639 5548)
4(5640 5731 5730 5639)
4(5731 5822 5821 5730)
4(5822 5913 5912 5821)
4(5913 6004 6003 5912)
4(6004 6095 6094 6003)
4(6095 6186 6185 6094)
4(6186 6277 6276 6185)
4(6277 6368 6367 6276)
4(6368 6459 6458 6367)
4(6459 6550 6549 6458)
4(6550 6641 6640 6549)
4(6641 6732 6731 6640)
4(6732 6823 6822 6731)
4(6823 6914 6913 6822)
4(6914 7005 7004 6913)
4(7005 7096 7095 7004)
4(7096 7187 7186 7095)
4(7187 7278 7277 7186)
4(7278 7369 7368 7277)
4(7369 7460 7459 7368)
4(7460 7551 7550 7459)
4(7551 7642 7641 7550)
4(7642 7733 7732 7641)
4(7733 7824 7823 7732)
4(7824 7915 7914 7823)
4(7915 8006 8005 7914)
4(8006 8097 8096 8005)
4(8097 8188 8187 8096)
4(8188 8279 8278 8187)
4(8279 8370 8369 8278)
4(8370 8461 8460 8369)
4(8461 8552 8551 8460)
4(8552 8643 8642 8551)
4(8643 8734 8733 8642)
4(8734 8825 8824 8733)
4(8825 8916 8915 8824)
4(8916 9007 9006 8915)
4(9007 9098 9097 9006)
4(9098 9189 9188 9097)
4(9189 9280 9279 9188)
4(9280 9371 9370 9279)
4(9461 9370 9371 9462)
4(1726 1817 1816 1725)
4(1817 1908 1907 1816)
4(1908 1999 1998 1907)
4(1999 2090 2089 1998)
4(2090 2181 2180 2089)
4(2181 2272 2271 2180)
4(2272 2363 2362 2271)
4(2363 2454 2453 2362)
4(2454 2545 2544 2453)
4(2545 2636 2635 2544)
4(2636 2727 2726 2635)
4(2727 2818 2817 2726)
4(2818 2909 2908 2817)
4(2909 3000 2999 2908)
4(3000 3091 3090 2999)
4(3091 3182 3181 3090)
4(3182 3273 3272 3181)
4(3273 3364 3363 3272)
4(3364 3455 3454 3363)
4(3455 3546 3545 3454)
4(3546 3637 3636 3545)
4(3637 3728 3727 3636)
4(3728 3819 3818 3727)
4(3819 3910 3909 3818)
4(3910 4001 4000 3909)
4(4001 4092 4091 4000)
4(4092 4183 4182 4091)
4(4183 4274 4273 4182)
4(4274 4365 4364 4273)
4(4365 4456 4455 4364)
4(4456 4547 4546 4455)
4(4547 4638 4637 4546)
4(4638 4729 4728 4637)
4(4729 4820 4819 4728)
4(4820 4911 4910 4819)
4(4911 5002 5001 4910)
4(5002 5093 5092 5001)
4(5093 5184 5183 5092)
4(5184 5275 5274 5183)
4(5275 5366 5365 5274)
4(5366 5457 5456 5365)
4(5457 5548 5547 5456)
4(5548 5639 5638 5547)
4(5639 5730 5729 5638)
4(5730 5821 5820 5729)
4(5821 5912 5911 5820)
4(5912 6003 6002 5911)
4(6003 6094 6093 6002)
4(6094 6185 6184 6093)
4(6185 6276 6275 6184)
4(6276 6367 6366 6275)
4(6367 6458 6457 6366)
4(6458 6549 6548 6457)
4(6549 6640 6639 6548)
4(6640 6731 6730 6639)
4(6731 6822 6821 6730)
4(6822 6913 6912 6821)
4(6913 7004 7003 6912)
4(7004 7095 7094 7003)
4(7095 7186 7185 7094)
4(7186 7277 7276 7185)
4(7277 7368 7367 7276)
4(7368 7459 7458 7367)
4(7459 7550 7549 7458)
4(7550 7641 7640 7549)
4(7641 7732 7731 7640)
4(7732 7823 7822 7731)
4(7823 7914 7913 7822)
4(7914 8005 8004 7913)
4(8005 8096 8095 8004)
4(8096 8187 8186 8095)
4(8187 8278 8277 8186)
4(8278 8369 8368 8277)
4(8369 8460 8459 8368)
4(8460 8551 8550 8459)
4(8551 8642 8641 8550)
4(8642 8733 8732 8641)
4(8733 8824 8823 8732)
4(8824 8915 8914 8823)
4(8915 9006 9005 8914)
4(9006 9097 9096 9005)
4(9097 9188 9187 9096)
4(9188 9279 9278 9187)
4(9279 9370 9369 9278)
4(9460 9369 9370 9461)
4(1725 1816 1815 1724)
4(1816 1907 1906 1815)
4(1907 1998 1997 1906)
4(1998 2089 2088 1997)
4(2089 2180 2179 2088)
4(2180 2271 2270 2179)
4(2271 2362 2361 2270)
4(2362 2453 2452 2361)
4(2453 2544 2543 2452)
4(2544 2635 2634 2543)
4(2635 2726 2725 2634)
4(2726 2817 2816 2725)
4(2817 2908 2907 2816)
4(2908 2999 2998 2907)
4(2999 3090 3089 2998)
4(3090 3181 3180 3089)
4(3181 3272 3271 3180)
4(3272 3363 3362 3271)
4(3363 3454 3453 3362)
4(3454 3545 3544 3453)
4(3545 3636 3635 3544)
4(3636 3727 3726 3635)
4(3727 3818 3817 3726)
4(3818 3909 3908 3817)
4(3909 4000 3999 3908)
4(4000 4091 4090 3999)
4(4091 4182 4181 4090)
4(4182 4273 4272 4181)
4(4273 4364 4363 4272)
4(4364 4455 4454 4363)
4(4455 4546 4545 4454)
4(4546 4637 4636 4545)
4(4637 4728 4727 4636)
4(4728 4819 4818 4727)
4(4819 4910 4909 4818)
4(4910 5001 5000 4909)
4(5001 5092 5091 5000)
4(5092 5183 5182 5091)
4(5183 5274 5273 5182)
4(5274 5365 5364 5273)
4(5365 5456 5455 5364)
4(5456 5547 5546 5455)
4(5547 5638 5637 5546)
4(5638 5729 5728 5637)
4(5729 5820 5819 5728)
4(5820 5911 5910 5819)
4(5911 6002 6001 5910)
4(6002 6093 6092 6001)
4(6093 6184 6183 6092)
4(6184 6275 6274 6183)
4(6275 6366 6365 6274)
4(6366 6457 6456 6365)
4(6457 6548 6547 6456)
4(6548 6639 6638 6547)
4(6639 6730 6729 6638)
4(6730 6821 6820 6729)
4(6821 6912 6911 6820)
4(6912 7003 7002 6911)
4(7003 7094 7093 7002)
4(7094 7185 7184 7093)
4(7185 7276 7275 7184)
4(7276 7367 7366 7275)
4(7367 7458 7457 7366)
4(7458 7549 7548 7457)
4(7549 7640 7639 7548)
4(7640 7731 7730 7639)
4(7731 7822 7821 7730)
4(7822 7913 7912 7821)
4(7913 8004 8003 7912)
4(8004 8095 8094 8003)
4(8095 8186 8185 8094)
4(8186 8277 8276 8185)
4(8277 8368 8367 8276)
4(8368 8459 8458 8367)
4(8459 8550 8549 8458)
4(8550 8641 8640 8549)
4(8641 8732 8731 8640)
4(8732 8823 8822 8731)
4(8823 8914 8913 8822)
4(8914 9005 9004 8913)
4(9005 9096 9095 9004)
4(9096 9187 9186 9095)
4(9187 9278 9277 9186)
4(9278 9369 9368 9277)
4(9459 9368 9369 9460)
4(1724 1815 1814 1723)
4(1815 1906 1905 1814)
4(1906 1997 1996 1905)
4(1997 2088 2087 1996)
4(2088 2179 2178 2087)
4(2179 2270 2269 2178)
4(2270 2361 2360 2269)
4(2361 2452 2451 2360)
4(2452 2543 2542 2451)
4(2543 2634 2633 2542)
4(2634 2725 2724 2633)
4(2725 2816 2815 2724)
4(2816 2907 2906 2815)
4(2907 2998 2997 2906)
4(2998 3089 3088 2997)
4(3089 3180 3179 3088)
4(3180 3271 3270 3179)
4(3271 3362 3361 3270)
4(3362 3453 3452 3361)
4(3453 3544 3543 3452)
4(3544 3635 3634 3543)
4(3635 3726 3725 3634)
4(3726 3817 3816 3725)
4(3817 3908 3907 3816)
4(3908 3999 3998 3907)
4(3999 4090 4089 3998)
4(4090 4181 4180 4089)
4(4181 4272 4271 4180)
4(4272 4363 4362 4271)
4(4363 4454 4453 4362)
4(4454 4545 4544 4453)
4(4545 4636 4635 4544)
4(4636 4727 4726 4635)
4(4727 4818 4817 4726)
4(4818 4909 4908 4817)
4(4909 5000 4999 4908)
4(5000 5091 5090 4999)
4(5091 5182 5181 5090)
4(5182 5273 5272 5181)
4(5273 5364 5363 5272)
4(5364 5455 5454 5363)
4(5455 5546 5545 5454)
4(5546 5637 5636 5545)
4(5637 5728 5727 5636)
4(5728 5819 5818 5727)
4(5819 5910 5909 5818)
4(5910 6001 6000 5909)
4(6001 6092 6091 6000)
4(6092 6183 6182 6091)
4(6183 6274 6273 6182)
4(6274 6365 6364 6273)
4(6365 6456 6455 6364)
4(6456 6547 6546 6455)
4(6547 6638 6637 6546)
4(6638 6729 6728 6637)
4(6729 6820 6819 6728)
4(6820 6911 6910 6819)
4(6911 7002 7001 6910)
4(7002 7093 7092 7001)
4(7093 7184 7183 7092)
4(7184 7275 7274 7183)
4(7275 7366 7365 7274)
4(7366 7457 7456 7365)
4(7457 7548 7547 7456)
4(7548 7639 7638 7547)
4(7639 7730 7729 7638)
4(7730 7821 7820 7729)
4(7821 7912 7911 7820)
4(7912 8003 8002 7911)
4(8003 8094 8093 8002)
4(8094 8185 8184 8093)
4(8185 8276 8275 8184)
4(8276 8367 8366 8275)
4(8367 8458 8457 8366)
4(8458 8549 8548 8457)
4(8549 8640 8639 8548)
4(8640 8731 8730 8639)
4(8731 8822 8821 8730)
4(8822 8913 8912 8821)
4(8913 9004 9003 8912)
4(9004 9095 9094 9003)
4(9095 9186 9185 9094)
4(9186 9277 9276 9185)
4(9277 9368 9367 9276)
4(9458 9367 9368 9459)
4(1723 1814 1813 1722)
4(1814 1905 1904 1813)
4(1905 1996 1995 1904)
4(1996 2087 2086 1995)
4(2087 2178 2177 2086)
4(2178 2269 2268 2177)
4(2269 2360 2359 2268)
4(2360 2451 2450 2359)
4(2451 2542 2541 2450)
4(2542 2633 2632 2541)
4(2633 2724 2723 2632)
4(2724 2815 2814 2723)
4(2815 2906 2905 2814)
4(2906 2997 2996 2905)
4(2997 3088 3087 2996)
4(3088 3179 3178 3087)
4(3179 3270 3269 3178)
4(3270 3361 3360 3269)
4(3361 3452 3451 3360)
4(3452 3543 3542 3451)
4(3543 3634 3633 3542)
4(3634 3725 3724 3633)
4(3725 3816 3815 3724)
4(3816 3907 3906 3815)
4(3907 3998 3997 3906)
4(3998 4089 4088 3997)
4(4089 4180 4179 4088)
4(4180 4271 4270 4179)
4(4271 4362 4361 4270)
4(4362 4453 4452 4361)
4(4453 4544 4543 4452)
4(4544 4635 4634 4543)
4(4635 4726 4725 4634)
4(4726 4817 4816 4725)
4(4817 4908 4907 4816)
4(4908 4999 4998 4907)
4(4999 5090 5089 4998)
4(5090 5181 5180 5089)
4(5181 5272 5271 5180)
4(5272 5363 5362 5271)
4(5363 5454 5453 5362)
4(5454 5545 5544 5453)
4(5545 5636 5635 5544)
4(5636 5727 5726 5635)
4(5727 5818 5817 5726)
4(5818 5909 5908 5817)
4(5909 6000 5999 5908)
4(6000 6091 6090 5999)
4(6091 6182 6181 6090)
4(6182 6273 6272 6181)
4(6273 6364 6363 6272)
4(6364 6455 6454 6363)
4(6455 6546 6545 6454)
4(6546 6637 6636 6545)
4(6637 6728 6727 6636)
4(6728 6819 6818 6727)
4(6819 6910 6909 6818)
4(6910 7001 7000 6909)
4(7001 7092 7091 7000)
4(7092 7183 7182 7091)
4(7183 7274 7273 7182)
4(7274 7365 7364 7273)
4(7365 7456 7455 7364)
4(7456 7547 7546 7455)
4(7547 7638 7637 7546)
4(7638 7729 7728 7637)
4(7729 7820 7819 7728)
4(7820 7911 7910 7819)
4(7911 8002 8001 7910)
4(8002 8093 8092 8001)
4(8093 8184 8183 8092)
4(8184 8275 8274 8183)
4(8275 8366 8365 8274)
4(8366 8457 8456 8365)
4(8457 8548 8547 8456)
4(8548 8639 8638 8547)
4(8639 8730 8729 8638)
4(8730 8821 8820 8729)
4(8821 8912 8911 8820)
4(8912 9003 9002 8911)
4(9003 9094 9093 9002)
4(9094 9185 9184 9093)
4(9185 9276 9275 9184)
4(9276 9367 9366 9275)
4(9457 9366 9367 9458)
4(1722 1813 1812 1721)
4(1813 1904 1903 1812)
4(1904 1995 1994 1903)
4(1995 2086 2085 1994)
4(2086 2177 2176 2085)
4(2177 2268 2267 2176)
4(2268 2359 2358 2267)
4(2359 2450 2449 2358)
4(2450 2541 2540 2449)
4(2541 2632 2631 2540)
4(2632 2723 2722 2631)
4(2723 2814 2813 2722)
4(2814 2905 2904 2813)
4(2905 2996 2995 2904)
4(2996 3087 3086 2995)
4(3087 3178 3177 3086)
4(3178 3269 3268 3177)
4(3269 3360 3359 3268)
4(3360 3451 3450 3359)
4(3451 3542 3541 3450)
4(3542 3633 3632 3541)
4(3633 3724 3723 3632)
4(3724 3815 3814 3723)
4(3815 3906 3905 3814)
4(3906 3997 3996 3905)
4(3997 4088 4087 3996)
4(4088 4179 4178 4087)
4(4179 4270 4269 4178)
4(4270 4361 4360 4269)
4(4361 4452 4451 4360)
4(4452 4543 4542 4451)
4(4543 4634 4633 4542)
4(4634 4725 4724 4633)
4(4725 4816 4815 4724)
4(4816 4907 4906 4815)
4(4907 4998 4997 4906)
4(4998 5089 5088 4997)
4(5089 5180 5179 5088)
4(5180 5271 5270 5179)
4(5271 5362 5361 5270)
4(5362 5453 5452 5361)
4(5453 5544 5543 5452)
4(5544 5635 5634 5543)
4(5635 5726 5725 5634)
4(5726 5817 5816 5725)
4(5817 5908 5907 5816)
4(5908 5999 5998 5907)
4(5999 6090 6089 5998)
4(6090 6181 6180 6089)
4(6181 6272 6271 6180)
4(6272 6363 6362 6271)
4(6363 6454 6453 6362)
4(6454 6545 6544 6453)
4(6545 6636 6635 6544)
4(6636 6727 6726 6635)
4(6727 6818 6817 6726)
4(6818 6909 6908 6817)
4(6909 7000 6999 6908)
4(7000 7091 7090 6999)
4(7091 7182 7181 7090)
4(7182 7273 7272 7181)
4(7273 7364 7363 7272)
4(7364 7455 7454 7363)
4(7455 7546 7545 7454)
4(7546 7637 7636 7545)
4(7637 7728 7727 7636)
4(7728 7819 7818 7727)
4(7819 7910 7909 7818)
4(7910 8001 8000 7909)
4(8001 8092 8091 8000)
4(8092 8183 8182 8091)
4(8183 8274 8273 8182)
4(8274 8365 8364 8273)
4(8365 8456 8455 8364)
4(8456 8547 8546 8455)
4(8547 8638 8637 8546)
4(8638 8729 8728 8637)
4(8729 8820 8819 8728)
4(8820 8911 8910 8819)
4(8911 9002 9001 8910)
4(9002 9093 9092 9001)
4(9093 9184 9183 9092)
4(9184 9275 9274 9183)
4(9275 9366 9365 9274)
4(9456 9365 9366 9457)
4(1721 1812 1811 1720)
4(1812 1903 1902 1811)
4(1903 1994 1993 1902)
4(1994 2085 2084 1993)
4(2085 2176 2175 2084)
4(2176 2267 2266 2175)
4(2267 2358 2357 2266)
4(2358 2449 2448 2357)
4(2449 2540 2539 2448)
4(2540 2631 2630 2539)
4(2631 2722 2721 2630)
4(2722 2813 2812 2721)
4(2813 2904 2903 2812)
4(2904 2995 2994 2903)
4(2995 3086 3085 2994)
4(3086 3177 3176 3085)
4(3177 3268 3267 3176)
4(3268 3359 3358 3267)
4(3359 3450 3449 3358)
4(3450 3541 3540 3449)
4(3541 3632 3631 3540)
4(3632 3723 3722 3631)
4(3723 3814 3813 3722)
4(3814 3905 3904 3813)
4(3905 3996 3995 3904)
4(3996 4087 4086 3995)
4(4087 4178 4177 4086)
4(4178 4269 4268 4177)
4(4269 4360 4359 4268)
4(4360 4451 4450 4359)
4(4451 4542 4541 4450)
4(4542 4633 4632 4541)
4(4633 4724 4723 4632)
4(4724 4815 4814 4723)
4(4815 4906 4905 4814)
4(4906 4997 4996 4905)
4(4997 5088 5087 4996)
4(5088 5179 5178 5087)
4(5179 5270 5269 5178)
4(5270 5361 5360 5269)
4(5361 5452 5451 5360)
4(5452 5543 5542 5451)
4(5543 5634 5633 5542)
4(5634 5725 5724 5633)
4(5725 5816 5815 5724)
4(5816 5907 5906 5815)
4(5907 5998 5997 5906)
4(5998 6089 6088 5997)
4(6089 6180 6179 6088)
4(6180 6271 6270 6179)
4(6271 6362 6361 6270)
4(6362 6453 6452 6361)
4(6453 6544 6543 6452)
4(6544 6635 6634 6543)
4(6635 6726 6725 6634)
4(6726 6817 6816 6725)
4(6817 6908 6907 6816)
4(6908 6999 6998 6907)
4(6999 7090 7089 6998)
4(7090 7181 7180 7089)
4(7181 7272 7271 7180)
4(7272 7363 7362 7271)
4(7363 7454 7453 7362)
4(7454 7545 7544 7453)
4(7545 7636 7635 7544)
4(7636 7727 7726 7635)
4(7727 7818 7817 7726)
4(7818 7909 7908 7817)
4(7909 8000 7999 7908)
4(8000 8091 8090 7999)
4(8091 8182 8181 8090)
4(8182 8273 8272 8181)
4(8273 8364 8363 8272)
4(8364 8455 8454 8363)
4(8455 8546 8545 8454)
4(8546 8637 8636 8545)
4(8637 8728 8727 8636)
4(8728 8819 8818 8727)
4(8819 8910 8909 8818)
4(8910 9001 9000 8909)
4(9001 9092 9091 9000)
4(9092 9183 9182 9091)
4(9183 9274 9273 9182)
4(9274 9365 9364 9273)
4(9455 9364 9365 9456)
4(1720 1811 1810 1719)
4(1811 1902 1901 1810)
4(1902 1993 1992 1901)
4(1993 2084 2083 1992)
4(2084 2175 2174 2083)
4(2175 2266 2265 2174)
4(2266 2357 2356 2265)
4(2357 2448 2447 2356)
4(2448 2539 2538 2447)
4(2539 2630 2629 2538)
4(2630 2721 2720 2629)
4(2721 2812 2811 2720)
4(2812 2903 2902 2811)
4(2903 2994 2993 2902)
4(2994 3085 3084 2993)
4(3085 3176 3175 3084)
4(3176 3267 3266 3175)
4(3267 3358 3357 3266)
4(3358 3449 3448 3357)
4(3449 3540 3539 3448)
4(3540 3631 3630 3539)
4(3631 3722 3721 3630)
4(3722 3813 3812 3721)
4(3813 3904 3903 3812)
4(3904 3995 3994 3903)
4(3995 4086 4085 3994)
4(4086 4177 4176 4085)
4(4177 4268 4267 4176)
4(4268 4359 4358 4267)
4(4359 4450 4449 4358)
4(4450 4541 4540 4449)
4(4541 4632 4631 4540)
4(4632 4723 4722 4631)
4(4723 4814 4813 4722)
4(4814 4905 4904 4813)
4(4905 4996 4995 4904)
4(4996 5087 5086 4995)
4(5087 5178 5177 5086)
4(5178 5269 5268 5177)
4(5269 5360 5359 5268)
4(5360 5451 5450 5359)
4(5451 5542 5541 5450)
4(5542 5633 5632 5541)
4(5633 5724 5723 5632)
4(5724 5815 5814 5723)
4(5815 5906 5905 5814)
4(5906 5997 5996 5905)
4(5997 6088 6087 5996)
4(6088 6179 6178 6087)
4(6179 6270 6269 6178)
4(6270 6361 6360 6269)
4(6361 6452 6451 6360)
4(6452 6543 6542 6451)
4(6543 6634 6633 6542)
4(6634 6725 6724 6633)
4(6725 6816 6815 6724)
4(6816 6907 6906 6815)
4(6907 6998 6997 6906)
4(6998 7089 7088 6997)
4(7089 7180 7179 7088)
4(7180 7271 7270 7179)
4(7271 7362 7361 7270)
4(7362 7453 7452 7361)
4(7453 7544 7543 7452)
4(7544 7635 7634 7543)
4(7635 7726 7725 7634)
4(7726 7817 7816 7725)
4(7817 7908 7907 7816)
4(7908 7999 7998 7907)
4(7999 8090 8089 7998)
4(8090 8181 8180 8089)
4(8181 8272 8271 8180)
4(8272 8363 8362 8271)
4(8363 8454 8453 8362)
4(8454 8545 8544 8453)
4(8545 8636 8635 8544)
4(8636 8727 8726 8635)
4(8727 8818 8817 8726)
4(8818 8909 8908 8817)
4(8909 9000 8999 8908)
4(9000 9091 9090 8999)
4(9091 9182 9181 9090)
4(9182 9273 9272 9181)
4(9273 9364 9363 9272)
4(9454 9363 9364 9455)
4(1719 1810 1809 1718)
4(1810 1901 1900 1809)
4(1901 1992 1991 1900)
4(1992 2083 2082 1991)
4(2083 2174 2173 2082)
4(2174 2265 2264 2173)
4(2265 2356 2355 2264)
4(2356 2447 2446 2355)
4(2447 2538 2537 2446)
4(2538 2629 2628 2537)
4(2629 2720 2719 2628)
4(2720 2811 2810 2719)
4(2811 2902 2901 2810)
4(2902 2993 2992 2901)
4(2993 3084 3083 2992)
4(3084 3175 3174 3083)
4(3175 3266 3265 3174)
4(3266 3357 3356 3265)
4(3357 3448 3447 3356)
4(3448 3539 3538 3447)
4(3539 3630 3629 3538)
4(3630 3721 3720 3629)
4(3721 3812 3811 3720)
4(3812 3903 3902 3811)
4(3903 3994 3993 3902)
4(3994 4085 4084 3993)
4(4085 4176 4175 4084)
4(4176 4267 4266 4175)
4(4267 4358 4357 4266)
4(4358 4449 4448 4357)
4(4449 4540 4539 4448)
4(4540 4631 4630 4539)
4(4631 4722 4721 4630)
4(4722 4813 4812 4721)
4(4813 4904 4903 4812)
4(4904 4995 4994 4903)
4(4995 5086 5085 4994)
4(5086 5177 5176 5085)
4(5177 5268 5267 5176)
4(5268 5359 5358 5267)
4(5359 5450 5449 5358)
4(5450 5541 5540 5449)
4(5541 5632 5631 5540)
4(5632 5723 5722 5631)
4(5723 5814 5813 5722)
4(5814 5905 5904 5813)
4(5905 5996 5995 5904)
4(5996 6087 6086 5995)
4(6087 6178 6177 6086)
4(6178 6269 6268 6177)
4(6269 6360 6359 6268)
4(6360 6451 6450 6359)
4(6451 6542 6541 6450)
4(6542 6633 6632 6541)
4(6633 6724 6723 6632)
4(6724 6815 6814 6723)
4(6815 6906 6905 6814)
4(6906 6997 6996 6905)
4(6997 7088 7087 6996)
4(7088 7179 7178 7087)
4(7179 7270 7269 7178)
4(7270 7361 7360 7269)
4(7361 7452 7451 7360)
4(7452 7543 7542 7451)
4(7543 7634 7633 7542)
4(7634 7725 7724 7633)
4(7725 7816 7815 7724)
4(7816 7907 7906 7815)
4(7907 7998 7997 7906)
4(7998 8089 8088 7997)
4(8089 8180 8179 8088)
4(8180 8271 8270 8179)
4(8271 8362 8361 8270)
4(8362 8453 8452 8361)
4(8453 8544 8543 8452)
4(8544 8635 8634 8543)
4(8635 8726 8725 8634)
4(8726 8817 8816 8725)
4(8817 8908 8907 8816)
4(8908 8999 8998 8907)
4(8999 9090 9089 8998)
4(9090 9181 9180 9089)
4(9181 9272 9271 9180)
4(9272 9363 9362 9271)
4(9453 9362 9363 9454)
4(1718 1809 1808 1717)
4(1809 1900 1899 1808)
4(1900 1991 1990 1899)
4(1991 2082 2081 1990)
4(2082 2173 2172 2081)
4(2173 2264 2263 2172)
4(2264 2355 2354 2263)
4(2355 2446 2445 2354)
4(2446 2537 2536 2445)
4(2537 2628 2627 2536)
4(2628 2719 2718 2627)
4(2719 2810 2809 2718)
4(2810 2901 2900 2809)
4(2901 2992 2991 2900)
4(2992 3083 3082 2991)
4(3083 3174 3173 3082)
4(3174 3265 3264 3173)
4(3265 3356 3355 3264)
4(3356 3447 3446 3355)
4(3447 3538 3537 3446)
4(3538 3629 3628 3537)
4(3629 3720 3719 3628)
4(3720 3811 3810 3719)
4(3811 3902 3901 3810)
4(3902 3993 3992 3901)
4(3993 4084 4083 3992)
4(4084 4175 4174 4083)
4(4175 4266 4265 4174)
4(4266 4357 4356 4265)
4(4357 4448 4447 4356)
4(4448 4539 4538 4447)
4(4539 4630 4629 4538)
4(4630 4721 4720 4629)
4(4721 4812 4811 4720)
4(4812 4903 4902 4811)
4(4903 4994 4993 4902)
4(4994 5085 5084 4993)
4(5085 5176 5175 5084)
4(5176 5267 5266 5175)
4(5267 5358 5357 5266)
4(5358 5449 5448 5357)
4(5449 5540 5539 5448)
4(5540 5631 5630 5539)
4(5631 5722 5721 5630)
4(5722 5813 5812 5721)
4(5813 5904 5903 5812)
4(5904 5995 5994 5903)
4(5995 6086 6085 5994)
4(6086 6177 6176 6085)
4(6177 6268 6267 6176)
4(6268 6359 6358 6267)
4(6359 6450 6449 6358)
4(6450 6541 6540 6449)
4(6541 6632 6631 6540)
4(6632 6723 6722 6631)
4(6723 6814 6813 6722)
4(6814 6905 6904 6813)
4(6905 6996 6995 6904)
4(6996 7087 7086 6995)
4(7087 7178 7177 7086)
4(7178 7269 7268 7177)
4(7269 7360 7359 7268)
4(7360 7451 7450 7359)
4(7451 7542 7541 7450)
4(7542 7633 7632 7541)
4(7633 7724 7723 7632)
4(7724 7815 7814 7723)
4(7815 7906 7905 7814)
4(7906 7997 7996 7905)
4(7997 8088 8087 7996)
4(8088 8179 8178 8087)
4(8179 8270 8269 8178)
4(8270 8361 8360 8269)
4(8361 8452 8451 8360)
4(8452 8543 8542 8451)
4(8543 8634 8633 8542)
4(8634 8725 8724 8633)
4(8725 8816 8815 8724)
4(8816 8907 8906 8815)
4(8907 8998 8997 8906)
4(8998 9089 9088 8997)
4(9089 9180 9179 9088)
4(9180 9271 9270 9179)
4(9271 9362 9361 9270)
4(9452 9361 9362 9453)
4(1717 1808 1807 1716)
4(1808 1899 1898 1807)
4(1899 1990 1989 1898)
4(1990 2081 2080 1989)
4(2081 2172 2171 2080)
4(2172 2263 2262 2171)
4(2263 2354 2353 2262)
4(2354 2445 2444 2353)
4(2445 2536 2535 2444)
4(2536 2627 2626 2535)
4(2627 2718 2717 2626)
4(2718 2809 2808 2717)
4(2809 2900 2899 2808)
4(2900 2991 2990 2899)
4(2991 3082 3081 2990)
4(3082 3173 3172 3081)
4(3173 3264 3263 3172)
4(3264 3355 3354 3263)
4(3355 3446 3445 3354)
4(3446 3537 3536 3445)
4(3537 3628 3627 3536)
4(3628 3719 3718 3627)
4(3719 3810 3809 3718)
4(3810 3901 3900 3809)
4(3901 3992 3991 3900)
4(3992 4083 4082 3991)
4(4083 4174 4173 4082)
4(4174 4265 4264 4173)
4(4265 4356 4355 4264)
4(4356 4447 4446 4355)
4(4447 4538 4537 4446)
4(4538 4629 4628 4537)
4(4629 4720 4719 4628)
4(4720 4811 4810 4719)
4(4811 4902 4901 4810)
4(4902 4993 4992 4901)
4(4993 5084 5083 4992)
4(5084 5175 5174 5083)
4(5175 5266 5265 5174)
4(5266 5357 5356 5265)
4(5357 5448 5447 5356)
4(5448 5539 5538 5447)
4(5539 5630 5629 5538)
4(5630 5721 5720 5629)
4(5721 5812 5811 5720)
4(5812 5903 5902 5811)
4(5903 5994 5993 5902)
4(5994 6085 6084 5993)
4(6085 6176 6175 6084)
4(6176 6267 6266 6175)
4(6267 6358 6357 6266)
4(6358 6449 6448 6357)
4(6449 6540 6539 6448)
4(6540 6631 6630 6539)
4(6631 6722 6721 6630)
4(6722 6813 6812 6721)
4(6813 6904 6903 6812)
4(6904 6995 6994 6903)
4(6995 7086 7085 6994)
4(7086 7177 7176 7085)
4(7177 7268 7267 7176)
4(7268 7359 7358 7267)
4(7359 7450 7449 7358)
4(7450 7541 7540 7449)
4(7541 7632 7631 7540)
4(7632 7723 7722 7631)
4(7723 7814 7813 7722)
4(7814 7905 7904 7813)
4(7905 7996 7995 7904)
4(7996 8087 8086 7995)
4(8087 8178 8177 8086)
4(8178 8269 8268 8177)
4(8269 8360 8359 8268)
4(8360 8451 8450 8359)
4(8451 8542 8541 8450)
4(8542 8633 8632 8541)
4(8633 8724 8723 8632)
4(8724 8815 8814 8723)
4(8815 8906 8905 8814)
4(8906 8997 8996 8905)
4(8997 9088 9087 8996)
4(9088 9179 9178 9087)
4(9179 9270 9269 9178)
4(9270 9361 9360 9269)
4(9451 9360 9361 9452)
4(1715 1716 1807 1806)
4(1806 1807 1898 1897)
4(1897 1898 1989 1988)
4(1988 1989 2080 2079)
4(2079 2080 2171 2170)
4(2170 2171 2262 2261)
4(2261 2262 2353 2352)
4(2352 2353 2444 2443)
4(2443 2444 2535 2534)
4(2534 2535 2626 2625)
4(2625 2626 2717 2716)
4(2716 2717 2808 2807)
4(2807 2808 2899 2898)
4(2898 2899 2990 2989)
4(2989 2990 3081 3080)
4(3080 3081 3172 3171)
4(3171 3172 3263 3262)
4(3262 3263 3354 3353)
4(3353 3354 3445 3444)
4(3444 3445 3536 3535)
4(3535 3536 3627 3626)
4(3626 3627 3718 3717)
4(3717 3718 3809 3808)
4(3808 3809 3900 3899)
4(3899 3900 3991 3990)
4(3990 3991 4082 4081)
4(4081 4082 4173 4172)
4(4172 4173 4264 4263)
4(4263 4264 4355 4354)
4(4354 4355 4446 4445)
4(4445 4446 4537 4536)
4(4536 4537 4628 4627)
4(4627 4628 4719 4718)
4(4718 4719 4810 4809)
4(4809 4810 4901 4900)
4(4900 4901 4992 4991)
4(4991 4992 5083 5082)
4(5082 5083 5174 5173)
4(5173 5174 5265 5264)
4(5264 5265 5356 5355)
4(5355 5356 5447 5446)
4(5446 5447 5538 5537)
4(5537 5538 5629 5628)
4(5628 5629 5720 5719)
4(5719 5720 5811 5810)
4(5810 5811 5902 5901)
4(5901 5902 5993 5992)
4(5992 5993 6084 6083)
4(6083 6084 6175 6174)
4(6174 6175 6266 6265)
4(6265 6266 6357 6356)
4(6356 6357 6448 6447)
4(6447 6448 6539 6538)
4(6538 6539 6630 6629)
4(6629 6630 6721 6720)
4(6720 6721 6812 6811)
4(6811 6812 6903 6902)
4(6902 6903 6994 6993)
4(6993 6994 7085 7084)
4(7084 7085 7176 7175)
4(7175 7176 7267 7266)
4(7266 7267 7358 7357)
4(7357 7358 7449 7448)
4(7448 7449 7540 7539)
4(7539 7540 7631 7630)
4(7630 7631 7722 7721)
4(7721 7722 7813 7812)
4(7812 7813 7904 7903)
4(7903 7904 7995 7994)
4(7994 7995 8086 8085)
4(8085 8086 8177 8176)
4(8176 8177 8268 8267)
4(8267 8268 8359 8358)
4(8358 8359 8450 8449)
4(8449 8450 8541 8540)
4(8540 8541 8632 8631)
4(8631 8632 8723 8722)
4(8722 8723 8814 8813)
4(8813 8814 8905 8904)
4(8904 8905 8996 8995)
4(8995 8996 9087 9086)
4(9086 9087 9178 9177)
4(9177 9178 9269 9268)
4(9268 9269 9360 9359)
4(9450 9359 9360 9451)
4(441 350 351 442)
4(350 259 260 351)
4(259 154 156 260)
4(157 156 154 155)
4(442 351 352 443)
4(351 260 261 352)
4(260 156 158 261)
4(159 158 156 157)
4(443 352 353 444)
4(352 261 262 353)
4(261 158 160 262)
4(161 160 158 159)
4(444 353 354 445)
4(353 262 263 354)
4(262 160 162 263)
4(163 162 160 161)
4(445 354 355 446)
4(354 263 264 355)
4(263 162 164 264)
4(165 164 162 163)
4(446 355 356 447)
4(355 264 265 356)
4(264 164 166 265)
4(167 166 164 165)
4(447 356 357 448)
4(356 265 266 357)
4(265 166 168 266)
4(169 168 166 167)
4(448 357 358 449)
4(357 266 267 358)
4(266 168 170 267)
4(171 170 168 169)
4(449 358 359 450)
4(358 267 268 359)
4(267 170 172 268)
4(173 172 170 171)
4(450 359 360 451)
4(359 268 269 360)
4(268 172 174 269)
4(175 174 172 173)
4(451 360 361 452)
4(360 269 270 361)
4(269 174 176 270)
4(177 176 174 175)
4(452 361 362 453)
4(361 270 271 362)
4(270 176 178 271)
4(179 178 176 177)
4(453 362 363 454)
4(362 271 272 363)
4(271 178 180 272)
4(181 180 178 179)
4(454 363 337 428)
4(363 272 246 337)
4(272 180 127 246)
4(129 127 180 181)
4(428 337 336 427)
4(337 246 245 336)
4(246 127 126 245)
4(129 128 126 127)
4(427 336 338 429)
4(336 245 247 338)
4(245 126 130 247)
4(131 130 126 128)
4(429 338 339 430)
4(338 247 248 339)
4(247 130 132 248)
4(133 132 130 131)
4(430 339 340 431)
4(339 248 249 340)
4(248 132 134 249)
4(135 134 132 133)
4(431 340 341 432)
4(340 249 250 341)
4(249 134 136 250)
4(137 136 134 135)
4(432 341 342 433)
4(341 250 251 342)
4(250 136 138 251)
4(139 138 136 137)
4(433 342 343 434)
4(342 251 252 343)
4(251 138 140 252)
4(141 140 138 139)
4(434 343 344 435)
4(343 252 253 344)
4(252 140 142 253)
4(143 142 140 141)
4(435 344 345 436)
4(344 253 254 345)
4(253 142 144 254)
4(145 144 142 143)
4(436 345 346 437)
4(345 254 255 346)
4(254 144 146 255)
4(147 146 144 145)
4(437 346 347 438)
4(346 255 256 347)
4(255 146 148 256)
4(149 148 146 147)
4(438 347 348 439)
4(347 256 257 348)
4(256 148 150 257)
4(151 150 148 149)
4(439 348 349 440)
4(348 257 258 349)
4(257 150 152 258)
4(153 152 150 151)
4(441 440 349 350)
4(350 349 258 259)
4(259 258 152 154)
4(155 154 152 153)
4(428 427 518 519)
4(427 429 520 518)
4(429 430 521 520)
4(430 431 522 521)
4(431 432 523 522)
4(432 433 524 523)
4(433 434 525 524)
4(434 435 526 525)
4(435 436 527 526)
4(436 437 528 527)
4(437 438 529 528)
4(438 439 530 529)
4(439 440 531 530)
4(441 532 531 440)
4(441 442 533 532)
4(442 443 534 533)
4(443 444 535 534)
4(444 445 536 535)
4(445 446 537 536)
4(446 447 538 537)
4(447 448 539 538)
4(448 449 540 539)
4(449 450 541 540)
4(450 451 542 541)
4(451 452 543 542)
4(452 453 544 543)
4(453 454 545 544)
4(454 428 519 545)
4(609 610 519 518)
4(611 609 518 520)
4(612 611 520 521)
4(613 612 521 522)
4(614 613 522 523)
4(615 614 523 524)
4(616 615 524 525)
4(617 616 525 526)
4(618 617 526 527)
4(619 618 527 528)
4(620 619 528 529)
4(621 620 529 530)
4(622 621 530 531)
4(623 622 531 532)
4(623 532 533 624)
4(625 624 533 534)
4(626 625 534 535)
4(627 626 535 536)
4(628 627 536 537)
4(629 628 537 538)
4(630 629 538 539)
4(631 630 539 540)
4(632 631 540 541)
4(633 632 541 542)
4(634 633 542 543)
4(635 634 543 544)
4(636 635 544 545)
4(610 636 545 519)
4(700 701 610 609)
4(702 700 609 611)
4(703 702 611 612)
4(704 703 612 613)
4(705 704 613 614)
4(706 705 614 615)
4(707 706 615 616)
4(708 707 616 617)
4(709 708 617 618)
4(710 709 618 619)
4(711 710 619 620)
4(712 711 620 621)
4(713 712 621 622)
4(714 713 622 623)
4(714 623 624 715)
4(716 715 624 625)
4(717 716 625 626)
4(718 717 626 627)
4(719 718 627 628)
4(720 719 628 629)
4(721 720 629 630)
4(722 721 630 631)
4(723 722 631 632)
4(724 723 632 633)
4(725 724 633 634)
4(726 725 634 635)
4(727 726 635 636)
4(701 727 636 610)
4(791 792 701 700)
4(793 791 700 702)
4(794 793 702 703)
4(795 794 703 704)
4(796 795 704 705)
4(797 796 705 706)
4(798 797 706 707)
4(799 798 707 708)
4(800 799 708 709)
4(801 800 709 710)
4(802 801 710 711)
4(803 802 711 712)
4(804 803 712 713)
4(805 804 713 714)
4(805 714 715 806)
4(807 806 715 716)
4(808 807 716 717)
4(809 808 717 718)
4(810 809 718 719)
4(811 810 719 720)
4(812 811 720 721)
4(813 812 721 722)
4(814 813 722 723)
4(815 814 723 724)
4(816 815 724 725)
4(817 816 725 726)
4(818 817 726 727)
4(792 818 727 701)
4(882 883 792 791)
4(884 882 791 793)
4(885 884 793 794)
4(886 885 794 795)
4(887 886 795 796)
4(888 887 796 797)
4(889 888 797 798)
4(890 889 798 799)
4(891 890 799 800)
4(892 891 800 801)
4(893 892 801 802)
4(894 893 802 803)
4(895 894 803 804)
4(896 895 804 805)
4(896 805 806 897)
4(898 897 806 807)
4(899 898 807 808)
4(900 899 808 809)
4(901 900 809 810)
4(902 901 810 811)
4(903 902 811 812)
4(904 903 812 813)
4(905 904 813 814)
4(906 905 814 815)
4(907 906 815 816)
4(908 907 816 817)
4(909 908 817 818)
4(883 909 818 792)
4(973 974 883 882)
4(975 973 882 884)
4(976 975 884 885)
4(977 976 885 886)
4(978 977 886 887)
4(979 978 887 888)
4(980 979 888 889)
4(981 980 889 890)
4(982 981 890 891)
4(983 982 891 892)
4(984 983 892 893)
4(985 984 893 894)
4(986 985 894 895)
4(987 986 895 896)
4(987 896 897 988)
4(989 988 897 898)
4(990 989 898 899)
4(991 990 899 900)
4(992 991 900 901)
4(993 992 901 902)
4(994 993 902 903)
4(995 994 903 904)
4(996 995 904 905)
4(997 996 905 906)
4(998 997 906 907)
4(999 998 907 908)
4(1000 999 908 909)
4(974 1000 909 883)
4(1064 1065 974 973)
4(1066 1064 973 975)
4(1067 1066 975 976)
4(1068 1067 976 977)
4(1069 1068 977 978)
4(1070 1069 978 979)
4(1071 1070 979 980)
4(1072 1071 980 981)
4(1073 1072 981 982)
4(1074 1073 982 983)
4(1075 1074 983 984)
4(1076 1075 984 985)
4(1077 1076 985 986)
4(1078 1077 986 987)
4(1078 987 988 1079)
4(1080 1079 988 989)
4(1081 1080 989 990)
4(1082 1081 990 991)
4(1083 1082 991 992)
4(1084 1083 992 993)
4(1085 1084 993 994)
4(1086 1085 994 995)
4(1087 1086 995 996)
4(1088 1087 996 997)
4(1089 1088 997 998)
4(1090 1089 998 999)
4(1091 1090 999 1000)
4(1065 1091 1000 974)
4(1155 1156 1065 1064)
4(1157 1155 1064 1066)
4(1158 1157 1066 1067)
4(1159 1158 1067 1068)
4(1160 1159 1068 1069)
4(1161 1160 1069 1070)
4(1162 1161 1070 1071)
4(1163 1162 1071 1072)
4(1164 1163 1072 1073)
4(1165 1164 1073 1074)
4(1166 1165 1074 1075)
4(1167 1166 1075 1076)
4(1168 1167 1076 1077)
4(1169 1168 1077 1078)
4(1169 1078 1079 1170)
4(1171 1170 1079 1080)
4(1172 1171 1080 1081)
4(1173 1172 1081 1082)
4(1174 1173 1082 1083)
4(1175 1174 1083 1084)
4(1176 1175 1084 1085)
4(1177 1176 1085 1086)
4(1178 1177 1086 1087)
4(1179 1178 1087 1088)
4(1180 1179 1088 1089)
4(1181 1180 1089 1090)
4(1182 1181 1090 1091)
4(1156 1182 1091 1065)
4(1246 1247 1156 1155)
4(1248 1246 1155 1157)
4(1249 1248 1157 1158)
4(1250 1249 1158 1159)
4(1251 1250 1159 1160)
4(1252 1251 1160 1161)
4(1253 1252 1161 1162)
4(1254 1253 1162 1163)
4(1255 1254 1163 1164)
4(1256 1255 1164 1165)
4(1257 1256 1165 1166)
4(1258 1257 1166 1167)
4(1259 1258 1167 1168)
4(1260 1259 1168 1169)
4(1260 1169 1170 1261)
4(1262 1261 1170 1171)
4(1263 1262 1171 1172)
4(1264 1263 1172 1173)
4(1265 1264 1173 1174)
4(1266 1265 1174 1175)
4(1267 1266 1175 1176)
4(1268 1267 1176 1177)
4(1269 1268 1177 1178)
4(1270 1269 1178 1179)
4(1271 1270 1179 1180)
4(1272 1271 1180 1181)
4(1273 1272 1181 1182)
4(1247 1273 1182 1156)
4(1337 1338 1247 1246)
4(1339 1337 1246 1248)
4(1340 1339 1248 1249)
4(1341 1340 1249 1250)
4(1342 1341 1250 1251)
4(1343 1342 1251 1252)
4(1344 1343 1252 1253)
4(1345 1344 1253 1254)
4(1346 1345 1254 1255)
4(1347 1346 1255 1256)
4(1348 1347 1256 1257)
4(1349 1348 1257 1258)
4(1350 1349 1258 1259)
4(1351 1350 1259 1260)
4(1351 1260 1261 1352)
4(1353 1352 1261 1262)
4(1354 1353 1262 1263)
4(1355 1354 1263 1264)
4(1356 1355 1264 1265)
4(1357 1356 1265 1266)
4(1358 1357 1266 1267)
4(1359 1358 1267 1268)
4(1360 1359 1268 1269)
4(1361 1360 1269 1270)
4(1362 1361 1270 1271)
4(1363 1362 1271 1272)
4(1364 1363 1272 1273)
4(1338 1364 1273 1247)
4(1428 1429 1338 1337)
4(1430 1428 1337 1339)
4(1431 1430 1339 1340)
4(1432 1431 1340 1341)
4(1433 1432 1341 1342)
4(1434 1433 1342 1343)
4(1435 1434 1343 1344)
4(1436 1435 1344 1345)
4(1437 1436 1345 1346)
4(1438 1437 1346 1347)
4(1439 1438 1347 1348)
4(1440 1439 1348 1349)
4(1441 1440 1349 1350)
4(1442 1441 1350 1351)
4(1442 1351 1352 1443)
4(1444 1443 1352 1353)
4(1445 1444 1353 1354)
4(1446 1445 1354 1355)
4(1447 1446 1355 1356)
4(1448 1447 1356 1357)
4(1449 1448 1357 1358)
4(1450 1449 1358 1359)
4(1451 1450 1359 1360)
4(1452 1451 1360 1361)
4(1453 1452 1361 1362)
4(1454 1453 1362 1363)
4(1455 1454 1363 1364)
4(1429 1455 1364 1338)
4(1519 1520 1429 1428)
4(1521 1519 1428 1430)
4(1522 1521 1430 1431)
4(1523 1522 1431 1432)
4(1524 1523 1432 1433)
4(1525 1524 1433 1434)
4(1526 1525 1434 1435)
4(1527 1526 1435 1436)
4(1528 1527 1436 1437)
4(1529 1528 1437 1438)
4(1530 1529 1438 1439)
4(1531 1530 1439 1440)
4(1532 1531 1440 1441)
4(1533 1532 1441 1442)
4(1533 1442 1443 1534)
4(1535 1534 1443 1444)
4(1536 1535 1444 1445)
4(1537 1536 1445 1446)
4(1538 1537 1446 1447)
4(1539 1538 1447 1448)
4(1540 1539 1448 1449)
4(1541 1540 1449 1450)
4(1542 1541 1450 1451)
4(1543 1542 1451 1452)
4(1544 1543 1452 1453)
4(1545 1544 1453 1454)
4(1546 1545 1454 1455)
4(1520 1546 1455 1429)
4(1610 1611 1520 1519)
4(1612 1610 1519 1521)
4(1613 1612 1521 1522)
4(1614 1613 1522 1523)
4(1615 1614 1523 1524)
4(1616 1615 1524 1525)
4(1617 1616 1525 1526)
4(1618 1617 1526 1527)
4(1619 1618 1527 1528)
4(1620 1619 1528 1529)
4(1621 1620 1529 1530)
4(1622 1621 1530 1531)
4(1623 1622 1531 1532)
4(1624 1623 1532 1533)
4(1624 1533 1534 1625)
4(1626 1625 1534 1535)
4(1627 1626 1535 1536)
4(1628 1627 1536 1537)
4(1629 1628 1537 1538)
4(1630 1629 1538 1539)
4(1631 1630 1539 1540)
4(1632 1631 1540 1541)
4(1633 1632 1541 1542)
4(1634 1633 1542 1543)
4(1635 1634 1543 1544)
4(1636 1635 1544 1545)
4(1637 1636 1545 1546)
4(1611 1637 1546 1520)
4(1701 1702 1611 1610)
4(1703 1701 1610 1612)
4(1704 1703 1612 1613)
4(1705 1704 1613 1614)
4(1706 1705 1614 1615)
4(1707 1706 1615 1616)
4(1708 1707 1616 1617)
4(1709 1708 1617 1618)
4(1710 1709 1618 1619)
4(1711 1710 1619 1620)
4(1712 1711 1620 1621)
4(1713 1712 1621 1622)
4(1714 1713 1622 1623)
4(1715 1714 1623 1624)
4(1715 1624 1625 1716)
4(1717 1716 1625 1626)
4(1718 1717 1626 1627)
4(1719 1718 1627 1628)
4(1720 1719 1628 1629)
4(1721 1720 1629 1630)
4(1722 1721 1630 1631)
4(1723 1722 1631 1632)
4(1724 1723 1632 1633)
4(1725 1724 1633 1634)
4(1726 1725 1634 1635)
4(1727 1726 1635 1636)
4(1728 1727 1636 1637)
4(1702 1728 1637 1611)
)


// ************************************************************************* //
