/*--------------------------------*- C++ -*----------------------------------*\
  =========                 |
  \\      /  F ield         | OpenFOAM: The Open Source CFD Toolbox
   \\    /   O peration     | Website:  https://openfoam.org
    \\  /    A nd           | Version:  9
     \\/     M anipulation  |
\*---------------------------------------------------------------------------*/
FoamFile
{
    format      ascii;
    class       labelList;
    note        "nPoints:10199  nCells:8486  nFaces:27051  nInternalFaces:23865";
    location    "constant/polyMesh";
    object      neighbour;
}
// * * * * * * * * * * * * * * * * * * * * * * * * * * * * * * * * * * * * * //


23865
(
1
2
32
53
76
2
33
54
77
17
18
78
4
5
42
67
79
5
43
68
80
24
25
81
7
8
10
16
82
11
13
15
83
9
17
18
84
10
19
21
85
11
22
86
12
23
87
13
24
25
88
14
26
89
15
27
28
90
16
30
91
17
31
92
32
93
19
33
94
20
34
95
21
35
37
96
22
38
97
23
40
98
24
41
99
42
100
26
43
101
27
44
102
45
47
103
29
47
75
104
30
48
49
105
31
50
106
32
51
107
52
108
34
55
109
35
56
110
36
57
111
37
58
59
112
38
60
113
39
61
114
40
62
63
115
41
64
116
42
65
117
66
118
44
69
119
45
70
120
46
71
121
47
72
73
122
74
123
49
75
124
50
125
51
126
52
127
53
128
54
129
55
130
56
131
57
132
58
133
59
134
60
135
61
136
62
137
63
138
64
139
65
140
66
141
67
142
68
143
69
144
70
145
71
146
72
147
73
148
74
149
75
150
151
77
78
108
129
152
78
109
130
153
93
94
154
80
81
118
143
155
81
119
144
156
100
101
157
83
84
86
92
158
87
89
91
159
85
93
94
160
86
95
97
161
87
98
162
88
99
163
89
100
101
164
90
102
165
91
103
104
166
92
106
167
93
107
168
108
169
95
109
170
96
110
171
97
111
113
172
98
114
173
99
116
174
100
117
175
118
176
102
119
177
103
120
178
121
123
179
105
123
151
180
106
124
125
181
107
126
182
108
127
183
128
184
110
131
185
111
132
186
112
133
187
113
134
135
188
114
136
189
115
137
190
116
138
139
191
117
140
192
118
141
193
142
194
120
145
195
121
146
196
122
147
197
123
148
149
198
150
199
125
151
200
126
201
127
202
128
203
129
204
130
205
131
206
132
207
133
208
134
209
135
210
136
211
137
212
138
213
139
214
140
215
141
216
142
217
143
218
144
219
145
220
146
221
147
222
148
223
149
224
150
225
151
226
227
153
154
184
205
228
154
185
206
229
169
170
230
156
157
194
219
231
157
195
220
232
176
177
233
159
160
162
168
234
163
165
167
235
161
169
170
236
162
171
173
237
163
174
238
164
175
239
165
176
177
240
166
178
241
167
179
180
242
168
182
243
169
183
244
184
245
171
185
246
172
186
247
173
187
189
248
174
190
249
175
192
250
176
193
251
194
252
178
195
253
179
196
254
197
199
255
181
199
227
256
182
200
201
257
183
202
258
184
203
259
204
260
186
207
261
187
208
262
188
209
263
189
210
211
264
190
212
265
191
213
266
192
214
215
267
193
216
268
194
217
269
218
270
196
221
271
197
222
272
198
223
273
199
224
225
274
226
275
201
227
276
202
277
203
278
204
279
205
280
206
281
207
282
208
283
209
284
210
285
211
286
212
287
213
288
214
289
215
290
216
291
217
292
218
293
219
294
220
295
221
296
222
297
223
298
224
299
225
300
226
301
227
302
303
229
230
260
281
304
230
261
282
305
245
246
306
232
233
270
295
307
233
271
296
308
252
253
309
235
236
238
244
310
239
241
243
311
237
245
246
312
238
247
249
313
239
250
314
240
251
315
241
252
253
316
242
254
317
243
255
256
318
244
258
319
245
259
320
260
321
247
261
322
248
262
323
249
263
265
324
250
266
325
251
268
326
252
269
327
270
328
254
271
329
255
272
330
273
275
331
257
275
303
332
258
276
277
333
259
278
334
260
279
335
280
336
262
283
337
263
284
338
264
285
339
265
286
287
340
266
288
341
267
289
342
268
290
291
343
269
292
344
270
293
345
294
346
272
297
347
273
298
348
274
299
349
275
300
301
350
302
351
277
303
352
278
353
279
354
280
355
281
356
282
357
283
358
284
359
285
360
286
361
287
362
288
363
289
364
290
365
291
366
292
367
293
368
294
369
295
370
296
371
297
372
298
373
299
374
300
375
301
376
302
377
303
378
379
305
306
336
357
380
306
337
358
381
321
322
382
308
309
346
371
383
309
347
372
384
328
329
385
311
312
314
320
386
315
317
319
387
313
321
322
388
314
323
325
389
315
326
390
316
327
391
317
328
329
392
318
330
393
319
331
332
394
320
334
395
321
335
396
336
397
323
337
398
324
338
399
325
339
341
400
326
342
401
327
344
402
328
345
403
346
404
330
347
405
331
348
406
349
351
407
333
351
379
408
334
352
353
409
335
354
410
336
355
411
356
412
338
359
413
339
360
414
340
361
415
341
362
363
416
342
364
417
343
365
418
344
366
367
419
345
368
420
346
369
421
370
422
348
373
423
349
374
424
350
375
425
351
376
377
426
378
427
353
379
428
7873
354
429
7872
355
430
7870
356
431
7839
357
432
7842
358
433
7868
359
434
7865
360
435
7838
361
436
7864
362
437
7862
363
438
7830
364
439
7849
365
440
7850
366
441
7851
367
442
7852
368
443
7853
369
444
7854
370
445
7828
371
446
7855
372
447
7834
373
448
7836
374
449
7858
375
450
7859
376
451
7847
377
452
7844
378
453
7869
379
454
7871
455
7874
381
382
412
433
456
382
413
434
457
397
398
458
384
385
422
447
459
385
423
448
460
404
405
461
387
388
390
396
462
391
393
395
463
389
397
398
464
390
399
401
465
391
402
466
392
403
467
393
404
405
468
394
406
469
395
407
408
470
396
410
471
397
411
472
412
473
399
413
474
400
414
475
401
415
417
476
402
418
477
403
420
478
404
421
479
422
480
406
423
481
407
424
482
425
427
483
409
427
455
484
410
428
429
485
411
430
486
412
431
487
432
488
414
435
489
415
436
490
416
437
491
417
438
439
492
418
440
493
419
441
494
420
442
443
495
421
444
496
422
445
497
446
498
424
449
499
425
450
500
426
451
501
427
452
453
502
454
503
429
455
504
7920
430
505
7919
431
506
7917
432
507
7886
433
508
7889
434
509
7915
435
510
7912
436
511
7885
437
512
7911
438
513
7909
439
514
7877
440
515
7896
441
516
7897
442
517
7898
443
518
7899
444
519
7900
445
520
7901
446
521
7875
447
522
7902
448
523
7881
449
524
7883
450
525
7905
451
526
7906
452
527
7894
453
528
7891
454
529
7916
455
530
7918
531
7921
457
458
488
509
532
458
489
510
533
473
474
534
460
461
498
523
535
461
499
524
536
480
481
537
463
464
466
472
538
467
469
471
539
465
473
474
540
466
475
477
541
467
478
542
468
479
543
469
480
481
544
470
482
545
471
483
484
546
472
486
547
473
487
548
488
549
475
489
550
476
490
551
477
491
493
552
478
494
553
479
496
554
480
497
555
498
556
482
499
557
483
500
558
501
503
559
485
503
531
560
486
504
505
561
487
506
562
488
507
563
508
564
490
511
565
491
512
566
492
513
567
493
514
515
568
494
516
569
495
517
570
496
518
519
571
497
520
572
498
521
573
522
574
500
525
575
501
526
576
502
527
577
503
528
529
578
530
579
505
531
580
7967
506
581
7966
507
582
7964
508
583
7933
509
584
7936
510
585
7962
511
586
7959
512
587
7932
513
588
7958
514
589
7956
515
590
7924
516
591
7943
517
592
7944
518
593
7945
519
594
7946
520
595
7947
521
596
7948
522
597
7922
523
598
7949
524
599
7928
525
600
7930
526
601
7952
527
602
7953
528
603
7941
529
604
7938
530
605
7963
531
606
7965
607
7968
533
534
564
585
608
534
565
586
609
549
550
610
536
537
574
599
611
537
575
600
612
556
557
613
539
540
542
548
614
543
545
547
615
541
549
550
616
542
551
553
617
543
554
618
544
555
619
545
556
557
620
546
558
621
547
559
560
622
548
562
623
549
563
624
564
625
551
565
626
552
566
627
553
567
569
628
554
570
629
555
572
630
556
573
631
574
632
558
575
633
559
576
634
577
579
635
561
579
607
636
562
580
581
637
563
582
638
564
583
639
584
640
566
587
641
567
588
642
568
589
643
569
590
591
644
570
592
645
571
593
646
572
594
595
647
573
596
648
574
597
649
598
650
576
601
651
577
602
652
578
603
653
579
604
605
654
606
655
581
607
656
8014
582
657
8013
583
658
8011
584
659
7980
585
660
7983
586
661
8009
587
662
8006
588
663
7979
589
664
8005
590
665
8003
591
666
7971
592
667
7990
593
668
7991
594
669
7992
595
670
7993
596
671
7994
597
672
7995
598
673
7969
599
674
7996
600
675
7975
601
676
7977
602
677
7999
603
678
8000
604
679
7988
605
680
7985
606
681
8010
607
682
8012
683
8015
609
610
640
661
684
610
641
662
685
625
626
686
612
613
650
675
687
613
651
676
688
632
633
689
615
616
618
624
690
619
621
623
691
617
625
626
692
618
627
629
693
619
630
694
620
631
695
621
632
633
696
622
634
697
623
635
636
698
624
638
699
625
639
700
640
701
627
641
702
628
642
703
629
643
645
704
630
646
705
631
648
706
632
649
707
650
708
634
651
709
635
652
710
653
655
711
637
655
683
712
638
656
657
713
639
658
714
640
659
715
660
716
642
663
717
643
664
718
644
665
719
645
666
667
720
646
668
721
647
669
722
648
670
671
723
649
672
724
650
673
725
674
726
652
677
727
653
678
728
654
679
729
655
680
681
730
682
731
657
683
732
8061
658
733
8060
659
734
8058
660
735
8027
661
736
8030
662
737
8056
663
738
8053
664
739
8026
665
740
8052
666
741
8050
667
742
8018
668
743
8037
669
744
8038
670
745
8039
671
746
8040
672
747
8041
673
748
8042
674
749
8016
675
750
8043
676
751
8022
677
752
8024
678
753
8046
679
754
8047
680
755
8035
681
756
8032
682
757
8057
683
758
8059
759
8062
685
686
716
737
760
686
717
738
761
701
702
762
688
689
726
751
763
689
727
752
764
708
709
765
691
692
694
700
766
695
697
699
767
693
701
702
768
694
703
705
769
695
706
770
696
707
771
697
708
709
772
698
710
773
699
711
712
774
700
714
775
701
715
776
716
777
703
717
778
704
718
779
705
719
721
780
706
722
781
707
724
782
708
725
783
726
784
710
727
785
711
728
786
729
731
787
713
731
759
788
714
732
733
789
715
734
790
716
735
791
736
792
718
739
793
719
740
794
720
741
795
721
742
743
796
722
744
797
723
745
798
724
746
747
799
725
748
800
726
749
801
750
802
728
753
803
729
754
804
730
755
805
731
756
757
806
758
807
733
759
808
8108
734
809
8107
735
810
8105
736
811
8074
737
812
8077
738
813
8103
739
814
8100
740
815
8073
741
816
8099
742
817
8097
743
818
8065
744
819
8084
745
820
8085
746
821
8086
747
822
8087
748
823
8088
749
824
8089
750
825
8063
751
826
8090
752
827
8069
753
828
8071
754
829
8093
755
830
8094
756
831
8082
757
832
8079
758
833
8104
759
834
8106
835
8109
761
762
792
813
836
762
793
814
837
777
778
838
764
765
802
827
839
765
803
828
840
784
785
841
767
768
770
776
842
771
773
775
843
769
777
778
844
770
779
781
845
771
782
846
772
783
847
773
784
785
848
774
786
849
775
787
788
850
776
790
851
777
791
852
792
853
779
793
854
780
794
855
781
795
797
856
782
798
857
783
800
858
784
801
859
802
860
786
803
861
787
804
862
805
807
863
789
807
835
864
790
808
809
865
791
810
866
792
811
867
812
868
794
815
869
795
816
870
796
817
871
797
818
819
872
798
820
873
799
821
874
800
822
823
875
801
824
876
802
825
877
826
878
804
829
879
805
830
880
806
831
881
807
832
833
882
834
883
809
835
884
8155
810
885
8154
811
886
8152
812
887
8121
813
888
8124
814
889
8150
815
890
8147
816
891
8120
817
892
8146
818
893
8144
819
894
8112
820
895
8131
821
896
8132
822
897
8133
823
898
8134
824
899
8135
825
900
8136
826
901
8110
827
902
8137
828
903
8116
829
904
8118
830
905
8140
831
906
8141
832
907
8129
833
908
8126
834
909
8151
835
910
8153
911
8156
837
838
868
889
912
838
869
890
913
853
854
914
840
841
878
903
915
841
879
904
916
860
861
917
843
844
846
852
918
847
849
851
919
845
853
854
920
846
855
857
921
847
858
922
848
859
923
849
860
861
924
850
862
925
851
863
864
926
852
866
927
853
867
928
868
929
855
869
930
856
870
931
857
871
873
932
858
874
933
859
876
934
860
877
935
878
936
862
879
937
863
880
938
881
883
939
865
883
911
940
866
884
885
941
867
886
942
868
887
943
888
944
870
891
945
871
892
946
872
893
947
873
894
895
948
874
896
949
875
897
950
876
898
899
951
877
900
952
878
901
953
902
954
880
905
955
881
906
956
882
907
957
883
908
909
958
910
959
885
911
960
8202
886
961
8201
887
962
8199
888
963
8168
889
964
8171
890
965
8197
891
966
8194
892
967
8167
893
968
8193
894
969
8191
895
970
8159
896
971
8178
897
972
8179
898
973
8180
899
974
8181
900
975
8182
901
976
8183
902
977
8157
903
978
8184
904
979
8163
905
980
8165
906
981
8187
907
982
8188
908
983
8176
909
984
8173
910
985
8198
911
986
8200
987
8203
913
914
944
965
988
914
945
966
989
929
930
990
916
917
954
979
991
917
955
980
992
936
937
993
919
920
922
928
994
923
925
927
995
921
929
930
996
922
931
933
997
923
934
998
924
935
999
925
936
937
1000
926
938
1001
927
939
940
1002
928
942
1003
929
943
1004
944
1005
931
945
1006
932
946
1007
933
947
949
1008
934
950
1009
935
952
1010
936
953
1011
954
1012
938
955
1013
939
956
1014
957
959
1015
941
959
987
1016
942
960
961
1017
943
962
1018
944
963
1019
964
1020
946
967
1021
947
968
1022
948
969
1023
949
970
971
1024
950
972
1025
951
973
1026
952
974
975
1027
953
976
1028
954
977
1029
978
1030
956
981
1031
957
982
1032
958
983
1033
959
984
985
1034
986
1035
961
987
1036
8249
962
1037
8248
963
1038
8246
964
1039
8215
965
1040
8218
966
1041
8244
967
1042
8241
968
1043
8214
969
1044
8240
970
1045
8238
971
1046
8206
972
1047
8225
973
1048
8226
974
1049
8227
975
1050
8228
976
1051
8229
977
1052
8230
978
1053
8204
979
1054
8231
980
1055
8210
981
1056
8212
982
1057
8234
983
1058
8235
984
1059
8223
985
1060
8220
986
1061
8245
987
1062
8247
1063
8250
989
990
1020
1041
1064
990
1021
1042
1065
1005
1006
1066
992
993
1030
1055
1067
993
1031
1056
1068
1012
1013
1069
995
996
998
1004
1070
999
1001
1003
1071
997
1005
1006
1072
998
1007
1009
1073
999
1010
1074
1000
1011
1075
1001
1012
1013
1076
1002
1014
1077
1003
1015
1016
1078
1004
1018
1079
1005
1019
1080
1020
1081
1007
1021
1082
1008
1022
1083
1009
1023
1025
1084
1010
1026
1085
1011
1028
1086
1012
1029
1087
1030
1088
1014
1031
1089
1015
1032
1090
1033
1035
1091
1017
1035
1063
1092
1018
1036
1037
1093
1019
1038
1094
1020
1039
1095
1040
1096
1022
1043
1097
1023
1044
1098
1024
1045
1099
1025
1046
1047
1100
1026
1048
1101
1027
1049
1102
1028
1050
1051
1103
1029
1052
1104
1030
1053
1105
1054
1106
1032
1057
1107
1033
1058
1108
1034
1059
1109
1035
1060
1061
1110
1062
1111
1037
1063
1112
8296
1038
1113
8295
1039
1114
8293
1040
1115
8262
1041
1116
8265
1042
1117
8291
1043
1118
8288
1044
1119
8261
1045
1120
8287
1046
1121
8285
1047
1122
8253
1048
1123
8272
1049
1124
8273
1050
1125
8274
1051
1126
8275
1052
1127
8276
1053
1128
8277
1054
1129
8251
1055
1130
8278
1056
1131
8257
1057
1132
8259
1058
1133
8281
1059
1134
8282
1060
1135
8270
1061
1136
8267
1062
1137
8292
1063
1138
8294
1139
8297
1065
1066
1096
1117
1140
1066
1097
1118
1141
1081
1082
1142
1068
1069
1106
1131
1143
1069
1107
1132
1144
1088
1089
1145
1071
1072
1074
1080
1146
1075
1077
1079
1147
1073
1081
1082
1148
1074
1083
1085
1149
1075
1086
1150
1076
1087
1151
1077
1088
1089
1152
1078
1090
1153
1079
1091
1092
1154
1080
1094
1155
1081
1095
1156
1096
1157
1083
1097
1158
1084
1098
1159
1085
1099
1101
1160
1086
1102
1161
1087
1104
1162
1088
1105
1163
1106
1164
1090
1107
1165
1091
1108
1166
1109
1111
1167
1093
1111
1139
1168
1094
1112
1113
1169
1095
1114
1170
1096
1115
1171
1116
1172
1098
1119
1173
1099
1120
1174
1100
1121
1175
1101
1122
1123
1176
1102
1124
1177
1103
1125
1178
1104
1126
1127
1179
1105
1128
1180
1106
1129
1181
1130
1182
1108
1133
1183
1109
1134
1184
1110
1135
1185
1111
1136
1137
1186
1138
1187
1113
1139
1188
8343
1114
1189
8342
1115
1190
8340
1116
1191
8309
1117
1192
8312
1118
1193
8338
1119
1194
8335
1120
1195
8308
1121
1196
8334
1122
1197
8332
1123
1198
8300
1124
1199
8319
1125
1200
8320
1126
1201
8321
1127
1202
8322
1128
1203
8323
1129
1204
8324
1130
1205
8298
1131
1206
8325
1132
1207
8304
1133
1208
8306
1134
1209
8328
1135
1210
8329
1136
1211
8317
1137
1212
8314
1138
1213
8339
1139
1214
8341
1215
8344
1141
1142
1172
1193
1216
1142
1173
1194
1217
1157
1158
1218
1144
1145
1182
1207
1219
1145
1183
1208
1220
1164
1165
1221
1147
1148
1150
1156
1222
1151
1153
1155
1223
1149
1157
1158
1224
1150
1159
1161
1225
1151
1162
1226
1152
1163
1227
1153
1164
1165
1228
1154
1166
1229
1155
1167
1168
1230
1156
1170
1231
1157
1171
1232
1172
1233
1159
1173
1234
1160
1174
1235
1161
1175
1177
1236
1162
1178
1237
1163
1180
1238
1164
1181
1239
1182
1240
1166
1183
1241
1167
1184
1242
1185
1187
1243
1169
1187
1215
1244
1170
1188
1189
1245
1171
1190
1246
1172
1191
1247
1192
1248
1174
1195
1249
1175
1196
1250
1176
1197
1251
1177
1198
1199
1252
1178
1200
1253
1179
1201
1254
1180
1202
1203
1255
1181
1204
1256
1182
1205
1257
1206
1258
1184
1209
1259
1185
1210
1260
1186
1211
1261
1187
1212
1213
1262
1214
1263
1189
1215
1264
8390
1190
1265
8389
1191
1266
8387
1192
1267
8356
1193
1268
8359
1194
1269
8385
1195
1270
8382
1196
1271
8355
1197
1272
8381
1198
1273
8379
1199
1274
8347
1200
1275
8366
1201
1276
8367
1202
1277
8368
1203
1278
8369
1204
1279
8370
1205
1280
8371
1206
1281
8345
1207
1282
8372
1208
1283
8351
1209
1284
8353
1210
1285
8375
1211
1286
8376
1212
1287
8364
1213
1288
8361
1214
1289
8386
1215
1290
8388
1291
8391
1217
1218
1248
1269
1292
1218
1249
1270
1293
1233
1234
1294
1220
1221
1258
1283
1295
1221
1259
1284
1296
1240
1241
1297
1223
1224
1226
1232
1298
1227
1229
1231
1299
1225
1233
1234
1300
1226
1235
1237
1301
1227
1238
1302
1228
1239
1303
1229
1240
1241
1304
1230
1242
1305
1231
1243
1244
1306
1232
1246
1307
1233
1247
1308
1248
1309
1235
1249
1310
1236
1250
1311
1237
1251
1253
1312
1238
1254
1313
1239
1256
1314
1240
1257
1315
1258
1316
1242
1259
1317
1243
1260
1318
1261
1263
1319
1245
1263
1291
1320
1246
1264
1265
1321
1247
1266
1322
1248
1267
1323
1268
1324
1250
1271
1325
1251
1272
1326
1252
1273
1327
1253
1274
1275
1328
1254
1276
1329
1255
1277
1330
1256
1278
1279
1331
1257
1280
1332
1258
1281
1333
1282
1334
1260
1285
1335
1261
1286
1336
1262
1287
1337
1263
1288
1289
1338
1290
1339
1265
1291
1340
8437
1266
1341
8436
1267
1342
8434
1268
1343
8403
1269
1344
8406
1270
1345
8432
1271
1346
8429
1272
1347
8402
1273
1348
8428
1274
1349
8426
1275
1350
8394
1276
1351
8413
1277
1352
8414
1278
1353
8415
1279
1354
8416
1280
1355
8417
1281
1356
8418
1282
1357
8392
1283
1358
8419
1284
1359
8398
1285
1360
8400
1286
1361
8422
1287
1362
8423
1288
1363
8411
1289
1364
8408
1290
1365
8433
1291
1366
8435
1367
8438
1293
1294
1324
1345
1368
1294
1325
1346
1369
1309
1310
1370
1296
1297
1334
1359
1371
1297
1335
1360
1372
1316
1317
1373
1299
1300
1302
1308
1374
1303
1305
1307
1375
1301
1309
1310
1376
1302
1311
1313
1377
1303
1314
1378
1304
1315
1379
1305
1316
1317
1380
1306
1318
1381
1307
1319
1320
1382
1308
1322
1383
1309
1323
1384
1324
1385
1311
1325
1386
1312
1326
1387
1313
1327
1329
1388
1314
1330
1389
1315
1332
1390
1316
1333
1391
1334
1392
1318
1335
1393
1319
1336
1394
1337
1339
1395
1321
1339
1367
1396
1322
1340
1341
1397
1323
1342
1398
1324
1343
1399
1344
1400
1326
1347
1401
1327
1348
1402
1328
1349
1403
1329
1350
1351
1404
1330
1352
1405
1331
1353
1406
1332
1354
1355
1407
1333
1356
1408
1334
1357
1409
1358
1410
1336
1361
1411
1337
1362
1412
1338
1363
1413
1339
1364
1365
1414
1366
1415
1341
1367
1416
8484
1342
1417
8483
1343
1418
8481
1344
1419
8450
1345
1420
8453
1346
1421
8479
1347
1422
8476
1348
1423
8449
1349
1424
8475
1350
1425
8473
1351
1426
8441
1352
1427
8460
1353
1428
8461
1354
1429
8462
1355
1430
8463
1356
1431
8464
1357
1432
8465
1358
1433
8439
1359
1434
8466
1360
1435
8445
1361
1436
8447
1362
1437
8469
1363
1438
8470
1364
1439
8458
1365
1440
8455
1366
1441
8480
1367
1442
8482
1443
8485
1369
1370
1400
1421
1444
1370
1401
1422
1445
1385
1386
1446
1372
1373
1410
1435
1447
1373
1411
1436
1448
1392
1393
1449
1375
1376
1378
1384
1450
1379
1381
1383
1451
1377
1385
1386
1452
1378
1387
1389
1453
1379
1390
1454
1380
1391
1455
1381
1392
1393
1456
1382
1394
1457
1383
1395
1396
1458
1384
1398
1459
1385
1399
1460
1400
1461
1387
1401
1462
1388
1402
1463
1389
1403
1405
1464
1390
1406
1465
1391
1408
1466
1392
1409
1467
1410
1468
1394
1411
1469
1395
1412
1470
1413
1415
1471
1397
1415
1443
1472
1398
1416
1417
1473
1399
1418
1474
1400
1419
1475
1420
1476
1402
1423
1477
1403
1424
1478
1404
1425
1479
1405
1426
1427
1480
1406
1428
1481
1407
1429
1482
1408
1430
1431
1483
1409
1432
1484
1410
1433
1485
1434
1486
1412
1437
1487
1413
1438
1488
1414
1439
1489
1415
1440
1441
1490
1442
1491
1417
1443
1492
1418
1493
1419
1494
1420
1495
1421
1496
1422
1497
1423
1498
1424
1499
1425
1500
1426
1501
1427
1502
1428
1503
1429
1504
1430
1505
1431
1506
1432
1507
1433
1508
1434
1509
1435
1510
1436
1511
1437
1512
1438
1513
1439
1514
1440
1515
1441
1516
1442
1517
1443
1518
1519
1445
1446
1476
1497
1520
1446
1477
1498
1521
1461
1462
1522
1448
1449
1486
1511
1523
1449
1487
1512
1524
1468
1469
1525
1451
1452
1454
1460
1526
1455
1457
1459
1527
1453
1461
1462
1528
1454
1463
1465
1529
1455
1466
1530
1456
1467
1531
1457
1468
1469
1532
1458
1470
1533
1459
1471
1472
1534
1460
1474
1535
1461
1475
1536
1476
1537
1463
1477
1538
1464
1478
1539
1465
1479
1481
1540
1466
1482
1541
1467
1484
1542
1468
1485
1543
1486
1544
1470
1487
1545
1471
1488
1546
1489
1491
1547
1473
1491
1519
1548
1474
1492
1493
1549
1475
1494
1550
1476
1495
1551
1496
1552
1478
1499
1553
1479
1500
1554
1480
1501
1555
1481
1502
1503
1556
1482
1504
1557
1483
1505
1558
1484
1506
1507
1559
1485
1508
1560
1486
1509
1561
1510
1562
1488
1513
1563
1489
1514
1564
1490
1515
1565
1491
1516
1517
1566
1518
1567
1493
1519
1568
1494
1569
1495
1570
1496
1571
1497
1572
1498
1573
1499
1574
1500
1575
1501
1576
1502
1577
1503
1578
1504
1579
1505
1580
1506
1581
1507
1582
1508
1583
1509
1584
1510
1585
1511
1586
1512
1587
1513
1588
1514
1589
1515
1590
1516
1591
1517
1592
1518
1593
1519
1594
1595
1521
1522
1552
1573
1596
1522
1553
1574
1597
1537
1538
1598
1524
1525
1562
1587
1599
1525
1563
1588
1600
1544
1545
1601
1527
1528
1530
1536
1602
1531
1533
1535
1603
1529
1537
1538
1604
1530
1539
1541
1605
1531
1542
1606
1532
1543
1607
1533
1544
1545
1608
1534
1546
1609
1535
1547
1548
1610
1536
1550
1611
1537
1551
1612
1552
1613
1539
1553
1614
1540
1554
1615
1541
1555
1557
1616
1542
1558
1617
1543
1560
1618
1544
1561
1619
1562
1620
1546
1563
1621
1547
1564
1622
1565
1567
1623
1549
1567
1595
1624
1550
1568
1569
1625
1551
1570
1626
1552
1571
1627
1572
1628
1554
1575
1629
1555
1576
1630
1556
1577
1631
1557
1578
1579
1632
1558
1580
1633
1559
1581
1634
1560
1582
1583
1635
1561
1584
1636
1562
1585
1637
1586
1638
1564
1589
1639
1565
1590
1640
1566
1591
1641
1567
1592
1593
1642
1594
1643
1569
1595
1644
1570
1645
1571
1646
1572
1647
1573
1648
1574
1649
1575
1650
1576
1651
1577
1652
1578
1653
1579
1654
1580
1655
1581
1656
1582
1657
1583
1658
1584
1659
1585
1660
1586
1661
1587
1662
1588
1663
1589
1664
1590
1665
1591
1666
1592
1667
1593
1668
1594
1669
1595
1670
1671
1597
1598
1628
1649
1672
1598
1629
1650
1673
1613
1614
1674
1600
1601
1638
1663
1675
1601
1639
1664
1676
1620
1621
1677
1603
1604
1606
1612
1678
1607
1609
1611
1679
1605
1613
1614
1680
1606
1615
1617
1681
1607
1618
1682
1608
1619
1683
1609
1620
1621
1684
1610
1622
1685
1611
1623
1624
1686
1612
1626
1687
1613
1627
1688
1628
1689
1615
1629
1690
1616
1630
1691
1617
1631
1633
1692
1618
1634
1693
1619
1636
1694
1620
1637
1695
1638
1696
1622
1639
1697
1623
1640
1698
1641
1643
1699
1625
1643
1671
1700
1626
1644
1645
1701
1627
1646
1702
1628
1647
1703
1648
1704
1630
1651
1705
1631
1652
1706
1632
1653
1707
1633
1654
1655
1708
1634
1656
1709
1635
1657
1710
1636
1658
1659
1711
1637
1660
1712
1638
1661
1713
1662
1714
1640
1665
1715
1641
1666
1716
1642
1667
1717
1643
1668
1669
1718
1670
1719
1645
1671
1720
1646
1721
1647
1722
1648
1723
1649
1724
1650
1725
1651
1726
1652
1727
1653
1728
1654
1729
1655
1730
1656
1731
1657
1732
1658
1733
1659
1734
1660
1735
1661
1736
1662
1737
1663
1738
1664
1739
1665
1740
1666
1741
1667
1742
1668
1743
1669
1744
1670
1745
1671
1746
1747
1673
1674
1704
1725
1748
1674
1705
1726
1749
1689
1690
1750
1676
1677
1714
1739
1751
1677
1715
1740
1752
1696
1697
1753
1679
1680
1682
1688
1754
1683
1685
1687
1755
1681
1689
1690
1756
1682
1691
1693
1757
1683
1694
1758
1684
1695
1759
1685
1696
1697
1760
1686
1698
1761
1687
1699
1700
1762
1688
1702
1763
1689
1703
1764
1704
1765
1691
1705
1766
1692
1706
1767
1693
1707
1709
1768
1694
1710
1769
1695
1712
1770
1696
1713
1771
1714
1772
1698
1715
1773
1699
1716
1774
1717
1719
1775
1701
1719
1747
1776
1702
1720
1721
1777
1703
1722
1778
1704
1723
1779
1724
1780
1706
1727
1781
1707
1728
1782
1708
1729
1783
1709
1730
1731
1784
1710
1732
1785
1711
1733
1786
1712
1734
1735
1787
1713
1736
1788
1714
1737
1789
1738
1790
1716
1741
1791
1717
1742
1792
1718
1743
1793
1719
1744
1745
1794
1746
1795
1721
1747
1796
1722
1797
1723
1798
1724
1799
1725
1800
1726
1801
1727
1802
1728
1803
1729
1804
1730
1805
1731
1806
1732
1807
1733
1808
1734
1809
1735
1810
1736
1811
1737
1812
1738
1813
1739
1814
1740
1815
1741
1816
1742
1817
1743
1818
1744
1819
1745
1820
1746
1821
1747
1822
1823
1749
1750
1780
1801
1824
1750
1781
1802
1825
1765
1766
1826
1752
1753
1790
1815
1827
1753
1791
1816
1828
1772
1773
1829
1755
1756
1758
1764
1830
1759
1761
1763
1831
1757
1765
1766
1832
1758
1767
1769
1833
1759
1770
1834
1760
1771
1835
1761
1772
1773
1836
1762
1774
1837
1763
1775
1776
1838
1764
1778
1839
1765
1779
1840
1780
1841
1767
1781
1842
1768
1782
1843
1769
1783
1785
1844
1770
1786
1845
1771
1788
1846
1772
1789
1847
1790
1848
1774
1791
1849
1775
1792
1850
1793
1795
1851
1777
1795
1823
1852
1778
1796
1797
1853
1779
1798
1854
1780
1799
1855
1800
1856
1782
1803
1857
1783
1804
1858
1784
1805
1859
1785
1806
1807
1860
1786
1808
1861
1787
1809
1862
1788
1810
1811
1863
1789
1812
1864
1790
1813
1865
1814
1866
1792
1817
1867
1793
1818
1868
1794
1819
1869
1795
1820
1821
1870
1822
1871
1797
1823
1872
1798
1873
1799
1874
1800
1875
1801
1876
1802
1877
1803
1878
1804
1879
1805
1880
1806
1881
1807
1882
1808
1883
1809
1884
1810
1885
1811
1886
1812
1887
1813
1888
1814
1889
1815
1890
1816
1891
1817
1892
1818
1893
1819
1894
1820
1895
1821
1896
1822
1897
1823
1898
1899
1825
1826
1856
1877
1900
1826
1857
1878
1901
1841
1842
1902
1828
1829
1866
1891
1903
1829
1867
1892
1904
1848
1849
1905
1831
1832
1834
1840
1906
1835
1837
1839
1907
1833
1841
1842
1908
1834
1843
1845
1909
1835
1846
1910
1836
1847
1911
1837
1848
1849
1912
1838
1850
1913
1839
1851
1852
1914
1840
1854
1915
1841
1855
1916
1856
1917
1843
1857
1918
1844
1858
1919
1845
1859
1861
1920
1846
1862
1921
1847
1864
1922
1848
1865
1923
1866
1924
1850
1867
1925
1851
1868
1926
1869
1871
1927
1853
1871
1899
1928
1854
1872
1873
1929
1855
1874
1930
1856
1875
1931
1876
1932
1858
1879
1933
1859
1880
1934
1860
1881
1935
1861
1882
1883
1936
1862
1884
1937
1863
1885
1938
1864
1886
1887
1939
1865
1888
1940
1866
1889
1941
1890
1942
1868
1893
1943
1869
1894
1944
1870
1895
1945
1871
1896
1897
1946
1898
1947
1873
1899
1948
1874
1949
1875
1950
1876
1951
1877
1952
1878
1953
1879
1954
1880
1955
1881
1956
1882
1957
1883
1958
1884
1959
1885
1960
1886
1961
1887
1962
1888
1963
1889
1964
1890
1965
1891
1966
1892
1967
1893
1968
1894
1969
1895
1970
1896
1971
1897
1972
1898
1973
1899
1974
1975
1901
1902
1932
1953
1976
1902
1933
1954
1977
1917
1918
1978
1904
1905
1942
1967
1979
1905
1943
1968
1980
1924
1925
1981
1907
1908
1910
1916
1982
1911
1913
1915
1983
1909
1917
1918
1984
1910
1919
1921
1985
1911
1922
1986
1912
1923
1987
1913
1924
1925
1988
1914
1926
1989
1915
1927
1928
1990
1916
1930
1991
1917
1931
1992
1932
1993
1919
1933
1994
1920
1934
1995
1921
1935
1937
1996
1922
1938
1997
1923
1940
1998
1924
1941
1999
1942
2000
1926
1943
2001
1927
1944
2002
1945
1947
2003
1929
1947
1975
2004
1930
1948
1949
2005
1931
1950
2006
1932
1951
2007
1952
2008
1934
1955
2009
1935
1956
2010
1936
1957
2011
1937
1958
1959
2012
1938
1960
2013
1939
1961
2014
1940
1962
1963
2015
1941
1964
2016
1942
1965
2017
1966
2018
1944
1969
2019
1945
1970
2020
1946
1971
2021
1947
1972
1973
2022
1974
2023
1949
1975
2024
1950
2025
1951
2026
1952
2027
1953
2028
1954
2029
1955
2030
1956
2031
1957
2032
1958
2033
1959
2034
1960
2035
1961
2036
1962
2037
1963
2038
1964
2039
1965
2040
1966
2041
1967
2042
1968
2043
1969
2044
1970
2045
1971
2046
1972
2047
1973
2048
1974
2049
1975
2050
2051
1977
1978
2008
2029
2052
1978
2009
2030
2053
1993
1994
2054
1980
1981
2018
2043
2055
1981
2019
2044
2056
2000
2001
2057
1983
1984
1986
1992
2058
1987
1989
1991
2059
1985
1993
1994
2060
1986
1995
1997
2061
1987
1998
2062
1988
1999
2063
1989
2000
2001
2064
1990
2002
2065
1991
2003
2004
2066
1992
2006
2067
1993
2007
2068
2008
2069
1995
2009
2070
1996
2010
2071
1997
2011
2013
2072
1998
2014
2073
1999
2016
2074
2000
2017
2075
2018
2076
2002
2019
2077
2003
2020
2078
2021
2023
2079
2005
2023
2051
2080
2006
2024
2025
2081
2007
2026
2082
2008
2027
2083
2028
2084
2010
2031
2085
2011
2032
2086
2012
2033
2087
2013
2034
2035
2088
2014
2036
2089
2015
2037
2090
2016
2038
2039
2091
2017
2040
2092
2018
2041
2093
2042
2094
2020
2045
2095
2021
2046
2096
2022
2047
2097
2023
2048
2049
2098
2050
2099
2025
2051
2100
2026
2101
2027
2102
2028
2103
2029
2104
2030
2105
2031
2106
2032
2107
2033
2108
2034
2109
2035
2110
2036
2111
2037
2112
2038
2113
2039
2114
2040
2115
2041
2116
2042
2117
2043
2118
2044
2119
2045
2120
2046
2121
2047
2122
2048
2123
2049
2124
2050
2125
2051
2126
2127
2053
2054
2084
2105
2128
2054
2085
2106
2129
2069
2070
2130
2056
2057
2094
2119
2131
2057
2095
2120
2132
2076
2077
2133
2059
2060
2062
2068
2134
2063
2065
2067
2135
2061
2069
2070
2136
2062
2071
2073
2137
2063
2074
2138
2064
2075
2139
2065
2076
2077
2140
2066
2078
2141
2067
2079
2080
2142
2068
2082
2143
2069
2083
2144
2084
2145
2071
2085
2146
2072
2086
2147
2073
2087
2089
2148
2074
2090
2149
2075
2092
2150
2076
2093
2151
2094
2152
2078
2095
2153
2079
2096
2154
2097
2099
2155
2081
2099
2127
2156
2082
2100
2101
2157
2083
2102
2158
2084
2103
2159
2104
2160
2086
2107
2161
2087
2108
2162
2088
2109
2163
2089
2110
2111
2164
2090
2112
2165
2091
2113
2166
2092
2114
2115
2167
2093
2116
2168
2094
2117
2169
2118
2170
2096
2121
2171
2097
2122
2172
2098
2123
2173
2099
2124
2125
2174
2126
2175
2101
2127
2176
2102
2177
2103
2178
2104
2179
2105
2180
2106
2181
2107
2182
2108
2183
2109
2184
2110
2185
2111
2186
2112
2187
2113
2188
2114
2189
2115
2190
2116
2191
2117
2192
2118
2193
2119
2194
2120
2195
2121
2196
2122
2197
2123
2198
2124
2199
2125
2200
2126
2201
2127
2202
2203
2129
2130
2160
2181
2204
2130
2161
2182
2205
2145
2146
2206
2132
2133
2170
2195
2207
2133
2171
2196
2208
2152
2153
2209
2135
2136
2138
2144
2210
2139
2141
2143
2211
2137
2145
2146
2212
2138
2147
2149
2213
2139
2150
2214
2140
2151
2215
2141
2152
2153
2216
2142
2154
2217
2143
2155
2156
2218
2144
2158
2219
2145
2159
2220
2160
2221
2147
2161
2222
2148
2162
2223
2149
2163
2165
2224
2150
2166
2225
2151
2168
2226
2152
2169
2227
2170
2228
2154
2171
2229
2155
2172
2230
2173
2175
2231
2157
2175
2203
2232
2158
2176
2177
2233
2159
2178
2234
2160
2179
2235
2180
2236
2162
2183
2237
2163
2184
2238
2164
2185
2239
2165
2186
2187
2240
2166
2188
2241
2167
2189
2242
2168
2190
2191
2243
2169
2192
2244
2170
2193
2245
2194
2246
2172
2197
2247
2173
2198
2248
2174
2199
2249
2175
2200
2201
2250
2202
2251
2177
2203
2252
2178
2253
2179
2254
2180
2255
2181
2256
2182
2257
2183
2258
2184
2259
2185
2260
2186
2261
2187
2262
2188
2263
2189
2264
2190
2265
2191
2266
2192
2267
2193
2268
2194
2269
2195
2270
2196
2271
2197
2272
2198
2273
2199
2274
2200
2275
2201
2276
2202
2277
2203
2278
2279
2205
2206
2236
2257
2280
2206
2237
2258
2281
2221
2222
2282
2208
2209
2246
2271
2283
2209
2247
2272
2284
2228
2229
2285
2211
2212
2214
2220
2286
2215
2217
2219
2287
2213
2221
2222
2288
2214
2223
2225
2289
2215
2226
2290
2216
2227
2291
2217
2228
2229
2292
2218
2230
2293
2219
2231
2232
2294
2220
2234
2295
2221
2235
2296
2236
2297
2223
2237
2298
2224
2238
2299
2225
2239
2241
2300
2226
2242
2301
2227
2244
2302
2228
2245
2303
2246
2304
2230
2247
2305
2231
2248
2306
2249
2251
2307
2233
2251
2279
2308
2234
2252
2253
2309
2235
2254
2310
2236
2255
2311
2256
2312
2238
2259
2313
2239
2260
2314
2240
2261
2315
2241
2262
2263
2316
2242
2264
2317
2243
2265
2318
2244
2266
2267
2319
2245
2268
2320
2246
2269
2321
2270
2322
2248
2273
2323
2249
2274
2324
2250
2275
2325
2251
2276
2277
2326
2278
2327
2253
2279
2328
2254
2329
2255
2330
2256
2331
2257
2332
2258
2333
2259
2334
2260
2335
2261
2336
2262
2337
2263
2338
2264
2339
2265
2340
2266
2341
2267
2342
2268
2343
2269
2344
2270
2345
2271
2346
2272
2347
2273
2348
2274
2349
2275
2350
2276
2351
2277
2352
2278
2353
2279
2354
2355
2281
2282
2312
2333
2356
2282
2313
2334
2357
2297
2298
2358
2284
2285
2322
2347
2359
2285
2323
2348
2360
2304
2305
2361
2287
2288
2290
2296
2362
2291
2293
2295
2363
2289
2297
2298
2364
2290
2299
2301
2365
2291
2302
2366
2292
2303
2367
2293
2304
2305
2368
2294
2306
2369
2295
2307
2308
2370
2296
2310
2371
2297
2311
2372
2312
2373
2299
2313
2374
2300
2314
2375
2301
2315
2317
2376
2302
2318
2377
2303
2320
2378
2304
2321
2379
2322
2380
2306
2323
2381
2307
2324
2382
2325
2327
2383
2309
2327
2355
2384
2310
2328
2329
2385
2311
2330
2386
2312
2331
2387
2332
2388
2314
2335
2389
2315
2336
2390
2316
2337
2391
2317
2338
2339
2392
2318
2340
2393
2319
2341
2394
2320
2342
2343
2395
2321
2344
2396
2322
2345
2397
2346
2398
2324
2349
2399
2325
2350
2400
2326
2351
2401
2327
2352
2353
2402
2354
2403
2329
2355
2404
2330
2405
2331
2406
2332
2407
2333
2408
2334
2409
2335
2410
2336
2411
2337
2412
2338
2413
2339
2414
2340
2415
2341
2416
2342
2417
2343
2418
2344
2419
2345
2420
2346
2421
2347
2422
2348
2423
2349
2424
2350
2425
2351
2426
2352
2427
2353
2428
2354
2429
2355
2430
2431
2357
2358
2388
2409
2432
2358
2389
2410
2433
2373
2374
2434
2360
2361
2398
2423
2435
2361
2399
2424
2436
2380
2381
2437
2363
2364
2366
2372
2438
2367
2369
2371
2439
2365
2373
2374
2440
2366
2375
2377
2441
2367
2378
2442
2368
2379
2443
2369
2380
2381
2444
2370
2382
2445
2371
2383
2384
2446
2372
2386
2447
2373
2387
2448
2388
2449
2375
2389
2450
2376
2390
2451
2377
2391
2393
2452
2378
2394
2453
2379
2396
2454
2380
2397
2455
2398
2456
2382
2399
2457
2383
2400
2458
2401
2403
2459
2385
2403
2431
2460
2386
2404
2405
2461
2387
2406
2462
2388
2407
2463
2408
2464
2390
2411
2465
2391
2412
2466
2392
2413
2467
2393
2414
2415
2468
2394
2416
2469
2395
2417
2470
2396
2418
2419
2471
2397
2420
2472
2398
2421
2473
2422
2474
2400
2425
2475
2401
2426
2476
2402
2427
2477
2403
2428
2429
2478
2430
2479
2405
2431
2480
2406
2481
2407
2482
2408
2483
2409
2484
2410
2485
2411
2486
2412
2487
2413
2488
2414
2489
2415
2490
2416
2491
2417
2492
2418
2493
2419
2494
2420
2495
2421
2496
2422
2497
2423
2498
2424
2499
2425
2500
2426
2501
2427
2502
2428
2503
2429
2504
2430
2505
2431
2506
2507
2433
2434
2464
2485
2508
2434
2465
2486
2509
2449
2450
2510
2436
2437
2474
2499
2511
2437
2475
2500
2512
2456
2457
2513
2439
2440
2442
2448
2514
2443
2445
2447
2515
2441
2449
2450
2516
2442
2451
2453
2517
2443
2454
2518
2444
2455
2519
2445
2456
2457
2520
2446
2458
2521
2447
2459
2460
2522
2448
2462
2523
2449
2463
2524
2464
2525
2451
2465
2526
2452
2466
2527
2453
2467
2469
2528
2454
2470
2529
2455
2472
2530
2456
2473
2531
2474
2532
2458
2475
2533
2459
2476
2534
2477
2479
2535
2461
2479
2507
2536
2462
2480
2481
2537
2463
2482
2538
2464
2483
2539
2484
2540
2466
2487
2541
2467
2488
2542
2468
2489
2543
2469
2490
2491
2544
2470
2492
2545
2471
2493
2546
2472
2494
2495
2547
2473
2496
2548
2474
2497
2549
2498
2550
2476
2501
2551
2477
2502
2552
2478
2503
2553
2479
2504
2505
2554
2506
2555
2481
2507
2556
2482
2557
2483
2558
2484
2559
2485
2560
2486
2561
2487
2562
2488
2563
2489
2564
2490
2565
2491
2566
2492
2567
2493
2568
2494
2569
2495
2570
2496
2571
2497
2572
2498
2573
2499
2574
2500
2575
2501
2576
2502
2577
2503
2578
2504
2579
2505
2580
2506
2581
2507
2582
2583
2509
2510
2540
2561
2584
2510
2541
2562
2585
2525
2526
2586
2512
2513
2550
2575
2587
2513
2551
2576
2588
2532
2533
2589
2515
2516
2518
2524
2590
2519
2521
2523
2591
2517
2525
2526
2592
2518
2527
2529
2593
2519
2530
2594
2520
2531
2595
2521
2532
2533
2596
2522
2534
2597
2523
2535
2536
2598
2524
2538
2599
2525
2539
2600
2540
2601
2527
2541
2602
2528
2542
2603
2529
2543
2545
2604
2530
2546
2605
2531
2548
2606
2532
2549
2607
2550
2608
2534
2551
2609
2535
2552
2610
2553
2555
2611
2537
2555
2583
2612
2538
2556
2557
2613
2539
2558
2614
2540
2559
2615
2560
2616
2542
2563
2617
2543
2564
2618
2544
2565
2619
2545
2566
2567
2620
2546
2568
2621
2547
2569
2622
2548
2570
2571
2623
2549
2572
2624
2550
2573
2625
2574
2626
2552
2577
2627
2553
2578
2628
2554
2579
2629
2555
2580
2581
2630
2582
2631
2557
2583
2632
2558
2633
2559
2634
2560
2635
2561
2636
2562
2637
2563
2638
2564
2639
2565
2640
2566
2641
2567
2642
2568
2643
2569
2644
2570
2645
2571
2646
2572
2647
2573
2648
2574
2649
2575
2650
2576
2651
2577
2652
2578
2653
2579
2654
2580
2655
2581
2656
2582
2657
2583
2658
2659
2585
2586
2616
2637
2660
2586
2617
2638
2661
2601
2602
2662
2588
2589
2626
2651
2663
2589
2627
2652
2664
2608
2609
2665
2591
2592
2594
2600
2666
2595
2597
2599
2667
2593
2601
2602
2668
2594
2603
2605
2669
2595
2606
2670
2596
2607
2671
2597
2608
2609
2672
2598
2610
2673
2599
2611
2612
2674
2600
2614
2675
2601
2615
2676
2616
2677
2603
2617
2678
2604
2618
2679
2605
2619
2621
2680
2606
2622
2681
2607
2624
2682
2608
2625
2683
2626
2684
2610
2627
2685
2611
2628
2686
2629
2631
2687
2613
2631
2659
2688
2614
2632
2633
2689
2615
2634
2690
2616
2635
2691
2636
2692
2618
2639
2693
2619
2640
2694
2620
2641
2695
2621
2642
2643
2696
2622
2644
2697
2623
2645
2698
2624
2646
2647
2699
2625
2648
2700
2626
2649
2701
2650
2702
2628
2653
2703
2629
2654
2704
2630
2655
2705
2631
2656
2657
2706
2658
2707
2633
2659
2708
2634
2709
2635
2710
2636
2711
2637
2712
2638
2713
2639
2714
2640
2715
2641
2716
2642
2717
2643
2718
2644
2719
2645
2720
2646
2721
2647
2722
2648
2723
2649
2724
2650
2725
2651
2726
2652
2727
2653
2728
2654
2729
2655
2730
2656
2731
2657
2732
2658
2733
2659
2734
2735
2661
2662
2692
2713
2736
2662
2693
2714
2737
2677
2678
2738
2664
2665
2702
2727
2739
2665
2703
2728
2740
2684
2685
2741
2667
2668
2670
2676
2742
2671
2673
2675
2743
2669
2677
2678
2744
2670
2679
2681
2745
2671
2682
2746
2672
2683
2747
2673
2684
2685
2748
2674
2686
2749
2675
2687
2688
2750
2676
2690
2751
2677
2691
2752
2692
2753
2679
2693
2754
2680
2694
2755
2681
2695
2697
2756
2682
2698
2757
2683
2700
2758
2684
2701
2759
2702
2760
2686
2703
2761
2687
2704
2762
2705
2707
2763
2689
2707
2735
2764
2690
2708
2709
2765
2691
2710
2766
2692
2711
2767
2712
2768
2694
2715
2769
2695
2716
2770
2696
2717
2771
2697
2718
2719
2772
2698
2720
2773
2699
2721
2774
2700
2722
2723
2775
2701
2724
2776
2702
2725
2777
2726
2778
2704
2729
2779
2705
2730
2780
2706
2731
2781
2707
2732
2733
2782
2734
2783
2709
2735
2784
2710
2785
2711
2786
2712
2787
2713
2788
2714
2789
2715
2790
2716
2791
2717
2792
2718
2793
2719
2794
2720
2795
2721
2796
2722
2797
2723
2798
2724
2799
2725
2800
2726
2801
2727
2802
2728
2803
2729
2804
2730
2805
2731
2806
2732
2807
2733
2808
2734
2809
2735
2810
2811
2737
2738
2768
2789
2812
2738
2769
2790
2813
2753
2754
2814
2740
2741
2778
2803
2815
2741
2779
2804
2816
2760
2761
2817
2743
2744
2746
2752
2818
2747
2749
2751
2819
2745
2753
2754
2820
2746
2755
2757
2821
2747
2758
2822
2748
2759
2823
2749
2760
2761
2824
2750
2762
2825
2751
2763
2764
2826
2752
2766
2827
2753
2767
2828
2768
2829
2755
2769
2830
2756
2770
2831
2757
2771
2773
2832
2758
2774
2833
2759
2776
2834
2760
2777
2835
2778
2836
2762
2779
2837
2763
2780
2838
2781
2783
2839
2765
2783
2811
2840
2766
2784
2785
2841
2767
2786
2842
2768
2787
2843
2788
2844
2770
2791
2845
2771
2792
2846
2772
2793
2847
2773
2794
2795
2848
2774
2796
2849
2775
2797
2850
2776
2798
2799
2851
2777
2800
2852
2778
2801
2853
2802
2854
2780
2805
2855
2781
2806
2856
2782
2807
2857
2783
2808
2809
2858
2810
2859
2785
2811
2860
2786
2861
2787
2862
2788
2863
2789
2864
2790
2865
2791
2866
2792
2867
2793
2868
2794
2869
2795
2870
2796
2871
2797
2872
2798
2873
2799
2874
2800
2875
2801
2876
2802
2877
2803
2878
2804
2879
2805
2880
2806
2881
2807
2882
2808
2883
2809
2884
2810
2885
2811
2886
2887
2813
2814
2844
2865
2888
2814
2845
2866
2889
2829
2830
2890
2816
2817
2854
2879
2891
2817
2855
2880
2892
2836
2837
2893
2819
2820
2822
2828
2894
2823
2825
2827
2895
2821
2829
2830
2896
2822
2831
2833
2897
2823
2834
2898
2824
2835
2899
2825
2836
2837
2900
2826
2838
2901
2827
2839
2840
2902
2828
2842
2903
2829
2843
2904
2844
2905
2831
2845
2906
2832
2846
2907
2833
2847
2849
2908
2834
2850
2909
2835
2852
2910
2836
2853
2911
2854
2912
2838
2855
2913
2839
2856
2914
2857
2859
2915
2841
2859
2887
2916
2842
2860
2861
2917
2843
2862
2918
2844
2863
2919
2864
2920
2846
2867
2921
2847
2868
2922
2848
2869
2923
2849
2870
2871
2924
2850
2872
2925
2851
2873
2926
2852
2874
2875
2927
2853
2876
2928
2854
2877
2929
2878
2930
2856
2881
2931
2857
2882
2932
2858
2883
2933
2859
2884
2885
2934
2886
2935
2861
2887
2936
2862
2937
2863
2938
2864
2939
2865
2940
2866
2941
2867
2942
2868
2943
2869
2944
2870
2945
2871
2946
2872
2947
2873
2948
2874
2949
2875
2950
2876
2951
2877
2952
2878
2953
2879
2954
2880
2955
2881
2956
2882
2957
2883
2958
2884
2959
2885
2960
2886
2961
2887
2962
2963
2889
2890
2920
2941
2964
2890
2921
2942
2965
2905
2906
2966
2892
2893
2930
2955
2967
2893
2931
2956
2968
2912
2913
2969
2895
2896
2898
2904
2970
2899
2901
2903
2971
2897
2905
2906
2972
2898
2907
2909
2973
2899
2910
2974
2900
2911
2975
2901
2912
2913
2976
2902
2914
2977
2903
2915
2916
2978
2904
2918
2979
2905
2919
2980
2920
2981
2907
2921
2982
2908
2922
2983
2909
2923
2925
2984
2910
2926
2985
2911
2928
2986
2912
2929
2987
2930
2988
2914
2931
2989
2915
2932
2990
2933
2935
2991
2917
2935
2963
2992
2918
2936
2937
2993
2919
2938
2994
2920
2939
2995
2940
2996
2922
2943
2997
2923
2944
2998
2924
2945
2999
2925
2946
2947
3000
2926
2948
3001
2927
2949
3002
2928
2950
2951
3003
2929
2952
3004
2930
2953
3005
2954
3006
2932
2957
3007
2933
2958
3008
2934
2959
3009
2935
2960
2961
3010
2962
3011
2937
2963
3012
2938
3013
2939
3014
2940
3015
2941
3016
2942
3017
2943
3018
2944
3019
2945
3020
2946
3021
2947
3022
2948
3023
2949
3024
2950
3025
2951
3026
2952
3027
2953
3028
2954
3029
2955
3030
2956
3031
2957
3032
2958
3033
2959
3034
2960
3035
2961
3036
2962
3037
2963
3038
3039
2965
2966
2996
3017
3040
2966
2997
3018
3041
2981
2982
3042
2968
2969
3006
3031
3043
2969
3007
3032
3044
2988
2989
3045
2971
2972
2974
2980
3046
2975
2977
2979
3047
2973
2981
2982
3048
2974
2983
2985
3049
2975
2986
3050
2976
2987
3051
2977
2988
2989
3052
2978
2990
3053
2979
2991
2992
3054
2980
2994
3055
2981
2995
3056
2996
3057
2983
2997
3058
2984
2998
3059
2985
2999
3001
3060
2986
3002
3061
2987
3004
3062
2988
3005
3063
3006
3064
2990
3007
3065
2991
3008
3066
3009
3011
3067
2993
3011
3039
3068
2994
3012
3013
3069
2995
3014
3070
2996
3015
3071
3016
3072
2998
3019
3073
2999
3020
3074
3000
3021
3075
3001
3022
3023
3076
3002
3024
3077
3003
3025
3078
3004
3026
3027
3079
3005
3028
3080
3006
3029
3081
3030
3082
3008
3033
3083
3009
3034
3084
3010
3035
3085
3011
3036
3037
3086
3038
3087
3013
3039
3088
3014
3089
3015
3090
3016
3091
3017
3092
3018
3093
3019
3094
3020
3095
3021
3096
3022
3097
3023
3098
3024
3099
3025
3100
3026
3101
3027
3102
3028
3103
3029
3104
3030
3105
3031
3106
3032
3107
3033
3108
3034
3109
3035
3110
3036
3111
3037
3112
3038
3113
3039
3114
3115
3041
3042
3072
3093
3116
3042
3073
3094
3117
3057
3058
3118
3044
3045
3082
3107
3119
3045
3083
3108
3120
3064
3065
3121
3047
3048
3050
3056
3122
3051
3053
3055
3123
3049
3057
3058
3124
3050
3059
3061
3125
3051
3062
3126
3052
3063
3127
3053
3064
3065
3128
3054
3066
3129
3055
3067
3068
3130
3056
3070
3131
3057
3071
3132
3072
3133
3059
3073
3134
3060
3074
3135
3061
3075
3077
3136
3062
3078
3137
3063
3080
3138
3064
3081
3139
3082
3140
3066
3083
3141
3067
3084
3142
3085
3087
3143
3069
3087
3115
3144
3070
3088
3089
3145
3071
3090
3146
3072
3091
3147
3092
3148
3074
3095
3149
3075
3096
3150
3076
3097
3151
3077
3098
3099
3152
3078
3100
3153
3079
3101
3154
3080
3102
3103
3155
3081
3104
3156
3082
3105
3157
3106
3158
3084
3109
3159
3085
3110
3160
3086
3111
3161
3087
3112
3113
3162
3114
3163
3089
3115
3164
3090
3165
3091
3166
3092
3167
3093
3168
3094
3169
3095
3170
3096
3171
3097
3172
3098
3173
3099
3174
3100
3175
3101
3176
3102
3177
3103
3178
3104
3179
3105
3180
3106
3181
3107
3182
3108
3183
3109
3184
3110
3185
3111
3186
3112
3187
3113
3188
3114
3189
3115
3190
3191
3117
3118
3148
3169
3192
3118
3149
3170
3193
3133
3134
3194
3120
3121
3158
3183
3195
3121
3159
3184
3196
3140
3141
3197
3123
3124
3126
3132
3198
3127
3129
3131
3199
3125
3133
3134
3200
3126
3135
3137
3201
3127
3138
3202
3128
3139
3203
3129
3140
3141
3204
3130
3142
3205
3131
3143
3144
3206
3132
3146
3207
3133
3147
3208
3148
3209
3135
3149
3210
3136
3150
3211
3137
3151
3153
3212
3138
3154
3213
3139
3156
3214
3140
3157
3215
3158
3216
3142
3159
3217
3143
3160
3218
3161
3163
3219
3145
3163
3191
3220
3146
3164
3165
3221
3147
3166
3222
3148
3167
3223
3168
3224
3150
3171
3225
3151
3172
3226
3152
3173
3227
3153
3174
3175
3228
3154
3176
3229
3155
3177
3230
3156
3178
3179
3231
3157
3180
3232
3158
3181
3233
3182
3234
3160
3185
3235
3161
3186
3236
3162
3187
3237
3163
3188
3189
3238
3190
3239
3165
3191
3240
3166
3241
3167
3242
3168
3243
3169
3244
3170
3245
3171
3246
3172
3247
3173
3248
3174
3249
3175
3250
3176
3251
3177
3252
3178
3253
3179
3254
3180
3255
3181
3256
3182
3257
3183
3258
3184
3259
3185
3260
3186
3261
3187
3262
3188
3263
3189
3264
3190
3265
3191
3266
3267
3193
3194
3224
3245
3268
3194
3225
3246
3269
3209
3210
3270
3196
3197
3234
3259
3271
3197
3235
3260
3272
3216
3217
3273
3199
3200
3202
3208
3274
3203
3205
3207
3275
3201
3209
3210
3276
3202
3211
3213
3277
3203
3214
3278
3204
3215
3279
3205
3216
3217
3280
3206
3218
3281
3207
3219
3220
3282
3208
3222
3283
3209
3223
3284
3224
3285
3211
3225
3286
3212
3226
3287
3213
3227
3229
3288
3214
3230
3289
3215
3232
3290
3216
3233
3291
3234
3292
3218
3235
3293
3219
3236
3294
3237
3239
3295
3221
3239
3267
3296
3222
3240
3241
3297
3223
3242
3298
3224
3243
3299
3244
3300
3226
3247
3301
3227
3248
3302
3228
3249
3303
3229
3250
3251
3304
3230
3252
3305
3231
3253
3306
3232
3254
3255
3307
3233
3256
3308
3234
3257
3309
3258
3310
3236
3261
3311
3237
3262
3312
3238
3263
3313
3239
3264
3265
3314
3266
3315
3241
3267
3316
3242
3317
3243
3318
3244
3319
3245
3320
3246
3321
3247
3322
3248
3323
3249
3324
3250
3325
3251
3326
3252
3327
3253
3328
3254
3329
3255
3330
3256
3331
3257
3332
3258
3333
3259
3334
3260
3335
3261
3336
3262
3337
3263
3338
3264
3339
3265
3340
3266
3341
3267
3342
3343
3269
3270
3300
3321
3344
3270
3301
3322
3345
3285
3286
3346
3272
3273
3310
3335
3347
3273
3311
3336
3348
3292
3293
3349
3275
3276
3278
3284
3350
3279
3281
3283
3351
3277
3285
3286
3352
3278
3287
3289
3353
3279
3290
3354
3280
3291
3355
3281
3292
3293
3356
3282
3294
3357
3283
3295
3296
3358
3284
3298
3359
3285
3299
3360
3300
3361
3287
3301
3362
3288
3302
3363
3289
3303
3305
3364
3290
3306
3365
3291
3308
3366
3292
3309
3367
3310
3368
3294
3311
3369
3295
3312
3370
3313
3315
3371
3297
3315
3343
3372
3298
3316
3317
3373
3299
3318
3374
3300
3319
3375
3320
3376
3302
3323
3377
3303
3324
3378
3304
3325
3379
3305
3326
3327
3380
3306
3328
3381
3307
3329
3382
3308
3330
3331
3383
3309
3332
3384
3310
3333
3385
3334
3386
3312
3337
3387
3313
3338
3388
3314
3339
3389
3315
3340
3341
3390
3342
3391
3317
3343
3392
3318
3393
3319
3394
3320
3395
3321
3396
3322
3397
3323
3398
3324
3399
3325
3400
3326
3401
3327
3402
3328
3403
3329
3404
3330
3405
3331
3406
3332
3407
3333
3408
3334
3409
3335
3410
3336
3411
3337
3412
3338
3413
3339
3414
3340
3415
3341
3416
3342
3417
3343
3418
3419
3345
3346
3376
3397
3420
3346
3377
3398
3421
3361
3362
3422
3348
3349
3386
3411
3423
3349
3387
3412
3424
3368
3369
3425
3351
3352
3354
3360
3426
3355
3357
3359
3427
3353
3361
3362
3428
3354
3363
3365
3429
3355
3366
3430
3356
3367
3431
3357
3368
3369
3432
3358
3370
3433
3359
3371
3372
3434
3360
3374
3435
3361
3375
3436
3376
3437
3363
3377
3438
3364
3378
3439
3365
3379
3381
3440
3366
3382
3441
3367
3384
3442
3368
3385
3443
3386
3444
3370
3387
3445
3371
3388
3446
3389
3391
3447
3373
3391
3419
3448
3374
3392
3393
3449
3375
3394
3450
3376
3395
3451
3396
3452
3378
3399
3453
3379
3400
3454
3380
3401
3455
3381
3402
3403
3456
3382
3404
3457
3383
3405
3458
3384
3406
3407
3459
3385
3408
3460
3386
3409
3461
3410
3462
3388
3413
3463
3389
3414
3464
3390
3415
3465
3391
3416
3417
3466
3418
3467
3393
3419
3468
3394
3469
3395
3470
3396
3471
3397
3472
3398
3473
3399
3474
3400
3475
3401
3476
3402
3477
3403
3478
3404
3479
3405
3480
3406
3481
3407
3482
3408
3483
3409
3484
3410
3485
3411
3486
3412
3487
3413
3488
3414
3489
3415
3490
3416
3491
3417
3492
3418
3493
3419
3494
3495
3421
3422
3452
3473
3496
3422
3453
3474
3497
3437
3438
3498
3424
3425
3462
3487
3499
3425
3463
3488
3500
3444
3445
3501
3427
3428
3430
3436
3502
3431
3433
3435
3503
3429
3437
3438
3504
3430
3439
3441
3505
3431
3442
3506
3432
3443
3507
3433
3444
3445
3508
3434
3446
3509
3435
3447
3448
3510
3436
3450
3511
3437
3451
3512
3452
3513
3439
3453
3514
3440
3454
3515
3441
3455
3457
3516
3442
3458
3517
3443
3460
3518
3444
3461
3519
3462
3520
3446
3463
3521
3447
3464
3522
3465
3467
3523
3449
3467
3495
3524
3450
3468
3469
3525
3451
3470
3526
3452
3471
3527
3472
3528
3454
3475
3529
3455
3476
3530
3456
3477
3531
3457
3478
3479
3532
3458
3480
3533
3459
3481
3534
3460
3482
3483
3535
3461
3484
3536
3462
3485
3537
3486
3538
3464
3489
3539
3465
3490
3540
3466
3491
3541
3467
3492
3493
3542
3494
3543
3469
3495
3544
3470
3545
3471
3546
3472
3547
3473
3548
3474
3549
3475
3550
3476
3551
3477
3552
3478
3553
3479
3554
3480
3555
3481
3556
3482
3557
3483
3558
3484
3559
3485
3560
3486
3561
3487
3562
3488
3563
3489
3564
3490
3565
3491
3566
3492
3567
3493
3568
3494
3569
3495
3570
3571
3497
3498
3528
3549
3572
3498
3529
3550
3573
3513
3514
3574
3500
3501
3538
3563
3575
3501
3539
3564
3576
3520
3521
3577
3503
3504
3506
3512
3578
3507
3509
3511
3579
3505
3513
3514
3580
3506
3515
3517
3581
3507
3518
3582
3508
3519
3583
3509
3520
3521
3584
3510
3522
3585
3511
3523
3524
3586
3512
3526
3587
3513
3527
3588
3528
3589
3515
3529
3590
3516
3530
3591
3517
3531
3533
3592
3518
3534
3593
3519
3536
3594
3520
3537
3595
3538
3596
3522
3539
3597
3523
3540
3598
3541
3543
3599
3525
3543
3571
3600
3526
3544
3545
3601
3527
3546
3602
3528
3547
3603
3548
3604
3530
3551
3605
3531
3552
3606
3532
3553
3607
3533
3554
3555
3608
3534
3556
3609
3535
3557
3610
3536
3558
3559
3611
3537
3560
3612
3538
3561
3613
3562
3614
3540
3565
3615
3541
3566
3616
3542
3567
3617
3543
3568
3569
3618
3570
3619
3545
3571
3620
3546
3621
3547
3622
3548
3623
3549
3624
3550
3625
3551
3626
3552
3627
3553
3628
3554
3629
3555
3630
3556
3631
3557
3632
3558
3633
3559
3634
3560
3635
3561
3636
3562
3637
3563
3638
3564
3639
3565
3640
3566
3641
3567
3642
3568
3643
3569
3644
3570
3645
3571
3646
3647
3573
3574
3604
3625
3648
3574
3605
3626
3649
3589
3590
3650
3576
3577
3614
3639
3651
3577
3615
3640
3652
3596
3597
3653
3579
3580
3582
3588
3654
3583
3585
3587
3655
3581
3589
3590
3656
3582
3591
3593
3657
3583
3594
3658
3584
3595
3659
3585
3596
3597
3660
3586
3598
3661
3587
3599
3600
3662
3588
3602
3663
3589
3603
3664
3604
3665
3591
3605
3666
3592
3606
3667
3593
3607
3609
3668
3594
3610
3669
3595
3612
3670
3596
3613
3671
3614
3672
3598
3615
3673
3599
3616
3674
3617
3619
3675
3601
3619
3647
3676
3602
3620
3621
3677
3603
3622
3678
3604
3623
3679
3624
3680
3606
3627
3681
3607
3628
3682
3608
3629
3683
3609
3630
3631
3684
3610
3632
3685
3611
3633
3686
3612
3634
3635
3687
3613
3636
3688
3614
3637
3689
3638
3690
3616
3641
3691
3617
3642
3692
3618
3643
3693
3619
3644
3645
3694
3646
3695
3621
3647
3696
3622
3697
3623
3698
3624
3699
3625
3700
3626
3701
3627
3702
3628
3703
3629
3704
3630
3705
3631
3706
3632
3707
3633
3708
3634
3709
3635
3710
3636
3711
3637
3712
3638
3713
3639
3714
3640
3715
3641
3716
3642
3717
3643
3718
3644
3719
3645
3720
3646
3721
3647
3722
3723
3649
3650
3680
3701
3724
3650
3681
3702
3725
3665
3666
3726
3652
3653
3690
3715
3727
3653
3691
3716
3728
3672
3673
3729
3655
3656
3658
3664
3730
3659
3661
3663
3731
3657
3665
3666
3732
3658
3667
3669
3733
3659
3670
3734
3660
3671
3735
3661
3672
3673
3736
3662
3674
3737
3663
3675
3676
3738
3664
3678
3739
3665
3679
3740
3680
3741
3667
3681
3742
3668
3682
3743
3669
3683
3685
3744
3670
3686
3745
3671
3688
3746
3672
3689
3747
3690
3748
3674
3691
3749
3675
3692
3750
3693
3695
3751
3677
3695
3723
3752
3678
3696
3697
3753
3679
3698
3754
3680
3699
3755
3700
3756
3682
3703
3757
3683
3704
3758
3684
3705
3759
3685
3706
3707
3760
3686
3708
3761
3687
3709
3762
3688
3710
3711
3763
3689
3712
3764
3690
3713
3765
3714
3766
3692
3717
3767
3693
3718
3768
3694
3719
3769
3695
3720
3721
3770
3722
3771
3697
3723
3772
3698
3773
3699
3774
3700
3775
3701
3776
3702
3777
3703
3778
3704
3779
3705
3780
3706
3781
3707
3782
3708
3783
3709
3784
3710
3785
3711
3786
3712
3787
3713
3788
3714
3789
3715
3790
3716
3791
3717
3792
3718
3793
3719
3794
3720
3795
3721
3796
3722
3797
3723
3798
3799
3725
3726
3756
3777
3800
3726
3757
3778
3801
3741
3742
3802
3728
3729
3766
3791
3803
3729
3767
3792
3804
3748
3749
3805
3731
3732
3734
3740
3806
3735
3737
3739
3807
3733
3741
3742
3808
3734
3743
3745
3809
3735
3746
3810
3736
3747
3811
3737
3748
3749
3812
3738
3750
3813
3739
3751
3752
3814
3740
3754
3815
3741
3755
3816
3756
3817
3743
3757
3818
3744
3758
3819
3745
3759
3761
3820
3746
3762
3821
3747
3764
3822
3748
3765
3823
3766
3824
3750
3767
3825
3751
3768
3826
3769
3771
3827
3753
3771
3799
3828
3754
3772
3773
3829
3755
3774
3830
3756
3775
3831
3776
3832
3758
3779
3833
3759
3780
3834
3760
3781
3835
3761
3782
3783
3836
3762
3784
3837
3763
3785
3838
3764
3786
3787
3839
3765
3788
3840
3766
3789
3841
3790
3842
3768
3793
3843
3769
3794
3844
3770
3795
3845
3771
3796
3797
3846
3798
3847
3773
3799
3848
3774
3849
3775
3850
3776
3851
3777
3852
3778
3853
3779
3854
3780
3855
3781
3856
3782
3857
3783
3858
3784
3859
3785
3860
3786
3861
3787
3862
3788
3863
3789
3864
3790
3865
3791
3866
3792
3867
3793
3868
3794
3869
3795
3870
3796
3871
3797
3872
3798
3873
3799
3874
3875
3801
3802
3832
3853
3876
3802
3833
3854
3877
3817
3818
3878
3804
3805
3842
3867
3879
3805
3843
3868
3880
3824
3825
3881
3807
3808
3810
3816
3882
3811
3813
3815
3883
3809
3817
3818
3884
3810
3819
3821
3885
3811
3822
3886
3812
3823
3887
3813
3824
3825
3888
3814
3826
3889
3815
3827
3828
3890
3816
3830
3891
3817
3831
3892
3832
3893
3819
3833
3894
3820
3834
3895
3821
3835
3837
3896
3822
3838
3897
3823
3840
3898
3824
3841
3899
3842
3900
3826
3843
3901
3827
3844
3902
3845
3847
3903
3829
3847
3875
3904
3830
3848
3849
3905
3831
3850
3906
3832
3851
3907
3852
3908
3834
3855
3909
3835
3856
3910
3836
3857
3911
3837
3858
3859
3912
3838
3860
3913
3839
3861
3914
3840
3862
3863
3915
3841
3864
3916
3842
3865
3917
3866
3918
3844
3869
3919
3845
3870
3920
3846
3871
3921
3847
3872
3873
3922
3874
3923
3849
3875
3924
3850
3925
3851
3926
3852
3927
3853
3928
3854
3929
3855
3930
3856
3931
3857
3932
3858
3933
3859
3934
3860
3935
3861
3936
3862
3937
3863
3938
3864
3939
3865
3940
3866
3941
3867
3942
3868
3943
3869
3944
3870
3945
3871
3946
3872
3947
3873
3948
3874
3949
3875
3950
3951
3877
3878
3908
3929
3952
3878
3909
3930
3953
3893
3894
3954
3880
3881
3918
3943
3955
3881
3919
3944
3956
3900
3901
3957
3883
3884
3886
3892
3958
3887
3889
3891
3959
3885
3893
3894
3960
3886
3895
3897
3961
3887
3898
3962
3888
3899
3963
3889
3900
3901
3964
3890
3902
3965
3891
3903
3904
3966
3892
3906
3967
3893
3907
3968
3908
3969
3895
3909
3970
3896
3910
3971
3897
3911
3913
3972
3898
3914
3973
3899
3916
3974
3900
3917
3975
3918
3976
3902
3919
3977
3903
3920
3978
3921
3923
3979
3905
3923
3951
3980
3906
3924
3925
3981
3907
3926
3982
3908
3927
3983
3928
3984
3910
3931
3985
3911
3932
3986
3912
3933
3987
3913
3934
3935
3988
3914
3936
3989
3915
3937
3990
3916
3938
3939
3991
3917
3940
3992
3918
3941
3993
3942
3994
3920
3945
3995
3921
3946
3996
3922
3947
3997
3923
3948
3949
3998
3950
3999
3925
3951
4000
3926
4001
3927
4002
3928
4003
3929
4004
3930
4005
3931
4006
3932
4007
3933
4008
3934
4009
3935
4010
3936
4011
3937
4012
3938
4013
3939
4014
3940
4015
3941
4016
3942
4017
3943
4018
3944
4019
3945
4020
3946
4021
3947
4022
3948
4023
3949
4024
3950
4025
3951
4026
4027
3953
3954
3984
4005
4028
3954
3985
4006
4029
3969
3970
4030
3956
3957
3994
4019
4031
3957
3995
4020
4032
3976
3977
4033
3959
3960
3962
3968
4034
3963
3965
3967
4035
3961
3969
3970
4036
3962
3971
3973
4037
3963
3974
4038
3964
3975
4039
3965
3976
3977
4040
3966
3978
4041
3967
3979
3980
4042
3968
3982
4043
3969
3983
4044
3984
4045
3971
3985
4046
3972
3986
4047
3973
3987
3989
4048
3974
3990
4049
3975
3992
4050
3976
3993
4051
3994
4052
3978
3995
4053
3979
3996
4054
3997
3999
4055
3981
3999
4027
4056
3982
4000
4001
4057
3983
4002
4058
3984
4003
4059
4004
4060
3986
4007
4061
3987
4008
4062
3988
4009
4063
3989
4010
4011
4064
3990
4012
4065
3991
4013
4066
3992
4014
4015
4067
3993
4016
4068
3994
4017
4069
4018
4070
3996
4021
4071
3997
4022
4072
3998
4023
4073
3999
4024
4025
4074
4026
4075
4001
4027
4076
4002
4077
4003
4078
4004
4079
4005
4080
4006
4081
4007
4082
4008
4083
4009
4084
4010
4085
4011
4086
4012
4087
4013
4088
4014
4089
4015
4090
4016
4091
4017
4092
4018
4093
4019
4094
4020
4095
4021
4096
4022
4097
4023
4098
4024
4099
4025
4100
4026
4101
4027
4102
4103
4029
4030
4060
4081
4104
4030
4061
4082
4105
4045
4046
4106
4032
4033
4070
4095
4107
4033
4071
4096
4108
4052
4053
4109
4035
4036
4038
4044
4110
4039
4041
4043
4111
4037
4045
4046
4112
4038
4047
4049
4113
4039
4050
4114
4040
4051
4115
4041
4052
4053
4116
4042
4054
4117
4043
4055
4056
4118
4044
4058
4119
4045
4059
4120
4060
4121
4047
4061
4122
4048
4062
4123
4049
4063
4065
4124
4050
4066
4125
4051
4068
4126
4052
4069
4127
4070
4128
4054
4071
4129
4055
4072
4130
4073
4075
4131
4057
4075
4103
4132
4058
4076
4077
4133
4059
4078
4134
4060
4079
4135
4080
4136
4062
4083
4137
4063
4084
4138
4064
4085
4139
4065
4086
4087
4140
4066
4088
4141
4067
4089
4142
4068
4090
4091
4143
4069
4092
4144
4070
4093
4145
4094
4146
4072
4097
4147
4073
4098
4148
4074
4099
4149
4075
4100
4101
4150
4102
4151
4077
4103
4152
4078
4153
4079
4154
4080
4155
4081
4156
4082
4157
4083
4158
4084
4159
4085
4160
4086
4161
4087
4162
4088
4163
4089
4164
4090
4165
4091
4166
4092
4167
4093
4168
4094
4169
4095
4170
4096
4171
4097
4172
4098
4173
4099
4174
4100
4175
4101
4176
4102
4177
4103
4178
4179
4105
4106
4136
4157
4180
4106
4137
4158
4181
4121
4122
4182
4108
4109
4146
4171
4183
4109
4147
4172
4184
4128
4129
4185
4111
4112
4114
4120
4186
4115
4117
4119
4187
4113
4121
4122
4188
4114
4123
4125
4189
4115
4126
4190
4116
4127
4191
4117
4128
4129
4192
4118
4130
4193
4119
4131
4132
4194
4120
4134
4195
4121
4135
4196
4136
4197
4123
4137
4198
4124
4138
4199
4125
4139
4141
4200
4126
4142
4201
4127
4144
4202
4128
4145
4203
4146
4204
4130
4147
4205
4131
4148
4206
4149
4151
4207
4133
4151
4179
4208
4134
4152
4153
4209
4135
4154
4210
4136
4155
4211
4156
4212
4138
4159
4213
4139
4160
4214
4140
4161
4215
4141
4162
4163
4216
4142
4164
4217
4143
4165
4218
4144
4166
4167
4219
4145
4168
4220
4146
4169
4221
4170
4222
4148
4173
4223
4149
4174
4224
4150
4175
4225
4151
4176
4177
4226
4178
4227
4153
4179
4228
4154
4229
4155
4230
4156
4231
4157
4232
4158
4233
4159
4234
4160
4235
4161
4236
4162
4237
4163
4238
4164
4239
4165
4240
4166
4241
4167
4242
4168
4243
4169
4244
4170
4245
4171
4246
4172
4247
4173
4248
4174
4249
4175
4250
4176
4251
4177
4252
4178
4253
4179
4254
4255
4181
4182
4212
4233
4256
4182
4213
4234
4257
4197
4198
4258
4184
4185
4222
4247
4259
4185
4223
4248
4260
4204
4205
4261
4187
4188
4190
4196
4262
4191
4193
4195
4263
4189
4197
4198
4264
4190
4199
4201
4265
4191
4202
4266
4192
4203
4267
4193
4204
4205
4268
4194
4206
4269
4195
4207
4208
4270
4196
4210
4271
4197
4211
4272
4212
4273
4199
4213
4274
4200
4214
4275
4201
4215
4217
4276
4202
4218
4277
4203
4220
4278
4204
4221
4279
4222
4280
4206
4223
4281
4207
4224
4282
4225
4227
4283
4209
4227
4255
4284
4210
4228
4229
4285
4211
4230
4286
4212
4231
4287
4232
4288
4214
4235
4289
4215
4236
4290
4216
4237
4291
4217
4238
4239
4292
4218
4240
4293
4219
4241
4294
4220
4242
4243
4295
4221
4244
4296
4222
4245
4297
4246
4298
4224
4249
4299
4225
4250
4300
4226
4251
4301
4227
4252
4253
4302
4254
4303
4229
4255
4304
4230
4305
4231
4306
4232
4307
4233
4308
4234
4309
4235
4310
4236
4311
4237
4312
4238
4313
4239
4314
4240
4315
4241
4316
4242
4317
4243
4318
4244
4319
4245
4320
4246
4321
4247
4322
4248
4323
4249
4324
4250
4325
4251
4326
4252
4327
4253
4328
4254
4329
4255
4330
4331
4257
4258
4288
4309
4332
4258
4289
4310
4333
4273
4274
4334
4260
4261
4298
4323
4335
4261
4299
4324
4336
4280
4281
4337
4263
4264
4266
4272
4338
4267
4269
4271
4339
4265
4273
4274
4340
4266
4275
4277
4341
4267
4278
4342
4268
4279
4343
4269
4280
4281
4344
4270
4282
4345
4271
4283
4284
4346
4272
4286
4347
4273
4287
4348
4288
4349
4275
4289
4350
4276
4290
4351
4277
4291
4293
4352
4278
4294
4353
4279
4296
4354
4280
4297
4355
4298
4356
4282
4299
4357
4283
4300
4358
4301
4303
4359
4285
4303
4331
4360
4286
4304
4305
4361
4287
4306
4362
4288
4307
4363
4308
4364
4290
4311
4365
4291
4312
4366
4292
4313
4367
4293
4314
4315
4368
4294
4316
4369
4295
4317
4370
4296
4318
4319
4371
4297
4320
4372
4298
4321
4373
4322
4374
4300
4325
4375
4301
4326
4376
4302
4327
4377
4303
4328
4329
4378
4330
4379
4305
4331
4380
4306
4381
4307
4382
4308
4383
4309
4384
4310
4385
4311
4386
4312
4387
4313
4388
4314
4389
4315
4390
4316
4391
4317
4392
4318
4393
4319
4394
4320
4395
4321
4396
4322
4397
4323
4398
4324
4399
4325
4400
4326
4401
4327
4402
4328
4403
4329
4404
4330
4405
4331
4406
4407
4333
4334
4364
4385
4408
4334
4365
4386
4409
4349
4350
4410
4336
4337
4374
4399
4411
4337
4375
4400
4412
4356
4357
4413
4339
4340
4342
4348
4414
4343
4345
4347
4415
4341
4349
4350
4416
4342
4351
4353
4417
4343
4354
4418
4344
4355
4419
4345
4356
4357
4420
4346
4358
4421
4347
4359
4360
4422
4348
4362
4423
4349
4363
4424
4364
4425
4351
4365
4426
4352
4366
4427
4353
4367
4369
4428
4354
4370
4429
4355
4372
4430
4356
4373
4431
4374
4432
4358
4375
4433
4359
4376
4434
4377
4379
4435
4361
4379
4407
4436
4362
4380
4381
4437
4363
4382
4438
4364
4383
4439
4384
4440
4366
4387
4441
4367
4388
4442
4368
4389
4443
4369
4390
4391
4444
4370
4392
4445
4371
4393
4446
4372
4394
4395
4447
4373
4396
4448
4374
4397
4449
4398
4450
4376
4401
4451
4377
4402
4452
4378
4403
4453
4379
4404
4405
4454
4406
4455
4381
4407
4456
4382
4457
4383
4458
4384
4459
4385
4460
4386
4461
4387
4462
4388
4463
4389
4464
4390
4465
4391
4466
4392
4467
4393
4468
4394
4469
4395
4470
4396
4471
4397
4472
4398
4473
4399
4474
4400
4475
4401
4476
4402
4477
4403
4478
4404
4479
4405
4480
4406
4481
4407
4482
4483
4409
4410
4440
4461
4484
4410
4441
4462
4485
4425
4426
4486
4412
4413
4450
4475
4487
4413
4451
4476
4488
4432
4433
4489
4415
4416
4418
4424
4490
4419
4421
4423
4491
4417
4425
4426
4492
4418
4427
4429
4493
4419
4430
4494
4420
4431
4495
4421
4432
4433
4496
4422
4434
4497
4423
4435
4436
4498
4424
4438
4499
4425
4439
4500
4440
4501
4427
4441
4502
4428
4442
4503
4429
4443
4445
4504
4430
4446
4505
4431
4448
4506
4432
4449
4507
4450
4508
4434
4451
4509
4435
4452
4510
4453
4455
4511
4437
4455
4483
4512
4438
4456
4457
4513
4439
4458
4514
4440
4459
4515
4460
4516
4442
4463
4517
4443
4464
4518
4444
4465
4519
4445
4466
4467
4520
4446
4468
4521
4447
4469
4522
4448
4470
4471
4523
4449
4472
4524
4450
4473
4525
4474
4526
4452
4477
4527
4453
4478
4528
4454
4479
4529
4455
4480
4481
4530
4482
4531
4457
4483
4532
4458
4533
4459
4534
4460
4535
4461
4536
4462
4537
4463
4538
4464
4539
4465
4540
4466
4541
4467
4542
4468
4543
4469
4544
4470
4545
4471
4546
4472
4547
4473
4548
4474
4549
4475
4550
4476
4551
4477
4552
4478
4553
4479
4554
4480
4555
4481
4556
4482
4557
4483
4558
4559
4485
4486
4516
4537
4560
4486
4517
4538
4561
4501
4502
4562
4488
4489
4526
4551
4563
4489
4527
4552
4564
4508
4509
4565
4491
4492
4494
4500
4566
4495
4497
4499
4567
4493
4501
4502
4568
4494
4503
4505
4569
4495
4506
4570
4496
4507
4571
4497
4508
4509
4572
4498
4510
4573
4499
4511
4512
4574
4500
4514
4575
4501
4515
4576
4516
4577
4503
4517
4578
4504
4518
4579
4505
4519
4521
4580
4506
4522
4581
4507
4524
4582
4508
4525
4583
4526
4584
4510
4527
4585
4511
4528
4586
4529
4531
4587
4513
4531
4559
4588
4514
4532
4533
4589
4515
4534
4590
4516
4535
4591
4536
4592
4518
4539
4593
4519
4540
4594
4520
4541
4595
4521
4542
4543
4596
4522
4544
4597
4523
4545
4598
4524
4546
4547
4599
4525
4548
4600
4526
4549
4601
4550
4602
4528
4553
4603
4529
4554
4604
4530
4555
4605
4531
4556
4557
4606
4558
4607
4533
4559
4608
4534
4609
4535
4610
4536
4611
4537
4612
4538
4613
4539
4614
4540
4615
4541
4616
4542
4617
4543
4618
4544
4619
4545
4620
4546
4621
4547
4622
4548
4623
4549
4624
4550
4625
4551
4626
4552
4627
4553
4628
4554
4629
4555
4630
4556
4631
4557
4632
4558
4633
4559
4634
4635
4561
4562
4592
4613
4636
4562
4593
4614
4637
4577
4578
4638
4564
4565
4602
4627
4639
4565
4603
4628
4640
4584
4585
4641
4567
4568
4570
4576
4642
4571
4573
4575
4643
4569
4577
4578
4644
4570
4579
4581
4645
4571
4582
4646
4572
4583
4647
4573
4584
4585
4648
4574
4586
4649
4575
4587
4588
4650
4576
4590
4651
4577
4591
4652
4592
4653
4579
4593
4654
4580
4594
4655
4581
4595
4597
4656
4582
4598
4657
4583
4600
4658
4584
4601
4659
4602
4660
4586
4603
4661
4587
4604
4662
4605
4607
4663
4589
4607
4635
4664
4590
4608
4609
4665
4591
4610
4666
4592
4611
4667
4612
4668
4594
4615
4669
4595
4616
4670
4596
4617
4671
4597
4618
4619
4672
4598
4620
4673
4599
4621
4674
4600
4622
4623
4675
4601
4624
4676
4602
4625
4677
4626
4678
4604
4629
4679
4605
4630
4680
4606
4631
4681
4607
4632
4633
4682
4634
4683
4609
4635
4684
4610
4685
4611
4686
4612
4687
4613
4688
4614
4689
4615
4690
4616
4691
4617
4692
4618
4693
4619
4694
4620
4695
4621
4696
4622
4697
4623
4698
4624
4699
4625
4700
4626
4701
4627
4702
4628
4703
4629
4704
4630
4705
4631
4706
4632
4707
4633
4708
4634
4709
4635
4710
4711
4637
4638
4668
4689
4712
4638
4669
4690
4713
4653
4654
4714
4640
4641
4678
4703
4715
4641
4679
4704
4716
4660
4661
4717
4643
4644
4646
4652
4718
4647
4649
4651
4719
4645
4653
4654
4720
4646
4655
4657
4721
4647
4658
4722
4648
4659
4723
4649
4660
4661
4724
4650
4662
4725
4651
4663
4664
4726
4652
4666
4727
4653
4667
4728
4668
4729
4655
4669
4730
4656
4670
4731
4657
4671
4673
4732
4658
4674
4733
4659
4676
4734
4660
4677
4735
4678
4736
4662
4679
4737
4663
4680
4738
4681
4683
4739
4665
4683
4711
4740
4666
4684
4685
4741
4667
4686
4742
4668
4687
4743
4688
4744
4670
4691
4745
4671
4692
4746
4672
4693
4747
4673
4694
4695
4748
4674
4696
4749
4675
4697
4750
4676
4698
4699
4751
4677
4700
4752
4678
4701
4753
4702
4754
4680
4705
4755
4681
4706
4756
4682
4707
4757
4683
4708
4709
4758
4710
4759
4685
4711
4760
4686
4761
4687
4762
4688
4763
4689
4764
4690
4765
4691
4766
4692
4767
4693
4768
4694
4769
4695
4770
4696
4771
4697
4772
4698
4773
4699
4774
4700
4775
4701
4776
4702
4777
4703
4778
4704
4779
4705
4780
4706
4781
4707
4782
4708
4783
4709
4784
4710
4785
4711
4786
4787
4713
4714
4744
4765
4788
4714
4745
4766
4789
4729
4730
4790
4716
4717
4754
4779
4791
4717
4755
4780
4792
4736
4737
4793
4719
4720
4722
4728
4794
4723
4725
4727
4795
4721
4729
4730
4796
4722
4731
4733
4797
4723
4734
4798
4724
4735
4799
4725
4736
4737
4800
4726
4738
4801
4727
4739
4740
4802
4728
4742
4803
4729
4743
4804
4744
4805
4731
4745
4806
4732
4746
4807
4733
4747
4749
4808
4734
4750
4809
4735
4752
4810
4736
4753
4811
4754
4812
4738
4755
4813
4739
4756
4814
4757
4759
4815
4741
4759
4787
4816
4742
4760
4761
4817
4743
4762
4818
4744
4763
4819
4764
4820
4746
4767
4821
4747
4768
4822
4748
4769
4823
4749
4770
4771
4824
4750
4772
4825
4751
4773
4826
4752
4774
4775
4827
4753
4776
4828
4754
4777
4829
4778
4830
4756
4781
4831
4757
4782
4832
4758
4783
4833
4759
4784
4785
4834
4786
4835
4761
4787
4836
4762
4837
4763
4838
4764
4839
4765
4840
4766
4841
4767
4842
4768
4843
4769
4844
4770
4845
4771
4846
4772
4847
4773
4848
4774
4849
4775
4850
4776
4851
4777
4852
4778
4853
4779
4854
4780
4855
4781
4856
4782
4857
4783
4858
4784
4859
4785
4860
4786
4861
4787
4862
4863
4789
4790
4820
4841
4864
4790
4821
4842
4865
4805
4806
4866
4792
4793
4830
4855
4867
4793
4831
4856
4868
4812
4813
4869
4795
4796
4798
4804
4870
4799
4801
4803
4871
4797
4805
4806
4872
4798
4807
4809
4873
4799
4810
4874
4800
4811
4875
4801
4812
4813
4876
4802
4814
4877
4803
4815
4816
4878
4804
4818
4879
4805
4819
4880
4820
4881
4807
4821
4882
4808
4822
4883
4809
4823
4825
4884
4810
4826
4885
4811
4828
4886
4812
4829
4887
4830
4888
4814
4831
4889
4815
4832
4890
4833
4835
4891
4817
4835
4863
4892
4818
4836
4837
4893
4819
4838
4894
4820
4839
4895
4840
4896
4822
4843
4897
4823
4844
4898
4824
4845
4899
4825
4846
4847
4900
4826
4848
4901
4827
4849
4902
4828
4850
4851
4903
4829
4852
4904
4830
4853
4905
4854
4906
4832
4857
4907
4833
4858
4908
4834
4859
4909
4835
4860
4861
4910
4862
4911
4837
4863
4912
4838
4913
4839
4914
4840
4915
4841
4916
4842
4917
4843
4918
4844
4919
4845
4920
4846
4921
4847
4922
4848
4923
4849
4924
4850
4925
4851
4926
4852
4927
4853
4928
4854
4929
4855
4930
4856
4931
4857
4932
4858
4933
4859
4934
4860
4935
4861
4936
4862
4937
4863
4938
4939
4865
4866
4896
4917
4940
4866
4897
4918
4941
4881
4882
4942
4868
4869
4906
4931
4943
4869
4907
4932
4944
4888
4889
4945
4871
4872
4874
4880
4946
4875
4877
4879
4947
4873
4881
4882
4948
4874
4883
4885
4949
4875
4886
4950
4876
4887
4951
4877
4888
4889
4952
4878
4890
4953
4879
4891
4892
4954
4880
4894
4955
4881
4895
4956
4896
4957
4883
4897
4958
4884
4898
4959
4885
4899
4901
4960
4886
4902
4961
4887
4904
4962
4888
4905
4963
4906
4964
4890
4907
4965
4891
4908
4966
4909
4911
4967
4893
4911
4939
4968
4894
4912
4913
4969
4895
4914
4970
4896
4915
4971
4916
4972
4898
4919
4973
4899
4920
4974
4900
4921
4975
4901
4922
4923
4976
4902
4924
4977
4903
4925
4978
4904
4926
4927
4979
4905
4928
4980
4906
4929
4981
4930
4982
4908
4933
4983
4909
4934
4984
4910
4935
4985
4911
4936
4937
4986
4938
4987
4913
4939
4988
4914
4989
4915
4990
4916
4991
4917
4992
4918
4993
4919
4994
4920
4995
4921
4996
4922
4997
4923
4998
4924
4999
4925
5000
4926
5001
4927
5002
4928
5003
4929
5004
4930
5005
4931
5006
4932
5007
4933
5008
4934
5009
4935
5010
4936
5011
4937
5012
4938
5013
4939
5014
5015
4941
4942
4972
4993
5016
4942
4973
4994
5017
4957
4958
5018
4944
4945
4982
5007
5019
4945
4983
5008
5020
4964
4965
5021
4947
4948
4950
4956
5022
4951
4953
4955
5023
4949
4957
4958
5024
4950
4959
4961
5025
4951
4962
5026
4952
4963
5027
4953
4964
4965
5028
4954
4966
5029
4955
4967
4968
5030
4956
4970
5031
4957
4971
5032
4972
5033
4959
4973
5034
4960
4974
5035
4961
4975
4977
5036
4962
4978
5037
4963
4980
5038
4964
4981
5039
4982
5040
4966
4983
5041
4967
4984
5042
4985
4987
5043
4969
4987
5015
5044
4970
4988
4989
5045
4971
4990
5046
4972
4991
5047
4992
5048
4974
4995
5049
4975
4996
5050
4976
4997
5051
4977
4998
4999
5052
4978
5000
5053
4979
5001
5054
4980
5002
5003
5055
4981
5004
5056
4982
5005
5057
5006
5058
4984
5009
5059
4985
5010
5060
4986
5011
5061
4987
5012
5013
5062
5014
5063
4989
5015
5064
4990
5065
4991
5066
4992
5067
4993
5068
4994
5069
4995
5070
4996
5071
4997
5072
4998
5073
4999
5074
5000
5075
5001
5076
5002
5077
5003
5078
5004
5079
5005
5080
5006
5081
5007
5082
5008
5083
5009
5084
5010
5085
5011
5086
5012
5087
5013
5088
5014
5089
5015
5090
5091
5017
5018
5048
5069
5092
5018
5049
5070
5093
5033
5034
5094
5020
5021
5058
5083
5095
5021
5059
5084
5096
5040
5041
5097
5023
5024
5026
5032
5098
5027
5029
5031
5099
5025
5033
5034
5100
5026
5035
5037
5101
5027
5038
5102
5028
5039
5103
5029
5040
5041
5104
5030
5042
5105
5031
5043
5044
5106
5032
5046
5107
5033
5047
5108
5048
5109
5035
5049
5110
5036
5050
5111
5037
5051
5053
5112
5038
5054
5113
5039
5056
5114
5040
5057
5115
5058
5116
5042
5059
5117
5043
5060
5118
5061
5063
5119
5045
5063
5091
5120
5046
5064
5065
5121
5047
5066
5122
5048
5067
5123
5068
5124
5050
5071
5125
5051
5072
5126
5052
5073
5127
5053
5074
5075
5128
5054
5076
5129
5055
5077
5130
5056
5078
5079
5131
5057
5080
5132
5058
5081
5133
5082
5134
5060
5085
5135
5061
5086
5136
5062
5087
5137
5063
5088
5089
5138
5090
5139
5065
5091
5140
5066
5141
5067
5142
5068
5143
5069
5144
5070
5145
5071
5146
5072
5147
5073
5148
5074
5149
5075
5150
5076
5151
5077
5152
5078
5153
5079
5154
5080
5155
5081
5156
5082
5157
5083
5158
5084
5159
5085
5160
5086
5161
5087
5162
5088
5163
5089
5164
5090
5165
5091
5166
5167
5093
5094
5124
5145
5168
5094
5125
5146
5169
5109
5110
5170
5096
5097
5134
5159
5171
5097
5135
5160
5172
5116
5117
5173
5099
5100
5102
5108
5174
5103
5105
5107
5175
5101
5109
5110
5176
5102
5111
5113
5177
5103
5114
5178
5104
5115
5179
5105
5116
5117
5180
5106
5118
5181
5107
5119
5120
5182
5108
5122
5183
5109
5123
5184
5124
5185
5111
5125
5186
5112
5126
5187
5113
5127
5129
5188
5114
5130
5189
5115
5132
5190
5116
5133
5191
5134
5192
5118
5135
5193
5119
5136
5194
5137
5139
5195
5121
5139
5167
5196
5122
5140
5141
5197
5123
5142
5198
5124
5143
5199
5144
5200
5126
5147
5201
5127
5148
5202
5128
5149
5203
5129
5150
5151
5204
5130
5152
5205
5131
5153
5206
5132
5154
5155
5207
5133
5156
5208
5134
5157
5209
5158
5210
5136
5161
5211
5137
5162
5212
5138
5163
5213
5139
5164
5165
5214
5166
5215
5141
5167
5216
5142
5217
5143
5218
5144
5219
5145
5220
5146
5221
5147
5222
5148
5223
5149
5224
5150
5225
5151
5226
5152
5227
5153
5228
5154
5229
5155
5230
5156
5231
5157
5232
5158
5233
5159
5234
5160
5235
5161
5236
5162
5237
5163
5238
5164
5239
5165
5240
5166
5241
5167
5242
5243
5169
5170
5200
5221
5244
5170
5201
5222
5245
5185
5186
5246
5172
5173
5210
5235
5247
5173
5211
5236
5248
5192
5193
5249
5175
5176
5178
5184
5250
5179
5181
5183
5251
5177
5185
5186
5252
5178
5187
5189
5253
5179
5190
5254
5180
5191
5255
5181
5192
5193
5256
5182
5194
5257
5183
5195
5196
5258
5184
5198
5259
5185
5199
5260
5200
5261
5187
5201
5262
5188
5202
5263
5189
5203
5205
5264
5190
5206
5265
5191
5208
5266
5192
5209
5267
5210
5268
5194
5211
5269
5195
5212
5270
5213
5215
5271
5197
5215
5243
5272
5198
5216
5217
5273
5199
5218
5274
5200
5219
5275
5220
5276
5202
5223
5277
5203
5224
5278
5204
5225
5279
5205
5226
5227
5280
5206
5228
5281
5207
5229
5282
5208
5230
5231
5283
5209
5232
5284
5210
5233
5285
5234
5286
5212
5237
5287
5213
5238
5288
5214
5239
5289
5215
5240
5241
5290
5242
5291
5217
5243
5292
5218
5293
5219
5294
5220
5295
5221
5296
5222
5297
5223
5298
5224
5299
5225
5300
5226
5301
5227
5302
5228
5303
5229
5304
5230
5305
5231
5306
5232
5307
5233
5308
5234
5309
5235
5310
5236
5311
5237
5312
5238
5313
5239
5314
5240
5315
5241
5316
5242
5317
5243
5318
5319
5245
5246
5276
5297
5320
5246
5277
5298
5321
5261
5262
5322
5248
5249
5286
5311
5323
5249
5287
5312
5324
5268
5269
5325
5251
5252
5254
5260
5326
5255
5257
5259
5327
5253
5261
5262
5328
5254
5263
5265
5329
5255
5266
5330
5256
5267
5331
5257
5268
5269
5332
5258
5270
5333
5259
5271
5272
5334
5260
5274
5335
5261
5275
5336
5276
5337
5263
5277
5338
5264
5278
5339
5265
5279
5281
5340
5266
5282
5341
5267
5284
5342
5268
5285
5343
5286
5344
5270
5287
5345
5271
5288
5346
5289
5291
5347
5273
5291
5319
5348
5274
5292
5293
5349
5275
5294
5350
5276
5295
5351
5296
5352
5278
5299
5353
5279
5300
5354
5280
5301
5355
5281
5302
5303
5356
5282
5304
5357
5283
5305
5358
5284
5306
5307
5359
5285
5308
5360
5286
5309
5361
5310
5362
5288
5313
5363
5289
5314
5364
5290
5315
5365
5291
5316
5317
5366
5318
5367
5293
5319
5368
5294
5369
5295
5370
5296
5371
5297
5372
5298
5373
5299
5374
5300
5375
5301
5376
5302
5377
5303
5378
5304
5379
5305
5380
5306
5381
5307
5382
5308
5383
5309
5384
5310
5385
5311
5386
5312
5387
5313
5388
5314
5389
5315
5390
5316
5391
5317
5392
5318
5393
5319
5394
5395
5321
5322
5352
5373
5396
5322
5353
5374
5397
5337
5338
5398
5324
5325
5362
5387
5399
5325
5363
5388
5400
5344
5345
5401
5327
5328
5330
5336
5402
5331
5333
5335
5403
5329
5337
5338
5404
5330
5339
5341
5405
5331
5342
5406
5332
5343
5407
5333
5344
5345
5408
5334
5346
5409
5335
5347
5348
5410
5336
5350
5411
5337
5351
5412
5352
5413
5339
5353
5414
5340
5354
5415
5341
5355
5357
5416
5342
5358
5417
5343
5360
5418
5344
5361
5419
5362
5420
5346
5363
5421
5347
5364
5422
5365
5367
5423
5349
5367
5395
5424
5350
5368
5369
5425
5351
5370
5426
5352
5371
5427
5372
5428
5354
5375
5429
5355
5376
5430
5356
5377
5431
5357
5378
5379
5432
5358
5380
5433
5359
5381
5434
5360
5382
5383
5435
5361
5384
5436
5362
5385
5437
5386
5438
5364
5389
5439
5365
5390
5440
5366
5391
5441
5367
5392
5393
5442
5394
5443
5369
5395
5444
5370
5445
5371
5446
5372
5447
5373
5448
5374
5449
5375
5450
5376
5451
5377
5452
5378
5453
5379
5454
5380
5455
5381
5456
5382
5457
5383
5458
5384
5459
5385
5460
5386
5461
5387
5462
5388
5463
5389
5464
5390
5465
5391
5466
5392
5467
5393
5468
5394
5469
5395
5470
5471
5397
5398
5428
5449
5472
5398
5429
5450
5473
5413
5414
5474
5400
5401
5438
5463
5475
5401
5439
5464
5476
5420
5421
5477
5403
5404
5406
5412
5478
5407
5409
5411
5479
5405
5413
5414
5480
5406
5415
5417
5481
5407
5418
5482
5408
5419
5483
5409
5420
5421
5484
5410
5422
5485
5411
5423
5424
5486
5412
5426
5487
5413
5427
5488
5428
5489
5415
5429
5490
5416
5430
5491
5417
5431
5433
5492
5418
5434
5493
5419
5436
5494
5420
5437
5495
5438
5496
5422
5439
5497
5423
5440
5498
5441
5443
5499
5425
5443
5471
5500
5426
5444
5445
5501
5427
5446
5502
5428
5447
5503
5448
5504
5430
5451
5505
5431
5452
5506
5432
5453
5507
5433
5454
5455
5508
5434
5456
5509
5435
5457
5510
5436
5458
5459
5511
5437
5460
5512
5438
5461
5513
5462
5514
5440
5465
5515
5441
5466
5516
5442
5467
5517
5443
5468
5469
5518
5470
5519
5445
5471
5520
5446
5521
5447
5522
5448
5523
5449
5524
5450
5525
5451
5526
5452
5527
5453
5528
5454
5529
5455
5530
5456
5531
5457
5532
5458
5533
5459
5534
5460
5535
5461
5536
5462
5537
5463
5538
5464
5539
5465
5540
5466
5541
5467
5542
5468
5543
5469
5544
5470
5545
5471
5546
5547
5473
5474
5504
5525
5548
5474
5505
5526
5549
5489
5490
5550
5476
5477
5514
5539
5551
5477
5515
5540
5552
5496
5497
5553
5479
5480
5482
5488
5554
5483
5485
5487
5555
5481
5489
5490
5556
5482
5491
5493
5557
5483
5494
5558
5484
5495
5559
5485
5496
5497
5560
5486
5498
5561
5487
5499
5500
5562
5488
5502
5563
5489
5503
5564
5504
5565
5491
5505
5566
5492
5506
5567
5493
5507
5509
5568
5494
5510
5569
5495
5512
5570
5496
5513
5571
5514
5572
5498
5515
5573
5499
5516
5574
5517
5519
5575
5501
5519
5547
5576
5502
5520
5521
5577
5503
5522
5578
5504
5523
5579
5524
5580
5506
5527
5581
5507
5528
5582
5508
5529
5583
5509
5530
5531
5584
5510
5532
5585
5511
5533
5586
5512
5534
5535
5587
5513
5536
5588
5514
5537
5589
5538
5590
5516
5541
5591
5517
5542
5592
5518
5543
5593
5519
5544
5545
5594
5546
5595
5521
5547
5596
5522
5597
5523
5598
5524
5599
5525
5600
5526
5601
5527
5602
5528
5603
5529
5604
5530
5605
5531
5606
5532
5607
5533
5608
5534
5609
5535
5610
5536
5611
5537
5612
5538
5613
5539
5614
5540
5615
5541
5616
5542
5617
5543
5618
5544
5619
5545
5620
5546
5621
5547
5622
5623
5549
5550
5580
5601
5624
5550
5581
5602
5625
5565
5566
5626
5552
5553
5590
5615
5627
5553
5591
5616
5628
5572
5573
5629
5555
5556
5558
5564
5630
5559
5561
5563
5631
5557
5565
5566
5632
5558
5567
5569
5633
5559
5570
5634
5560
5571
5635
5561
5572
5573
5636
5562
5574
5637
5563
5575
5576
5638
5564
5578
5639
5565
5579
5640
5580
5641
5567
5581
5642
5568
5582
5643
5569
5583
5585
5644
5570
5586
5645
5571
5588
5646
5572
5589
5647
5590
5648
5574
5591
5649
5575
5592
5650
5593
5595
5651
5577
5595
5623
5652
5578
5596
5597
5653
5579
5598
5654
5580
5599
5655
5600
5656
5582
5603
5657
5583
5604
5658
5584
5605
5659
5585
5606
5607
5660
5586
5608
5661
5587
5609
5662
5588
5610
5611
5663
5589
5612
5664
5590
5613
5665
5614
5666
5592
5617
5667
5593
5618
5668
5594
5619
5669
5595
5620
5621
5670
5622
5671
5597
5623
5672
5598
5673
5599
5674
5600
5675
5601
5676
5602
5677
5603
5678
5604
5679
5605
5680
5606
5681
5607
5682
5608
5683
5609
5684
5610
5685
5611
5686
5612
5687
5613
5688
5614
5689
5615
5690
5616
5691
5617
5692
5618
5693
5619
5694
5620
5695
5621
5696
5622
5697
5623
5698
5699
5625
5626
5656
5677
5700
5626
5657
5678
5701
5641
5642
5702
5628
5629
5666
5691
5703
5629
5667
5692
5704
5648
5649
5705
5631
5632
5634
5640
5706
5635
5637
5639
5707
5633
5641
5642
5708
5634
5643
5645
5709
5635
5646
5710
5636
5647
5711
5637
5648
5649
5712
5638
5650
5713
5639
5651
5652
5714
5640
5654
5715
5641
5655
5716
5656
5717
5643
5657
5718
5644
5658
5719
5645
5659
5661
5720
5646
5662
5721
5647
5664
5722
5648
5665
5723
5666
5724
5650
5667
5725
5651
5668
5726
5669
5671
5727
5653
5671
5699
5728
5654
5672
5673
5729
5655
5674
5730
5656
5675
5731
5676
5732
5658
5679
5733
5659
5680
5734
5660
5681
5735
5661
5682
5683
5736
5662
5684
5737
5663
5685
5738
5664
5686
5687
5739
5665
5688
5740
5666
5689
5741
5690
5742
5668
5693
5743
5669
5694
5744
5670
5695
5745
5671
5696
5697
5746
5698
5747
5673
5699
5748
5674
5749
5675
5750
5676
5751
5677
5752
5678
5753
5679
5754
5680
5755
5681
5756
5682
5757
5683
5758
5684
5759
5685
5760
5686
5761
5687
5762
5688
5763
5689
5764
5690
5765
5691
5766
5692
5767
5693
5768
5694
5769
5695
5770
5696
5771
5697
5772
5698
5773
5699
5774
5775
5701
5702
5732
5753
5776
5702
5733
5754
5777
5717
5718
5778
5704
5705
5742
5767
5779
5705
5743
5768
5780
5724
5725
5781
5707
5708
5710
5716
5782
5711
5713
5715
5783
5709
5717
5718
5784
5710
5719
5721
5785
5711
5722
5786
5712
5723
5787
5713
5724
5725
5788
5714
5726
5789
5715
5727
5728
5790
5716
5730
5791
5717
5731
5792
5732
5793
5719
5733
5794
5720
5734
5795
5721
5735
5737
5796
5722
5738
5797
5723
5740
5798
5724
5741
5799
5742
5800
5726
5743
5801
5727
5744
5802
5745
5747
5803
5729
5747
5775
5804
5730
5748
5749
5805
5731
5750
5806
5732
5751
5807
5752
5808
5734
5755
5809
5735
5756
5810
5736
5757
5811
5737
5758
5759
5812
5738
5760
5813
5739
5761
5814
5740
5762
5763
5815
5741
5764
5816
5742
5765
5817
5766
5818
5744
5769
5819
5745
5770
5820
5746
5771
5821
5747
5772
5773
5822
5774
5823
5749
5775
5824
5750
5825
5751
5826
5752
5827
5753
5828
5754
5829
5755
5830
5756
5831
5757
5832
5758
5833
5759
5834
5760
5835
5761
5836
5762
5837
5763
5838
5764
5839
5765
5840
5766
5841
5767
5842
5768
5843
5769
5844
5770
5845
5771
5846
5772
5847
5773
5848
5774
5849
5775
5850
5851
5777
5778
5808
5829
5852
5778
5809
5830
5853
5793
5794
5854
5780
5781
5818
5843
5855
5781
5819
5844
5856
5800
5801
5857
5783
5784
5786
5792
5858
5787
5789
5791
5859
5785
5793
5794
5860
5786
5795
5797
5861
5787
5798
5862
5788
5799
5863
5789
5800
5801
5864
5790
5802
5865
5791
5803
5804
5866
5792
5806
5867
5793
5807
5868
5808
5869
5795
5809
5870
5796
5810
5871
5797
5811
5813
5872
5798
5814
5873
5799
5816
5874
5800
5817
5875
5818
5876
5802
5819
5877
5803
5820
5878
5821
5823
5879
5805
5823
5851
5880
5806
5824
5825
5881
5807
5826
5882
5808
5827
5883
5828
5884
5810
5831
5885
5811
5832
5886
5812
5833
5887
5813
5834
5835
5888
5814
5836
5889
5815
5837
5890
5816
5838
5839
5891
5817
5840
5892
5818
5841
5893
5842
5894
5820
5845
5895
5821
5846
5896
5822
5847
5897
5823
5848
5849
5898
5850
5899
5825
5851
5900
5826
5901
5827
5902
5828
5903
5829
5904
5830
5905
5831
5906
5832
5907
5833
5908
5834
5909
5835
5910
5836
5911
5837
5912
5838
5913
5839
5914
5840
5915
5841
5916
5842
5917
5843
5918
5844
5919
5845
5920
5846
5921
5847
5922
5848
5923
5849
5924
5850
5925
5851
5926
5927
5853
5854
5884
5905
5928
5854
5885
5906
5929
5869
5870
5930
5856
5857
5894
5919
5931
5857
5895
5920
5932
5876
5877
5933
5859
5860
5862
5868
5934
5863
5865
5867
5935
5861
5869
5870
5936
5862
5871
5873
5937
5863
5874
5938
5864
5875
5939
5865
5876
5877
5940
5866
5878
5941
5867
5879
5880
5942
5868
5882
5943
5869
5883
5944
5884
5945
5871
5885
5946
5872
5886
5947
5873
5887
5889
5948
5874
5890
5949
5875
5892
5950
5876
5893
5951
5894
5952
5878
5895
5953
5879
5896
5954
5897
5899
5955
5881
5899
5927
5956
5882
5900
5901
5957
5883
5902
5958
5884
5903
5959
5904
5960
5886
5907
5961
5887
5908
5962
5888
5909
5963
5889
5910
5911
5964
5890
5912
5965
5891
5913
5966
5892
5914
5915
5967
5893
5916
5968
5894
5917
5969
5918
5970
5896
5921
5971
5897
5922
5972
5898
5923
5973
5899
5924
5925
5974
5926
5975
5901
5927
5976
5902
5977
5903
5978
5904
5979
5905
5980
5906
5981
5907
5982
5908
5983
5909
5984
5910
5985
5911
5986
5912
5987
5913
5988
5914
5989
5915
5990
5916
5991
5917
5992
5918
5993
5919
5994
5920
5995
5921
5996
5922
5997
5923
5998
5924
5999
5925
6000
5926
6001
5927
6002
6003
5929
5930
5960
5981
6004
5930
5961
5982
6005
5945
5946
6006
5932
5933
5970
5995
6007
5933
5971
5996
6008
5952
5953
6009
5935
5936
5938
5944
6010
5939
5941
5943
6011
5937
5945
5946
6012
5938
5947
5949
6013
5939
5950
6014
5940
5951
6015
5941
5952
5953
6016
5942
5954
6017
5943
5955
5956
6018
5944
5958
6019
5945
5959
6020
5960
6021
5947
5961
6022
5948
5962
6023
5949
5963
5965
6024
5950
5966
6025
5951
5968
6026
5952
5969
6027
5970
6028
5954
5971
6029
5955
5972
6030
5973
5975
6031
5957
5975
6003
6032
5958
5976
5977
6033
5959
5978
6034
5960
5979
6035
5980
6036
5962
5983
6037
5963
5984
6038
5964
5985
6039
5965
5986
5987
6040
5966
5988
6041
5967
5989
6042
5968
5990
5991
6043
5969
5992
6044
5970
5993
6045
5994
6046
5972
5997
6047
5973
5998
6048
5974
5999
6049
5975
6000
6001
6050
6002
6051
5977
6003
6052
5978
6053
5979
6054
5980
6055
5981
6056
5982
6057
5983
6058
5984
6059
5985
6060
5986
6061
5987
6062
5988
6063
5989
6064
5990
6065
5991
6066
5992
6067
5993
6068
5994
6069
5995
6070
5996
6071
5997
6072
5998
6073
5999
6074
6000
6075
6001
6076
6002
6077
6003
6078
6079
6005
6006
6036
6057
6080
6006
6037
6058
6081
6021
6022
6082
6008
6009
6046
6071
6083
6009
6047
6072
6084
6028
6029
6085
6011
6012
6014
6020
6086
6015
6017
6019
6087
6013
6021
6022
6088
6014
6023
6025
6089
6015
6026
6090
6016
6027
6091
6017
6028
6029
6092
6018
6030
6093
6019
6031
6032
6094
6020
6034
6095
6021
6035
6096
6036
6097
6023
6037
6098
6024
6038
6099
6025
6039
6041
6100
6026
6042
6101
6027
6044
6102
6028
6045
6103
6046
6104
6030
6047
6105
6031
6048
6106
6049
6051
6107
6033
6051
6079
6108
6034
6052
6053
6109
6035
6054
6110
6036
6055
6111
6056
6112
6038
6059
6113
6039
6060
6114
6040
6061
6115
6041
6062
6063
6116
6042
6064
6117
6043
6065
6118
6044
6066
6067
6119
6045
6068
6120
6046
6069
6121
6070
6122
6048
6073
6123
6049
6074
6124
6050
6075
6125
6051
6076
6077
6126
6078
6127
6053
6079
6128
6054
6129
6055
6130
6056
6131
6057
6132
6058
6133
6059
6134
6060
6135
6061
6136
6062
6137
6063
6138
6064
6139
6065
6140
6066
6141
6067
6142
6068
6143
6069
6144
6070
6145
6071
6146
6072
6147
6073
6148
6074
6149
6075
6150
6076
6151
6077
6152
6078
6153
6079
6154
6155
6081
6082
6112
6133
6156
6082
6113
6134
6157
6097
6098
6158
6084
6085
6122
6147
6159
6085
6123
6148
6160
6104
6105
6161
6087
6088
6090
6096
6162
6091
6093
6095
6163
6089
6097
6098
6164
6090
6099
6101
6165
6091
6102
6166
6092
6103
6167
6093
6104
6105
6168
6094
6106
6169
6095
6107
6108
6170
6096
6110
6171
6097
6111
6172
6112
6173
6099
6113
6174
6100
6114
6175
6101
6115
6117
6176
6102
6118
6177
6103
6120
6178
6104
6121
6179
6122
6180
6106
6123
6181
6107
6124
6182
6125
6127
6183
6109
6127
6155
6184
6110
6128
6129
6185
6111
6130
6186
6112
6131
6187
6132
6188
6114
6135
6189
6115
6136
6190
6116
6137
6191
6117
6138
6139
6192
6118
6140
6193
6119
6141
6194
6120
6142
6143
6195
6121
6144
6196
6122
6145
6197
6146
6198
6124
6149
6199
6125
6150
6200
6126
6151
6201
6127
6152
6153
6202
6154
6203
6129
6155
6204
6130
6205
6131
6206
6132
6207
6133
6208
6134
6209
6135
6210
6136
6211
6137
6212
6138
6213
6139
6214
6140
6215
6141
6216
6142
6217
6143
6218
6144
6219
6145
6220
6146
6221
6147
6222
6148
6223
6149
6224
6150
6225
6151
6226
6152
6227
6153
6228
6154
6229
6155
6230
6231
6157
6158
6188
6209
6232
6158
6189
6210
6233
6173
6174
6234
6160
6161
6198
6223
6235
6161
6199
6224
6236
6180
6181
6237
6163
6164
6166
6172
6238
6167
6169
6171
6239
6165
6173
6174
6240
6166
6175
6177
6241
6167
6178
6242
6168
6179
6243
6169
6180
6181
6244
6170
6182
6245
6171
6183
6184
6246
6172
6186
6247
6173
6187
6248
6188
6249
6175
6189
6250
6176
6190
6251
6177
6191
6193
6252
6178
6194
6253
6179
6196
6254
6180
6197
6255
6198
6256
6182
6199
6257
6183
6200
6258
6201
6203
6259
6185
6203
6231
6260
6186
6204
6205
6261
6187
6206
6262
6188
6207
6263
6208
6264
6190
6211
6265
6191
6212
6266
6192
6213
6267
6193
6214
6215
6268
6194
6216
6269
6195
6217
6270
6196
6218
6219
6271
6197
6220
6272
6198
6221
6273
6222
6274
6200
6225
6275
6201
6226
6276
6202
6227
6277
6203
6228
6229
6278
6230
6279
6205
6231
6280
6206
6281
6207
6282
6208
6283
6209
6284
6210
6285
6211
6286
6212
6287
6213
6288
6214
6289
6215
6290
6216
6291
6217
6292
6218
6293
6219
6294
6220
6295
6221
6296
6222
6297
6223
6298
6224
6299
6225
6300
6226
6301
6227
6302
6228
6303
6229
6304
6230
6305
6231
6306
6307
6233
6234
6264
6285
6308
6234
6265
6286
6309
6249
6250
6310
6236
6237
6274
6299
6311
6237
6275
6300
6312
6256
6257
6313
6239
6240
6242
6248
6314
6243
6245
6247
6315
6241
6249
6250
6316
6242
6251
6253
6317
6243
6254
6318
6244
6255
6319
6245
6256
6257
6320
6246
6258
6321
6247
6259
6260
6322
6248
6262
6323
6249
6263
6324
6264
6325
6251
6265
6326
6252
6266
6327
6253
6267
6269
6328
6254
6270
6329
6255
6272
6330
6256
6273
6331
6274
6332
6258
6275
6333
6259
6276
6334
6277
6279
6335
6261
6279
6307
6336
6262
6280
6281
6337
6263
6282
6338
6264
6283
6339
6284
6340
6266
6287
6341
6267
6288
6342
6268
6289
6343
6269
6290
6291
6344
6270
6292
6345
6271
6293
6346
6272
6294
6295
6347
6273
6296
6348
6274
6297
6349
6298
6350
6276
6301
6351
6277
6302
6352
6278
6303
6353
6279
6304
6305
6354
6306
6355
6281
6307
6356
6282
6357
6283
6358
6284
6359
6285
6360
6286
6361
6287
6362
6288
6363
6289
6364
6290
6365
6291
6366
6292
6367
6293
6368
6294
6369
6295
6370
6296
6371
6297
6372
6298
6373
6299
6374
6300
6375
6301
6376
6302
6377
6303
6378
6304
6379
6305
6380
6306
6381
6307
6382
6383
6309
6310
6340
6361
6384
6310
6341
6362
6385
6325
6326
6386
6312
6313
6350
6375
6387
6313
6351
6376
6388
6332
6333
6389
6315
6316
6318
6324
6390
6319
6321
6323
6391
6317
6325
6326
6392
6318
6327
6329
6393
6319
6330
6394
6320
6331
6395
6321
6332
6333
6396
6322
6334
6397
6323
6335
6336
6398
6324
6338
6399
6325
6339
6400
6340
6401
6327
6341
6402
6328
6342
6403
6329
6343
6345
6404
6330
6346
6405
6331
6348
6406
6332
6349
6407
6350
6408
6334
6351
6409
6335
6352
6410
6353
6355
6411
6337
6355
6383
6412
6338
6356
6357
6413
6339
6358
6414
6340
6359
6415
6360
6416
6342
6363
6417
6343
6364
6418
6344
6365
6419
6345
6366
6367
6420
6346
6368
6421
6347
6369
6422
6348
6370
6371
6423
6349
6372
6424
6350
6373
6425
6374
6426
6352
6377
6427
6353
6378
6428
6354
6379
6429
6355
6380
6381
6430
6382
6431
6357
6383
6432
6358
6433
6359
6434
6360
6435
6361
6436
6362
6437
6363
6438
6364
6439
6365
6440
6366
6441
6367
6442
6368
6443
6369
6444
6370
6445
6371
6446
6372
6447
6373
6448
6374
6449
6375
6450
6376
6451
6377
6452
6378
6453
6379
6454
6380
6455
6381
6456
6382
6457
6383
6458
6459
6385
6386
6416
6437
6460
6386
6417
6438
6461
6401
6402
6462
6388
6389
6426
6451
6463
6389
6427
6452
6464
6408
6409
6465
6391
6392
6394
6400
6466
6395
6397
6399
6467
6393
6401
6402
6468
6394
6403
6405
6469
6395
6406
6470
6396
6407
6471
6397
6408
6409
6472
6398
6410
6473
6399
6411
6412
6474
6400
6414
6475
6401
6415
6476
6416
6477
6403
6417
6478
6404
6418
6479
6405
6419
6421
6480
6406
6422
6481
6407
6424
6482
6408
6425
6483
6426
6484
6410
6427
6485
6411
6428
6486
6429
6431
6487
6413
6431
6459
6488
6414
6432
6433
6489
6415
6434
6490
6416
6435
6491
6436
6492
6418
6439
6493
6419
6440
6494
6420
6441
6495
6421
6442
6443
6496
6422
6444
6497
6423
6445
6498
6424
6446
6447
6499
6425
6448
6500
6426
6449
6501
6450
6502
6428
6453
6503
6429
6454
6504
6430
6455
6505
6431
6456
6457
6506
6458
6507
6433
6459
6508
6434
6509
6435
6510
6436
6511
6437
6512
6438
6513
6439
6514
6440
6515
6441
6516
6442
6517
6443
6518
6444
6519
6445
6520
6446
6521
6447
6522
6448
6523
6449
6524
6450
6525
6451
6526
6452
6527
6453
6528
6454
6529
6455
6530
6456
6531
6457
6532
6458
6533
6459
6534
6535
6461
6462
6492
6513
6536
6462
6493
6514
6537
6477
6478
6538
6464
6465
6502
6527
6539
6465
6503
6528
6540
6484
6485
6541
6467
6468
6470
6476
6542
6471
6473
6475
6543
6469
6477
6478
6544
6470
6479
6481
6545
6471
6482
6546
6472
6483
6547
6473
6484
6485
6548
6474
6486
6549
6475
6487
6488
6550
6476
6490
6551
6477
6491
6552
6492
6553
6479
6493
6554
6480
6494
6555
6481
6495
6497
6556
6482
6498
6557
6483
6500
6558
6484
6501
6559
6502
6560
6486
6503
6561
6487
6504
6562
6505
6507
6563
6489
6507
6535
6564
6490
6508
6509
6565
6491
6510
6566
6492
6511
6567
6512
6568
6494
6515
6569
6495
6516
6570
6496
6517
6571
6497
6518
6519
6572
6498
6520
6573
6499
6521
6574
6500
6522
6523
6575
6501
6524
6576
6502
6525
6577
6526
6578
6504
6529
6579
6505
6530
6580
6506
6531
6581
6507
6532
6533
6582
6534
6583
6509
6535
6584
6510
6585
6511
6586
6512
6587
6513
6588
6514
6589
6515
6590
6516
6591
6517
6592
6518
6593
6519
6594
6520
6595
6521
6596
6522
6597
6523
6598
6524
6599
6525
6600
6526
6601
6527
6602
6528
6603
6529
6604
6530
6605
6531
6606
6532
6607
6533
6608
6534
6609
6535
6610
6611
6537
6538
6568
6589
6612
6538
6569
6590
6613
6553
6554
6614
6540
6541
6578
6603
6615
6541
6579
6604
6616
6560
6561
6617
6543
6544
6546
6552
6618
6547
6549
6551
6619
6545
6553
6554
6620
6546
6555
6557
6621
6547
6558
6622
6548
6559
6623
6549
6560
6561
6624
6550
6562
6625
6551
6563
6564
6626
6552
6566
6627
6553
6567
6628
6568
6629
6555
6569
6630
6556
6570
6631
6557
6571
6573
6632
6558
6574
6633
6559
6576
6634
6560
6577
6635
6578
6636
6562
6579
6637
6563
6580
6638
6581
6583
6639
6565
6583
6611
6640
6566
6584
6585
6641
6567
6586
6642
6568
6587
6643
6588
6644
6570
6591
6645
6571
6592
6646
6572
6593
6647
6573
6594
6595
6648
6574
6596
6649
6575
6597
6650
6576
6598
6599
6651
6577
6600
6652
6578
6601
6653
6602
6654
6580
6605
6655
6581
6606
6656
6582
6607
6657
6583
6608
6609
6658
6610
6659
6585
6611
6660
6586
6661
6587
6662
6588
6663
6589
6664
6590
6665
6591
6666
6592
6667
6593
6668
6594
6669
6595
6670
6596
6671
6597
6672
6598
6673
6599
6674
6600
6675
6601
6676
6602
6677
6603
6678
6604
6679
6605
6680
6606
6681
6607
6682
6608
6683
6609
6684
6610
6685
6611
6686
6687
6613
6614
6644
6665
6688
6614
6645
6666
6689
6629
6630
6690
6616
6617
6654
6679
6691
6617
6655
6680
6692
6636
6637
6693
6619
6620
6622
6628
6694
6623
6625
6627
6695
6621
6629
6630
6696
6622
6631
6633
6697
6623
6634
6698
6624
6635
6699
6625
6636
6637
6700
6626
6638
6701
6627
6639
6640
6702
6628
6642
6703
6629
6643
6704
6644
6705
6631
6645
6706
6632
6646
6707
6633
6647
6649
6708
6634
6650
6709
6635
6652
6710
6636
6653
6711
6654
6712
6638
6655
6713
6639
6656
6714
6657
6659
6715
6641
6659
6687
6716
6642
6660
6661
6717
6643
6662
6718
6644
6663
6719
6664
6720
6646
6667
6721
6647
6668
6722
6648
6669
6723
6649
6670
6671
6724
6650
6672
6725
6651
6673
6726
6652
6674
6675
6727
6653
6676
6728
6654
6677
6729
6678
6730
6656
6681
6731
6657
6682
6732
6658
6683
6733
6659
6684
6685
6734
6686
6735
6661
6687
6736
6662
6737
6663
6738
6664
6739
6665
6740
6666
6741
6667
6742
6668
6743
6669
6744
6670
6745
6671
6746
6672
6747
6673
6748
6674
6749
6675
6750
6676
6751
6677
6752
6678
6753
6679
6754
6680
6755
6681
6756
6682
6757
6683
6758
6684
6759
6685
6760
6686
6761
6687
6762
6763
6689
6690
6720
6741
6764
6690
6721
6742
6765
6705
6706
6766
6692
6693
6730
6755
6767
6693
6731
6756
6768
6712
6713
6769
6695
6696
6698
6704
6770
6699
6701
6703
6771
6697
6705
6706
6772
6698
6707
6709
6773
6699
6710
6774
6700
6711
6775
6701
6712
6713
6776
6702
6714
6777
6703
6715
6716
6778
6704
6718
6779
6705
6719
6780
6720
6781
6707
6721
6782
6708
6722
6783
6709
6723
6725
6784
6710
6726
6785
6711
6728
6786
6712
6729
6787
6730
6788
6714
6731
6789
6715
6732
6790
6733
6735
6791
6717
6735
6763
6792
6718
6736
6737
6793
6719
6738
6794
6720
6739
6795
6740
6796
6722
6743
6797
6723
6744
6798
6724
6745
6799
6725
6746
6747
6800
6726
6748
6801
6727
6749
6802
6728
6750
6751
6803
6729
6752
6804
6730
6753
6805
6754
6806
6732
6757
6807
6733
6758
6808
6734
6759
6809
6735
6760
6761
6810
6762
6811
6737
6763
6812
6738
6813
6739
6814
6740
6815
6741
6816
6742
6817
6743
6818
6744
6819
6745
6820
6746
6821
6747
6822
6748
6823
6749
6824
6750
6825
6751
6826
6752
6827
6753
6828
6754
6829
6755
6830
6756
6831
6757
6832
6758
6833
6759
6834
6760
6835
6761
6836
6762
6837
6763
6838
6839
6765
6766
6796
6817
6840
6766
6797
6818
6841
6781
6782
6842
6768
6769
6806
6831
6843
6769
6807
6832
6844
6788
6789
6845
6771
6772
6774
6780
6846
6775
6777
6779
6847
6773
6781
6782
6848
6774
6783
6785
6849
6775
6786
6850
6776
6787
6851
6777
6788
6789
6852
6778
6790
6853
6779
6791
6792
6854
6780
6794
6855
6781
6795
6856
6796
6857
6783
6797
6858
6784
6798
6859
6785
6799
6801
6860
6786
6802
6861
6787
6804
6862
6788
6805
6863
6806
6864
6790
6807
6865
6791
6808
6866
6809
6811
6867
6793
6811
6839
6868
6794
6812
6813
6869
6795
6814
6870
6796
6815
6871
6816
6872
6798
6819
6873
6799
6820
6874
6800
6821
6875
6801
6822
6823
6876
6802
6824
6877
6803
6825
6878
6804
6826
6827
6879
6805
6828
6880
6806
6829
6881
6830
6882
6808
6833
6883
6809
6834
6884
6810
6835
6885
6811
6836
6837
6886
6838
6887
6813
6839
6888
6814
6889
6815
6890
6816
6891
6817
6892
6818
6893
6819
6894
6820
6895
6821
6896
6822
6897
6823
6898
6824
6899
6825
6900
6826
6901
6827
6902
6828
6903
6829
6904
6830
6905
6831
6906
6832
6907
6833
6908
6834
6909
6835
6910
6836
6911
6837
6912
6838
6913
6839
6914
6915
6841
6842
6872
6893
6916
6842
6873
6894
6917
6857
6858
6918
6844
6845
6882
6907
6919
6845
6883
6908
6920
6864
6865
6921
6847
6848
6850
6856
6922
6851
6853
6855
6923
6849
6857
6858
6924
6850
6859
6861
6925
6851
6862
6926
6852
6863
6927
6853
6864
6865
6928
6854
6866
6929
6855
6867
6868
6930
6856
6870
6931
6857
6871
6932
6872
6933
6859
6873
6934
6860
6874
6935
6861
6875
6877
6936
6862
6878
6937
6863
6880
6938
6864
6881
6939
6882
6940
6866
6883
6941
6867
6884
6942
6885
6887
6943
6869
6887
6915
6944
6870
6888
6889
6945
6871
6890
6946
6872
6891
6947
6892
6948
6874
6895
6949
6875
6896
6950
6876
6897
6951
6877
6898
6899
6952
6878
6900
6953
6879
6901
6954
6880
6902
6903
6955
6881
6904
6956
6882
6905
6957
6906
6958
6884
6909
6959
6885
6910
6960
6886
6911
6961
6887
6912
6913
6962
6914
6963
6889
6915
6964
6890
6965
6891
6966
6892
6967
6893
6968
6894
6969
6895
6970
6896
6971
6897
6972
6898
6973
6899
6974
6900
6975
6901
6976
6902
6977
6903
6978
6904
6979
6905
6980
6906
6981
6907
6982
6908
6983
6909
6984
6910
6985
6911
6986
6912
6987
6913
6988
6914
6989
6915
6990
6991
6917
6918
6948
6969
6992
6918
6949
6970
6993
6933
6934
6994
6920
6921
6958
6983
6995
6921
6959
6984
6996
6940
6941
6997
6923
6924
6926
6932
6998
6927
6929
6931
6999
6925
6933
6934
7000
6926
6935
6937
7001
6927
6938
7002
6928
6939
7003
6929
6940
6941
7004
6930
6942
7005
6931
6943
6944
7006
6932
6946
7007
6933
6947
7008
6948
7009
6935
6949
7010
6936
6950
7011
6937
6951
6953
7012
6938
6954
7013
6939
6956
7014
6940
6957
7015
6958
7016
6942
6959
7017
6943
6960
7018
6961
6963
7019
6945
6963
6991
7020
6946
6964
6965
7021
6947
6966
7022
6948
6967
7023
6968
7024
6950
6971
7025
6951
6972
7026
6952
6973
7027
6953
6974
6975
7028
6954
6976
7029
6955
6977
7030
6956
6978
6979
7031
6957
6980
7032
6958
6981
7033
6982
7034
6960
6985
7035
6961
6986
7036
6962
6987
7037
6963
6988
6989
7038
6990
7039
6965
6991
7040
6966
7041
6967
7042
6968
7043
6969
7044
6970
7045
6971
7046
6972
7047
6973
7048
6974
7049
6975
7050
6976
7051
6977
7052
6978
7053
6979
7054
6980
7055
6981
7056
6982
7057
6983
7058
6984
7059
6985
7060
6986
7061
6987
7062
6988
7063
6989
7064
6990
7065
6991
7066
7067
6993
6994
7024
7045
7068
6994
7025
7046
7069
7009
7010
7070
6996
6997
7034
7059
7071
6997
7035
7060
7072
7016
7017
7073
6999
7000
7002
7008
7074
7003
7005
7007
7075
7001
7009
7010
7076
7002
7011
7013
7077
7003
7014
7078
7004
7015
7079
7005
7016
7017
7080
7006
7018
7081
7007
7019
7020
7082
7008
7022
7083
7009
7023
7084
7024
7085
7011
7025
7086
7012
7026
7087
7013
7027
7029
7088
7014
7030
7089
7015
7032
7090
7016
7033
7091
7034
7092
7018
7035
7093
7019
7036
7094
7037
7039
7095
7021
7039
7067
7096
7022
7040
7041
7097
7023
7042
7098
7024
7043
7099
7044
7100
7026
7047
7101
7027
7048
7102
7028
7049
7103
7029
7050
7051
7104
7030
7052
7105
7031
7053
7106
7032
7054
7055
7107
7033
7056
7108
7034
7057
7109
7058
7110
7036
7061
7111
7037
7062
7112
7038
7063
7113
7039
7064
7065
7114
7066
7115
7041
7067
7116
7042
7117
7043
7118
7044
7119
7045
7120
7046
7121
7047
7122
7048
7123
7049
7124
7050
7125
7051
7126
7052
7127
7053
7128
7054
7129
7055
7130
7056
7131
7057
7132
7058
7133
7059
7134
7060
7135
7061
7136
7062
7137
7063
7138
7064
7139
7065
7140
7066
7141
7067
7142
7143
7069
7070
7100
7121
7144
7070
7101
7122
7145
7085
7086
7146
7072
7073
7110
7135
7147
7073
7111
7136
7148
7092
7093
7149
7075
7076
7078
7084
7150
7079
7081
7083
7151
7077
7085
7086
7152
7078
7087
7089
7153
7079
7090
7154
7080
7091
7155
7081
7092
7093
7156
7082
7094
7157
7083
7095
7096
7158
7084
7098
7159
7085
7099
7160
7100
7161
7087
7101
7162
7088
7102
7163
7089
7103
7105
7164
7090
7106
7165
7091
7108
7166
7092
7109
7167
7110
7168
7094
7111
7169
7095
7112
7170
7113
7115
7171
7097
7115
7143
7172
7098
7116
7117
7173
7099
7118
7174
7100
7119
7175
7120
7176
7102
7123
7177
7103
7124
7178
7104
7125
7179
7105
7126
7127
7180
7106
7128
7181
7107
7129
7182
7108
7130
7131
7183
7109
7132
7184
7110
7133
7185
7134
7186
7112
7137
7187
7113
7138
7188
7114
7139
7189
7115
7140
7141
7190
7142
7191
7117
7143
7192
7118
7193
7119
7194
7120
7195
7121
7196
7122
7197
7123
7198
7124
7199
7125
7200
7126
7201
7127
7202
7128
7203
7129
7204
7130
7205
7131
7206
7132
7207
7133
7208
7134
7209
7135
7210
7136
7211
7137
7212
7138
7213
7139
7214
7140
7215
7141
7216
7142
7217
7143
7218
7219
7145
7146
7176
7197
7220
7146
7177
7198
7221
7161
7162
7222
7148
7149
7186
7211
7223
7149
7187
7212
7224
7168
7169
7225
7151
7152
7154
7160
7226
7155
7157
7159
7227
7153
7161
7162
7228
7154
7163
7165
7229
7155
7166
7230
7156
7167
7231
7157
7168
7169
7232
7158
7170
7233
7159
7171
7172
7234
7160
7174
7235
7161
7175
7236
7176
7237
7163
7177
7238
7164
7178
7239
7165
7179
7181
7240
7166
7182
7241
7167
7184
7242
7168
7185
7243
7186
7244
7170
7187
7245
7171
7188
7246
7189
7191
7247
7173
7191
7219
7248
7174
7192
7193
7249
7175
7194
7250
7176
7195
7251
7196
7252
7178
7199
7253
7179
7200
7254
7180
7201
7255
7181
7202
7203
7256
7182
7204
7257
7183
7205
7258
7184
7206
7207
7259
7185
7208
7260
7186
7209
7261
7210
7262
7188
7213
7263
7189
7214
7264
7190
7215
7265
7191
7216
7217
7266
7218
7267
7193
7219
7268
7194
7269
7195
7270
7196
7271
7197
7272
7198
7273
7199
7274
7200
7275
7201
7276
7202
7277
7203
7278
7204
7279
7205
7280
7206
7281
7207
7282
7208
7283
7209
7284
7210
7285
7211
7286
7212
7287
7213
7288
7214
7289
7215
7290
7216
7291
7217
7292
7218
7293
7219
7294
7295
7221
7222
7252
7273
7296
7222
7253
7274
7297
7237
7238
7298
7224
7225
7262
7287
7299
7225
7263
7288
7300
7244
7245
7301
7227
7228
7230
7236
7302
7231
7233
7235
7303
7229
7237
7238
7304
7230
7239
7241
7305
7231
7242
7306
7232
7243
7307
7233
7244
7245
7308
7234
7246
7309
7235
7247
7248
7310
7236
7250
7311
7237
7251
7312
7252
7313
7239
7253
7314
7240
7254
7315
7241
7255
7257
7316
7242
7258
7317
7243
7260
7318
7244
7261
7319
7262
7320
7246
7263
7321
7247
7264
7322
7265
7267
7323
7249
7267
7295
7324
7250
7268
7269
7325
7251
7270
7326
7252
7271
7327
7272
7328
7254
7275
7329
7255
7276
7330
7256
7277
7331
7257
7278
7279
7332
7258
7280
7333
7259
7281
7334
7260
7282
7283
7335
7261
7284
7336
7262
7285
7337
7286
7338
7264
7289
7339
7265
7290
7340
7266
7291
7341
7267
7292
7293
7342
7294
7343
7269
7295
7344
7270
7345
7271
7346
7272
7347
7273
7348
7274
7349
7275
7350
7276
7351
7277
7352
7278
7353
7279
7354
7280
7355
7281
7356
7282
7357
7283
7358
7284
7359
7285
7360
7286
7361
7287
7362
7288
7363
7289
7364
7290
7365
7291
7366
7292
7367
7293
7368
7294
7369
7295
7370
7371
7297
7298
7328
7349
7372
7298
7329
7350
7373
7313
7314
7374
7300
7301
7338
7363
7375
7301
7339
7364
7376
7320
7321
7377
7303
7304
7306
7312
7378
7307
7309
7311
7379
7305
7313
7314
7380
7306
7315
7317
7381
7307
7318
7382
7308
7319
7383
7309
7320
7321
7384
7310
7322
7385
7311
7323
7324
7386
7312
7326
7387
7313
7327
7388
7328
7389
7315
7329
7390
7316
7330
7391
7317
7331
7333
7392
7318
7334
7393
7319
7336
7394
7320
7337
7395
7338
7396
7322
7339
7397
7323
7340
7398
7341
7343
7399
7325
7343
7371
7400
7326
7344
7345
7401
7327
7346
7402
7328
7347
7403
7348
7404
7330
7351
7405
7331
7352
7406
7332
7353
7407
7333
7354
7355
7408
7334
7356
7409
7335
7357
7410
7336
7358
7359
7411
7337
7360
7412
7338
7361
7413
7362
7414
7340
7365
7415
7341
7366
7416
7342
7367
7417
7343
7368
7369
7418
7370
7419
7345
7371
7420
7346
7421
7347
7422
7348
7423
7349
7424
7350
7425
7351
7426
7352
7427
7353
7428
7354
7429
7355
7430
7356
7431
7357
7432
7358
7433
7359
7434
7360
7435
7361
7436
7362
7437
7363
7438
7364
7439
7365
7440
7366
7441
7367
7442
7368
7443
7369
7444
7370
7445
7371
7446
7447
7373
7374
7404
7425
7448
7374
7405
7426
7449
7389
7390
7450
7376
7377
7414
7439
7451
7377
7415
7440
7452
7396
7397
7453
7379
7380
7382
7388
7454
7383
7385
7387
7455
7381
7389
7390
7456
7382
7391
7393
7457
7383
7394
7458
7384
7395
7459
7385
7396
7397
7460
7386
7398
7461
7387
7399
7400
7462
7388
7402
7463
7389
7403
7464
7404
7465
7391
7405
7466
7392
7406
7467
7393
7407
7409
7468
7394
7410
7469
7395
7412
7470
7396
7413
7471
7414
7472
7398
7415
7473
7399
7416
7474
7417
7419
7475
7401
7419
7447
7476
7402
7420
7421
7477
7403
7422
7478
7404
7423
7479
7424
7480
7406
7427
7481
7407
7428
7482
7408
7429
7483
7409
7430
7431
7484
7410
7432
7485
7411
7433
7486
7412
7434
7435
7487
7413
7436
7488
7414
7437
7489
7438
7490
7416
7441
7491
7417
7442
7492
7418
7443
7493
7419
7444
7445
7494
7446
7495
7421
7447
7496
7422
7497
7423
7498
7424
7499
7425
7500
7426
7501
7427
7502
7428
7503
7429
7504
7430
7505
7431
7506
7432
7507
7433
7508
7434
7509
7435
7510
7436
7511
7437
7512
7438
7513
7439
7514
7440
7515
7441
7516
7442
7517
7443
7518
7444
7519
7445
7520
7446
7521
7447
7522
7523
7449
7450
7480
7501
7524
7450
7481
7502
7525
7465
7466
7526
7452
7453
7490
7515
7527
7453
7491
7516
7528
7472
7473
7529
7455
7456
7458
7464
7530
7459
7461
7463
7531
7457
7465
7466
7532
7458
7467
7469
7533
7459
7470
7534
7460
7471
7535
7461
7472
7473
7536
7462
7474
7537
7463
7475
7476
7538
7464
7478
7539
7465
7479
7540
7480
7541
7467
7481
7542
7468
7482
7543
7469
7483
7485
7544
7470
7486
7545
7471
7488
7546
7472
7489
7547
7490
7548
7474
7491
7549
7475
7492
7550
7493
7495
7551
7477
7495
7523
7552
7478
7496
7497
7553
7479
7498
7554
7480
7499
7555
7500
7556
7482
7503
7557
7483
7504
7558
7484
7505
7559
7485
7506
7507
7560
7486
7508
7561
7487
7509
7562
7488
7510
7511
7563
7489
7512
7564
7490
7513
7565
7514
7566
7492
7517
7567
7493
7518
7568
7494
7519
7569
7495
7520
7521
7570
7522
7571
7497
7523
7572
7498
7573
7499
7574
7500
7575
7501
7576
7502
7577
7503
7578
7504
7579
7505
7580
7506
7581
7507
7582
7508
7583
7509
7584
7510
7585
7511
7586
7512
7587
7513
7588
7514
7589
7515
7590
7516
7591
7517
7592
7518
7593
7519
7594
7520
7595
7521
7596
7522
7597
7523
7598
7599
7525
7526
7556
7577
7600
7526
7557
7578
7601
7541
7542
7602
7528
7529
7566
7591
7603
7529
7567
7592
7604
7548
7549
7605
7531
7532
7534
7540
7606
7535
7537
7539
7607
7533
7541
7542
7608
7534
7543
7545
7609
7535
7546
7610
7536
7547
7611
7537
7548
7549
7612
7538
7550
7613
7539
7551
7552
7614
7540
7554
7615
7541
7555
7616
7556
7617
7543
7557
7618
7544
7558
7619
7545
7559
7561
7620
7546
7562
7621
7547
7564
7622
7548
7565
7623
7566
7624
7550
7567
7625
7551
7568
7626
7569
7571
7627
7553
7571
7599
7628
7554
7572
7573
7629
7555
7574
7630
7556
7575
7631
7576
7632
7558
7579
7633
7559
7580
7634
7560
7581
7635
7561
7582
7583
7636
7562
7584
7637
7563
7585
7638
7564
7586
7587
7639
7565
7588
7640
7566
7589
7641
7590
7642
7568
7593
7643
7569
7594
7644
7570
7595
7645
7571
7596
7597
7646
7598
7647
7573
7599
7648
7574
7649
7575
7650
7576
7651
7577
7652
7578
7653
7579
7654
7580
7655
7581
7656
7582
7657
7583
7658
7584
7659
7585
7660
7586
7661
7587
7662
7588
7663
7589
7664
7590
7665
7591
7666
7592
7667
7593
7668
7594
7669
7595
7670
7596
7671
7597
7672
7598
7673
7599
7674
7675
7601
7602
7632
7653
7676
7602
7633
7654
7677
7617
7618
7678
7604
7605
7642
7667
7679
7605
7643
7668
7680
7624
7625
7681
7607
7608
7610
7616
7682
7611
7613
7615
7683
7609
7617
7618
7684
7610
7619
7621
7685
7611
7622
7686
7612
7623
7687
7613
7624
7625
7688
7614
7626
7689
7615
7627
7628
7690
7616
7630
7691
7617
7631
7692
7632
7693
7619
7633
7694
7620
7634
7695
7621
7635
7637
7696
7622
7638
7697
7623
7640
7698
7624
7641
7699
7642
7700
7626
7643
7701
7627
7644
7702
7645
7647
7703
7629
7647
7675
7704
7630
7648
7649
7705
7631
7650
7706
7632
7651
7707
7652
7708
7634
7655
7709
7635
7656
7710
7636
7657
7711
7637
7658
7659
7712
7638
7660
7713
7639
7661
7714
7640
7662
7663
7715
7641
7664
7716
7642
7665
7717
7666
7718
7644
7669
7719
7645
7670
7720
7646
7671
7721
7647
7672
7673
7722
7674
7723
7649
7675
7724
7650
7725
7651
7726
7652
7727
7653
7728
7654
7729
7655
7730
7656
7731
7657
7732
7658
7733
7659
7734
7660
7735
7661
7736
7662
7737
7663
7738
7664
7739
7665
7740
7666
7741
7667
7742
7668
7743
7669
7744
7670
7745
7671
7746
7672
7747
7673
7748
7674
7749
7675
7750
7751
7677
7678
7708
7729
7752
7678
7709
7730
7753
7693
7694
7754
7680
7681
7718
7743
7755
7681
7719
7744
7756
7700
7701
7757
7683
7684
7686
7692
7758
7687
7689
7691
7759
7685
7693
7694
7760
7686
7695
7697
7761
7687
7698
7762
7688
7699
7763
7689
7700
7701
7764
7690
7702
7765
7691
7703
7704
7766
7692
7706
7767
7693
7707
7768
7708
7769
7695
7709
7770
7696
7710
7771
7697
7711
7713
7772
7698
7714
7773
7699
7716
7774
7700
7717
7775
7718
7776
7702
7719
7777
7703
7720
7778
7721
7723
7779
7705
7723
7751
7780
7706
7724
7725
7781
7707
7726
7782
7708
7727
7783
7728
7784
7710
7731
7785
7711
7732
7786
7712
7733
7787
7713
7734
7735
7788
7714
7736
7789
7715
7737
7790
7716
7738
7739
7791
7717
7740
7792
7718
7741
7793
7742
7794
7720
7745
7795
7721
7746
7796
7722
7747
7797
7723
7748
7749
7798
7750
7799
7725
7751
7800
7726
7801
7727
7802
7728
7803
7729
7804
7730
7805
7731
7806
7732
7807
7733
7808
7734
7809
7735
7810
7736
7811
7737
7812
7738
7813
7739
7814
7740
7815
7741
7816
7742
7817
7743
7818
7744
7819
7745
7820
7746
7821
7747
7822
7748
7823
7749
7824
7750
7825
7751
7826
7827
7753
7754
7784
7805
7754
7785
7806
7769
7770
7756
7757
7794
7819
7757
7795
7820
7776
7777
7759
7760
7762
7768
7763
7765
7767
7761
7769
7770
7762
7771
7773
7763
7774
7764
7775
7765
7776
7777
7766
7778
7767
7779
7780
7768
7782
7769
7783
7784
7771
7785
7772
7786
7773
7787
7789
7774
7790
7775
7792
7776
7793
7794
7778
7795
7779
7796
7797
7799
7781
7799
7827
7782
7800
7801
7783
7802
7784
7803
7804
7786
7807
7787
7808
7788
7809
7789
7810
7811
7790
7812
7791
7813
7792
7814
7815
7793
7816
7794
7817
7818
7796
7821
7797
7822
7798
7823
7799
7824
7825
7826
7801
7827
7802
7803
7804
7805
7806
7807
7808
7809
7810
7811
7812
7813
7814
7815
7816
7817
7818
7819
7820
7821
7822
7823
7824
7825
7826
7827
7829
7854
7875
7855
7856
7876
7831
7832
7862
7877
7832
7861
7878
7849
7879
7834
7835
7856
7880
7836
7855
7881
7836
7857
7882
7858
7883
7838
7863
7866
7884
7864
7865
7885
7840
7841
7842
7886
7841
7870
7887
7843
7888
7843
7868
7889
7867
7890
7845
7846
7847
7891
7846
7848
7892
7869
7893
7848
7859
7894
7860
7895
7850
7896
7851
7897
7852
7898
7853
7899
7854
7900
7901
7856
7902
7903
7858
7860
7904
7859
7905
7860
7906
7907
7862
7863
7908
7864
7909
7864
7910
7911
7866
7868
7912
7867
7913
7868
7914
7915
7871
7916
7872
7917
7874
7918
7873
7919
7874
7920
7921
7876
7901
7922
7902
7903
7923
7878
7879
7909
7924
7879
7908
7925
7896
7926
7881
7882
7903
7927
7883
7902
7928
7883
7904
7929
7905
7930
7885
7910
7913
7931
7911
7912
7932
7887
7888
7889
7933
7888
7917
7934
7890
7935
7890
7915
7936
7914
7937
7892
7893
7894
7938
7893
7895
7939
7916
7940
7895
7906
7941
7907
7942
7897
7943
7898
7944
7899
7945
7900
7946
7901
7947
7948
7903
7949
7950
7905
7907
7951
7906
7952
7907
7953
7954
7909
7910
7955
7911
7956
7911
7957
7958
7913
7915
7959
7914
7960
7915
7961
7962
7918
7963
7919
7964
7921
7965
7920
7966
7921
7967
7968
7923
7948
7969
7949
7950
7970
7925
7926
7956
7971
7926
7955
7972
7943
7973
7928
7929
7950
7974
7930
7949
7975
7930
7951
7976
7952
7977
7932
7957
7960
7978
7958
7959
7979
7934
7935
7936
7980
7935
7964
7981
7937
7982
7937
7962
7983
7961
7984
7939
7940
7941
7985
7940
7942
7986
7963
7987
7942
7953
7988
7954
7989
7944
7990
7945
7991
7946
7992
7947
7993
7948
7994
7995
7950
7996
7997
7952
7954
7998
7953
7999
7954
8000
8001
7956
7957
8002
7958
8003
7958
8004
8005
7960
7962
8006
7961
8007
7962
8008
8009
7965
8010
7966
8011
7968
8012
7967
8013
7968
8014
8015
7970
7995
8016
7996
7997
8017
7972
7973
8003
8018
7973
8002
8019
7990
8020
7975
7976
7997
8021
7977
7996
8022
7977
7998
8023
7999
8024
7979
8004
8007
8025
8005
8006
8026
7981
7982
7983
8027
7982
8011
8028
7984
8029
7984
8009
8030
8008
8031
7986
7987
7988
8032
7987
7989
8033
8010
8034
7989
8000
8035
8001
8036
7991
8037
7992
8038
7993
8039
7994
8040
7995
8041
8042
7997
8043
8044
7999
8001
8045
8000
8046
8001
8047
8048
8003
8004
8049
8005
8050
8005
8051
8052
8007
8009
8053
8008
8054
8009
8055
8056
8012
8057
8013
8058
8015
8059
8014
8060
8015
8061
8062
8017
8042
8063
8043
8044
8064
8019
8020
8050
8065
8020
8049
8066
8037
8067
8022
8023
8044
8068
8024
8043
8069
8024
8045
8070
8046
8071
8026
8051
8054
8072
8052
8053
8073
8028
8029
8030
8074
8029
8058
8075
8031
8076
8031
8056
8077
8055
8078
8033
8034
8035
8079
8034
8036
8080
8057
8081
8036
8047
8082
8048
8083
8038
8084
8039
8085
8040
8086
8041
8087
8042
8088
8089
8044
8090
8091
8046
8048
8092
8047
8093
8048
8094
8095
8050
8051
8096
8052
8097
8052
8098
8099
8054
8056
8100
8055
8101
8056
8102
8103
8059
8104
8060
8105
8062
8106
8061
8107
8062
8108
8109
8064
8089
8110
8090
8091
8111
8066
8067
8097
8112
8067
8096
8113
8084
8114
8069
8070
8091
8115
8071
8090
8116
8071
8092
8117
8093
8118
8073
8098
8101
8119
8099
8100
8120
8075
8076
8077
8121
8076
8105
8122
8078
8123
8078
8103
8124
8102
8125
8080
8081
8082
8126
8081
8083
8127
8104
8128
8083
8094
8129
8095
8130
8085
8131
8086
8132
8087
8133
8088
8134
8089
8135
8136
8091
8137
8138
8093
8095
8139
8094
8140
8095
8141
8142
8097
8098
8143
8099
8144
8099
8145
8146
8101
8103
8147
8102
8148
8103
8149
8150
8106
8151
8107
8152
8109
8153
8108
8154
8109
8155
8156
8111
8136
8157
8137
8138
8158
8113
8114
8144
8159
8114
8143
8160
8131
8161
8116
8117
8138
8162
8118
8137
8163
8118
8139
8164
8140
8165
8120
8145
8148
8166
8146
8147
8167
8122
8123
8124
8168
8123
8152
8169
8125
8170
8125
8150
8171
8149
8172
8127
8128
8129
8173
8128
8130
8174
8151
8175
8130
8141
8176
8142
8177
8132
8178
8133
8179
8134
8180
8135
8181
8136
8182
8183
8138
8184
8185
8140
8142
8186
8141
8187
8142
8188
8189
8144
8145
8190
8146
8191
8146
8192
8193
8148
8150
8194
8149
8195
8150
8196
8197
8153
8198
8154
8199
8156
8200
8155
8201
8156
8202
8203
8158
8183
8204
8184
8185
8205
8160
8161
8191
8206
8161
8190
8207
8178
8208
8163
8164
8185
8209
8165
8184
8210
8165
8186
8211
8187
8212
8167
8192
8195
8213
8193
8194
8214
8169
8170
8171
8215
8170
8199
8216
8172
8217
8172
8197
8218
8196
8219
8174
8175
8176
8220
8175
8177
8221
8198
8222
8177
8188
8223
8189
8224
8179
8225
8180
8226
8181
8227
8182
8228
8183
8229
8230
8185
8231
8232
8187
8189
8233
8188
8234
8189
8235
8236
8191
8192
8237
8193
8238
8193
8239
8240
8195
8197
8241
8196
8242
8197
8243
8244
8200
8245
8201
8246
8203
8247
8202
8248
8203
8249
8250
8205
8230
8251
8231
8232
8252
8207
8208
8238
8253
8208
8237
8254
8225
8255
8210
8211
8232
8256
8212
8231
8257
8212
8233
8258
8234
8259
8214
8239
8242
8260
8240
8241
8261
8216
8217
8218
8262
8217
8246
8263
8219
8264
8219
8244
8265
8243
8266
8221
8222
8223
8267
8222
8224
8268
8245
8269
8224
8235
8270
8236
8271
8226
8272
8227
8273
8228
8274
8229
8275
8230
8276
8277
8232
8278
8279
8234
8236
8280
8235
8281
8236
8282
8283
8238
8239
8284
8240
8285
8240
8286
8287
8242
8244
8288
8243
8289
8244
8290
8291
8247
8292
8248
8293
8250
8294
8249
8295
8250
8296
8297
8252
8277
8298
8278
8279
8299
8254
8255
8285
8300
8255
8284
8301
8272
8302
8257
8258
8279
8303
8259
8278
8304
8259
8280
8305
8281
8306
8261
8286
8289
8307
8287
8288
8308
8263
8264
8265
8309
8264
8293
8310
8266
8311
8266
8291
8312
8290
8313
8268
8269
8270
8314
8269
8271
8315
8292
8316
8271
8282
8317
8283
8318
8273
8319
8274
8320
8275
8321
8276
8322
8277
8323
8324
8279
8325
8326
8281
8283
8327
8282
8328
8283
8329
8330
8285
8286
8331
8287
8332
8287
8333
8334
8289
8291
8335
8290
8336
8291
8337
8338
8294
8339
8295
8340
8297
8341
8296
8342
8297
8343
8344
8299
8324
8345
8325
8326
8346
8301
8302
8332
8347
8302
8331
8348
8319
8349
8304
8305
8326
8350
8306
8325
8351
8306
8327
8352
8328
8353
8308
8333
8336
8354
8334
8335
8355
8310
8311
8312
8356
8311
8340
8357
8313
8358
8313
8338
8359
8337
8360
8315
8316
8317
8361
8316
8318
8362
8339
8363
8318
8329
8364
8330
8365
8320
8366
8321
8367
8322
8368
8323
8369
8324
8370
8371
8326
8372
8373
8328
8330
8374
8329
8375
8330
8376
8377
8332
8333
8378
8334
8379
8334
8380
8381
8336
8338
8382
8337
8383
8338
8384
8385
8341
8386
8342
8387
8344
8388
8343
8389
8344
8390
8391
8346
8371
8392
8372
8373
8393
8348
8349
8379
8394
8349
8378
8395
8366
8396
8351
8352
8373
8397
8353
8372
8398
8353
8374
8399
8375
8400
8355
8380
8383
8401
8381
8382
8402
8357
8358
8359
8403
8358
8387
8404
8360
8405
8360
8385
8406
8384
8407
8362
8363
8364
8408
8363
8365
8409
8386
8410
8365
8376
8411
8377
8412
8367
8413
8368
8414
8369
8415
8370
8416
8371
8417
8418
8373
8419
8420
8375
8377
8421
8376
8422
8377
8423
8424
8379
8380
8425
8381
8426
8381
8427
8428
8383
8385
8429
8384
8430
8385
8431
8432
8388
8433
8389
8434
8391
8435
8390
8436
8391
8437
8438
8393
8418
8439
8419
8420
8440
8395
8396
8426
8441
8396
8425
8442
8413
8443
8398
8399
8420
8444
8400
8419
8445
8400
8421
8446
8422
8447
8402
8427
8430
8448
8428
8429
8449
8404
8405
8406
8450
8405
8434
8451
8407
8452
8407
8432
8453
8431
8454
8409
8410
8411
8455
8410
8412
8456
8433
8457
8412
8423
8458
8424
8459
8414
8460
8415
8461
8416
8462
8417
8463
8418
8464
8465
8420
8466
8467
8422
8424
8468
8423
8469
8424
8470
8471
8426
8427
8472
8428
8473
8428
8474
8475
8430
8432
8476
8431
8477
8432
8478
8479
8435
8480
8436
8481
8438
8482
8437
8483
8438
8484
8485
8440
8465
8466
8467
8442
8443
8473
8443
8472
8460
8445
8446
8467
8447
8466
8447
8468
8469
8449
8474
8477
8475
8476
8451
8452
8453
8452
8481
8454
8454
8479
8478
8456
8457
8458
8457
8459
8480
8459
8470
8471
8461
8462
8463
8464
8465
8467
8469
8471
8470
8471
8473
8474
8475
8475
8477
8479
8478
8479
8482
8483
8485
8484
8485
)


// ************************************************************************* //
