/*--------------------------------*- C++ -*----------------------------------*\
  =========                 |
  \\      /  F ield         | OpenFOAM: The Open Source CFD Toolbox
   \\    /   O peration     | Website:  https://openfoam.org
    \\  /    A nd           | Version:  9
     \\/     M anipulation  |
\*---------------------------------------------------------------------------*/
FoamFile
{
    format      ascii;
    class       vectorField;
    location    "constant/polyMesh";
    object      points;
}
// * * * * * * * * * * * * * * * * * * * * * * * * * * * * * * * * * * * * * //


10199
(
(0.0002549783392 0.00148823152 0.00050525)
(0.0003523407382 0.001783738617 0.00050525)
(0.0007066344762 0.001600089729 0.00050525)
(0.0004460517423 0.001266523339 0.00050525)
(0.0002549783392 0.00148823152 0)
(0.0003523407382 0.001783738617 0)
(0.0007066344762 0.001600089729 0)
(0.0004460517423 0.001266523339 0)
(-3.436116456e-05 0.001407350945 0.00050525)
(-4.500044161e-05 0.001797448385 0.00050525)
(-3.436116456e-05 0.001407350945 0)
(-4.500044161e-05 0.001797448385 0)
(9.846795575e-05 0.001053538377 0.00050525)
(9.846795575e-05 0.001053538377 0)
(-0.0002438007367 -0.001492333881 0.00050525)
(-0.0003437086725 -0.001786388073 0.00050525)
(-0.0006982317212 -0.001603104995 0.00050525)
(-0.0004338947939 -0.001271435165 0.00050525)
(-0.0002438007367 -0.001492333881 0)
(-0.0003437086725 -0.001786388073 0)
(-0.0006982317212 -0.001603104995 0)
(-0.0004338947939 -0.001271435165 0)
(4.58617183e-05 -0.001411816228 0.00050525)
(5.278529518e-05 -0.00179973493 0.00050525)
(4.58617183e-05 -0.001411816228 0)
(5.278529518e-05 -0.00179973493 0)
(-8.62642317e-05 -0.001060240977 0.00050525)
(-8.62642317e-05 -0.001060240977 0)
(5.33055598e-06 -7.569654645e-06 0.00050525)
(-0.0001706366213 0.0004238886521 0.00050525)
(0.0002767283986 0.0006712240628 0.00050525)
(0.0004790262607 0.0002546958768 0.00050525)
(5.33055598e-06 -7.569654645e-06 0)
(-0.0001706366213 0.0004238886521 0)
(0.0002767283986 0.0006712240628 0)
(0.0004790262607 0.0002546958768 0)
(0.0006667435843 -0.0001953203733 0.00050525)
(0.0001819169719 -0.0004385810476 0.00050525)
(0.0006667435843 -0.0001953203733 0)
(0.0001819169719 -0.0004385810476 0)
(-0.0003116170191 0.000857307966 0.00050525)
(-0.0003116170191 0.000857307966 0)
(-0.0006563371676 0.0001820636408 0.00050525)
(-0.0007595572546 0.0006642510616 0.00050525)
(-0.0006563371676 0.0001820636408 0)
(-0.0007595572546 0.0006642510616 0)
(-0.0004688864953 -0.0002704509558 0.00050525)
(-0.0004688864953 -0.0002704509558 0)
(-0.0002640368596 -0.0006820804657 0.00050525)
(-0.0002640368596 -0.0006820804657 0)
(0.0003244414692 -0.0008651390589 0.00050525)
(0.0003244414692 -0.0008651390589 0)
(0.0007703372699 -0.0006725549014 0.00050525)
(0.0007703372699 -0.0006725549014 0)
(0.001259378684 0.0001010530989 0.00050525)
(0.001244725547 -0.0005092851124 0.00050525)
(0.001259378684 0.0001010530989 0)
(0.001244725547 -0.0005092851124 0)
(0.0009580369734 0.0005724914038 0.00050525)
(0.0009580369734 0.0005724914038 0)
(0.000686355241 0.0009527389 0.00050525)
(0.000686355241 0.0009527389 0)
(-0.000411913423 0.00127782731 0.00050525)
(-0.000411913423 0.00127782731 0)
(-0.0008252687158 0.001117838539 0.00050525)
(-0.0008252687158 0.001117838539 0)
(-0.001236687262 0.0009697200325 0.00050525)
(-0.001236177091 0.0005019180154 0.00050525)
(-0.001236687262 0.0009697200325 0)
(-0.001236177091 0.0005019180154 0)
(-0.001252999921 -0.0001134184094 0.00050525)
(-0.001252999921 -0.0001134184094 0)
(-0.0009480716608 -0.0005850065929 0.00050525)
(-0.0009480716608 -0.0005850065929 0)
(-0.0006748084747 -0.0009606103531 0.00050525)
(-0.0006748084747 -0.0009606103531 0)
(0.0004222799531 -0.001281366524 0.00050525)
(0.0004222799531 -0.001281366524 0)
(0.0008350443922 -0.001119937838 0.00050525)
(0.0008350443922 -0.001119937838 0)
(0.001243190571 -0.0009705251405 0.00050525)
(0.001243190571 -0.0009705251405 0)
(0.001790848755 -1.042056387e-05 0.00050525)
(0.001718289332 -0.0004775459998 0.00050525)
(0.001790848755 -1.042056387e-05 0)
(0.001718289332 -0.0004775459998 0)
(0.001874758642 0.0003717980187 0.00050525)
(0.001620340809 0.0006206920998 0.00050525)
(0.001874758642 0.0003717980187 0)
(0.001620340809 0.0006206920998 0)
(0.001344907978 0.0009797899987 0.00050525)
(0.001344907978 0.0009797899987 0)
(0.001041334524 0.001319527007 0.00050525)
(0.001041334524 0.001319527007 0)
(-0.0004740520223 0.001718341652 0.00050525)
(-0.0004740520223 0.001718341652 0)
(-0.0008923071438 0.00156068139 0.00050525)
(-0.0008923071438 0.00156068139 0)
(-0.001270071805 0.001372945344 0.00050525)
(-0.001270071805 0.001372945344 0)
(-0.001557665641 0.001231959056 0.00050525)
(-0.001629632925 0.0009097587353 0.00050525)
(-0.001557665641 0.001231959056 0)
(-0.001629632925 0.0009097587353 0)
(-0.001715418137 0.0004721296419 0.00050525)
(-0.001715418137 0.0004721296419 0)
(-0.001787356484 -2.794999909e-06 0.00050525)
(-0.001787356484 -2.794999909e-06 0)
(-0.001867679875 -0.0003780765589 0.00050525)
(-0.001618079194 -0.0006306136485 0.00050525)
(-0.001867679875 -0.0003780765589 0)
(-0.001618079194 -0.0006306136485 0)
(-0.001339815484 -0.0009864499857 0.00050525)
(-0.001339815484 -0.0009864499857 0)
(-0.001033967066 -0.001324198714 0.00050525)
(-0.001033967066 -0.001324198714 0)
(0.0004816833139 -0.001717626918 0.00050525)
(0.0004816833139 -0.001717626918 0)
(0.0009004117588 -0.001557870179 0.00050525)
(0.0009004117588 -0.001557870179 0)
(0.001274416725 -0.001371606765 0.00050525)
(0.001274416725 -0.001371606765 0)
(0.001560032184 -0.001230699977 0.00050525)
(0.001632489972 -0.000910091278 0.00050525)
(0.001560032184 -0.001230699977 0)
(0.001632489972 -0.000910091278 0)
(0.002213086361 0.0005051225201 0.00050525)
(0.00227 0 0.00050525)
(0.002213086361 0.0005051225201 0)
(0.00227 0 0)
(0.00204519933 0.0009849160878 0.00050525)
(0.00204519933 0.0009849160878 0)
(0.001774757465 0.00141532185 0.00050525)
(0.001774757465 0.00141532185 0)
(0.00141532185 0.001774757465 0.00050525)
(0.00141532185 0.001774757465 0)
(0.0009849160878 0.00204519933 0.00050525)
(0.0009849160878 0.00204519933 0)
(0.0005051225201 0.002213086361 0.00050525)
(0.0005051225201 0.002213086361 0)
(1.389974117e-19 0.00227 0.00050525)
(-4.169922351e-19 0.00227 0)
(-0.0005051225201 0.002213086361 0.00050525)
(-0.0005051225201 0.002213086361 0)
(-0.0009849160878 0.00204519933 0.00050525)
(-0.0009849160878 0.00204519933 0)
(-0.00141532185 0.001774757465 0.00050525)
(-0.00141532185 0.001774757465 0)
(-0.001774757465 0.00141532185 0.00050525)
(-0.001774757465 0.00141532185 0)
(-0.00204519933 0.0009849160878 0.00050525)
(-0.00204519933 0.0009849160878 0)
(-0.002213086361 0.0005051225201 0.00050525)
(-0.002213086361 0.0005051225201 0)
(-0.00227 -2.779948234e-19 0.00050525)
(-0.00227 -2.779948234e-19 0)
(-0.002213086361 -0.0005051225201 0.00050525)
(-0.002213086361 -0.0005051225201 0)
(-0.00204519933 -0.0009849160878 0.00050525)
(-0.00204519933 -0.0009849160878 0)
(-0.001774757465 -0.00141532185 0.00050525)
(-0.001774757465 -0.00141532185 0)
(-0.00141532185 -0.001774757465 0.00050525)
(-0.00141532185 -0.001774757465 0)
(-0.0009849160878 -0.00204519933 0.00050525)
(-0.0009849160878 -0.00204519933 0)
(-0.0005051225201 -0.002213086361 0.00050525)
(-0.0005051225201 -0.002213086361 0)
(1.389974117e-19 -0.00227 0.00050525)
(1.389974117e-19 -0.00227 0)
(0.0005051225201 -0.002213086361 0.00050525)
(0.0005051225201 -0.002213086361 0)
(0.0009849160878 -0.00204519933 0.00050525)
(0.0009849160878 -0.00204519933 0)
(0.00141532185 -0.001774757465 0.00050525)
(0.00141532185 -0.001774757465 0)
(0.001774757465 -0.00141532185 0.00050525)
(0.001774757465 -0.00141532185 0)
(0.00204519933 -0.0009849160878 0.00050525)
(0.00204519933 -0.0009849160878 0)
(0.002213086361 -0.0005051225201 0.00050525)
(0.002213086361 -0.0005051225201 0)
(0.0002549783392 0.00148823152 0.0010105)
(0.0003523407382 0.001783738617 0.0010105)
(0.0007066344762 0.001600089729 0.0010105)
(0.0004460517423 0.001266523339 0.0010105)
(-3.436116456e-05 0.001407350945 0.0010105)
(-4.500044161e-05 0.001797448385 0.0010105)
(9.846795575e-05 0.001053538377 0.0010105)
(-0.0002438007367 -0.001492333881 0.0010105)
(-0.0003437086725 -0.001786388073 0.0010105)
(-0.0006982317212 -0.001603104995 0.0010105)
(-0.0004338947939 -0.001271435165 0.0010105)
(4.58617183e-05 -0.001411816228 0.0010105)
(5.278529518e-05 -0.00179973493 0.0010105)
(-8.62642317e-05 -0.001060240977 0.0010105)
(5.33055598e-06 -7.569654645e-06 0.0010105)
(-0.0001706366213 0.0004238886521 0.0010105)
(0.0002767283986 0.0006712240628 0.0010105)
(0.0004790262607 0.0002546958768 0.0010105)
(0.0006667435843 -0.0001953203733 0.0010105)
(0.0001819169719 -0.0004385810476 0.0010105)
(-0.0003116170191 0.000857307966 0.0010105)
(-0.0006563371676 0.0001820636408 0.0010105)
(-0.0007595572546 0.0006642510616 0.0010105)
(-0.0004688864953 -0.0002704509558 0.0010105)
(-0.0002640368596 -0.0006820804657 0.0010105)
(0.0003244414692 -0.0008651390589 0.0010105)
(0.0007703372699 -0.0006725549014 0.0010105)
(0.001259378684 0.0001010530989 0.0010105)
(0.001244725547 -0.0005092851124 0.0010105)
(0.0009580369734 0.0005724914038 0.0010105)
(0.000686355241 0.0009527389 0.0010105)
(-0.000411913423 0.00127782731 0.0010105)
(-0.0008252687158 0.001117838539 0.0010105)
(-0.001236687262 0.0009697200325 0.0010105)
(-0.001236177091 0.0005019180154 0.0010105)
(-0.001252999921 -0.0001134184094 0.0010105)
(-0.0009480716608 -0.0005850065929 0.0010105)
(-0.0006748084747 -0.0009606103531 0.0010105)
(0.0004222799531 -0.001281366524 0.0010105)
(0.0008350443922 -0.001119937838 0.0010105)
(0.001243190571 -0.0009705251405 0.0010105)
(0.001790848755 -1.042056387e-05 0.0010105)
(0.001718289332 -0.0004775459998 0.0010105)
(0.001874758642 0.0003717980187 0.0010105)
(0.001620340809 0.0006206920998 0.0010105)
(0.001344907978 0.0009797899987 0.0010105)
(0.001041334524 0.001319527007 0.0010105)
(-0.0004740520223 0.001718341652 0.0010105)
(-0.0008923071438 0.00156068139 0.0010105)
(-0.001270071805 0.001372945344 0.0010105)
(-0.001557665641 0.001231959056 0.0010105)
(-0.001629632925 0.0009097587353 0.0010105)
(-0.001715418137 0.0004721296419 0.0010105)
(-0.001787356484 -2.794999909e-06 0.0010105)
(-0.001867679875 -0.0003780765589 0.0010105)
(-0.001618079194 -0.0006306136485 0.0010105)
(-0.001339815484 -0.0009864499857 0.0010105)
(-0.001033967066 -0.001324198714 0.0010105)
(0.0004816833139 -0.001717626918 0.0010105)
(0.0009004117588 -0.001557870179 0.0010105)
(0.001274416725 -0.001371606765 0.0010105)
(0.001560032184 -0.001230699977 0.0010105)
(0.001632489972 -0.000910091278 0.0010105)
(0.002213086361 0.0005051225201 0.0010105)
(0.00227 0 0.0010105)
(0.00204519933 0.0009849160878 0.0010105)
(0.001774757465 0.00141532185 0.0010105)
(0.00141532185 0.001774757465 0.0010105)
(0.0009849160878 0.00204519933 0.0010105)
(0.0005051225201 0.002213086361 0.0010105)
(1.389974117e-19 0.00227 0.0010105)
(-0.0005051225201 0.002213086361 0.0010105)
(-0.0009849160878 0.00204519933 0.0010105)
(-0.00141532185 0.001774757465 0.0010105)
(-0.001774757465 0.00141532185 0.0010105)
(-0.00204519933 0.0009849160878 0.0010105)
(-0.002213086361 0.0005051225201 0.0010105)
(-0.00227 -2.779948234e-19 0.0010105)
(-0.002213086361 -0.0005051225201 0.0010105)
(-0.00204519933 -0.0009849160878 0.0010105)
(-0.001774757465 -0.00141532185 0.0010105)
(-0.00141532185 -0.001774757465 0.0010105)
(-0.0009849160878 -0.00204519933 0.0010105)
(-0.0005051225201 -0.002213086361 0.0010105)
(1.389974117e-19 -0.00227 0.0010105)
(0.0005051225201 -0.002213086361 0.0010105)
(0.0009849160878 -0.00204519933 0.0010105)
(0.00141532185 -0.001774757465 0.0010105)
(0.001774757465 -0.00141532185 0.0010105)
(0.00204519933 -0.0009849160878 0.0010105)
(0.002213086361 -0.0005051225201 0.0010105)
(0.0002549783392 0.00148823152 0.00151575)
(0.0003523407382 0.001783738617 0.00151575)
(0.0007066344762 0.001600089729 0.00151575)
(0.0004460517423 0.001266523339 0.00151575)
(-3.436116456e-05 0.001407350945 0.00151575)
(-4.500044161e-05 0.001797448385 0.00151575)
(9.846795575e-05 0.001053538377 0.00151575)
(-0.0002438007367 -0.001492333881 0.00151575)
(-0.0003437086725 -0.001786388073 0.00151575)
(-0.0006982317212 -0.001603104995 0.00151575)
(-0.0004338947939 -0.001271435165 0.00151575)
(4.58617183e-05 -0.001411816228 0.00151575)
(5.278529518e-05 -0.00179973493 0.00151575)
(-8.62642317e-05 -0.001060240977 0.00151575)
(5.33055598e-06 -7.569654645e-06 0.00151575)
(-0.0001706366213 0.0004238886521 0.00151575)
(0.0002767283986 0.0006712240628 0.00151575)
(0.0004790262607 0.0002546958768 0.00151575)
(0.0006667435843 -0.0001953203733 0.00151575)
(0.0001819169719 -0.0004385810476 0.00151575)
(-0.0003116170191 0.000857307966 0.00151575)
(-0.0006563371676 0.0001820636408 0.00151575)
(-0.0007595572546 0.0006642510616 0.00151575)
(-0.0004688864953 -0.0002704509558 0.00151575)
(-0.0002640368596 -0.0006820804657 0.00151575)
(0.0003244414692 -0.0008651390589 0.00151575)
(0.0007703372699 -0.0006725549014 0.00151575)
(0.001259378684 0.0001010530989 0.00151575)
(0.001244725547 -0.0005092851124 0.00151575)
(0.0009580369734 0.0005724914038 0.00151575)
(0.000686355241 0.0009527389 0.00151575)
(-0.000411913423 0.00127782731 0.00151575)
(-0.0008252687158 0.001117838539 0.00151575)
(-0.001236687262 0.0009697200325 0.00151575)
(-0.001236177091 0.0005019180154 0.00151575)
(-0.001252999921 -0.0001134184094 0.00151575)
(-0.0009480716608 -0.0005850065929 0.00151575)
(-0.0006748084747 -0.0009606103531 0.00151575)
(0.0004222799531 -0.001281366524 0.00151575)
(0.0008350443922 -0.001119937838 0.00151575)
(0.001243190571 -0.0009705251405 0.00151575)
(0.001790848755 -1.042056387e-05 0.00151575)
(0.001718289332 -0.0004775459998 0.00151575)
(0.001874758642 0.0003717980187 0.00151575)
(0.001620340809 0.0006206920998 0.00151575)
(0.001344907978 0.0009797899987 0.00151575)
(0.001041334524 0.001319527007 0.00151575)
(-0.0004740520223 0.001718341652 0.00151575)
(-0.0008923071438 0.00156068139 0.00151575)
(-0.001270071805 0.001372945344 0.00151575)
(-0.001557665641 0.001231959056 0.00151575)
(-0.001629632925 0.0009097587353 0.00151575)
(-0.001715418137 0.0004721296419 0.00151575)
(-0.001787356484 -2.794999909e-06 0.00151575)
(-0.001867679875 -0.0003780765589 0.00151575)
(-0.001618079194 -0.0006306136485 0.00151575)
(-0.001339815484 -0.0009864499857 0.00151575)
(-0.001033967066 -0.001324198714 0.00151575)
(0.0004816833139 -0.001717626918 0.00151575)
(0.0009004117588 -0.001557870179 0.00151575)
(0.001274416725 -0.001371606765 0.00151575)
(0.001560032184 -0.001230699977 0.00151575)
(0.001632489972 -0.000910091278 0.00151575)
(0.002213086361 0.0005051225201 0.00151575)
(0.00227 6.300515665e-19 0.00151575)
(0.00204519933 0.0009849160878 0.00151575)
(0.001774757465 0.00141532185 0.00151575)
(0.00141532185 0.001774757465 0.00151575)
(0.0009849160878 0.00204519933 0.00151575)
(0.0005051225201 0.002213086361 0.00151575)
(-3.650438415e-19 0.00227 0.00151575)
(-0.0005051225201 0.002213086361 0.00151575)
(-0.0009849160878 0.00204519933 0.00151575)
(-0.00141532185 0.001774757465 0.00151575)
(-0.001774757465 0.00141532185 0.00151575)
(-0.00204519933 0.0009849160878 0.00151575)
(-0.002213086361 0.0005051225201 0.00151575)
(-0.00227 -2.779948234e-19 0.00151575)
(-0.002213086361 -0.0005051225201 0.00151575)
(-0.00204519933 -0.0009849160878 0.00151575)
(-0.001774757465 -0.00141532185 0.00151575)
(-0.00141532185 -0.001774757465 0.00151575)
(-0.0009849160878 -0.00204519933 0.00151575)
(-0.0005051225201 -0.002213086361 0.00151575)
(-3.650438415e-19 -0.00227 0.00151575)
(0.0005051225201 -0.002213086361 0.00151575)
(0.0009849160878 -0.00204519933 0.00151575)
(0.00141532185 -0.001774757465 0.00151575)
(0.001774757465 -0.00141532185 0.00151575)
(0.00204519933 -0.0009849160878 0.00151575)
(0.002213086361 -0.0005051225201 0.00151575)
(0.0002549783392 0.00148823152 0.002021)
(0.0003523407382 0.001783738617 0.002021)
(0.0007066344762 0.001600089729 0.002021)
(0.0004460517423 0.001266523339 0.002021)
(-3.436116456e-05 0.001407350945 0.002021)
(-4.500044161e-05 0.001797448385 0.002021)
(9.846795575e-05 0.001053538377 0.002021)
(-0.0002438007367 -0.001492333881 0.002021)
(-0.0003437086725 -0.001786388073 0.002021)
(-0.0006982317212 -0.001603104995 0.002021)
(-0.0004338947939 -0.001271435165 0.002021)
(4.58617183e-05 -0.001411816228 0.002021)
(5.278529518e-05 -0.00179973493 0.002021)
(-8.62642317e-05 -0.001060240977 0.002021)
(5.33055598e-06 -7.569654645e-06 0.002021)
(-0.0001706366213 0.0004238886521 0.002021)
(0.0002767283986 0.0006712240628 0.002021)
(0.0004790262607 0.0002546958768 0.002021)
(0.0006667435843 -0.0001953203733 0.002021)
(0.0001819169719 -0.0004385810476 0.002021)
(-0.0003116170191 0.000857307966 0.002021)
(-0.0006563371676 0.0001820636408 0.002021)
(-0.0007595572546 0.0006642510616 0.002021)
(-0.0004688864953 -0.0002704509558 0.002021)
(-0.0002640368596 -0.0006820804657 0.002021)
(0.0003244414692 -0.0008651390589 0.002021)
(0.0007703372699 -0.0006725549014 0.002021)
(0.001259378684 0.0001010530989 0.002021)
(0.001244725547 -0.0005092851124 0.002021)
(0.0009580369734 0.0005724914038 0.002021)
(0.000686355241 0.0009527389 0.002021)
(-0.000411913423 0.00127782731 0.002021)
(-0.0008252687158 0.001117838539 0.002021)
(-0.001236687262 0.0009697200325 0.002021)
(-0.001236177091 0.0005019180154 0.002021)
(-0.001252999921 -0.0001134184094 0.002021)
(-0.0009480716608 -0.0005850065929 0.002021)
(-0.0006748084747 -0.0009606103531 0.002021)
(0.0004222799531 -0.001281366524 0.002021)
(0.0008350443922 -0.001119937838 0.002021)
(0.001243190571 -0.0009705251405 0.002021)
(0.001790848755 -1.042056387e-05 0.002021)
(0.001718289332 -0.0004775459998 0.002021)
(0.001874758642 0.0003717980187 0.002021)
(0.001620340809 0.0006206920998 0.002021)
(0.001344907978 0.0009797899987 0.002021)
(0.001041334524 0.001319527007 0.002021)
(-0.0004740520223 0.001718341652 0.002021)
(-0.0008923071438 0.00156068139 0.002021)
(-0.001270071805 0.001372945344 0.002021)
(-0.001557665641 0.001231959056 0.002021)
(-0.001629632925 0.0009097587353 0.002021)
(-0.001715418137 0.0004721296419 0.002021)
(-0.001787356484 -2.794999909e-06 0.002021)
(-0.001867679875 -0.0003780765589 0.002021)
(-0.001618079194 -0.0006306136485 0.002021)
(-0.001339815484 -0.0009864499857 0.002021)
(-0.001033967066 -0.001324198714 0.002021)
(0.0004816833139 -0.001717626918 0.002021)
(0.0009004117588 -0.001557870179 0.002021)
(0.001274416725 -0.001371606765 0.002021)
(0.001560032184 -0.001230699977 0.002021)
(0.001632489972 -0.000910091278 0.002021)
(0.002213086361 0.0005051225201 0.002021)
(0.00227 0 0.002021)
(0.00204519933 0.0009849160878 0.002021)
(0.001774757465 0.00141532185 0.002021)
(0.00141532185 0.001774757465 0.002021)
(0.0009849160878 0.00204519933 0.002021)
(0.0005051225201 0.002213086361 0.002021)
(1.389974117e-19 0.00227 0.002021)
(-0.0005051225201 0.002213086361 0.002021)
(-0.0009849160878 0.00204519933 0.002021)
(-0.00141532185 0.001774757465 0.002021)
(-0.001774757465 0.00141532185 0.002021)
(-0.00204519933 0.0009849160878 0.002021)
(-0.002213086361 0.0005051225201 0.002021)
(-0.00227 -2.779948234e-19 0.002021)
(-0.002213086361 -0.0005051225201 0.002021)
(-0.00204519933 -0.0009849160878 0.002021)
(-0.001774757465 -0.00141532185 0.002021)
(-0.00141532185 -0.001774757465 0.002021)
(-0.0009849160878 -0.00204519933 0.002021)
(-0.0005051225201 -0.002213086361 0.002021)
(1.389974117e-19 -0.00227 0.002021)
(0.0005051225201 -0.002213086361 0.002021)
(0.0009849160878 -0.00204519933 0.002021)
(0.00141532185 -0.001774757465 0.002021)
(0.001774757465 -0.00141532185 0.002021)
(0.00204519933 -0.0009849160878 0.002021)
(0.002213086361 -0.0005051225201 0.002021)
(0.0002549783392 0.00148823152 0.002535285714)
(0.0003523407382 0.001783738617 0.002535285714)
(0.0007066344762 0.001600089729 0.002535285714)
(0.0004460517423 0.001266523339 0.002535285714)
(-3.436116456e-05 0.001407350945 0.002535285714)
(-4.500044161e-05 0.001797448385 0.002535285714)
(9.846795575e-05 0.001053538377 0.002535285714)
(-0.0002438007367 -0.001492333881 0.002535285714)
(-0.0003437086725 -0.001786388073 0.002535285714)
(-0.0006982317212 -0.001603104995 0.002535285714)
(-0.0004338947939 -0.001271435165 0.002535285714)
(4.58617183e-05 -0.001411816228 0.002535285714)
(5.278529518e-05 -0.00179973493 0.002535285714)
(-8.62642317e-05 -0.001060240977 0.002535285714)
(5.33055598e-06 -7.569654645e-06 0.002535285714)
(-0.0001706366213 0.0004238886521 0.002535285714)
(0.0002767283986 0.0006712240628 0.002535285714)
(0.0004790262607 0.0002546958768 0.002535285714)
(0.0006667435843 -0.0001953203733 0.002535285714)
(0.0001819169719 -0.0004385810476 0.002535285714)
(-0.0003116170191 0.000857307966 0.002535285714)
(-0.0006563371676 0.0001820636408 0.002535285714)
(-0.0007595572546 0.0006642510616 0.002535285714)
(-0.0004688864953 -0.0002704509558 0.002535285714)
(-0.0002640368596 -0.0006820804657 0.002535285714)
(0.0003244414692 -0.0008651390589 0.002535285714)
(0.0007703372699 -0.0006725549014 0.002535285714)
(0.001259378684 0.0001010530989 0.002535285714)
(0.001244725547 -0.0005092851124 0.002535285714)
(0.0009580369734 0.0005724914038 0.002535285714)
(0.000686355241 0.0009527389 0.002535285714)
(-0.000411913423 0.00127782731 0.002535285714)
(-0.0008252687158 0.001117838539 0.002535285714)
(-0.001236687262 0.0009697200325 0.002535285714)
(-0.001236177091 0.0005019180154 0.002535285714)
(-0.001252999921 -0.0001134184094 0.002535285714)
(-0.0009480716608 -0.0005850065929 0.002535285714)
(-0.0006748084747 -0.0009606103531 0.002535285714)
(0.0004222799531 -0.001281366524 0.002535285714)
(0.0008350443922 -0.001119937838 0.002535285714)
(0.001243190571 -0.0009705251405 0.002535285714)
(0.001790848755 -1.042056387e-05 0.002535285714)
(0.001718289332 -0.0004775459998 0.002535285714)
(0.001874758642 0.0003717980187 0.002535285714)
(0.001620340809 0.0006206920998 0.002535285714)
(0.001344907978 0.0009797899987 0.002535285714)
(0.001041334524 0.001319527007 0.002535285714)
(-0.0004740520223 0.001718341652 0.002535285714)
(-0.0008923071438 0.00156068139 0.002535285714)
(-0.001270071805 0.001372945344 0.002535285714)
(-0.001557665641 0.001231959056 0.002535285714)
(-0.001629632925 0.0009097587353 0.002535285714)
(-0.001715418137 0.0004721296419 0.002535285714)
(-0.001787356484 -2.794999909e-06 0.002535285714)
(-0.001867679875 -0.0003780765589 0.002535285714)
(-0.001618079194 -0.0006306136485 0.002535285714)
(-0.001339815484 -0.0009864499857 0.002535285714)
(-0.001033967066 -0.001324198714 0.002535285714)
(0.0004816833139 -0.001717626918 0.002535285714)
(0.0009004117588 -0.001557870179 0.002535285714)
(0.001274416725 -0.001371606765 0.002535285714)
(0.001560032184 -0.001230699977 0.002535285714)
(0.001632489972 -0.000910091278 0.002535285714)
(0.002213086361 0.0005051225201 0.002535285714)
(0.00227 -2.016165013e-18 0.002535285714)
(0.00204519933 0.0009849160878 0.002535285714)
(0.001774757465 0.00141532185 0.002535285714)
(0.00141532185 0.001774757465 0.002535285714)
(0.0009849160878 0.00204519933 0.002535285714)
(0.0005051225201 0.002213086361 0.002535285714)
(-3.893332614e-18 0.00227 0.002535285714)
(-0.0005051225201 0.002213086361 0.002535285714)
(-0.0009849160878 0.00204519933 0.002535285714)
(-0.00141532185 0.001774757465 0.002535285714)
(-0.001774757465 0.00141532185 0.002535285714)
(-0.00204519933 0.0009849160878 0.002535285714)
(-0.002213086361 0.0005051225201 0.002535285714)
(-0.00227 -4.930380658e-35 0.002535285714)
(-0.002213086361 -0.0005051225201 0.002535285714)
(-0.00204519933 -0.0009849160878 0.002535285714)
(-0.001774757465 -0.00141532185 0.002535285714)
(-0.00141532185 -0.001774757465 0.002535285714)
(-0.0009849160878 -0.00204519933 0.002535285714)
(-0.0005051225201 -0.002213086361 0.002535285714)
(-3.893332614e-18 -0.00227 0.002535285714)
(0.0005051225201 -0.002213086361 0.002535285714)
(0.0009849160878 -0.00204519933 0.002535285714)
(0.00141532185 -0.001774757465 0.002535285714)
(0.001774757465 -0.00141532185 0.002535285714)
(0.00204519933 -0.0009849160878 0.002535285714)
(0.002213086361 -0.0005051225201 0.002535285714)
(0.0002549783392 0.00148823152 0.003049571429)
(0.0003523407382 0.001783738617 0.003049571429)
(0.0007066344762 0.001600089729 0.003049571429)
(0.0004460517423 0.001266523339 0.003049571429)
(-3.436116456e-05 0.001407350945 0.003049571429)
(-4.500044161e-05 0.001797448385 0.003049571429)
(9.846795575e-05 0.001053538377 0.003049571429)
(-0.0002438007367 -0.001492333881 0.003049571429)
(-0.0003437086725 -0.001786388073 0.003049571429)
(-0.0006982317212 -0.001603104995 0.003049571429)
(-0.0004338947939 -0.001271435165 0.003049571429)
(4.58617183e-05 -0.001411816228 0.003049571429)
(5.278529518e-05 -0.00179973493 0.003049571429)
(-8.62642317e-05 -0.001060240977 0.003049571429)
(5.33055598e-06 -7.569654645e-06 0.003049571429)
(-0.0001706366213 0.0004238886521 0.003049571429)
(0.0002767283986 0.0006712240628 0.003049571429)
(0.0004790262607 0.0002546958768 0.003049571429)
(0.0006667435843 -0.0001953203733 0.003049571429)
(0.0001819169719 -0.0004385810476 0.003049571429)
(-0.0003116170191 0.000857307966 0.003049571429)
(-0.0006563371676 0.0001820636408 0.003049571429)
(-0.0007595572546 0.0006642510616 0.003049571429)
(-0.0004688864953 -0.0002704509558 0.003049571429)
(-0.0002640368596 -0.0006820804657 0.003049571429)
(0.0003244414692 -0.0008651390589 0.003049571429)
(0.0007703372699 -0.0006725549014 0.003049571429)
(0.001259378684 0.0001010530989 0.003049571429)
(0.001244725547 -0.0005092851124 0.003049571429)
(0.0009580369734 0.0005724914038 0.003049571429)
(0.000686355241 0.0009527389 0.003049571429)
(-0.000411913423 0.00127782731 0.003049571429)
(-0.0008252687158 0.001117838539 0.003049571429)
(-0.001236687262 0.0009697200325 0.003049571429)
(-0.001236177091 0.0005019180154 0.003049571429)
(-0.001252999921 -0.0001134184094 0.003049571429)
(-0.0009480716608 -0.0005850065929 0.003049571429)
(-0.0006748084747 -0.0009606103531 0.003049571429)
(0.0004222799531 -0.001281366524 0.003049571429)
(0.0008350443922 -0.001119937838 0.003049571429)
(0.001243190571 -0.0009705251405 0.003049571429)
(0.001790848755 -1.042056387e-05 0.003049571429)
(0.001718289332 -0.0004775459998 0.003049571429)
(0.001874758642 0.0003717980187 0.003049571429)
(0.001620340809 0.0006206920998 0.003049571429)
(0.001344907978 0.0009797899987 0.003049571429)
(0.001041334524 0.001319527007 0.003049571429)
(-0.0004740520223 0.001718341652 0.003049571429)
(-0.0008923071438 0.00156068139 0.003049571429)
(-0.001270071805 0.001372945344 0.003049571429)
(-0.001557665641 0.001231959056 0.003049571429)
(-0.001629632925 0.0009097587353 0.003049571429)
(-0.001715418137 0.0004721296419 0.003049571429)
(-0.001787356484 -2.794999909e-06 0.003049571429)
(-0.001867679875 -0.0003780765589 0.003049571429)
(-0.001618079194 -0.0006306136485 0.003049571429)
(-0.001339815484 -0.0009864499857 0.003049571429)
(-0.001033967066 -0.001324198714 0.003049571429)
(0.0004816833139 -0.001717626918 0.003049571429)
(0.0009004117588 -0.001557870179 0.003049571429)
(0.001274416725 -0.001371606765 0.003049571429)
(0.001560032184 -0.001230699977 0.003049571429)
(0.001632489972 -0.000910091278 0.003049571429)
(0.002213086361 0.0005051225201 0.003049571429)
(0.00227 0 0.003049571429)
(0.00204519933 0.0009849160878 0.003049571429)
(0.001774757465 0.00141532185 0.003049571429)
(0.00141532185 0.001774757465 0.003049571429)
(0.0009849160878 0.00204519933 0.003049571429)
(0.0005051225201 0.002213086361 0.003049571429)
(-3.893332614e-18 0.00227 0.003049571429)
(-0.0005051225201 0.002213086361 0.003049571429)
(-0.0009849160878 0.00204519933 0.003049571429)
(-0.00141532185 0.001774757465 0.003049571429)
(-0.001774757465 0.00141532185 0.003049571429)
(-0.00204519933 0.0009849160878 0.003049571429)
(-0.002213086361 0.0005051225201 0.003049571429)
(-0.00227 -4.930380658e-35 0.003049571429)
(-0.002213086361 -0.0005051225201 0.003049571429)
(-0.00204519933 -0.0009849160878 0.003049571429)
(-0.001774757465 -0.00141532185 0.003049571429)
(-0.00141532185 -0.001774757465 0.003049571429)
(-0.0009849160878 -0.00204519933 0.003049571429)
(-0.0005051225201 -0.002213086361 0.003049571429)
(-1.877167601e-18 -0.00227 0.003049571429)
(0.0005051225201 -0.002213086361 0.003049571429)
(0.0009849160878 -0.00204519933 0.003049571429)
(0.00141532185 -0.001774757465 0.003049571429)
(0.001774757465 -0.00141532185 0.003049571429)
(0.00204519933 -0.0009849160878 0.003049571429)
(0.002213086361 -0.0005051225201 0.003049571429)
(0.0002549783392 0.00148823152 0.003563857143)
(0.0003523407382 0.001783738617 0.003563857143)
(0.0007066344762 0.001600089729 0.003563857143)
(0.0004460517423 0.001266523339 0.003563857143)
(-3.436116456e-05 0.001407350945 0.003563857143)
(-4.500044161e-05 0.001797448385 0.003563857143)
(9.846795575e-05 0.001053538377 0.003563857143)
(-0.0002438007367 -0.001492333881 0.003563857143)
(-0.0003437086725 -0.001786388073 0.003563857143)
(-0.0006982317212 -0.001603104995 0.003563857143)
(-0.0004338947939 -0.001271435165 0.003563857143)
(4.58617183e-05 -0.001411816228 0.003563857143)
(5.278529518e-05 -0.00179973493 0.003563857143)
(-8.62642317e-05 -0.001060240977 0.003563857143)
(5.33055598e-06 -7.569654645e-06 0.003563857143)
(-0.0001706366213 0.0004238886521 0.003563857143)
(0.0002767283986 0.0006712240628 0.003563857143)
(0.0004790262607 0.0002546958768 0.003563857143)
(0.0006667435843 -0.0001953203733 0.003563857143)
(0.0001819169719 -0.0004385810476 0.003563857143)
(-0.0003116170191 0.000857307966 0.003563857143)
(-0.0006563371676 0.0001820636408 0.003563857143)
(-0.0007595572546 0.0006642510616 0.003563857143)
(-0.0004688864953 -0.0002704509558 0.003563857143)
(-0.0002640368596 -0.0006820804657 0.003563857143)
(0.0003244414692 -0.0008651390589 0.003563857143)
(0.0007703372699 -0.0006725549014 0.003563857143)
(0.001259378684 0.0001010530989 0.003563857143)
(0.001244725547 -0.0005092851124 0.003563857143)
(0.0009580369734 0.0005724914038 0.003563857143)
(0.000686355241 0.0009527389 0.003563857143)
(-0.000411913423 0.00127782731 0.003563857143)
(-0.0008252687158 0.001117838539 0.003563857143)
(-0.001236687262 0.0009697200325 0.003563857143)
(-0.001236177091 0.0005019180154 0.003563857143)
(-0.001252999921 -0.0001134184094 0.003563857143)
(-0.0009480716608 -0.0005850065929 0.003563857143)
(-0.0006748084747 -0.0009606103531 0.003563857143)
(0.0004222799531 -0.001281366524 0.003563857143)
(0.0008350443922 -0.001119937838 0.003563857143)
(0.001243190571 -0.0009705251405 0.003563857143)
(0.001790848755 -1.042056387e-05 0.003563857143)
(0.001718289332 -0.0004775459998 0.003563857143)
(0.001874758642 0.0003717980187 0.003563857143)
(0.001620340809 0.0006206920998 0.003563857143)
(0.001344907978 0.0009797899987 0.003563857143)
(0.001041334524 0.001319527007 0.003563857143)
(-0.0004740520223 0.001718341652 0.003563857143)
(-0.0008923071438 0.00156068139 0.003563857143)
(-0.001270071805 0.001372945344 0.003563857143)
(-0.001557665641 0.001231959056 0.003563857143)
(-0.001629632925 0.0009097587353 0.003563857143)
(-0.001715418137 0.0004721296419 0.003563857143)
(-0.001787356484 -2.794999909e-06 0.003563857143)
(-0.001867679875 -0.0003780765589 0.003563857143)
(-0.001618079194 -0.0006306136485 0.003563857143)
(-0.001339815484 -0.0009864499857 0.003563857143)
(-0.001033967066 -0.001324198714 0.003563857143)
(0.0004816833139 -0.001717626918 0.003563857143)
(0.0009004117588 -0.001557870179 0.003563857143)
(0.001274416725 -0.001371606765 0.003563857143)
(0.001560032184 -0.001230699977 0.003563857143)
(0.001632489972 -0.000910091278 0.003563857143)
(0.002213086361 0.0005051225201 0.003563857143)
(0.00227 0 0.003563857143)
(0.00204519933 0.0009849160878 0.003563857143)
(0.001774757465 0.00141532185 0.003563857143)
(0.00141532185 0.001774757465 0.003563857143)
(0.0009849160878 0.00204519933 0.003563857143)
(0.0005051225201 0.002213086361 0.003563857143)
(4.171327437e-18 0.00227 0.003563857143)
(-0.0005051225201 0.002213086361 0.003563857143)
(-0.0009849160878 0.00204519933 0.003563857143)
(-0.00141532185 0.001774757465 0.003563857143)
(-0.001774757465 0.00141532185 0.003563857143)
(-0.00204519933 0.0009849160878 0.003563857143)
(-0.002213086361 0.0005051225201 0.003563857143)
(-0.00227 -4.930380658e-35 0.003563857143)
(-0.002213086361 -0.0005051225201 0.003563857143)
(-0.00204519933 -0.0009849160878 0.003563857143)
(-0.001774757465 -0.00141532185 0.003563857143)
(-0.00141532185 -0.001774757465 0.003563857143)
(-0.0009849160878 -0.00204519933 0.003563857143)
(-0.0005051225201 -0.002213086361 0.003563857143)
(2.155162424e-18 -0.00227 0.003563857143)
(0.0005051225201 -0.002213086361 0.003563857143)
(0.0009849160878 -0.00204519933 0.003563857143)
(0.00141532185 -0.001774757465 0.003563857143)
(0.001774757465 -0.00141532185 0.003563857143)
(0.00204519933 -0.0009849160878 0.003563857143)
(0.002213086361 -0.0005051225201 0.003563857143)
(0.0002549783392 0.00148823152 0.004078142857)
(0.0003523407382 0.001783738617 0.004078142857)
(0.0007066344762 0.001600089729 0.004078142857)
(0.0004460517423 0.001266523339 0.004078142857)
(-3.436116456e-05 0.001407350945 0.004078142857)
(-4.500044161e-05 0.001797448385 0.004078142857)
(9.846795575e-05 0.001053538377 0.004078142857)
(-0.0002438007367 -0.001492333881 0.004078142857)
(-0.0003437086725 -0.001786388073 0.004078142857)
(-0.0006982317212 -0.001603104995 0.004078142857)
(-0.0004338947939 -0.001271435165 0.004078142857)
(4.58617183e-05 -0.001411816228 0.004078142857)
(5.278529518e-05 -0.00179973493 0.004078142857)
(-8.62642317e-05 -0.001060240977 0.004078142857)
(5.33055598e-06 -7.569654645e-06 0.004078142857)
(-0.0001706366213 0.0004238886521 0.004078142857)
(0.0002767283986 0.0006712240628 0.004078142857)
(0.0004790262607 0.0002546958768 0.004078142857)
(0.0006667435843 -0.0001953203733 0.004078142857)
(0.0001819169719 -0.0004385810476 0.004078142857)
(-0.0003116170191 0.000857307966 0.004078142857)
(-0.0006563371676 0.0001820636408 0.004078142857)
(-0.0007595572546 0.0006642510616 0.004078142857)
(-0.0004688864953 -0.0002704509558 0.004078142857)
(-0.0002640368596 -0.0006820804657 0.004078142857)
(0.0003244414692 -0.0008651390589 0.004078142857)
(0.0007703372699 -0.0006725549014 0.004078142857)
(0.001259378684 0.0001010530989 0.004078142857)
(0.001244725547 -0.0005092851124 0.004078142857)
(0.0009580369734 0.0005724914038 0.004078142857)
(0.000686355241 0.0009527389 0.004078142857)
(-0.000411913423 0.00127782731 0.004078142857)
(-0.0008252687158 0.001117838539 0.004078142857)
(-0.001236687262 0.0009697200325 0.004078142857)
(-0.001236177091 0.0005019180154 0.004078142857)
(-0.001252999921 -0.0001134184094 0.004078142857)
(-0.0009480716608 -0.0005850065929 0.004078142857)
(-0.0006748084747 -0.0009606103531 0.004078142857)
(0.0004222799531 -0.001281366524 0.004078142857)
(0.0008350443922 -0.001119937838 0.004078142857)
(0.001243190571 -0.0009705251405 0.004078142857)
(0.001790848755 -1.042056387e-05 0.004078142857)
(0.001718289332 -0.0004775459998 0.004078142857)
(0.001874758642 0.0003717980187 0.004078142857)
(0.001620340809 0.0006206920998 0.004078142857)
(0.001344907978 0.0009797899987 0.004078142857)
(0.001041334524 0.001319527007 0.004078142857)
(-0.0004740520223 0.001718341652 0.004078142857)
(-0.0008923071438 0.00156068139 0.004078142857)
(-0.001270071805 0.001372945344 0.004078142857)
(-0.001557665641 0.001231959056 0.004078142857)
(-0.001629632925 0.0009097587353 0.004078142857)
(-0.001715418137 0.0004721296419 0.004078142857)
(-0.001787356484 -2.794999909e-06 0.004078142857)
(-0.001867679875 -0.0003780765589 0.004078142857)
(-0.001618079194 -0.0006306136485 0.004078142857)
(-0.001339815484 -0.0009864499857 0.004078142857)
(-0.001033967066 -0.001324198714 0.004078142857)
(0.0004816833139 -0.001717626918 0.004078142857)
(0.0009004117588 -0.001557870179 0.004078142857)
(0.001274416725 -0.001371606765 0.004078142857)
(0.001560032184 -0.001230699977 0.004078142857)
(0.001632489972 -0.000910091278 0.004078142857)
(0.002213086361 0.0005051225201 0.004078142857)
(0.00227 0 0.004078142857)
(0.00204519933 0.0009849160878 0.004078142857)
(0.001774757465 0.00141532185 0.004078142857)
(0.00141532185 0.001774757465 0.004078142857)
(0.0009849160878 0.00204519933 0.004078142857)
(0.0005051225201 0.002213086361 0.004078142857)
(2.155162424e-18 0.00227 0.004078142857)
(-0.0005051225201 0.002213086361 0.004078142857)
(-0.0009849160878 0.00204519933 0.004078142857)
(-0.00141532185 0.001774757465 0.004078142857)
(-0.001774757465 0.00141532185 0.004078142857)
(-0.00204519933 0.0009849160878 0.004078142857)
(-0.002213086361 0.0005051225201 0.004078142857)
(-0.00227 -4.930380658e-35 0.004078142857)
(-0.002213086361 -0.0005051225201 0.004078142857)
(-0.00204519933 -0.0009849160878 0.004078142857)
(-0.001774757465 -0.00141532185 0.004078142857)
(-0.00141532185 -0.001774757465 0.004078142857)
(-0.0009849160878 -0.00204519933 0.004078142857)
(-0.0005051225201 -0.002213086361 0.004078142857)
(-1.877167601e-18 -0.00227 0.004078142857)
(0.0005051225201 -0.002213086361 0.004078142857)
(0.0009849160878 -0.00204519933 0.004078142857)
(0.00141532185 -0.001774757465 0.004078142857)
(0.001774757465 -0.00141532185 0.004078142857)
(0.00204519933 -0.0009849160878 0.004078142857)
(0.002213086361 -0.0005051225201 0.004078142857)
(0.0002549783392 0.00148823152 0.004592428571)
(0.0003523407382 0.001783738617 0.004592428571)
(0.0007066344762 0.001600089729 0.004592428571)
(0.0004460517423 0.001266523339 0.004592428571)
(-3.436116456e-05 0.001407350945 0.004592428571)
(-4.500044161e-05 0.001797448385 0.004592428571)
(9.846795575e-05 0.001053538377 0.004592428571)
(-0.0002438007367 -0.001492333881 0.004592428571)
(-0.0003437086725 -0.001786388073 0.004592428571)
(-0.0006982317212 -0.001603104995 0.004592428571)
(-0.0004338947939 -0.001271435165 0.004592428571)
(4.58617183e-05 -0.001411816228 0.004592428571)
(5.278529518e-05 -0.00179973493 0.004592428571)
(-8.62642317e-05 -0.001060240977 0.004592428571)
(5.33055598e-06 -7.569654645e-06 0.004592428571)
(-0.0001706366213 0.0004238886521 0.004592428571)
(0.0002767283986 0.0006712240628 0.004592428571)
(0.0004790262607 0.0002546958768 0.004592428571)
(0.0006667435843 -0.0001953203733 0.004592428571)
(0.0001819169719 -0.0004385810476 0.004592428571)
(-0.0003116170191 0.000857307966 0.004592428571)
(-0.0006563371676 0.0001820636408 0.004592428571)
(-0.0007595572546 0.0006642510616 0.004592428571)
(-0.0004688864953 -0.0002704509558 0.004592428571)
(-0.0002640368596 -0.0006820804657 0.004592428571)
(0.0003244414692 -0.0008651390589 0.004592428571)
(0.0007703372699 -0.0006725549014 0.004592428571)
(0.001259378684 0.0001010530989 0.004592428571)
(0.001244725547 -0.0005092851124 0.004592428571)
(0.0009580369734 0.0005724914038 0.004592428571)
(0.000686355241 0.0009527389 0.004592428571)
(-0.000411913423 0.00127782731 0.004592428571)
(-0.0008252687158 0.001117838539 0.004592428571)
(-0.001236687262 0.0009697200325 0.004592428571)
(-0.001236177091 0.0005019180154 0.004592428571)
(-0.001252999921 -0.0001134184094 0.004592428571)
(-0.0009480716608 -0.0005850065929 0.004592428571)
(-0.0006748084747 -0.0009606103531 0.004592428571)
(0.0004222799531 -0.001281366524 0.004592428571)
(0.0008350443922 -0.001119937838 0.004592428571)
(0.001243190571 -0.0009705251405 0.004592428571)
(0.001790848755 -1.042056387e-05 0.004592428571)
(0.001718289332 -0.0004775459998 0.004592428571)
(0.001874758642 0.0003717980187 0.004592428571)
(0.001620340809 0.0006206920998 0.004592428571)
(0.001344907978 0.0009797899987 0.004592428571)
(0.001041334524 0.001319527007 0.004592428571)
(-0.0004740520223 0.001718341652 0.004592428571)
(-0.0008923071438 0.00156068139 0.004592428571)
(-0.001270071805 0.001372945344 0.004592428571)
(-0.001557665641 0.001231959056 0.004592428571)
(-0.001629632925 0.0009097587353 0.004592428571)
(-0.001715418137 0.0004721296419 0.004592428571)
(-0.001787356484 -2.794999909e-06 0.004592428571)
(-0.001867679875 -0.0003780765589 0.004592428571)
(-0.001618079194 -0.0006306136485 0.004592428571)
(-0.001339815484 -0.0009864499857 0.004592428571)
(-0.001033967066 -0.001324198714 0.004592428571)
(0.0004816833139 -0.001717626918 0.004592428571)
(0.0009004117588 -0.001557870179 0.004592428571)
(0.001274416725 -0.001371606765 0.004592428571)
(0.001560032184 -0.001230699977 0.004592428571)
(0.001632489972 -0.000910091278 0.004592428571)
(0.002213086361 0.0005051225201 0.004592428571)
(0.00227 4.032330025e-18 0.004592428571)
(0.00204519933 0.0009849160878 0.004592428571)
(0.001774757465 0.00141532185 0.004592428571)
(0.00141532185 0.001774757465 0.004592428571)
(0.0009849160878 0.00204519933 0.004592428571)
(0.0005051225201 0.002213086361 0.004592428571)
(1.389974117e-19 0.00227 0.004592428571)
(-0.0005051225201 0.002213086361 0.004592428571)
(-0.0009849160878 0.00204519933 0.004592428571)
(-0.00141532185 0.001774757465 0.004592428571)
(-0.001774757465 0.00141532185 0.004592428571)
(-0.00204519933 0.0009849160878 0.004592428571)
(-0.002213086361 0.0005051225201 0.004592428571)
(-0.00227 -4.930380658e-35 0.004592428571)
(-0.002213086361 -0.0005051225201 0.004592428571)
(-0.00204519933 -0.0009849160878 0.004592428571)
(-0.001774757465 -0.00141532185 0.004592428571)
(-0.00141532185 -0.001774757465 0.004592428571)
(-0.0009849160878 -0.00204519933 0.004592428571)
(-0.0005051225201 -0.002213086361 0.004592428571)
(-1.877167601e-18 -0.00227 0.004592428571)
(0.0005051225201 -0.002213086361 0.004592428571)
(0.0009849160878 -0.00204519933 0.004592428571)
(0.00141532185 -0.001774757465 0.004592428571)
(0.001774757465 -0.00141532185 0.004592428571)
(0.00204519933 -0.0009849160878 0.004592428571)
(0.002213086361 -0.0005051225201 0.004592428571)
(0.0002549783392 0.00148823152 0.005106714286)
(0.0003523407382 0.001783738617 0.005106714286)
(0.0007066344762 0.001600089729 0.005106714286)
(0.0004460517423 0.001266523339 0.005106714286)
(-3.436116456e-05 0.001407350945 0.005106714286)
(-4.500044161e-05 0.001797448385 0.005106714286)
(9.846795575e-05 0.001053538377 0.005106714286)
(-0.0002438007367 -0.001492333881 0.005106714286)
(-0.0003437086725 -0.001786388073 0.005106714286)
(-0.0006982317212 -0.001603104995 0.005106714286)
(-0.0004338947939 -0.001271435165 0.005106714286)
(4.58617183e-05 -0.001411816228 0.005106714286)
(5.278529518e-05 -0.00179973493 0.005106714286)
(-8.62642317e-05 -0.001060240977 0.005106714286)
(5.33055598e-06 -7.569654645e-06 0.005106714286)
(-0.0001706366213 0.0004238886521 0.005106714286)
(0.0002767283986 0.0006712240628 0.005106714286)
(0.0004790262607 0.0002546958768 0.005106714286)
(0.0006667435843 -0.0001953203733 0.005106714286)
(0.0001819169719 -0.0004385810476 0.005106714286)
(-0.0003116170191 0.000857307966 0.005106714286)
(-0.0006563371676 0.0001820636408 0.005106714286)
(-0.0007595572546 0.0006642510616 0.005106714286)
(-0.0004688864953 -0.0002704509558 0.005106714286)
(-0.0002640368596 -0.0006820804657 0.005106714286)
(0.0003244414692 -0.0008651390589 0.005106714286)
(0.0007703372699 -0.0006725549014 0.005106714286)
(0.001259378684 0.0001010530989 0.005106714286)
(0.001244725547 -0.0005092851124 0.005106714286)
(0.0009580369734 0.0005724914038 0.005106714286)
(0.000686355241 0.0009527389 0.005106714286)
(-0.000411913423 0.00127782731 0.005106714286)
(-0.0008252687158 0.001117838539 0.005106714286)
(-0.001236687262 0.0009697200325 0.005106714286)
(-0.001236177091 0.0005019180154 0.005106714286)
(-0.001252999921 -0.0001134184094 0.005106714286)
(-0.0009480716608 -0.0005850065929 0.005106714286)
(-0.0006748084747 -0.0009606103531 0.005106714286)
(0.0004222799531 -0.001281366524 0.005106714286)
(0.0008350443922 -0.001119937838 0.005106714286)
(0.001243190571 -0.0009705251405 0.005106714286)
(0.001790848755 -1.042056387e-05 0.005106714286)
(0.001718289332 -0.0004775459998 0.005106714286)
(0.001874758642 0.0003717980187 0.005106714286)
(0.001620340809 0.0006206920998 0.005106714286)
(0.001344907978 0.0009797899987 0.005106714286)
(0.001041334524 0.001319527007 0.005106714286)
(-0.0004740520223 0.001718341652 0.005106714286)
(-0.0008923071438 0.00156068139 0.005106714286)
(-0.001270071805 0.001372945344 0.005106714286)
(-0.001557665641 0.001231959056 0.005106714286)
(-0.001629632925 0.0009097587353 0.005106714286)
(-0.001715418137 0.0004721296419 0.005106714286)
(-0.001787356484 -2.794999909e-06 0.005106714286)
(-0.001867679875 -0.0003780765589 0.005106714286)
(-0.001618079194 -0.0006306136485 0.005106714286)
(-0.001339815484 -0.0009864499857 0.005106714286)
(-0.001033967066 -0.001324198714 0.005106714286)
(0.0004816833139 -0.001717626918 0.005106714286)
(0.0009004117588 -0.001557870179 0.005106714286)
(0.001274416725 -0.001371606765 0.005106714286)
(0.001560032184 -0.001230699977 0.005106714286)
(0.001632489972 -0.000910091278 0.005106714286)
(0.002213086361 0.0005051225201 0.005106714286)
(0.00227 0 0.005106714286)
(0.00204519933 0.0009849160878 0.005106714286)
(0.001774757465 0.00141532185 0.005106714286)
(0.00141532185 0.001774757465 0.005106714286)
(0.0009849160878 0.00204519933 0.005106714286)
(0.0005051225201 0.002213086361 0.005106714286)
(2.155162424e-18 0.00227 0.005106714286)
(-0.0005051225201 0.002213086361 0.005106714286)
(-0.0009849160878 0.00204519933 0.005106714286)
(-0.00141532185 0.001774757465 0.005106714286)
(-0.001774757465 0.00141532185 0.005106714286)
(-0.00204519933 0.0009849160878 0.005106714286)
(-0.002213086361 0.0005051225201 0.005106714286)
(-0.00227 -4.930380658e-35 0.005106714286)
(-0.002213086361 -0.0005051225201 0.005106714286)
(-0.00204519933 -0.0009849160878 0.005106714286)
(-0.001774757465 -0.00141532185 0.005106714286)
(-0.00141532185 -0.001774757465 0.005106714286)
(-0.0009849160878 -0.00204519933 0.005106714286)
(-0.0005051225201 -0.002213086361 0.005106714286)
(-3.893332614e-18 -0.00227 0.005106714286)
(0.0005051225201 -0.002213086361 0.005106714286)
(0.0009849160878 -0.00204519933 0.005106714286)
(0.00141532185 -0.001774757465 0.005106714286)
(0.001774757465 -0.00141532185 0.005106714286)
(0.00204519933 -0.0009849160878 0.005106714286)
(0.002213086361 -0.0005051225201 0.005106714286)
(0.0002549783392 0.00148823152 0.005621)
(0.0003523407382 0.001783738617 0.005621)
(0.0007066344762 0.001600089729 0.005621)
(0.0004460517423 0.001266523339 0.005621)
(-3.436116456e-05 0.001407350945 0.005621)
(-4.500044161e-05 0.001797448385 0.005621)
(9.846795575e-05 0.001053538377 0.005621)
(-0.0002438007367 -0.001492333881 0.005621)
(-0.0003437086725 -0.001786388073 0.005621)
(-0.0006982317212 -0.001603104995 0.005621)
(-0.0004338947939 -0.001271435165 0.005621)
(4.58617183e-05 -0.001411816228 0.005621)
(5.278529518e-05 -0.00179973493 0.005621)
(-8.62642317e-05 -0.001060240977 0.005621)
(5.33055598e-06 -7.569654645e-06 0.005621)
(-0.0001706366213 0.0004238886521 0.005621)
(0.0002767283986 0.0006712240628 0.005621)
(0.0004790262607 0.0002546958768 0.005621)
(0.0006667435843 -0.0001953203733 0.005621)
(0.0001819169719 -0.0004385810476 0.005621)
(-0.0003116170191 0.000857307966 0.005621)
(-0.0006563371676 0.0001820636408 0.005621)
(-0.0007595572546 0.0006642510616 0.005621)
(-0.0004688864953 -0.0002704509558 0.005621)
(-0.0002640368596 -0.0006820804657 0.005621)
(0.0003244414692 -0.0008651390589 0.005621)
(0.0007703372699 -0.0006725549014 0.005621)
(0.001259378684 0.0001010530989 0.005621)
(0.001244725547 -0.0005092851124 0.005621)
(0.0009580369734 0.0005724914038 0.005621)
(0.000686355241 0.0009527389 0.005621)
(-0.000411913423 0.00127782731 0.005621)
(-0.0008252687158 0.001117838539 0.005621)
(-0.001236687262 0.0009697200325 0.005621)
(-0.001236177091 0.0005019180154 0.005621)
(-0.001252999921 -0.0001134184094 0.005621)
(-0.0009480716608 -0.0005850065929 0.005621)
(-0.0006748084747 -0.0009606103531 0.005621)
(0.0004222799531 -0.001281366524 0.005621)
(0.0008350443922 -0.001119937838 0.005621)
(0.001243190571 -0.0009705251405 0.005621)
(0.001790848755 -1.042056387e-05 0.005621)
(0.001718289332 -0.0004775459998 0.005621)
(0.001874758642 0.0003717980187 0.005621)
(0.001620340809 0.0006206920998 0.005621)
(0.001344907978 0.0009797899987 0.005621)
(0.001041334524 0.001319527007 0.005621)
(-0.0004740520223 0.001718341652 0.005621)
(-0.0008923071438 0.00156068139 0.005621)
(-0.001270071805 0.001372945344 0.005621)
(-0.001557665641 0.001231959056 0.005621)
(-0.001629632925 0.0009097587353 0.005621)
(-0.001715418137 0.0004721296419 0.005621)
(-0.001787356484 -2.794999909e-06 0.005621)
(-0.001867679875 -0.0003780765589 0.005621)
(-0.001618079194 -0.0006306136485 0.005621)
(-0.001339815484 -0.0009864499857 0.005621)
(-0.001033967066 -0.001324198714 0.005621)
(0.0004816833139 -0.001717626918 0.005621)
(0.0009004117588 -0.001557870179 0.005621)
(0.001274416725 -0.001371606765 0.005621)
(0.001560032184 -0.001230699977 0.005621)
(0.001632489972 -0.000910091278 0.005621)
(0.002213086361 0.0005051225201 0.005621)
(0.00227 2.016165013e-18 0.005621)
(0.00204519933 0.0009849160878 0.005621)
(0.001774757465 0.00141532185 0.005621)
(0.00141532185 0.001774757465 0.005621)
(0.0009849160878 0.00204519933 0.005621)
(0.0005051225201 0.002213086361 0.005621)
(4.171327437e-18 0.00227 0.005621)
(-0.0005051225201 0.002213086361 0.005621)
(-0.0009849160878 0.00204519933 0.005621)
(-0.00141532185 0.001774757465 0.005621)
(-0.001774757465 0.00141532185 0.005621)
(-0.00204519933 0.0009849160878 0.005621)
(-0.002213086361 0.0005051225201 0.005621)
(-0.00227 -4.930380658e-35 0.005621)
(-0.002213086361 -0.0005051225201 0.005621)
(-0.00204519933 -0.0009849160878 0.005621)
(-0.001774757465 -0.00141532185 0.005621)
(-0.00141532185 -0.001774757465 0.005621)
(-0.0009849160878 -0.00204519933 0.005621)
(-0.0005051225201 -0.002213086361 0.005621)
(1.389974117e-19 -0.00227 0.005621)
(0.0005051225201 -0.002213086361 0.005621)
(0.0009849160878 -0.00204519933 0.005621)
(0.00141532185 -0.001774757465 0.005621)
(0.001774757465 -0.00141532185 0.005621)
(0.00204519933 -0.0009849160878 0.005621)
(0.002213086361 -0.0005051225201 0.005621)
(0.0002549783392 0.00148823152 0.006135285714)
(0.0003523407382 0.001783738617 0.006135285714)
(0.0007066344762 0.001600089729 0.006135285714)
(0.0004460517423 0.001266523339 0.006135285714)
(-3.436116456e-05 0.001407350945 0.006135285714)
(-4.500044161e-05 0.001797448385 0.006135285714)
(9.846795575e-05 0.001053538377 0.006135285714)
(-0.0002438007367 -0.001492333881 0.006135285714)
(-0.0003437086725 -0.001786388073 0.006135285714)
(-0.0006982317212 -0.001603104995 0.006135285714)
(-0.0004338947939 -0.001271435165 0.006135285714)
(4.58617183e-05 -0.001411816228 0.006135285714)
(5.278529518e-05 -0.00179973493 0.006135285714)
(-8.62642317e-05 -0.001060240977 0.006135285714)
(5.33055598e-06 -7.569654645e-06 0.006135285714)
(-0.0001706366213 0.0004238886521 0.006135285714)
(0.0002767283986 0.0006712240628 0.006135285714)
(0.0004790262607 0.0002546958768 0.006135285714)
(0.0006667435843 -0.0001953203733 0.006135285714)
(0.0001819169719 -0.0004385810476 0.006135285714)
(-0.0003116170191 0.000857307966 0.006135285714)
(-0.0006563371676 0.0001820636408 0.006135285714)
(-0.0007595572546 0.0006642510616 0.006135285714)
(-0.0004688864953 -0.0002704509558 0.006135285714)
(-0.0002640368596 -0.0006820804657 0.006135285714)
(0.0003244414692 -0.0008651390589 0.006135285714)
(0.0007703372699 -0.0006725549014 0.006135285714)
(0.001259378684 0.0001010530989 0.006135285714)
(0.001244725547 -0.0005092851124 0.006135285714)
(0.0009580369734 0.0005724914038 0.006135285714)
(0.000686355241 0.0009527389 0.006135285714)
(-0.000411913423 0.00127782731 0.006135285714)
(-0.0008252687158 0.001117838539 0.006135285714)
(-0.001236687262 0.0009697200325 0.006135285714)
(-0.001236177091 0.0005019180154 0.006135285714)
(-0.001252999921 -0.0001134184094 0.006135285714)
(-0.0009480716608 -0.0005850065929 0.006135285714)
(-0.0006748084747 -0.0009606103531 0.006135285714)
(0.0004222799531 -0.001281366524 0.006135285714)
(0.0008350443922 -0.001119937838 0.006135285714)
(0.001243190571 -0.0009705251405 0.006135285714)
(0.001790848755 -1.042056387e-05 0.006135285714)
(0.001718289332 -0.0004775459998 0.006135285714)
(0.001874758642 0.0003717980187 0.006135285714)
(0.001620340809 0.0006206920998 0.006135285714)
(0.001344907978 0.0009797899987 0.006135285714)
(0.001041334524 0.001319527007 0.006135285714)
(-0.0004740520223 0.001718341652 0.006135285714)
(-0.0008923071438 0.00156068139 0.006135285714)
(-0.001270071805 0.001372945344 0.006135285714)
(-0.001557665641 0.001231959056 0.006135285714)
(-0.001629632925 0.0009097587353 0.006135285714)
(-0.001715418137 0.0004721296419 0.006135285714)
(-0.001787356484 -2.794999909e-06 0.006135285714)
(-0.001867679875 -0.0003780765589 0.006135285714)
(-0.001618079194 -0.0006306136485 0.006135285714)
(-0.001339815484 -0.0009864499857 0.006135285714)
(-0.001033967066 -0.001324198714 0.006135285714)
(0.0004816833139 -0.001717626918 0.006135285714)
(0.0009004117588 -0.001557870179 0.006135285714)
(0.001274416725 -0.001371606765 0.006135285714)
(0.001560032184 -0.001230699977 0.006135285714)
(0.001632489972 -0.000910091278 0.006135285714)
(0.002213086361 0.0005051225201 0.006135285714)
(0.00227 0 0.006135285714)
(0.00204519933 0.0009849160878 0.006135285714)
(0.001774757465 0.00141532185 0.006135285714)
(0.00141532185 0.001774757465 0.006135285714)
(0.0009849160878 0.00204519933 0.006135285714)
(0.0005051225201 0.002213086361 0.006135285714)
(1.389974117e-19 0.00227 0.006135285714)
(-0.0005051225201 0.002213086361 0.006135285714)
(-0.0009849160878 0.00204519933 0.006135285714)
(-0.00141532185 0.001774757465 0.006135285714)
(-0.001774757465 0.00141532185 0.006135285714)
(-0.00204519933 0.0009849160878 0.006135285714)
(-0.002213086361 0.0005051225201 0.006135285714)
(-0.00227 -4.930380658e-35 0.006135285714)
(-0.002213086361 -0.0005051225201 0.006135285714)
(-0.00204519933 -0.0009849160878 0.006135285714)
(-0.001774757465 -0.00141532185 0.006135285714)
(-0.00141532185 -0.001774757465 0.006135285714)
(-0.0009849160878 -0.00204519933 0.006135285714)
(-0.0005051225201 -0.002213086361 0.006135285714)
(4.171327437e-18 -0.00227 0.006135285714)
(0.0005051225201 -0.002213086361 0.006135285714)
(0.0009849160878 -0.00204519933 0.006135285714)
(0.00141532185 -0.001774757465 0.006135285714)
(0.001774757465 -0.00141532185 0.006135285714)
(0.00204519933 -0.0009849160878 0.006135285714)
(0.002213086361 -0.0005051225201 0.006135285714)
(0.0002549783392 0.00148823152 0.006649571429)
(0.0003523407382 0.001783738617 0.006649571429)
(0.0007066344762 0.001600089729 0.006649571429)
(0.0004460517423 0.001266523339 0.006649571429)
(-3.436116456e-05 0.001407350945 0.006649571429)
(-4.500044161e-05 0.001797448385 0.006649571429)
(9.846795575e-05 0.001053538377 0.006649571429)
(-0.0002438007367 -0.001492333881 0.006649571429)
(-0.0003437086725 -0.001786388073 0.006649571429)
(-0.0006982317212 -0.001603104995 0.006649571429)
(-0.0004338947939 -0.001271435165 0.006649571429)
(4.58617183e-05 -0.001411816228 0.006649571429)
(5.278529518e-05 -0.00179973493 0.006649571429)
(-8.62642317e-05 -0.001060240977 0.006649571429)
(5.33055598e-06 -7.569654645e-06 0.006649571429)
(-0.0001706366213 0.0004238886521 0.006649571429)
(0.0002767283986 0.0006712240628 0.006649571429)
(0.0004790262607 0.0002546958768 0.006649571429)
(0.0006667435843 -0.0001953203733 0.006649571429)
(0.0001819169719 -0.0004385810476 0.006649571429)
(-0.0003116170191 0.000857307966 0.006649571429)
(-0.0006563371676 0.0001820636408 0.006649571429)
(-0.0007595572546 0.0006642510616 0.006649571429)
(-0.0004688864953 -0.0002704509558 0.006649571429)
(-0.0002640368596 -0.0006820804657 0.006649571429)
(0.0003244414692 -0.0008651390589 0.006649571429)
(0.0007703372699 -0.0006725549014 0.006649571429)
(0.001259378684 0.0001010530989 0.006649571429)
(0.001244725547 -0.0005092851124 0.006649571429)
(0.0009580369734 0.0005724914038 0.006649571429)
(0.000686355241 0.0009527389 0.006649571429)
(-0.000411913423 0.00127782731 0.006649571429)
(-0.0008252687158 0.001117838539 0.006649571429)
(-0.001236687262 0.0009697200325 0.006649571429)
(-0.001236177091 0.0005019180154 0.006649571429)
(-0.001252999921 -0.0001134184094 0.006649571429)
(-0.0009480716608 -0.0005850065929 0.006649571429)
(-0.0006748084747 -0.0009606103531 0.006649571429)
(0.0004222799531 -0.001281366524 0.006649571429)
(0.0008350443922 -0.001119937838 0.006649571429)
(0.001243190571 -0.0009705251405 0.006649571429)
(0.001790848755 -1.042056387e-05 0.006649571429)
(0.001718289332 -0.0004775459998 0.006649571429)
(0.001874758642 0.0003717980187 0.006649571429)
(0.001620340809 0.0006206920998 0.006649571429)
(0.001344907978 0.0009797899987 0.006649571429)
(0.001041334524 0.001319527007 0.006649571429)
(-0.0004740520223 0.001718341652 0.006649571429)
(-0.0008923071438 0.00156068139 0.006649571429)
(-0.001270071805 0.001372945344 0.006649571429)
(-0.001557665641 0.001231959056 0.006649571429)
(-0.001629632925 0.0009097587353 0.006649571429)
(-0.001715418137 0.0004721296419 0.006649571429)
(-0.001787356484 -2.794999909e-06 0.006649571429)
(-0.001867679875 -0.0003780765589 0.006649571429)
(-0.001618079194 -0.0006306136485 0.006649571429)
(-0.001339815484 -0.0009864499857 0.006649571429)
(-0.001033967066 -0.001324198714 0.006649571429)
(0.0004816833139 -0.001717626918 0.006649571429)
(0.0009004117588 -0.001557870179 0.006649571429)
(0.001274416725 -0.001371606765 0.006649571429)
(0.001560032184 -0.001230699977 0.006649571429)
(0.001632489972 -0.000910091278 0.006649571429)
(0.002213086361 0.0005051225201 0.006649571429)
(0.00227 0 0.006649571429)
(0.00204519933 0.0009849160878 0.006649571429)
(0.001774757465 0.00141532185 0.006649571429)
(0.00141532185 0.001774757465 0.006649571429)
(0.0009849160878 0.00204519933 0.006649571429)
(0.0005051225201 0.002213086361 0.006649571429)
(1.389974117e-19 0.00227 0.006649571429)
(-0.0005051225201 0.002213086361 0.006649571429)
(-0.0009849160878 0.00204519933 0.006649571429)
(-0.00141532185 0.001774757465 0.006649571429)
(-0.001774757465 0.00141532185 0.006649571429)
(-0.00204519933 0.0009849160878 0.006649571429)
(-0.002213086361 0.0005051225201 0.006649571429)
(-0.00227 -4.930380658e-35 0.006649571429)
(-0.002213086361 -0.0005051225201 0.006649571429)
(-0.00204519933 -0.0009849160878 0.006649571429)
(-0.001774757465 -0.00141532185 0.006649571429)
(-0.00141532185 -0.001774757465 0.006649571429)
(-0.0009849160878 -0.00204519933 0.006649571429)
(-0.0005051225201 -0.002213086361 0.006649571429)
(-3.893332614e-18 -0.00227 0.006649571429)
(0.0005051225201 -0.002213086361 0.006649571429)
(0.0009849160878 -0.00204519933 0.006649571429)
(0.00141532185 -0.001774757465 0.006649571429)
(0.001774757465 -0.00141532185 0.006649571429)
(0.00204519933 -0.0009849160878 0.006649571429)
(0.002213086361 -0.0005051225201 0.006649571429)
(0.0002549783392 0.00148823152 0.007163857143)
(0.0003523407382 0.001783738617 0.007163857143)
(0.0007066344762 0.001600089729 0.007163857143)
(0.0004460517423 0.001266523339 0.007163857143)
(-3.436116456e-05 0.001407350945 0.007163857143)
(-4.500044161e-05 0.001797448385 0.007163857143)
(9.846795575e-05 0.001053538377 0.007163857143)
(-0.0002438007367 -0.001492333881 0.007163857143)
(-0.0003437086725 -0.001786388073 0.007163857143)
(-0.0006982317212 -0.001603104995 0.007163857143)
(-0.0004338947939 -0.001271435165 0.007163857143)
(4.58617183e-05 -0.001411816228 0.007163857143)
(5.278529518e-05 -0.00179973493 0.007163857143)
(-8.62642317e-05 -0.001060240977 0.007163857143)
(5.33055598e-06 -7.569654645e-06 0.007163857143)
(-0.0001706366213 0.0004238886521 0.007163857143)
(0.0002767283986 0.0006712240628 0.007163857143)
(0.0004790262607 0.0002546958768 0.007163857143)
(0.0006667435843 -0.0001953203733 0.007163857143)
(0.0001819169719 -0.0004385810476 0.007163857143)
(-0.0003116170191 0.000857307966 0.007163857143)
(-0.0006563371676 0.0001820636408 0.007163857143)
(-0.0007595572546 0.0006642510616 0.007163857143)
(-0.0004688864953 -0.0002704509558 0.007163857143)
(-0.0002640368596 -0.0006820804657 0.007163857143)
(0.0003244414692 -0.0008651390589 0.007163857143)
(0.0007703372699 -0.0006725549014 0.007163857143)
(0.001259378684 0.0001010530989 0.007163857143)
(0.001244725547 -0.0005092851124 0.007163857143)
(0.0009580369734 0.0005724914038 0.007163857143)
(0.000686355241 0.0009527389 0.007163857143)
(-0.000411913423 0.00127782731 0.007163857143)
(-0.0008252687158 0.001117838539 0.007163857143)
(-0.001236687262 0.0009697200325 0.007163857143)
(-0.001236177091 0.0005019180154 0.007163857143)
(-0.001252999921 -0.0001134184094 0.007163857143)
(-0.0009480716608 -0.0005850065929 0.007163857143)
(-0.0006748084747 -0.0009606103531 0.007163857143)
(0.0004222799531 -0.001281366524 0.007163857143)
(0.0008350443922 -0.001119937838 0.007163857143)
(0.001243190571 -0.0009705251405 0.007163857143)
(0.001790848755 -1.042056387e-05 0.007163857143)
(0.001718289332 -0.0004775459998 0.007163857143)
(0.001874758642 0.0003717980187 0.007163857143)
(0.001620340809 0.0006206920998 0.007163857143)
(0.001344907978 0.0009797899987 0.007163857143)
(0.001041334524 0.001319527007 0.007163857143)
(-0.0004740520223 0.001718341652 0.007163857143)
(-0.0008923071438 0.00156068139 0.007163857143)
(-0.001270071805 0.001372945344 0.007163857143)
(-0.001557665641 0.001231959056 0.007163857143)
(-0.001629632925 0.0009097587353 0.007163857143)
(-0.001715418137 0.0004721296419 0.007163857143)
(-0.001787356484 -2.794999909e-06 0.007163857143)
(-0.001867679875 -0.0003780765589 0.007163857143)
(-0.001618079194 -0.0006306136485 0.007163857143)
(-0.001339815484 -0.0009864499857 0.007163857143)
(-0.001033967066 -0.001324198714 0.007163857143)
(0.0004816833139 -0.001717626918 0.007163857143)
(0.0009004117588 -0.001557870179 0.007163857143)
(0.001274416725 -0.001371606765 0.007163857143)
(0.001560032184 -0.001230699977 0.007163857143)
(0.001632489972 -0.000910091278 0.007163857143)
(0.002213086361 0.0005051225201 0.007163857143)
(0.00227 0 0.007163857143)
(0.00204519933 0.0009849160878 0.007163857143)
(0.001774757465 0.00141532185 0.007163857143)
(0.00141532185 0.001774757465 0.007163857143)
(0.0009849160878 0.00204519933 0.007163857143)
(0.0005051225201 0.002213086361 0.007163857143)
(1.389974117e-19 0.00227 0.007163857143)
(-0.0005051225201 0.002213086361 0.007163857143)
(-0.0009849160878 0.00204519933 0.007163857143)
(-0.00141532185 0.001774757465 0.007163857143)
(-0.001774757465 0.00141532185 0.007163857143)
(-0.00204519933 0.0009849160878 0.007163857143)
(-0.002213086361 0.0005051225201 0.007163857143)
(-0.00227 -4.930380658e-35 0.007163857143)
(-0.002213086361 -0.0005051225201 0.007163857143)
(-0.00204519933 -0.0009849160878 0.007163857143)
(-0.001774757465 -0.00141532185 0.007163857143)
(-0.00141532185 -0.001774757465 0.007163857143)
(-0.0009849160878 -0.00204519933 0.007163857143)
(-0.0005051225201 -0.002213086361 0.007163857143)
(-3.893332614e-18 -0.00227 0.007163857143)
(0.0005051225201 -0.002213086361 0.007163857143)
(0.0009849160878 -0.00204519933 0.007163857143)
(0.00141532185 -0.001774757465 0.007163857143)
(0.001774757465 -0.00141532185 0.007163857143)
(0.00204519933 -0.0009849160878 0.007163857143)
(0.002213086361 -0.0005051225201 0.007163857143)
(0.0002549783392 0.00148823152 0.007678142857)
(0.0003523407382 0.001783738617 0.007678142857)
(0.0007066344762 0.001600089729 0.007678142857)
(0.0004460517423 0.001266523339 0.007678142857)
(-3.436116456e-05 0.001407350945 0.007678142857)
(-4.500044161e-05 0.001797448385 0.007678142857)
(9.846795575e-05 0.001053538377 0.007678142857)
(-0.0002438007367 -0.001492333881 0.007678142857)
(-0.0003437086725 -0.001786388073 0.007678142857)
(-0.0006982317212 -0.001603104995 0.007678142857)
(-0.0004338947939 -0.001271435165 0.007678142857)
(4.58617183e-05 -0.001411816228 0.007678142857)
(5.278529518e-05 -0.00179973493 0.007678142857)
(-8.62642317e-05 -0.001060240977 0.007678142857)
(5.33055598e-06 -7.569654645e-06 0.007678142857)
(-0.0001706366213 0.0004238886521 0.007678142857)
(0.0002767283986 0.0006712240628 0.007678142857)
(0.0004790262607 0.0002546958768 0.007678142857)
(0.0006667435843 -0.0001953203733 0.007678142857)
(0.0001819169719 -0.0004385810476 0.007678142857)
(-0.0003116170191 0.000857307966 0.007678142857)
(-0.0006563371676 0.0001820636408 0.007678142857)
(-0.0007595572546 0.0006642510616 0.007678142857)
(-0.0004688864953 -0.0002704509558 0.007678142857)
(-0.0002640368596 -0.0006820804657 0.007678142857)
(0.0003244414692 -0.0008651390589 0.007678142857)
(0.0007703372699 -0.0006725549014 0.007678142857)
(0.001259378684 0.0001010530989 0.007678142857)
(0.001244725547 -0.0005092851124 0.007678142857)
(0.0009580369734 0.0005724914038 0.007678142857)
(0.000686355241 0.0009527389 0.007678142857)
(-0.000411913423 0.00127782731 0.007678142857)
(-0.0008252687158 0.001117838539 0.007678142857)
(-0.001236687262 0.0009697200325 0.007678142857)
(-0.001236177091 0.0005019180154 0.007678142857)
(-0.001252999921 -0.0001134184094 0.007678142857)
(-0.0009480716608 -0.0005850065929 0.007678142857)
(-0.0006748084747 -0.0009606103531 0.007678142857)
(0.0004222799531 -0.001281366524 0.007678142857)
(0.0008350443922 -0.001119937838 0.007678142857)
(0.001243190571 -0.0009705251405 0.007678142857)
(0.001790848755 -1.042056387e-05 0.007678142857)
(0.001718289332 -0.0004775459998 0.007678142857)
(0.001874758642 0.0003717980187 0.007678142857)
(0.001620340809 0.0006206920998 0.007678142857)
(0.001344907978 0.0009797899987 0.007678142857)
(0.001041334524 0.001319527007 0.007678142857)
(-0.0004740520223 0.001718341652 0.007678142857)
(-0.0008923071438 0.00156068139 0.007678142857)
(-0.001270071805 0.001372945344 0.007678142857)
(-0.001557665641 0.001231959056 0.007678142857)
(-0.001629632925 0.0009097587353 0.007678142857)
(-0.001715418137 0.0004721296419 0.007678142857)
(-0.001787356484 -2.794999909e-06 0.007678142857)
(-0.001867679875 -0.0003780765589 0.007678142857)
(-0.001618079194 -0.0006306136485 0.007678142857)
(-0.001339815484 -0.0009864499857 0.007678142857)
(-0.001033967066 -0.001324198714 0.007678142857)
(0.0004816833139 -0.001717626918 0.007678142857)
(0.0009004117588 -0.001557870179 0.007678142857)
(0.001274416725 -0.001371606765 0.007678142857)
(0.001560032184 -0.001230699977 0.007678142857)
(0.001632489972 -0.000910091278 0.007678142857)
(0.002213086361 0.0005051225201 0.007678142857)
(0.00227 2.016165013e-18 0.007678142857)
(0.00204519933 0.0009849160878 0.007678142857)
(0.001774757465 0.00141532185 0.007678142857)
(0.00141532185 0.001774757465 0.007678142857)
(0.0009849160878 0.00204519933 0.007678142857)
(0.0005051225201 0.002213086361 0.007678142857)
(4.171327437e-18 0.00227 0.007678142857)
(-0.0005051225201 0.002213086361 0.007678142857)
(-0.0009849160878 0.00204519933 0.007678142857)
(-0.00141532185 0.001774757465 0.007678142857)
(-0.001774757465 0.00141532185 0.007678142857)
(-0.00204519933 0.0009849160878 0.007678142857)
(-0.002213086361 0.0005051225201 0.007678142857)
(-0.00227 -4.930380658e-35 0.007678142857)
(-0.002213086361 -0.0005051225201 0.007678142857)
(-0.00204519933 -0.0009849160878 0.007678142857)
(-0.001774757465 -0.00141532185 0.007678142857)
(-0.00141532185 -0.001774757465 0.007678142857)
(-0.0009849160878 -0.00204519933 0.007678142857)
(-0.0005051225201 -0.002213086361 0.007678142857)
(4.171327437e-18 -0.00227 0.007678142857)
(0.0005051225201 -0.002213086361 0.007678142857)
(0.0009849160878 -0.00204519933 0.007678142857)
(0.00141532185 -0.001774757465 0.007678142857)
(0.001774757465 -0.00141532185 0.007678142857)
(0.00204519933 -0.0009849160878 0.007678142857)
(0.002213086361 -0.0005051225201 0.007678142857)
(0.0002549783392 0.00148823152 0.008192428571)
(0.0003523407382 0.001783738617 0.008192428571)
(0.0007066344762 0.001600089729 0.008192428571)
(0.0004460517423 0.001266523339 0.008192428571)
(-3.436116456e-05 0.001407350945 0.008192428571)
(-4.500044161e-05 0.001797448385 0.008192428571)
(9.846795575e-05 0.001053538377 0.008192428571)
(-0.0002438007367 -0.001492333881 0.008192428571)
(-0.0003437086725 -0.001786388073 0.008192428571)
(-0.0006982317212 -0.001603104995 0.008192428571)
(-0.0004338947939 -0.001271435165 0.008192428571)
(4.58617183e-05 -0.001411816228 0.008192428571)
(5.278529518e-05 -0.00179973493 0.008192428571)
(-8.62642317e-05 -0.001060240977 0.008192428571)
(5.33055598e-06 -7.569654645e-06 0.008192428571)
(-0.0001706366213 0.0004238886521 0.008192428571)
(0.0002767283986 0.0006712240628 0.008192428571)
(0.0004790262607 0.0002546958768 0.008192428571)
(0.0006667435843 -0.0001953203733 0.008192428571)
(0.0001819169719 -0.0004385810476 0.008192428571)
(-0.0003116170191 0.000857307966 0.008192428571)
(-0.0006563371676 0.0001820636408 0.008192428571)
(-0.0007595572546 0.0006642510616 0.008192428571)
(-0.0004688864953 -0.0002704509558 0.008192428571)
(-0.0002640368596 -0.0006820804657 0.008192428571)
(0.0003244414692 -0.0008651390589 0.008192428571)
(0.0007703372699 -0.0006725549014 0.008192428571)
(0.001259378684 0.0001010530989 0.008192428571)
(0.001244725547 -0.0005092851124 0.008192428571)
(0.0009580369734 0.0005724914038 0.008192428571)
(0.000686355241 0.0009527389 0.008192428571)
(-0.000411913423 0.00127782731 0.008192428571)
(-0.0008252687158 0.001117838539 0.008192428571)
(-0.001236687262 0.0009697200325 0.008192428571)
(-0.001236177091 0.0005019180154 0.008192428571)
(-0.001252999921 -0.0001134184094 0.008192428571)
(-0.0009480716608 -0.0005850065929 0.008192428571)
(-0.0006748084747 -0.0009606103531 0.008192428571)
(0.0004222799531 -0.001281366524 0.008192428571)
(0.0008350443922 -0.001119937838 0.008192428571)
(0.001243190571 -0.0009705251405 0.008192428571)
(0.001790848755 -1.042056387e-05 0.008192428571)
(0.001718289332 -0.0004775459998 0.008192428571)
(0.001874758642 0.0003717980187 0.008192428571)
(0.001620340809 0.0006206920998 0.008192428571)
(0.001344907978 0.0009797899987 0.008192428571)
(0.001041334524 0.001319527007 0.008192428571)
(-0.0004740520223 0.001718341652 0.008192428571)
(-0.0008923071438 0.00156068139 0.008192428571)
(-0.001270071805 0.001372945344 0.008192428571)
(-0.001557665641 0.001231959056 0.008192428571)
(-0.001629632925 0.0009097587353 0.008192428571)
(-0.001715418137 0.0004721296419 0.008192428571)
(-0.001787356484 -2.794999909e-06 0.008192428571)
(-0.001867679875 -0.0003780765589 0.008192428571)
(-0.001618079194 -0.0006306136485 0.008192428571)
(-0.001339815484 -0.0009864499857 0.008192428571)
(-0.001033967066 -0.001324198714 0.008192428571)
(0.0004816833139 -0.001717626918 0.008192428571)
(0.0009004117588 -0.001557870179 0.008192428571)
(0.001274416725 -0.001371606765 0.008192428571)
(0.001560032184 -0.001230699977 0.008192428571)
(0.001632489972 -0.000910091278 0.008192428571)
(0.002213086361 0.0005051225201 0.008192428571)
(0.00227 0 0.008192428571)
(0.00204519933 0.0009849160878 0.008192428571)
(0.001774757465 0.00141532185 0.008192428571)
(0.00141532185 0.001774757465 0.008192428571)
(0.0009849160878 0.00204519933 0.008192428571)
(0.0005051225201 0.002213086361 0.008192428571)
(1.389974117e-19 0.00227 0.008192428571)
(-0.0005051225201 0.002213086361 0.008192428571)
(-0.0009849160878 0.00204519933 0.008192428571)
(-0.00141532185 0.001774757465 0.008192428571)
(-0.001774757465 0.00141532185 0.008192428571)
(-0.00204519933 0.0009849160878 0.008192428571)
(-0.002213086361 0.0005051225201 0.008192428571)
(-0.00227 -4.930380658e-35 0.008192428571)
(-0.002213086361 -0.0005051225201 0.008192428571)
(-0.00204519933 -0.0009849160878 0.008192428571)
(-0.001774757465 -0.00141532185 0.008192428571)
(-0.00141532185 -0.001774757465 0.008192428571)
(-0.0009849160878 -0.00204519933 0.008192428571)
(-0.0005051225201 -0.002213086361 0.008192428571)
(-3.893332614e-18 -0.00227 0.008192428571)
(0.0005051225201 -0.002213086361 0.008192428571)
(0.0009849160878 -0.00204519933 0.008192428571)
(0.00141532185 -0.001774757465 0.008192428571)
(0.001774757465 -0.00141532185 0.008192428571)
(0.00204519933 -0.0009849160878 0.008192428571)
(0.002213086361 -0.0005051225201 0.008192428571)
(0.0002549783392 0.00148823152 0.008706714286)
(0.0003523407382 0.001783738617 0.008706714286)
(0.0007066344762 0.001600089729 0.008706714286)
(0.0004460517423 0.001266523339 0.008706714286)
(-3.436116456e-05 0.001407350945 0.008706714286)
(-4.500044161e-05 0.001797448385 0.008706714286)
(9.846795575e-05 0.001053538377 0.008706714286)
(-0.0002438007367 -0.001492333881 0.008706714286)
(-0.0003437086725 -0.001786388073 0.008706714286)
(-0.0006982317212 -0.001603104995 0.008706714286)
(-0.0004338947939 -0.001271435165 0.008706714286)
(4.58617183e-05 -0.001411816228 0.008706714286)
(5.278529518e-05 -0.00179973493 0.008706714286)
(-8.62642317e-05 -0.001060240977 0.008706714286)
(5.33055598e-06 -7.569654645e-06 0.008706714286)
(-0.0001706366213 0.0004238886521 0.008706714286)
(0.0002767283986 0.0006712240628 0.008706714286)
(0.0004790262607 0.0002546958768 0.008706714286)
(0.0006667435843 -0.0001953203733 0.008706714286)
(0.0001819169719 -0.0004385810476 0.008706714286)
(-0.0003116170191 0.000857307966 0.008706714286)
(-0.0006563371676 0.0001820636408 0.008706714286)
(-0.0007595572546 0.0006642510616 0.008706714286)
(-0.0004688864953 -0.0002704509558 0.008706714286)
(-0.0002640368596 -0.0006820804657 0.008706714286)
(0.0003244414692 -0.0008651390589 0.008706714286)
(0.0007703372699 -0.0006725549014 0.008706714286)
(0.001259378684 0.0001010530989 0.008706714286)
(0.001244725547 -0.0005092851124 0.008706714286)
(0.0009580369734 0.0005724914038 0.008706714286)
(0.000686355241 0.0009527389 0.008706714286)
(-0.000411913423 0.00127782731 0.008706714286)
(-0.0008252687158 0.001117838539 0.008706714286)
(-0.001236687262 0.0009697200325 0.008706714286)
(-0.001236177091 0.0005019180154 0.008706714286)
(-0.001252999921 -0.0001134184094 0.008706714286)
(-0.0009480716608 -0.0005850065929 0.008706714286)
(-0.0006748084747 -0.0009606103531 0.008706714286)
(0.0004222799531 -0.001281366524 0.008706714286)
(0.0008350443922 -0.001119937838 0.008706714286)
(0.001243190571 -0.0009705251405 0.008706714286)
(0.001790848755 -1.042056387e-05 0.008706714286)
(0.001718289332 -0.0004775459998 0.008706714286)
(0.001874758642 0.0003717980187 0.008706714286)
(0.001620340809 0.0006206920998 0.008706714286)
(0.001344907978 0.0009797899987 0.008706714286)
(0.001041334524 0.001319527007 0.008706714286)
(-0.0004740520223 0.001718341652 0.008706714286)
(-0.0008923071438 0.00156068139 0.008706714286)
(-0.001270071805 0.001372945344 0.008706714286)
(-0.001557665641 0.001231959056 0.008706714286)
(-0.001629632925 0.0009097587353 0.008706714286)
(-0.001715418137 0.0004721296419 0.008706714286)
(-0.001787356484 -2.794999909e-06 0.008706714286)
(-0.001867679875 -0.0003780765589 0.008706714286)
(-0.001618079194 -0.0006306136485 0.008706714286)
(-0.001339815484 -0.0009864499857 0.008706714286)
(-0.001033967066 -0.001324198714 0.008706714286)
(0.0004816833139 -0.001717626918 0.008706714286)
(0.0009004117588 -0.001557870179 0.008706714286)
(0.001274416725 -0.001371606765 0.008706714286)
(0.001560032184 -0.001230699977 0.008706714286)
(0.001632489972 -0.000910091278 0.008706714286)
(0.002213086361 0.0005051225201 0.008706714286)
(0.00227 -2.016165013e-18 0.008706714286)
(0.00204519933 0.0009849160878 0.008706714286)
(0.001774757465 0.00141532185 0.008706714286)
(0.00141532185 0.001774757465 0.008706714286)
(0.0009849160878 0.00204519933 0.008706714286)
(0.0005051225201 0.002213086361 0.008706714286)
(-3.893332614e-18 0.00227 0.008706714286)
(-0.0005051225201 0.002213086361 0.008706714286)
(-0.0009849160878 0.00204519933 0.008706714286)
(-0.00141532185 0.001774757465 0.008706714286)
(-0.001774757465 0.00141532185 0.008706714286)
(-0.00204519933 0.0009849160878 0.008706714286)
(-0.002213086361 0.0005051225201 0.008706714286)
(-0.00227 -4.930380658e-35 0.008706714286)
(-0.002213086361 -0.0005051225201 0.008706714286)
(-0.00204519933 -0.0009849160878 0.008706714286)
(-0.001774757465 -0.00141532185 0.008706714286)
(-0.00141532185 -0.001774757465 0.008706714286)
(-0.0009849160878 -0.00204519933 0.008706714286)
(-0.0005051225201 -0.002213086361 0.008706714286)
(-3.893332614e-18 -0.00227 0.008706714286)
(0.0005051225201 -0.002213086361 0.008706714286)
(0.0009849160878 -0.00204519933 0.008706714286)
(0.00141532185 -0.001774757465 0.008706714286)
(0.001774757465 -0.00141532185 0.008706714286)
(0.00204519933 -0.0009849160878 0.008706714286)
(0.002213086361 -0.0005051225201 0.008706714286)
(0.0002549783392 0.00148823152 0.009221)
(0.0003523407382 0.001783738617 0.009221)
(0.0007066344762 0.001600089729 0.009221)
(0.0004460517423 0.001266523339 0.009221)
(-3.436116456e-05 0.001407350945 0.009221)
(-4.500044161e-05 0.001797448385 0.009221)
(9.846795575e-05 0.001053538377 0.009221)
(-0.0002438007367 -0.001492333881 0.009221)
(-0.0003437086725 -0.001786388073 0.009221)
(-0.0006982317212 -0.001603104995 0.009221)
(-0.0004338947939 -0.001271435165 0.009221)
(4.58617183e-05 -0.001411816228 0.009221)
(5.278529518e-05 -0.00179973493 0.009221)
(-8.62642317e-05 -0.001060240977 0.009221)
(5.33055598e-06 -7.569654645e-06 0.009221)
(-0.0001706366213 0.0004238886521 0.009221)
(0.0002767283986 0.0006712240628 0.009221)
(0.0004790262607 0.0002546958768 0.009221)
(0.0006667435843 -0.0001953203733 0.009221)
(0.0001819169719 -0.0004385810476 0.009221)
(-0.0003116170191 0.000857307966 0.009221)
(-0.0006563371676 0.0001820636408 0.009221)
(-0.0007595572546 0.0006642510616 0.009221)
(-0.0004688864953 -0.0002704509558 0.009221)
(-0.0002640368596 -0.0006820804657 0.009221)
(0.0003244414692 -0.0008651390589 0.009221)
(0.0007703372699 -0.0006725549014 0.009221)
(0.001259378684 0.0001010530989 0.009221)
(0.001244725547 -0.0005092851124 0.009221)
(0.0009580369734 0.0005724914038 0.009221)
(0.000686355241 0.0009527389 0.009221)
(-0.000411913423 0.00127782731 0.009221)
(-0.0008252687158 0.001117838539 0.009221)
(-0.001236687262 0.0009697200325 0.009221)
(-0.001236177091 0.0005019180154 0.009221)
(-0.001252999921 -0.0001134184094 0.009221)
(-0.0009480716608 -0.0005850065929 0.009221)
(-0.0006748084747 -0.0009606103531 0.009221)
(0.0004222799531 -0.001281366524 0.009221)
(0.0008350443922 -0.001119937838 0.009221)
(0.001243190571 -0.0009705251405 0.009221)
(0.001790848755 -1.042056387e-05 0.009221)
(0.001718289332 -0.0004775459998 0.009221)
(0.001874758642 0.0003717980187 0.009221)
(0.001620340809 0.0006206920998 0.009221)
(0.001344907978 0.0009797899987 0.009221)
(0.001041334524 0.001319527007 0.009221)
(-0.0004740520223 0.001718341652 0.009221)
(-0.0008923071438 0.00156068139 0.009221)
(-0.001270071805 0.001372945344 0.009221)
(-0.001557665641 0.001231959056 0.009221)
(-0.001629632925 0.0009097587353 0.009221)
(-0.001715418137 0.0004721296419 0.009221)
(-0.001787356484 -2.794999909e-06 0.009221)
(-0.001867679875 -0.0003780765589 0.009221)
(-0.001618079194 -0.0006306136485 0.009221)
(-0.001339815484 -0.0009864499857 0.009221)
(-0.001033967066 -0.001324198714 0.009221)
(0.0004816833139 -0.001717626918 0.009221)
(0.0009004117588 -0.001557870179 0.009221)
(0.001274416725 -0.001371606765 0.009221)
(0.001560032184 -0.001230699977 0.009221)
(0.001632489972 -0.000910091278 0.009221)
(0.002213086361 0.0005051225201 0.009221)
(0.00227 0 0.009221)
(0.00204519933 0.0009849160878 0.009221)
(0.001774757465 0.00141532185 0.009221)
(0.00141532185 0.001774757465 0.009221)
(0.0009849160878 0.00204519933 0.009221)
(0.0005051225201 0.002213086361 0.009221)
(1.389974117e-19 0.00227 0.009221)
(-0.0005051225201 0.002213086361 0.009221)
(-0.0009849160878 0.00204519933 0.009221)
(-0.00141532185 0.001774757465 0.009221)
(-0.001774757465 0.00141532185 0.009221)
(-0.00204519933 0.0009849160878 0.009221)
(-0.002213086361 0.0005051225201 0.009221)
(-0.00227 2.779948234e-19 0.009221)
(-0.002213086361 -0.0005051225201 0.009221)
(-0.00204519933 -0.0009849160878 0.009221)
(-0.001774757465 -0.00141532185 0.009221)
(-0.00141532185 -0.001774757465 0.009221)
(-0.0009849160878 -0.00204519933 0.009221)
(-0.0005051225201 -0.002213086361 0.009221)
(1.389974117e-19 -0.00227 0.009221)
(0.0005051225201 -0.002213086361 0.009221)
(0.0009849160878 -0.00204519933 0.009221)
(0.00141532185 -0.001774757465 0.009221)
(0.001774757465 -0.00141532185 0.009221)
(0.00204519933 -0.0009849160878 0.009221)
(0.002213086361 -0.0005051225201 0.009221)
(0.0002549783392 0.00148823152 0.009721105882)
(0.0003523407382 0.001783738617 0.009721105882)
(0.0007066344762 0.001600089729 0.009721105882)
(0.0004460517423 0.001266523339 0.009721105882)
(-3.436116456e-05 0.001407350945 0.009721105882)
(-4.500044161e-05 0.001797448385 0.009721105882)
(9.846795575e-05 0.001053538377 0.009721105882)
(-0.0002438007367 -0.001492333881 0.009721105882)
(-0.0003437086725 -0.001786388073 0.009721105882)
(-0.0006982317212 -0.001603104995 0.009721105882)
(-0.0004338947939 -0.001271435165 0.009721105882)
(4.58617183e-05 -0.001411816228 0.009721105882)
(5.278529518e-05 -0.00179973493 0.009721105882)
(-8.62642317e-05 -0.001060240977 0.009721105882)
(5.33055598e-06 -7.569654645e-06 0.009721105882)
(-0.0001706366213 0.0004238886521 0.009721105882)
(0.0002767283986 0.0006712240628 0.009721105882)
(0.0004790262607 0.0002546958768 0.009721105882)
(0.0006667435843 -0.0001953203733 0.009721105882)
(0.0001819169719 -0.0004385810476 0.009721105882)
(-0.0003116170191 0.000857307966 0.009721105882)
(-0.0006563371676 0.0001820636408 0.009721105882)
(-0.0007595572546 0.0006642510616 0.009721105882)
(-0.0004688864953 -0.0002704509558 0.009721105882)
(-0.0002640368596 -0.0006820804657 0.009721105882)
(0.0003244414692 -0.0008651390589 0.009721105882)
(0.0007703372699 -0.0006725549014 0.009721105882)
(0.001259378684 0.0001010530989 0.009721105882)
(0.001244725547 -0.0005092851124 0.009721105882)
(0.0009580369734 0.0005724914038 0.009721105882)
(0.000686355241 0.0009527389 0.009721105882)
(-0.000411913423 0.00127782731 0.009721105882)
(-0.0008252687158 0.001117838539 0.009721105882)
(-0.001236687262 0.0009697200325 0.009721105882)
(-0.001236177091 0.0005019180154 0.009721105882)
(-0.001252999921 -0.0001134184094 0.009721105882)
(-0.0009480716608 -0.0005850065929 0.009721105882)
(-0.0006748084747 -0.0009606103531 0.009721105882)
(0.0004222799531 -0.001281366524 0.009721105882)
(0.0008350443922 -0.001119937838 0.009721105882)
(0.001243190571 -0.0009705251405 0.009721105882)
(0.001790848755 -1.042056387e-05 0.009721105882)
(0.001718289332 -0.0004775459998 0.009721105882)
(0.001874758642 0.0003717980187 0.009721105882)
(0.001620340809 0.0006206920998 0.009721105882)
(0.001344907978 0.0009797899987 0.009721105882)
(0.001041334524 0.001319527007 0.009721105882)
(-0.0004740520223 0.001718341652 0.009721105882)
(-0.0008923071438 0.00156068139 0.009721105882)
(-0.001270071805 0.001372945344 0.009721105882)
(-0.001557665641 0.001231959056 0.009721105882)
(-0.001629632925 0.0009097587353 0.009721105882)
(-0.001715418137 0.0004721296419 0.009721105882)
(-0.001787356484 -2.794999909e-06 0.009721105882)
(-0.001867679875 -0.0003780765589 0.009721105882)
(-0.001618079194 -0.0006306136485 0.009721105882)
(-0.001339815484 -0.0009864499857 0.009721105882)
(-0.001033967066 -0.001324198714 0.009721105882)
(0.0004816833139 -0.001717626918 0.009721105882)
(0.0009004117588 -0.001557870179 0.009721105882)
(0.001274416725 -0.001371606765 0.009721105882)
(0.001560032184 -0.001230699977 0.009721105882)
(0.001632489972 -0.000910091278 0.009721105882)
(0.002213086361 0.0005051225201 0.009721105882)
(0.00227 -2.016165013e-18 0.009721105882)
(0.00204519933 0.0009849160878 0.009721105882)
(0.001774757465 0.00141532185 0.009721105882)
(0.00141532185 0.001774757465 0.009721105882)
(0.0009849160878 0.00204519933 0.009721105882)
(0.0005051225201 0.002213086361 0.009721105882)
(-3.893332614e-18 0.00227 0.009721105882)
(-0.0005051225201 0.002213086361 0.009721105882)
(-0.0009849160878 0.00204519933 0.009721105882)
(-0.00141532185 0.001774757465 0.009721105882)
(-0.001774757465 0.00141532185 0.009721105882)
(-0.00204519933 0.0009849160878 0.009721105882)
(-0.002213086361 0.0005051225201 0.009721105882)
(-0.00227 2.779948234e-19 0.009721105882)
(-0.002213086361 -0.0005051225201 0.009721105882)
(-0.00204519933 -0.0009849160878 0.009721105882)
(-0.001774757465 -0.00141532185 0.009721105882)
(-0.00141532185 -0.001774757465 0.009721105882)
(-0.0009849160878 -0.00204519933 0.009721105882)
(-0.0005051225201 -0.002213086361 0.009721105882)
(-1.877167601e-18 -0.00227 0.009721105882)
(0.0005051225201 -0.002213086361 0.009721105882)
(0.0009849160878 -0.00204519933 0.009721105882)
(0.00141532185 -0.001774757465 0.009721105882)
(0.001774757465 -0.00141532185 0.009721105882)
(0.00204519933 -0.0009849160878 0.009721105882)
(0.002213086361 -0.0005051225201 0.009721105882)
(0.0002549783392 0.00148823152 0.01022121176)
(0.0003523407382 0.001783738617 0.01022121176)
(0.0007066344762 0.001600089729 0.01022121176)
(0.0004460517423 0.001266523339 0.01022121176)
(-3.436116456e-05 0.001407350945 0.01022121176)
(-4.500044161e-05 0.001797448385 0.01022121176)
(9.846795575e-05 0.001053538377 0.01022121176)
(-0.0002438007367 -0.001492333881 0.01022121176)
(-0.0003437086725 -0.001786388073 0.01022121176)
(-0.0006982317212 -0.001603104995 0.01022121176)
(-0.0004338947939 -0.001271435165 0.01022121176)
(4.58617183e-05 -0.001411816228 0.01022121176)
(5.278529518e-05 -0.00179973493 0.01022121176)
(-8.62642317e-05 -0.001060240977 0.01022121176)
(5.33055598e-06 -7.569654645e-06 0.01022121176)
(-0.0001706366213 0.0004238886521 0.01022121176)
(0.0002767283986 0.0006712240628 0.01022121176)
(0.0004790262607 0.0002546958768 0.01022121176)
(0.0006667435843 -0.0001953203733 0.01022121176)
(0.0001819169719 -0.0004385810476 0.01022121176)
(-0.0003116170191 0.000857307966 0.01022121176)
(-0.0006563371676 0.0001820636408 0.01022121176)
(-0.0007595572546 0.0006642510616 0.01022121176)
(-0.0004688864953 -0.0002704509558 0.01022121176)
(-0.0002640368596 -0.0006820804657 0.01022121176)
(0.0003244414692 -0.0008651390589 0.01022121176)
(0.0007703372699 -0.0006725549014 0.01022121176)
(0.001259378684 0.0001010530989 0.01022121176)
(0.001244725547 -0.0005092851124 0.01022121176)
(0.0009580369734 0.0005724914038 0.01022121176)
(0.000686355241 0.0009527389 0.01022121176)
(-0.000411913423 0.00127782731 0.01022121176)
(-0.0008252687158 0.001117838539 0.01022121176)
(-0.001236687262 0.0009697200325 0.01022121176)
(-0.001236177091 0.0005019180154 0.01022121176)
(-0.001252999921 -0.0001134184094 0.01022121176)
(-0.0009480716608 -0.0005850065929 0.01022121176)
(-0.0006748084747 -0.0009606103531 0.01022121176)
(0.0004222799531 -0.001281366524 0.01022121176)
(0.0008350443922 -0.001119937838 0.01022121176)
(0.001243190571 -0.0009705251405 0.01022121176)
(0.001790848755 -1.042056387e-05 0.01022121176)
(0.001718289332 -0.0004775459998 0.01022121176)
(0.001874758642 0.0003717980187 0.01022121176)
(0.001620340809 0.0006206920998 0.01022121176)
(0.001344907978 0.0009797899987 0.01022121176)
(0.001041334524 0.001319527007 0.01022121176)
(-0.0004740520223 0.001718341652 0.01022121176)
(-0.0008923071438 0.00156068139 0.01022121176)
(-0.001270071805 0.001372945344 0.01022121176)
(-0.001557665641 0.001231959056 0.01022121176)
(-0.001629632925 0.0009097587353 0.01022121176)
(-0.001715418137 0.0004721296419 0.01022121176)
(-0.001787356484 -2.794999909e-06 0.01022121176)
(-0.001867679875 -0.0003780765589 0.01022121176)
(-0.001618079194 -0.0006306136485 0.01022121176)
(-0.001339815484 -0.0009864499857 0.01022121176)
(-0.001033967066 -0.001324198714 0.01022121176)
(0.0004816833139 -0.001717626918 0.01022121176)
(0.0009004117588 -0.001557870179 0.01022121176)
(0.001274416725 -0.001371606765 0.01022121176)
(0.001560032184 -0.001230699977 0.01022121176)
(0.001632489972 -0.000910091278 0.01022121176)
(0.002213086361 0.0005051225201 0.01022121176)
(0.00227 0 0.01022121176)
(0.00204519933 0.0009849160878 0.01022121176)
(0.001774757465 0.00141532185 0.01022121176)
(0.00141532185 0.001774757465 0.01022121176)
(0.0009849160878 0.00204519933 0.01022121176)
(0.0005051225201 0.002213086361 0.01022121176)
(1.389974117e-19 0.00227 0.01022121176)
(-0.0005051225201 0.002213086361 0.01022121176)
(-0.0009849160878 0.00204519933 0.01022121176)
(-0.00141532185 0.001774757465 0.01022121176)
(-0.001774757465 0.00141532185 0.01022121176)
(-0.00204519933 0.0009849160878 0.01022121176)
(-0.002213086361 0.0005051225201 0.01022121176)
(-0.00227 2.779948234e-19 0.01022121176)
(-0.002213086361 -0.0005051225201 0.01022121176)
(-0.00204519933 -0.0009849160878 0.01022121176)
(-0.001774757465 -0.00141532185 0.01022121176)
(-0.00141532185 -0.001774757465 0.01022121176)
(-0.0009849160878 -0.00204519933 0.01022121176)
(-0.0005051225201 -0.002213086361 0.01022121176)
(2.155162424e-18 -0.00227 0.01022121176)
(0.0005051225201 -0.002213086361 0.01022121176)
(0.0009849160878 -0.00204519933 0.01022121176)
(0.00141532185 -0.001774757465 0.01022121176)
(0.001774757465 -0.00141532185 0.01022121176)
(0.00204519933 -0.0009849160878 0.01022121176)
(0.002213086361 -0.0005051225201 0.01022121176)
(0.0002549783392 0.00148823152 0.01072131765)
(0.0003523407382 0.001783738617 0.01072131765)
(0.0007066344762 0.001600089729 0.01072131765)
(0.0004460517423 0.001266523339 0.01072131765)
(-3.436116456e-05 0.001407350945 0.01072131765)
(-4.500044161e-05 0.001797448385 0.01072131765)
(9.846795575e-05 0.001053538377 0.01072131765)
(-0.0002438007367 -0.001492333881 0.01072131765)
(-0.0003437086725 -0.001786388073 0.01072131765)
(-0.0006982317212 -0.001603104995 0.01072131765)
(-0.0004338947939 -0.001271435165 0.01072131765)
(4.58617183e-05 -0.001411816228 0.01072131765)
(5.278529518e-05 -0.00179973493 0.01072131765)
(-8.62642317e-05 -0.001060240977 0.01072131765)
(5.33055598e-06 -7.569654645e-06 0.01072131765)
(-0.0001706366213 0.0004238886521 0.01072131765)
(0.0002767283986 0.0006712240628 0.01072131765)
(0.0004790262607 0.0002546958768 0.01072131765)
(0.0006667435843 -0.0001953203733 0.01072131765)
(0.0001819169719 -0.0004385810476 0.01072131765)
(-0.0003116170191 0.000857307966 0.01072131765)
(-0.0006563371676 0.0001820636408 0.01072131765)
(-0.0007595572546 0.0006642510616 0.01072131765)
(-0.0004688864953 -0.0002704509558 0.01072131765)
(-0.0002640368596 -0.0006820804657 0.01072131765)
(0.0003244414692 -0.0008651390589 0.01072131765)
(0.0007703372699 -0.0006725549014 0.01072131765)
(0.001259378684 0.0001010530989 0.01072131765)
(0.001244725547 -0.0005092851124 0.01072131765)
(0.0009580369734 0.0005724914038 0.01072131765)
(0.000686355241 0.0009527389 0.01072131765)
(-0.000411913423 0.00127782731 0.01072131765)
(-0.0008252687158 0.001117838539 0.01072131765)
(-0.001236687262 0.0009697200325 0.01072131765)
(-0.001236177091 0.0005019180154 0.01072131765)
(-0.001252999921 -0.0001134184094 0.01072131765)
(-0.0009480716608 -0.0005850065929 0.01072131765)
(-0.0006748084747 -0.0009606103531 0.01072131765)
(0.0004222799531 -0.001281366524 0.01072131765)
(0.0008350443922 -0.001119937838 0.01072131765)
(0.001243190571 -0.0009705251405 0.01072131765)
(0.001790848755 -1.042056387e-05 0.01072131765)
(0.001718289332 -0.0004775459998 0.01072131765)
(0.001874758642 0.0003717980187 0.01072131765)
(0.001620340809 0.0006206920998 0.01072131765)
(0.001344907978 0.0009797899987 0.01072131765)
(0.001041334524 0.001319527007 0.01072131765)
(-0.0004740520223 0.001718341652 0.01072131765)
(-0.0008923071438 0.00156068139 0.01072131765)
(-0.001270071805 0.001372945344 0.01072131765)
(-0.001557665641 0.001231959056 0.01072131765)
(-0.001629632925 0.0009097587353 0.01072131765)
(-0.001715418137 0.0004721296419 0.01072131765)
(-0.001787356484 -2.794999909e-06 0.01072131765)
(-0.001867679875 -0.0003780765589 0.01072131765)
(-0.001618079194 -0.0006306136485 0.01072131765)
(-0.001339815484 -0.0009864499857 0.01072131765)
(-0.001033967066 -0.001324198714 0.01072131765)
(0.0004816833139 -0.001717626918 0.01072131765)
(0.0009004117588 -0.001557870179 0.01072131765)
(0.001274416725 -0.001371606765 0.01072131765)
(0.001560032184 -0.001230699977 0.01072131765)
(0.001632489972 -0.000910091278 0.01072131765)
(0.002213086361 0.0005051225201 0.01072131765)
(0.00227 -2.016165013e-18 0.01072131765)
(0.00204519933 0.0009849160878 0.01072131765)
(0.001774757465 0.00141532185 0.01072131765)
(0.00141532185 0.001774757465 0.01072131765)
(0.0009849160878 0.00204519933 0.01072131765)
(0.0005051225201 0.002213086361 0.01072131765)
(4.171327437e-18 0.00227 0.01072131765)
(-0.0005051225201 0.002213086361 0.01072131765)
(-0.0009849160878 0.00204519933 0.01072131765)
(-0.00141532185 0.001774757465 0.01072131765)
(-0.001774757465 0.00141532185 0.01072131765)
(-0.00204519933 0.0009849160878 0.01072131765)
(-0.002213086361 0.0005051225201 0.01072131765)
(-0.00227 2.779948234e-19 0.01072131765)
(-0.002213086361 -0.0005051225201 0.01072131765)
(-0.00204519933 -0.0009849160878 0.01072131765)
(-0.001774757465 -0.00141532185 0.01072131765)
(-0.00141532185 -0.001774757465 0.01072131765)
(-0.0009849160878 -0.00204519933 0.01072131765)
(-0.0005051225201 -0.002213086361 0.01072131765)
(4.171327437e-18 -0.00227 0.01072131765)
(0.0005051225201 -0.002213086361 0.01072131765)
(0.0009849160878 -0.00204519933 0.01072131765)
(0.00141532185 -0.001774757465 0.01072131765)
(0.001774757465 -0.00141532185 0.01072131765)
(0.00204519933 -0.0009849160878 0.01072131765)
(0.002213086361 -0.0005051225201 0.01072131765)
(0.0002549783392 0.00148823152 0.01122142353)
(0.0003523407382 0.001783738617 0.01122142353)
(0.0007066344762 0.001600089729 0.01122142353)
(0.0004460517423 0.001266523339 0.01122142353)
(-3.436116456e-05 0.001407350945 0.01122142353)
(-4.500044161e-05 0.001797448385 0.01122142353)
(9.846795575e-05 0.001053538377 0.01122142353)
(-0.0002438007367 -0.001492333881 0.01122142353)
(-0.0003437086725 -0.001786388073 0.01122142353)
(-0.0006982317212 -0.001603104995 0.01122142353)
(-0.0004338947939 -0.001271435165 0.01122142353)
(4.58617183e-05 -0.001411816228 0.01122142353)
(5.278529518e-05 -0.00179973493 0.01122142353)
(-8.62642317e-05 -0.001060240977 0.01122142353)
(5.33055598e-06 -7.569654645e-06 0.01122142353)
(-0.0001706366213 0.0004238886521 0.01122142353)
(0.0002767283986 0.0006712240628 0.01122142353)
(0.0004790262607 0.0002546958768 0.01122142353)
(0.0006667435843 -0.0001953203733 0.01122142353)
(0.0001819169719 -0.0004385810476 0.01122142353)
(-0.0003116170191 0.000857307966 0.01122142353)
(-0.0006563371676 0.0001820636408 0.01122142353)
(-0.0007595572546 0.0006642510616 0.01122142353)
(-0.0004688864953 -0.0002704509558 0.01122142353)
(-0.0002640368596 -0.0006820804657 0.01122142353)
(0.0003244414692 -0.0008651390589 0.01122142353)
(0.0007703372699 -0.0006725549014 0.01122142353)
(0.001259378684 0.0001010530989 0.01122142353)
(0.001244725547 -0.0005092851124 0.01122142353)
(0.0009580369734 0.0005724914038 0.01122142353)
(0.000686355241 0.0009527389 0.01122142353)
(-0.000411913423 0.00127782731 0.01122142353)
(-0.0008252687158 0.001117838539 0.01122142353)
(-0.001236687262 0.0009697200325 0.01122142353)
(-0.001236177091 0.0005019180154 0.01122142353)
(-0.001252999921 -0.0001134184094 0.01122142353)
(-0.0009480716608 -0.0005850065929 0.01122142353)
(-0.0006748084747 -0.0009606103531 0.01122142353)
(0.0004222799531 -0.001281366524 0.01122142353)
(0.0008350443922 -0.001119937838 0.01122142353)
(0.001243190571 -0.0009705251405 0.01122142353)
(0.001790848755 -1.042056387e-05 0.01122142353)
(0.001718289332 -0.0004775459998 0.01122142353)
(0.001874758642 0.0003717980187 0.01122142353)
(0.001620340809 0.0006206920998 0.01122142353)
(0.001344907978 0.0009797899987 0.01122142353)
(0.001041334524 0.001319527007 0.01122142353)
(-0.0004740520223 0.001718341652 0.01122142353)
(-0.0008923071438 0.00156068139 0.01122142353)
(-0.001270071805 0.001372945344 0.01122142353)
(-0.001557665641 0.001231959056 0.01122142353)
(-0.001629632925 0.0009097587353 0.01122142353)
(-0.001715418137 0.0004721296419 0.01122142353)
(-0.001787356484 -2.794999909e-06 0.01122142353)
(-0.001867679875 -0.0003780765589 0.01122142353)
(-0.001618079194 -0.0006306136485 0.01122142353)
(-0.001339815484 -0.0009864499857 0.01122142353)
(-0.001033967066 -0.001324198714 0.01122142353)
(0.0004816833139 -0.001717626918 0.01122142353)
(0.0009004117588 -0.001557870179 0.01122142353)
(0.001274416725 -0.001371606765 0.01122142353)
(0.001560032184 -0.001230699977 0.01122142353)
(0.001632489972 -0.000910091278 0.01122142353)
(0.002213086361 0.0005051225201 0.01122142353)
(0.00227 2.016165013e-18 0.01122142353)
(0.00204519933 0.0009849160878 0.01122142353)
(0.001774757465 0.00141532185 0.01122142353)
(0.00141532185 0.001774757465 0.01122142353)
(0.0009849160878 0.00204519933 0.01122142353)
(0.0005051225201 0.002213086361 0.01122142353)
(2.155162424e-18 0.00227 0.01122142353)
(-0.0005051225201 0.002213086361 0.01122142353)
(-0.0009849160878 0.00204519933 0.01122142353)
(-0.00141532185 0.001774757465 0.01122142353)
(-0.001774757465 0.00141532185 0.01122142353)
(-0.00204519933 0.0009849160878 0.01122142353)
(-0.002213086361 0.0005051225201 0.01122142353)
(-0.00227 2.779948234e-19 0.01122142353)
(-0.002213086361 -0.0005051225201 0.01122142353)
(-0.00204519933 -0.0009849160878 0.01122142353)
(-0.001774757465 -0.00141532185 0.01122142353)
(-0.00141532185 -0.001774757465 0.01122142353)
(-0.0009849160878 -0.00204519933 0.01122142353)
(-0.0005051225201 -0.002213086361 0.01122142353)
(-5.909497627e-18 -0.00227 0.01122142353)
(0.0005051225201 -0.002213086361 0.01122142353)
(0.0009849160878 -0.00204519933 0.01122142353)
(0.00141532185 -0.001774757465 0.01122142353)
(0.001774757465 -0.00141532185 0.01122142353)
(0.00204519933 -0.0009849160878 0.01122142353)
(0.002213086361 -0.0005051225201 0.01122142353)
(0.0002549783392 0.00148823152 0.01172152941)
(0.0003523407382 0.001783738617 0.01172152941)
(0.0007066344762 0.001600089729 0.01172152941)
(0.0004460517423 0.001266523339 0.01172152941)
(-3.436116456e-05 0.001407350945 0.01172152941)
(-4.500044161e-05 0.001797448385 0.01172152941)
(9.846795575e-05 0.001053538377 0.01172152941)
(-0.0002438007367 -0.001492333881 0.01172152941)
(-0.0003437086725 -0.001786388073 0.01172152941)
(-0.0006982317212 -0.001603104995 0.01172152941)
(-0.0004338947939 -0.001271435165 0.01172152941)
(4.58617183e-05 -0.001411816228 0.01172152941)
(5.278529518e-05 -0.00179973493 0.01172152941)
(-8.62642317e-05 -0.001060240977 0.01172152941)
(5.33055598e-06 -7.569654645e-06 0.01172152941)
(-0.0001706366213 0.0004238886521 0.01172152941)
(0.0002767283986 0.0006712240628 0.01172152941)
(0.0004790262607 0.0002546958768 0.01172152941)
(0.0006667435843 -0.0001953203733 0.01172152941)
(0.0001819169719 -0.0004385810476 0.01172152941)
(-0.0003116170191 0.000857307966 0.01172152941)
(-0.0006563371676 0.0001820636408 0.01172152941)
(-0.0007595572546 0.0006642510616 0.01172152941)
(-0.0004688864953 -0.0002704509558 0.01172152941)
(-0.0002640368596 -0.0006820804657 0.01172152941)
(0.0003244414692 -0.0008651390589 0.01172152941)
(0.0007703372699 -0.0006725549014 0.01172152941)
(0.001259378684 0.0001010530989 0.01172152941)
(0.001244725547 -0.0005092851124 0.01172152941)
(0.0009580369734 0.0005724914038 0.01172152941)
(0.000686355241 0.0009527389 0.01172152941)
(-0.000411913423 0.00127782731 0.01172152941)
(-0.0008252687158 0.001117838539 0.01172152941)
(-0.001236687262 0.0009697200325 0.01172152941)
(-0.001236177091 0.0005019180154 0.01172152941)
(-0.001252999921 -0.0001134184094 0.01172152941)
(-0.0009480716608 -0.0005850065929 0.01172152941)
(-0.0006748084747 -0.0009606103531 0.01172152941)
(0.0004222799531 -0.001281366524 0.01172152941)
(0.0008350443922 -0.001119937838 0.01172152941)
(0.001243190571 -0.0009705251405 0.01172152941)
(0.001790848755 -1.042056387e-05 0.01172152941)
(0.001718289332 -0.0004775459998 0.01172152941)
(0.001874758642 0.0003717980187 0.01172152941)
(0.001620340809 0.0006206920998 0.01172152941)
(0.001344907978 0.0009797899987 0.01172152941)
(0.001041334524 0.001319527007 0.01172152941)
(-0.0004740520223 0.001718341652 0.01172152941)
(-0.0008923071438 0.00156068139 0.01172152941)
(-0.001270071805 0.001372945344 0.01172152941)
(-0.001557665641 0.001231959056 0.01172152941)
(-0.001629632925 0.0009097587353 0.01172152941)
(-0.001715418137 0.0004721296419 0.01172152941)
(-0.001787356484 -2.794999909e-06 0.01172152941)
(-0.001867679875 -0.0003780765589 0.01172152941)
(-0.001618079194 -0.0006306136485 0.01172152941)
(-0.001339815484 -0.0009864499857 0.01172152941)
(-0.001033967066 -0.001324198714 0.01172152941)
(0.0004816833139 -0.001717626918 0.01172152941)
(0.0009004117588 -0.001557870179 0.01172152941)
(0.001274416725 -0.001371606765 0.01172152941)
(0.001560032184 -0.001230699977 0.01172152941)
(0.001632489972 -0.000910091278 0.01172152941)
(0.002213086361 0.0005051225201 0.01172152941)
(0.00227 -2.016165013e-18 0.01172152941)
(0.00204519933 0.0009849160878 0.01172152941)
(0.001774757465 0.00141532185 0.01172152941)
(0.00141532185 0.001774757465 0.01172152941)
(0.0009849160878 0.00204519933 0.01172152941)
(0.0005051225201 0.002213086361 0.01172152941)
(1.389974117e-19 0.00227 0.01172152941)
(-0.0005051225201 0.002213086361 0.01172152941)
(-0.0009849160878 0.00204519933 0.01172152941)
(-0.00141532185 0.001774757465 0.01172152941)
(-0.001774757465 0.00141532185 0.01172152941)
(-0.00204519933 0.0009849160878 0.01172152941)
(-0.002213086361 0.0005051225201 0.01172152941)
(-0.00227 2.779948234e-19 0.01172152941)
(-0.002213086361 -0.0005051225201 0.01172152941)
(-0.00204519933 -0.0009849160878 0.01172152941)
(-0.001774757465 -0.00141532185 0.01172152941)
(-0.00141532185 -0.001774757465 0.01172152941)
(-0.0009849160878 -0.00204519933 0.01172152941)
(-0.0005051225201 -0.002213086361 0.01172152941)
(1.389974117e-19 -0.00227 0.01172152941)
(0.0005051225201 -0.002213086361 0.01172152941)
(0.0009849160878 -0.00204519933 0.01172152941)
(0.00141532185 -0.001774757465 0.01172152941)
(0.001774757465 -0.00141532185 0.01172152941)
(0.00204519933 -0.0009849160878 0.01172152941)
(0.002213086361 -0.0005051225201 0.01172152941)
(0.0002549783392 0.00148823152 0.01222163529)
(0.0003523407382 0.001783738617 0.01222163529)
(0.0007066344762 0.001600089729 0.01222163529)
(0.0004460517423 0.001266523339 0.01222163529)
(-3.436116456e-05 0.001407350945 0.01222163529)
(-4.500044161e-05 0.001797448385 0.01222163529)
(9.846795575e-05 0.001053538377 0.01222163529)
(-0.0002438007367 -0.001492333881 0.01222163529)
(-0.0003437086725 -0.001786388073 0.01222163529)
(-0.0006982317212 -0.001603104995 0.01222163529)
(-0.0004338947939 -0.001271435165 0.01222163529)
(4.58617183e-05 -0.001411816228 0.01222163529)
(5.278529518e-05 -0.00179973493 0.01222163529)
(-8.62642317e-05 -0.001060240977 0.01222163529)
(5.33055598e-06 -7.569654645e-06 0.01222163529)
(-0.0001706366213 0.0004238886521 0.01222163529)
(0.0002767283986 0.0006712240628 0.01222163529)
(0.0004790262607 0.0002546958768 0.01222163529)
(0.0006667435843 -0.0001953203733 0.01222163529)
(0.0001819169719 -0.0004385810476 0.01222163529)
(-0.0003116170191 0.000857307966 0.01222163529)
(-0.0006563371676 0.0001820636408 0.01222163529)
(-0.0007595572546 0.0006642510616 0.01222163529)
(-0.0004688864953 -0.0002704509558 0.01222163529)
(-0.0002640368596 -0.0006820804657 0.01222163529)
(0.0003244414692 -0.0008651390589 0.01222163529)
(0.0007703372699 -0.0006725549014 0.01222163529)
(0.001259378684 0.0001010530989 0.01222163529)
(0.001244725547 -0.0005092851124 0.01222163529)
(0.0009580369734 0.0005724914038 0.01222163529)
(0.000686355241 0.0009527389 0.01222163529)
(-0.000411913423 0.00127782731 0.01222163529)
(-0.0008252687158 0.001117838539 0.01222163529)
(-0.001236687262 0.0009697200325 0.01222163529)
(-0.001236177091 0.0005019180154 0.01222163529)
(-0.001252999921 -0.0001134184094 0.01222163529)
(-0.0009480716608 -0.0005850065929 0.01222163529)
(-0.0006748084747 -0.0009606103531 0.01222163529)
(0.0004222799531 -0.001281366524 0.01222163529)
(0.0008350443922 -0.001119937838 0.01222163529)
(0.001243190571 -0.0009705251405 0.01222163529)
(0.001790848755 -1.042056387e-05 0.01222163529)
(0.001718289332 -0.0004775459998 0.01222163529)
(0.001874758642 0.0003717980187 0.01222163529)
(0.001620340809 0.0006206920998 0.01222163529)
(0.001344907978 0.0009797899987 0.01222163529)
(0.001041334524 0.001319527007 0.01222163529)
(-0.0004740520223 0.001718341652 0.01222163529)
(-0.0008923071438 0.00156068139 0.01222163529)
(-0.001270071805 0.001372945344 0.01222163529)
(-0.001557665641 0.001231959056 0.01222163529)
(-0.001629632925 0.0009097587353 0.01222163529)
(-0.001715418137 0.0004721296419 0.01222163529)
(-0.001787356484 -2.794999909e-06 0.01222163529)
(-0.001867679875 -0.0003780765589 0.01222163529)
(-0.001618079194 -0.0006306136485 0.01222163529)
(-0.001339815484 -0.0009864499857 0.01222163529)
(-0.001033967066 -0.001324198714 0.01222163529)
(0.0004816833139 -0.001717626918 0.01222163529)
(0.0009004117588 -0.001557870179 0.01222163529)
(0.001274416725 -0.001371606765 0.01222163529)
(0.001560032184 -0.001230699977 0.01222163529)
(0.001632489972 -0.000910091278 0.01222163529)
(0.002213086361 0.0005051225201 0.01222163529)
(0.00227 0 0.01222163529)
(0.00204519933 0.0009849160878 0.01222163529)
(0.001774757465 0.00141532185 0.01222163529)
(0.00141532185 0.001774757465 0.01222163529)
(0.0009849160878 0.00204519933 0.01222163529)
(0.0005051225201 0.002213086361 0.01222163529)
(-3.893332614e-18 0.00227 0.01222163529)
(-0.0005051225201 0.002213086361 0.01222163529)
(-0.0009849160878 0.00204519933 0.01222163529)
(-0.00141532185 0.001774757465 0.01222163529)
(-0.001774757465 0.00141532185 0.01222163529)
(-0.00204519933 0.0009849160878 0.01222163529)
(-0.002213086361 0.0005051225201 0.01222163529)
(-0.00227 2.779948234e-19 0.01222163529)
(-0.002213086361 -0.0005051225201 0.01222163529)
(-0.00204519933 -0.0009849160878 0.01222163529)
(-0.001774757465 -0.00141532185 0.01222163529)
(-0.00141532185 -0.001774757465 0.01222163529)
(-0.0009849160878 -0.00204519933 0.01222163529)
(-0.0005051225201 -0.002213086361 0.01222163529)
(1.389974117e-19 -0.00227 0.01222163529)
(0.0005051225201 -0.002213086361 0.01222163529)
(0.0009849160878 -0.00204519933 0.01222163529)
(0.00141532185 -0.001774757465 0.01222163529)
(0.001774757465 -0.00141532185 0.01222163529)
(0.00204519933 -0.0009849160878 0.01222163529)
(0.002213086361 -0.0005051225201 0.01222163529)
(0.0002549783392 0.00148823152 0.01272174118)
(0.0003523407382 0.001783738617 0.01272174118)
(0.0007066344762 0.001600089729 0.01272174118)
(0.0004460517423 0.001266523339 0.01272174118)
(-3.436116456e-05 0.001407350945 0.01272174118)
(-4.500044161e-05 0.001797448385 0.01272174118)
(9.846795575e-05 0.001053538377 0.01272174118)
(-0.0002438007367 -0.001492333881 0.01272174118)
(-0.0003437086725 -0.001786388073 0.01272174118)
(-0.0006982317212 -0.001603104995 0.01272174118)
(-0.0004338947939 -0.001271435165 0.01272174118)
(4.58617183e-05 -0.001411816228 0.01272174118)
(5.278529518e-05 -0.00179973493 0.01272174118)
(-8.62642317e-05 -0.001060240977 0.01272174118)
(5.33055598e-06 -7.569654645e-06 0.01272174118)
(-0.0001706366213 0.0004238886521 0.01272174118)
(0.0002767283986 0.0006712240628 0.01272174118)
(0.0004790262607 0.0002546958768 0.01272174118)
(0.0006667435843 -0.0001953203733 0.01272174118)
(0.0001819169719 -0.0004385810476 0.01272174118)
(-0.0003116170191 0.000857307966 0.01272174118)
(-0.0006563371676 0.0001820636408 0.01272174118)
(-0.0007595572546 0.0006642510616 0.01272174118)
(-0.0004688864953 -0.0002704509558 0.01272174118)
(-0.0002640368596 -0.0006820804657 0.01272174118)
(0.0003244414692 -0.0008651390589 0.01272174118)
(0.0007703372699 -0.0006725549014 0.01272174118)
(0.001259378684 0.0001010530989 0.01272174118)
(0.001244725547 -0.0005092851124 0.01272174118)
(0.0009580369734 0.0005724914038 0.01272174118)
(0.000686355241 0.0009527389 0.01272174118)
(-0.000411913423 0.00127782731 0.01272174118)
(-0.0008252687158 0.001117838539 0.01272174118)
(-0.001236687262 0.0009697200325 0.01272174118)
(-0.001236177091 0.0005019180154 0.01272174118)
(-0.001252999921 -0.0001134184094 0.01272174118)
(-0.0009480716608 -0.0005850065929 0.01272174118)
(-0.0006748084747 -0.0009606103531 0.01272174118)
(0.0004222799531 -0.001281366524 0.01272174118)
(0.0008350443922 -0.001119937838 0.01272174118)
(0.001243190571 -0.0009705251405 0.01272174118)
(0.001790848755 -1.042056387e-05 0.01272174118)
(0.001718289332 -0.0004775459998 0.01272174118)
(0.001874758642 0.0003717980187 0.01272174118)
(0.001620340809 0.0006206920998 0.01272174118)
(0.001344907978 0.0009797899987 0.01272174118)
(0.001041334524 0.001319527007 0.01272174118)
(-0.0004740520223 0.001718341652 0.01272174118)
(-0.0008923071438 0.00156068139 0.01272174118)
(-0.001270071805 0.001372945344 0.01272174118)
(-0.001557665641 0.001231959056 0.01272174118)
(-0.001629632925 0.0009097587353 0.01272174118)
(-0.001715418137 0.0004721296419 0.01272174118)
(-0.001787356484 -2.794999909e-06 0.01272174118)
(-0.001867679875 -0.0003780765589 0.01272174118)
(-0.001618079194 -0.0006306136485 0.01272174118)
(-0.001339815484 -0.0009864499857 0.01272174118)
(-0.001033967066 -0.001324198714 0.01272174118)
(0.0004816833139 -0.001717626918 0.01272174118)
(0.0009004117588 -0.001557870179 0.01272174118)
(0.001274416725 -0.001371606765 0.01272174118)
(0.001560032184 -0.001230699977 0.01272174118)
(0.001632489972 -0.000910091278 0.01272174118)
(0.002213086361 0.0005051225201 0.01272174118)
(0.00227 -2.016165013e-18 0.01272174118)
(0.00204519933 0.0009849160878 0.01272174118)
(0.001774757465 0.00141532185 0.01272174118)
(0.00141532185 0.001774757465 0.01272174118)
(0.0009849160878 0.00204519933 0.01272174118)
(0.0005051225201 0.002213086361 0.01272174118)
(1.389974117e-19 0.00227 0.01272174118)
(-0.0005051225201 0.002213086361 0.01272174118)
(-0.0009849160878 0.00204519933 0.01272174118)
(-0.00141532185 0.001774757465 0.01272174118)
(-0.001774757465 0.00141532185 0.01272174118)
(-0.00204519933 0.0009849160878 0.01272174118)
(-0.002213086361 0.0005051225201 0.01272174118)
(-0.00227 2.779948234e-19 0.01272174118)
(-0.002213086361 -0.0005051225201 0.01272174118)
(-0.00204519933 -0.0009849160878 0.01272174118)
(-0.001774757465 -0.00141532185 0.01272174118)
(-0.00141532185 -0.001774757465 0.01272174118)
(-0.0009849160878 -0.00204519933 0.01272174118)
(-0.0005051225201 -0.002213086361 0.01272174118)
(2.155162424e-18 -0.00227 0.01272174118)
(0.0005051225201 -0.002213086361 0.01272174118)
(0.0009849160878 -0.00204519933 0.01272174118)
(0.00141532185 -0.001774757465 0.01272174118)
(0.001774757465 -0.00141532185 0.01272174118)
(0.00204519933 -0.0009849160878 0.01272174118)
(0.002213086361 -0.0005051225201 0.01272174118)
(0.0002549783392 0.00148823152 0.01322184706)
(0.0003523407382 0.001783738617 0.01322184706)
(0.0007066344762 0.001600089729 0.01322184706)
(0.0004460517423 0.001266523339 0.01322184706)
(-3.436116456e-05 0.001407350945 0.01322184706)
(-4.500044161e-05 0.001797448385 0.01322184706)
(9.846795575e-05 0.001053538377 0.01322184706)
(-0.0002438007367 -0.001492333881 0.01322184706)
(-0.0003437086725 -0.001786388073 0.01322184706)
(-0.0006982317212 -0.001603104995 0.01322184706)
(-0.0004338947939 -0.001271435165 0.01322184706)
(4.58617183e-05 -0.001411816228 0.01322184706)
(5.278529518e-05 -0.00179973493 0.01322184706)
(-8.62642317e-05 -0.001060240977 0.01322184706)
(5.33055598e-06 -7.569654645e-06 0.01322184706)
(-0.0001706366213 0.0004238886521 0.01322184706)
(0.0002767283986 0.0006712240628 0.01322184706)
(0.0004790262607 0.0002546958768 0.01322184706)
(0.0006667435843 -0.0001953203733 0.01322184706)
(0.0001819169719 -0.0004385810476 0.01322184706)
(-0.0003116170191 0.000857307966 0.01322184706)
(-0.0006563371676 0.0001820636408 0.01322184706)
(-0.0007595572546 0.0006642510616 0.01322184706)
(-0.0004688864953 -0.0002704509558 0.01322184706)
(-0.0002640368596 -0.0006820804657 0.01322184706)
(0.0003244414692 -0.0008651390589 0.01322184706)
(0.0007703372699 -0.0006725549014 0.01322184706)
(0.001259378684 0.0001010530989 0.01322184706)
(0.001244725547 -0.0005092851124 0.01322184706)
(0.0009580369734 0.0005724914038 0.01322184706)
(0.000686355241 0.0009527389 0.01322184706)
(-0.000411913423 0.00127782731 0.01322184706)
(-0.0008252687158 0.001117838539 0.01322184706)
(-0.001236687262 0.0009697200325 0.01322184706)
(-0.001236177091 0.0005019180154 0.01322184706)
(-0.001252999921 -0.0001134184094 0.01322184706)
(-0.0009480716608 -0.0005850065929 0.01322184706)
(-0.0006748084747 -0.0009606103531 0.01322184706)
(0.0004222799531 -0.001281366524 0.01322184706)
(0.0008350443922 -0.001119937838 0.01322184706)
(0.001243190571 -0.0009705251405 0.01322184706)
(0.001790848755 -1.042056387e-05 0.01322184706)
(0.001718289332 -0.0004775459998 0.01322184706)
(0.001874758642 0.0003717980187 0.01322184706)
(0.001620340809 0.0006206920998 0.01322184706)
(0.001344907978 0.0009797899987 0.01322184706)
(0.001041334524 0.001319527007 0.01322184706)
(-0.0004740520223 0.001718341652 0.01322184706)
(-0.0008923071438 0.00156068139 0.01322184706)
(-0.001270071805 0.001372945344 0.01322184706)
(-0.001557665641 0.001231959056 0.01322184706)
(-0.001629632925 0.0009097587353 0.01322184706)
(-0.001715418137 0.0004721296419 0.01322184706)
(-0.001787356484 -2.794999909e-06 0.01322184706)
(-0.001867679875 -0.0003780765589 0.01322184706)
(-0.001618079194 -0.0006306136485 0.01322184706)
(-0.001339815484 -0.0009864499857 0.01322184706)
(-0.001033967066 -0.001324198714 0.01322184706)
(0.0004816833139 -0.001717626918 0.01322184706)
(0.0009004117588 -0.001557870179 0.01322184706)
(0.001274416725 -0.001371606765 0.01322184706)
(0.001560032184 -0.001230699977 0.01322184706)
(0.001632489972 -0.000910091278 0.01322184706)
(0.002213086361 0.0005051225201 0.01322184706)
(0.00227 0 0.01322184706)
(0.00204519933 0.0009849160878 0.01322184706)
(0.001774757465 0.00141532185 0.01322184706)
(0.00141532185 0.001774757465 0.01322184706)
(0.0009849160878 0.00204519933 0.01322184706)
(0.0005051225201 0.002213086361 0.01322184706)
(4.171327437e-18 0.00227 0.01322184706)
(-0.0005051225201 0.002213086361 0.01322184706)
(-0.0009849160878 0.00204519933 0.01322184706)
(-0.00141532185 0.001774757465 0.01322184706)
(-0.001774757465 0.00141532185 0.01322184706)
(-0.00204519933 0.0009849160878 0.01322184706)
(-0.002213086361 0.0005051225201 0.01322184706)
(-0.00227 2.779948234e-19 0.01322184706)
(-0.002213086361 -0.0005051225201 0.01322184706)
(-0.00204519933 -0.0009849160878 0.01322184706)
(-0.001774757465 -0.00141532185 0.01322184706)
(-0.00141532185 -0.001774757465 0.01322184706)
(-0.0009849160878 -0.00204519933 0.01322184706)
(-0.0005051225201 -0.002213086361 0.01322184706)
(1.389974117e-19 -0.00227 0.01322184706)
(0.0005051225201 -0.002213086361 0.01322184706)
(0.0009849160878 -0.00204519933 0.01322184706)
(0.00141532185 -0.001774757465 0.01322184706)
(0.001774757465 -0.00141532185 0.01322184706)
(0.00204519933 -0.0009849160878 0.01322184706)
(0.002213086361 -0.0005051225201 0.01322184706)
(0.0002549783392 0.00148823152 0.01372195294)
(0.0003523407382 0.001783738617 0.01372195294)
(0.0007066344762 0.001600089729 0.01372195294)
(0.0004460517423 0.001266523339 0.01372195294)
(-3.436116456e-05 0.001407350945 0.01372195294)
(-4.500044161e-05 0.001797448385 0.01372195294)
(9.846795575e-05 0.001053538377 0.01372195294)
(-0.0002438007367 -0.001492333881 0.01372195294)
(-0.0003437086725 -0.001786388073 0.01372195294)
(-0.0006982317212 -0.001603104995 0.01372195294)
(-0.0004338947939 -0.001271435165 0.01372195294)
(4.58617183e-05 -0.001411816228 0.01372195294)
(5.278529518e-05 -0.00179973493 0.01372195294)
(-8.62642317e-05 -0.001060240977 0.01372195294)
(5.33055598e-06 -7.569654645e-06 0.01372195294)
(-0.0001706366213 0.0004238886521 0.01372195294)
(0.0002767283986 0.0006712240628 0.01372195294)
(0.0004790262607 0.0002546958768 0.01372195294)
(0.0006667435843 -0.0001953203733 0.01372195294)
(0.0001819169719 -0.0004385810476 0.01372195294)
(-0.0003116170191 0.000857307966 0.01372195294)
(-0.0006563371676 0.0001820636408 0.01372195294)
(-0.0007595572546 0.0006642510616 0.01372195294)
(-0.0004688864953 -0.0002704509558 0.01372195294)
(-0.0002640368596 -0.0006820804657 0.01372195294)
(0.0003244414692 -0.0008651390589 0.01372195294)
(0.0007703372699 -0.0006725549014 0.01372195294)
(0.001259378684 0.0001010530989 0.01372195294)
(0.001244725547 -0.0005092851124 0.01372195294)
(0.0009580369734 0.0005724914038 0.01372195294)
(0.000686355241 0.0009527389 0.01372195294)
(-0.000411913423 0.00127782731 0.01372195294)
(-0.0008252687158 0.001117838539 0.01372195294)
(-0.001236687262 0.0009697200325 0.01372195294)
(-0.001236177091 0.0005019180154 0.01372195294)
(-0.001252999921 -0.0001134184094 0.01372195294)
(-0.0009480716608 -0.0005850065929 0.01372195294)
(-0.0006748084747 -0.0009606103531 0.01372195294)
(0.0004222799531 -0.001281366524 0.01372195294)
(0.0008350443922 -0.001119937838 0.01372195294)
(0.001243190571 -0.0009705251405 0.01372195294)
(0.001790848755 -1.042056387e-05 0.01372195294)
(0.001718289332 -0.0004775459998 0.01372195294)
(0.001874758642 0.0003717980187 0.01372195294)
(0.001620340809 0.0006206920998 0.01372195294)
(0.001344907978 0.0009797899987 0.01372195294)
(0.001041334524 0.001319527007 0.01372195294)
(-0.0004740520223 0.001718341652 0.01372195294)
(-0.0008923071438 0.00156068139 0.01372195294)
(-0.001270071805 0.001372945344 0.01372195294)
(-0.001557665641 0.001231959056 0.01372195294)
(-0.001629632925 0.0009097587353 0.01372195294)
(-0.001715418137 0.0004721296419 0.01372195294)
(-0.001787356484 -2.794999909e-06 0.01372195294)
(-0.001867679875 -0.0003780765589 0.01372195294)
(-0.001618079194 -0.0006306136485 0.01372195294)
(-0.001339815484 -0.0009864499857 0.01372195294)
(-0.001033967066 -0.001324198714 0.01372195294)
(0.0004816833139 -0.001717626918 0.01372195294)
(0.0009004117588 -0.001557870179 0.01372195294)
(0.001274416725 -0.001371606765 0.01372195294)
(0.001560032184 -0.001230699977 0.01372195294)
(0.001632489972 -0.000910091278 0.01372195294)
(0.002213086361 0.0005051225201 0.01372195294)
(0.00227 -2.016165013e-18 0.01372195294)
(0.00204519933 0.0009849160878 0.01372195294)
(0.001774757465 0.00141532185 0.01372195294)
(0.00141532185 0.001774757465 0.01372195294)
(0.0009849160878 0.00204519933 0.01372195294)
(0.0005051225201 0.002213086361 0.01372195294)
(1.389974117e-19 0.00227 0.01372195294)
(-0.0005051225201 0.002213086361 0.01372195294)
(-0.0009849160878 0.00204519933 0.01372195294)
(-0.00141532185 0.001774757465 0.01372195294)
(-0.001774757465 0.00141532185 0.01372195294)
(-0.00204519933 0.0009849160878 0.01372195294)
(-0.002213086361 0.0005051225201 0.01372195294)
(-0.00227 2.779948234e-19 0.01372195294)
(-0.002213086361 -0.0005051225201 0.01372195294)
(-0.00204519933 -0.0009849160878 0.01372195294)
(-0.001774757465 -0.00141532185 0.01372195294)
(-0.00141532185 -0.001774757465 0.01372195294)
(-0.0009849160878 -0.00204519933 0.01372195294)
(-0.0005051225201 -0.002213086361 0.01372195294)
(1.389974117e-19 -0.00227 0.01372195294)
(0.0005051225201 -0.002213086361 0.01372195294)
(0.0009849160878 -0.00204519933 0.01372195294)
(0.00141532185 -0.001774757465 0.01372195294)
(0.001774757465 -0.00141532185 0.01372195294)
(0.00204519933 -0.0009849160878 0.01372195294)
(0.002213086361 -0.0005051225201 0.01372195294)
(0.0002549783392 0.00148823152 0.01422205882)
(0.0003523407382 0.001783738617 0.01422205882)
(0.0007066344762 0.001600089729 0.01422205882)
(0.0004460517423 0.001266523339 0.01422205882)
(-3.436116456e-05 0.001407350945 0.01422205882)
(-4.500044161e-05 0.001797448385 0.01422205882)
(9.846795575e-05 0.001053538377 0.01422205882)
(-0.0002438007367 -0.001492333881 0.01422205882)
(-0.0003437086725 -0.001786388073 0.01422205882)
(-0.0006982317212 -0.001603104995 0.01422205882)
(-0.0004338947939 -0.001271435165 0.01422205882)
(4.58617183e-05 -0.001411816228 0.01422205882)
(5.278529518e-05 -0.00179973493 0.01422205882)
(-8.62642317e-05 -0.001060240977 0.01422205882)
(5.33055598e-06 -7.569654645e-06 0.01422205882)
(-0.0001706366213 0.0004238886521 0.01422205882)
(0.0002767283986 0.0006712240628 0.01422205882)
(0.0004790262607 0.0002546958768 0.01422205882)
(0.0006667435843 -0.0001953203733 0.01422205882)
(0.0001819169719 -0.0004385810476 0.01422205882)
(-0.0003116170191 0.000857307966 0.01422205882)
(-0.0006563371676 0.0001820636408 0.01422205882)
(-0.0007595572546 0.0006642510616 0.01422205882)
(-0.0004688864953 -0.0002704509558 0.01422205882)
(-0.0002640368596 -0.0006820804657 0.01422205882)
(0.0003244414692 -0.0008651390589 0.01422205882)
(0.0007703372699 -0.0006725549014 0.01422205882)
(0.001259378684 0.0001010530989 0.01422205882)
(0.001244725547 -0.0005092851124 0.01422205882)
(0.0009580369734 0.0005724914038 0.01422205882)
(0.000686355241 0.0009527389 0.01422205882)
(-0.000411913423 0.00127782731 0.01422205882)
(-0.0008252687158 0.001117838539 0.01422205882)
(-0.001236687262 0.0009697200325 0.01422205882)
(-0.001236177091 0.0005019180154 0.01422205882)
(-0.001252999921 -0.0001134184094 0.01422205882)
(-0.0009480716608 -0.0005850065929 0.01422205882)
(-0.0006748084747 -0.0009606103531 0.01422205882)
(0.0004222799531 -0.001281366524 0.01422205882)
(0.0008350443922 -0.001119937838 0.01422205882)
(0.001243190571 -0.0009705251405 0.01422205882)
(0.001790848755 -1.042056387e-05 0.01422205882)
(0.001718289332 -0.0004775459998 0.01422205882)
(0.001874758642 0.0003717980187 0.01422205882)
(0.001620340809 0.0006206920998 0.01422205882)
(0.001344907978 0.0009797899987 0.01422205882)
(0.001041334524 0.001319527007 0.01422205882)
(-0.0004740520223 0.001718341652 0.01422205882)
(-0.0008923071438 0.00156068139 0.01422205882)
(-0.001270071805 0.001372945344 0.01422205882)
(-0.001557665641 0.001231959056 0.01422205882)
(-0.001629632925 0.0009097587353 0.01422205882)
(-0.001715418137 0.0004721296419 0.01422205882)
(-0.001787356484 -2.794999909e-06 0.01422205882)
(-0.001867679875 -0.0003780765589 0.01422205882)
(-0.001618079194 -0.0006306136485 0.01422205882)
(-0.001339815484 -0.0009864499857 0.01422205882)
(-0.001033967066 -0.001324198714 0.01422205882)
(0.0004816833139 -0.001717626918 0.01422205882)
(0.0009004117588 -0.001557870179 0.01422205882)
(0.001274416725 -0.001371606765 0.01422205882)
(0.001560032184 -0.001230699977 0.01422205882)
(0.001632489972 -0.000910091278 0.01422205882)
(0.002213086361 0.0005051225201 0.01422205882)
(0.00227 4.032330025e-18 0.01422205882)
(0.00204519933 0.0009849160878 0.01422205882)
(0.001774757465 0.00141532185 0.01422205882)
(0.00141532185 0.001774757465 0.01422205882)
(0.0009849160878 0.00204519933 0.01422205882)
(0.0005051225201 0.002213086361 0.01422205882)
(-3.893332614e-18 0.00227 0.01422205882)
(-0.0005051225201 0.002213086361 0.01422205882)
(-0.0009849160878 0.00204519933 0.01422205882)
(-0.00141532185 0.001774757465 0.01422205882)
(-0.001774757465 0.00141532185 0.01422205882)
(-0.00204519933 0.0009849160878 0.01422205882)
(-0.002213086361 0.0005051225201 0.01422205882)
(-0.00227 2.779948234e-19 0.01422205882)
(-0.002213086361 -0.0005051225201 0.01422205882)
(-0.00204519933 -0.0009849160878 0.01422205882)
(-0.001774757465 -0.00141532185 0.01422205882)
(-0.00141532185 -0.001774757465 0.01422205882)
(-0.0009849160878 -0.00204519933 0.01422205882)
(-0.0005051225201 -0.002213086361 0.01422205882)
(2.155162424e-18 -0.00227 0.01422205882)
(0.0005051225201 -0.002213086361 0.01422205882)
(0.0009849160878 -0.00204519933 0.01422205882)
(0.00141532185 -0.001774757465 0.01422205882)
(0.001774757465 -0.00141532185 0.01422205882)
(0.00204519933 -0.0009849160878 0.01422205882)
(0.002213086361 -0.0005051225201 0.01422205882)
(0.0002549783392 0.00148823152 0.01472216471)
(0.0003523407382 0.001783738617 0.01472216471)
(0.0007066344762 0.001600089729 0.01472216471)
(0.0004460517423 0.001266523339 0.01472216471)
(-3.436116456e-05 0.001407350945 0.01472216471)
(-4.500044161e-05 0.001797448385 0.01472216471)
(9.846795575e-05 0.001053538377 0.01472216471)
(-0.0002438007367 -0.001492333881 0.01472216471)
(-0.0003437086725 -0.001786388073 0.01472216471)
(-0.0006982317212 -0.001603104995 0.01472216471)
(-0.0004338947939 -0.001271435165 0.01472216471)
(4.58617183e-05 -0.001411816228 0.01472216471)
(5.278529518e-05 -0.00179973493 0.01472216471)
(-8.62642317e-05 -0.001060240977 0.01472216471)
(5.33055598e-06 -7.569654645e-06 0.01472216471)
(-0.0001706366213 0.0004238886521 0.01472216471)
(0.0002767283986 0.0006712240628 0.01472216471)
(0.0004790262607 0.0002546958768 0.01472216471)
(0.0006667435843 -0.0001953203733 0.01472216471)
(0.0001819169719 -0.0004385810476 0.01472216471)
(-0.0003116170191 0.000857307966 0.01472216471)
(-0.0006563371676 0.0001820636408 0.01472216471)
(-0.0007595572546 0.0006642510616 0.01472216471)
(-0.0004688864953 -0.0002704509558 0.01472216471)
(-0.0002640368596 -0.0006820804657 0.01472216471)
(0.0003244414692 -0.0008651390589 0.01472216471)
(0.0007703372699 -0.0006725549014 0.01472216471)
(0.001259378684 0.0001010530989 0.01472216471)
(0.001244725547 -0.0005092851124 0.01472216471)
(0.0009580369734 0.0005724914038 0.01472216471)
(0.000686355241 0.0009527389 0.01472216471)
(-0.000411913423 0.00127782731 0.01472216471)
(-0.0008252687158 0.001117838539 0.01472216471)
(-0.001236687262 0.0009697200325 0.01472216471)
(-0.001236177091 0.0005019180154 0.01472216471)
(-0.001252999921 -0.0001134184094 0.01472216471)
(-0.0009480716608 -0.0005850065929 0.01472216471)
(-0.0006748084747 -0.0009606103531 0.01472216471)
(0.0004222799531 -0.001281366524 0.01472216471)
(0.0008350443922 -0.001119937838 0.01472216471)
(0.001243190571 -0.0009705251405 0.01472216471)
(0.001790848755 -1.042056387e-05 0.01472216471)
(0.001718289332 -0.0004775459998 0.01472216471)
(0.001874758642 0.0003717980187 0.01472216471)
(0.001620340809 0.0006206920998 0.01472216471)
(0.001344907978 0.0009797899987 0.01472216471)
(0.001041334524 0.001319527007 0.01472216471)
(-0.0004740520223 0.001718341652 0.01472216471)
(-0.0008923071438 0.00156068139 0.01472216471)
(-0.001270071805 0.001372945344 0.01472216471)
(-0.001557665641 0.001231959056 0.01472216471)
(-0.001629632925 0.0009097587353 0.01472216471)
(-0.001715418137 0.0004721296419 0.01472216471)
(-0.001787356484 -2.794999909e-06 0.01472216471)
(-0.001867679875 -0.0003780765589 0.01472216471)
(-0.001618079194 -0.0006306136485 0.01472216471)
(-0.001339815484 -0.0009864499857 0.01472216471)
(-0.001033967066 -0.001324198714 0.01472216471)
(0.0004816833139 -0.001717626918 0.01472216471)
(0.0009004117588 -0.001557870179 0.01472216471)
(0.001274416725 -0.001371606765 0.01472216471)
(0.001560032184 -0.001230699977 0.01472216471)
(0.001632489972 -0.000910091278 0.01472216471)
(0.002213086361 0.0005051225201 0.01472216471)
(0.00227 -2.016165013e-18 0.01472216471)
(0.00204519933 0.0009849160878 0.01472216471)
(0.001774757465 0.00141532185 0.01472216471)
(0.00141532185 0.001774757465 0.01472216471)
(0.0009849160878 0.00204519933 0.01472216471)
(0.0005051225201 0.002213086361 0.01472216471)
(1.389974117e-19 0.00227 0.01472216471)
(-0.0005051225201 0.002213086361 0.01472216471)
(-0.0009849160878 0.00204519933 0.01472216471)
(-0.00141532185 0.001774757465 0.01472216471)
(-0.001774757465 0.00141532185 0.01472216471)
(-0.00204519933 0.0009849160878 0.01472216471)
(-0.002213086361 0.0005051225201 0.01472216471)
(-0.00227 2.779948234e-19 0.01472216471)
(-0.002213086361 -0.0005051225201 0.01472216471)
(-0.00204519933 -0.0009849160878 0.01472216471)
(-0.001774757465 -0.00141532185 0.01472216471)
(-0.00141532185 -0.001774757465 0.01472216471)
(-0.0009849160878 -0.00204519933 0.01472216471)
(-0.0005051225201 -0.002213086361 0.01472216471)
(1.389974117e-19 -0.00227 0.01472216471)
(0.0005051225201 -0.002213086361 0.01472216471)
(0.0009849160878 -0.00204519933 0.01472216471)
(0.00141532185 -0.001774757465 0.01472216471)
(0.001774757465 -0.00141532185 0.01472216471)
(0.00204519933 -0.0009849160878 0.01472216471)
(0.002213086361 -0.0005051225201 0.01472216471)
(0.0002549783392 0.00148823152 0.01522227059)
(0.0003523407382 0.001783738617 0.01522227059)
(0.0007066344762 0.001600089729 0.01522227059)
(0.0004460517423 0.001266523339 0.01522227059)
(-3.436116456e-05 0.001407350945 0.01522227059)
(-4.500044161e-05 0.001797448385 0.01522227059)
(9.846795575e-05 0.001053538377 0.01522227059)
(-0.0002438007367 -0.001492333881 0.01522227059)
(-0.0003437086725 -0.001786388073 0.01522227059)
(-0.0006982317212 -0.001603104995 0.01522227059)
(-0.0004338947939 -0.001271435165 0.01522227059)
(4.58617183e-05 -0.001411816228 0.01522227059)
(5.278529518e-05 -0.00179973493 0.01522227059)
(-8.62642317e-05 -0.001060240977 0.01522227059)
(5.33055598e-06 -7.569654645e-06 0.01522227059)
(-0.0001706366213 0.0004238886521 0.01522227059)
(0.0002767283986 0.0006712240628 0.01522227059)
(0.0004790262607 0.0002546958768 0.01522227059)
(0.0006667435843 -0.0001953203733 0.01522227059)
(0.0001819169719 -0.0004385810476 0.01522227059)
(-0.0003116170191 0.000857307966 0.01522227059)
(-0.0006563371676 0.0001820636408 0.01522227059)
(-0.0007595572546 0.0006642510616 0.01522227059)
(-0.0004688864953 -0.0002704509558 0.01522227059)
(-0.0002640368596 -0.0006820804657 0.01522227059)
(0.0003244414692 -0.0008651390589 0.01522227059)
(0.0007703372699 -0.0006725549014 0.01522227059)
(0.001259378684 0.0001010530989 0.01522227059)
(0.001244725547 -0.0005092851124 0.01522227059)
(0.0009580369734 0.0005724914038 0.01522227059)
(0.000686355241 0.0009527389 0.01522227059)
(-0.000411913423 0.00127782731 0.01522227059)
(-0.0008252687158 0.001117838539 0.01522227059)
(-0.001236687262 0.0009697200325 0.01522227059)
(-0.001236177091 0.0005019180154 0.01522227059)
(-0.001252999921 -0.0001134184094 0.01522227059)
(-0.0009480716608 -0.0005850065929 0.01522227059)
(-0.0006748084747 -0.0009606103531 0.01522227059)
(0.0004222799531 -0.001281366524 0.01522227059)
(0.0008350443922 -0.001119937838 0.01522227059)
(0.001243190571 -0.0009705251405 0.01522227059)
(0.001790848755 -1.042056387e-05 0.01522227059)
(0.001718289332 -0.0004775459998 0.01522227059)
(0.001874758642 0.0003717980187 0.01522227059)
(0.001620340809 0.0006206920998 0.01522227059)
(0.001344907978 0.0009797899987 0.01522227059)
(0.001041334524 0.001319527007 0.01522227059)
(-0.0004740520223 0.001718341652 0.01522227059)
(-0.0008923071438 0.00156068139 0.01522227059)
(-0.001270071805 0.001372945344 0.01522227059)
(-0.001557665641 0.001231959056 0.01522227059)
(-0.001629632925 0.0009097587353 0.01522227059)
(-0.001715418137 0.0004721296419 0.01522227059)
(-0.001787356484 -2.794999909e-06 0.01522227059)
(-0.001867679875 -0.0003780765589 0.01522227059)
(-0.001618079194 -0.0006306136485 0.01522227059)
(-0.001339815484 -0.0009864499857 0.01522227059)
(-0.001033967066 -0.001324198714 0.01522227059)
(0.0004816833139 -0.001717626918 0.01522227059)
(0.0009004117588 -0.001557870179 0.01522227059)
(0.001274416725 -0.001371606765 0.01522227059)
(0.001560032184 -0.001230699977 0.01522227059)
(0.001632489972 -0.000910091278 0.01522227059)
(0.002213086361 0.0005051225201 0.01522227059)
(0.00227 0 0.01522227059)
(0.00204519933 0.0009849160878 0.01522227059)
(0.001774757465 0.00141532185 0.01522227059)
(0.00141532185 0.001774757465 0.01522227059)
(0.0009849160878 0.00204519933 0.01522227059)
(0.0005051225201 0.002213086361 0.01522227059)
(4.171327437e-18 0.00227 0.01522227059)
(-0.0005051225201 0.002213086361 0.01522227059)
(-0.0009849160878 0.00204519933 0.01522227059)
(-0.00141532185 0.001774757465 0.01522227059)
(-0.001774757465 0.00141532185 0.01522227059)
(-0.00204519933 0.0009849160878 0.01522227059)
(-0.002213086361 0.0005051225201 0.01522227059)
(-0.00227 2.779948234e-19 0.01522227059)
(-0.002213086361 -0.0005051225201 0.01522227059)
(-0.00204519933 -0.0009849160878 0.01522227059)
(-0.001774757465 -0.00141532185 0.01522227059)
(-0.00141532185 -0.001774757465 0.01522227059)
(-0.0009849160878 -0.00204519933 0.01522227059)
(-0.0005051225201 -0.002213086361 0.01522227059)
(1.389974117e-19 -0.00227 0.01522227059)
(0.0005051225201 -0.002213086361 0.01522227059)
(0.0009849160878 -0.00204519933 0.01522227059)
(0.00141532185 -0.001774757465 0.01522227059)
(0.001774757465 -0.00141532185 0.01522227059)
(0.00204519933 -0.0009849160878 0.01522227059)
(0.002213086361 -0.0005051225201 0.01522227059)
(0.0002549783392 0.00148823152 0.01572237647)
(0.0003523407382 0.001783738617 0.01572237647)
(0.0007066344762 0.001600089729 0.01572237647)
(0.0004460517423 0.001266523339 0.01572237647)
(-3.436116456e-05 0.001407350945 0.01572237647)
(-4.500044161e-05 0.001797448385 0.01572237647)
(9.846795575e-05 0.001053538377 0.01572237647)
(-0.0002438007367 -0.001492333881 0.01572237647)
(-0.0003437086725 -0.001786388073 0.01572237647)
(-0.0006982317212 -0.001603104995 0.01572237647)
(-0.0004338947939 -0.001271435165 0.01572237647)
(4.58617183e-05 -0.001411816228 0.01572237647)
(5.278529518e-05 -0.00179973493 0.01572237647)
(-8.62642317e-05 -0.001060240977 0.01572237647)
(5.33055598e-06 -7.569654645e-06 0.01572237647)
(-0.0001706366213 0.0004238886521 0.01572237647)
(0.0002767283986 0.0006712240628 0.01572237647)
(0.0004790262607 0.0002546958768 0.01572237647)
(0.0006667435843 -0.0001953203733 0.01572237647)
(0.0001819169719 -0.0004385810476 0.01572237647)
(-0.0003116170191 0.000857307966 0.01572237647)
(-0.0006563371676 0.0001820636408 0.01572237647)
(-0.0007595572546 0.0006642510616 0.01572237647)
(-0.0004688864953 -0.0002704509558 0.01572237647)
(-0.0002640368596 -0.0006820804657 0.01572237647)
(0.0003244414692 -0.0008651390589 0.01572237647)
(0.0007703372699 -0.0006725549014 0.01572237647)
(0.001259378684 0.0001010530989 0.01572237647)
(0.001244725547 -0.0005092851124 0.01572237647)
(0.0009580369734 0.0005724914038 0.01572237647)
(0.000686355241 0.0009527389 0.01572237647)
(-0.000411913423 0.00127782731 0.01572237647)
(-0.0008252687158 0.001117838539 0.01572237647)
(-0.001236687262 0.0009697200325 0.01572237647)
(-0.001236177091 0.0005019180154 0.01572237647)
(-0.001252999921 -0.0001134184094 0.01572237647)
(-0.0009480716608 -0.0005850065929 0.01572237647)
(-0.0006748084747 -0.0009606103531 0.01572237647)
(0.0004222799531 -0.001281366524 0.01572237647)
(0.0008350443922 -0.001119937838 0.01572237647)
(0.001243190571 -0.0009705251405 0.01572237647)
(0.001790848755 -1.042056387e-05 0.01572237647)
(0.001718289332 -0.0004775459998 0.01572237647)
(0.001874758642 0.0003717980187 0.01572237647)
(0.001620340809 0.0006206920998 0.01572237647)
(0.001344907978 0.0009797899987 0.01572237647)
(0.001041334524 0.001319527007 0.01572237647)
(-0.0004740520223 0.001718341652 0.01572237647)
(-0.0008923071438 0.00156068139 0.01572237647)
(-0.001270071805 0.001372945344 0.01572237647)
(-0.001557665641 0.001231959056 0.01572237647)
(-0.001629632925 0.0009097587353 0.01572237647)
(-0.001715418137 0.0004721296419 0.01572237647)
(-0.001787356484 -2.794999909e-06 0.01572237647)
(-0.001867679875 -0.0003780765589 0.01572237647)
(-0.001618079194 -0.0006306136485 0.01572237647)
(-0.001339815484 -0.0009864499857 0.01572237647)
(-0.001033967066 -0.001324198714 0.01572237647)
(0.0004816833139 -0.001717626918 0.01572237647)
(0.0009004117588 -0.001557870179 0.01572237647)
(0.001274416725 -0.001371606765 0.01572237647)
(0.001560032184 -0.001230699977 0.01572237647)
(0.001632489972 -0.000910091278 0.01572237647)
(0.002213086361 0.0005051225201 0.01572237647)
(0.00227 0 0.01572237647)
(0.00204519933 0.0009849160878 0.01572237647)
(0.001774757465 0.00141532185 0.01572237647)
(0.00141532185 0.001774757465 0.01572237647)
(0.0009849160878 0.00204519933 0.01572237647)
(0.0005051225201 0.002213086361 0.01572237647)
(4.171327437e-18 0.00227 0.01572237647)
(-0.0005051225201 0.002213086361 0.01572237647)
(-0.0009849160878 0.00204519933 0.01572237647)
(-0.00141532185 0.001774757465 0.01572237647)
(-0.001774757465 0.00141532185 0.01572237647)
(-0.00204519933 0.0009849160878 0.01572237647)
(-0.002213086361 0.0005051225201 0.01572237647)
(-0.00227 2.779948234e-19 0.01572237647)
(-0.002213086361 -0.0005051225201 0.01572237647)
(-0.00204519933 -0.0009849160878 0.01572237647)
(-0.001774757465 -0.00141532185 0.01572237647)
(-0.00141532185 -0.001774757465 0.01572237647)
(-0.0009849160878 -0.00204519933 0.01572237647)
(-0.0005051225201 -0.002213086361 0.01572237647)
(1.389974117e-19 -0.00227 0.01572237647)
(0.0005051225201 -0.002213086361 0.01572237647)
(0.0009849160878 -0.00204519933 0.01572237647)
(0.00141532185 -0.001774757465 0.01572237647)
(0.001774757465 -0.00141532185 0.01572237647)
(0.00204519933 -0.0009849160878 0.01572237647)
(0.002213086361 -0.0005051225201 0.01572237647)
(0.0002549783392 0.00148823152 0.01622248235)
(0.0003523407382 0.001783738617 0.01622248235)
(0.0007066344762 0.001600089729 0.01622248235)
(0.0004460517423 0.001266523339 0.01622248235)
(-3.436116456e-05 0.001407350945 0.01622248235)
(-4.500044161e-05 0.001797448385 0.01622248235)
(9.846795575e-05 0.001053538377 0.01622248235)
(-0.0002438007367 -0.001492333881 0.01622248235)
(-0.0003437086725 -0.001786388073 0.01622248235)
(-0.0006982317212 -0.001603104995 0.01622248235)
(-0.0004338947939 -0.001271435165 0.01622248235)
(4.58617183e-05 -0.001411816228 0.01622248235)
(5.278529518e-05 -0.00179973493 0.01622248235)
(-8.62642317e-05 -0.001060240977 0.01622248235)
(5.33055598e-06 -7.569654645e-06 0.01622248235)
(-0.0001706366213 0.0004238886521 0.01622248235)
(0.0002767283986 0.0006712240628 0.01622248235)
(0.0004790262607 0.0002546958768 0.01622248235)
(0.0006667435843 -0.0001953203733 0.01622248235)
(0.0001819169719 -0.0004385810476 0.01622248235)
(-0.0003116170191 0.000857307966 0.01622248235)
(-0.0006563371676 0.0001820636408 0.01622248235)
(-0.0007595572546 0.0006642510616 0.01622248235)
(-0.0004688864953 -0.0002704509558 0.01622248235)
(-0.0002640368596 -0.0006820804657 0.01622248235)
(0.0003244414692 -0.0008651390589 0.01622248235)
(0.0007703372699 -0.0006725549014 0.01622248235)
(0.001259378684 0.0001010530989 0.01622248235)
(0.001244725547 -0.0005092851124 0.01622248235)
(0.0009580369734 0.0005724914038 0.01622248235)
(0.000686355241 0.0009527389 0.01622248235)
(-0.000411913423 0.00127782731 0.01622248235)
(-0.0008252687158 0.001117838539 0.01622248235)
(-0.001236687262 0.0009697200325 0.01622248235)
(-0.001236177091 0.0005019180154 0.01622248235)
(-0.001252999921 -0.0001134184094 0.01622248235)
(-0.0009480716608 -0.0005850065929 0.01622248235)
(-0.0006748084747 -0.0009606103531 0.01622248235)
(0.0004222799531 -0.001281366524 0.01622248235)
(0.0008350443922 -0.001119937838 0.01622248235)
(0.001243190571 -0.0009705251405 0.01622248235)
(0.001790848755 -1.042056387e-05 0.01622248235)
(0.001718289332 -0.0004775459998 0.01622248235)
(0.001874758642 0.0003717980187 0.01622248235)
(0.001620340809 0.0006206920998 0.01622248235)
(0.001344907978 0.0009797899987 0.01622248235)
(0.001041334524 0.001319527007 0.01622248235)
(-0.0004740520223 0.001718341652 0.01622248235)
(-0.0008923071438 0.00156068139 0.01622248235)
(-0.001270071805 0.001372945344 0.01622248235)
(-0.001557665641 0.001231959056 0.01622248235)
(-0.001629632925 0.0009097587353 0.01622248235)
(-0.001715418137 0.0004721296419 0.01622248235)
(-0.001787356484 -2.794999909e-06 0.01622248235)
(-0.001867679875 -0.0003780765589 0.01622248235)
(-0.001618079194 -0.0006306136485 0.01622248235)
(-0.001339815484 -0.0009864499857 0.01622248235)
(-0.001033967066 -0.001324198714 0.01622248235)
(0.0004816833139 -0.001717626918 0.01622248235)
(0.0009004117588 -0.001557870179 0.01622248235)
(0.001274416725 -0.001371606765 0.01622248235)
(0.001560032184 -0.001230699977 0.01622248235)
(0.001632489972 -0.000910091278 0.01622248235)
(0.002213086361 0.0005051225201 0.01622248235)
(0.00227 2.016165013e-18 0.01622248235)
(0.00204519933 0.0009849160878 0.01622248235)
(0.001774757465 0.00141532185 0.01622248235)
(0.00141532185 0.001774757465 0.01622248235)
(0.0009849160878 0.00204519933 0.01622248235)
(0.0005051225201 0.002213086361 0.01622248235)
(1.389974117e-19 0.00227 0.01622248235)
(-0.0005051225201 0.002213086361 0.01622248235)
(-0.0009849160878 0.00204519933 0.01622248235)
(-0.00141532185 0.001774757465 0.01622248235)
(-0.001774757465 0.00141532185 0.01622248235)
(-0.00204519933 0.0009849160878 0.01622248235)
(-0.002213086361 0.0005051225201 0.01622248235)
(-0.00227 2.779948234e-19 0.01622248235)
(-0.002213086361 -0.0005051225201 0.01622248235)
(-0.00204519933 -0.0009849160878 0.01622248235)
(-0.001774757465 -0.00141532185 0.01622248235)
(-0.00141532185 -0.001774757465 0.01622248235)
(-0.0009849160878 -0.00204519933 0.01622248235)
(-0.0005051225201 -0.002213086361 0.01622248235)
(1.389974117e-19 -0.00227 0.01622248235)
(0.0005051225201 -0.002213086361 0.01622248235)
(0.0009849160878 -0.00204519933 0.01622248235)
(0.00141532185 -0.001774757465 0.01622248235)
(0.001774757465 -0.00141532185 0.01622248235)
(0.00204519933 -0.0009849160878 0.01622248235)
(0.002213086361 -0.0005051225201 0.01622248235)
(0.0002549783392 0.00148823152 0.01672258823)
(0.0003523407382 0.001783738617 0.01672258823)
(0.0007066344762 0.001600089729 0.01672258823)
(0.0004460517423 0.001266523339 0.01672258823)
(-3.436116456e-05 0.001407350945 0.01672258823)
(-4.500044161e-05 0.001797448385 0.01672258823)
(9.846795575e-05 0.001053538377 0.01672258823)
(-0.0002438007367 -0.001492333881 0.01672258823)
(-0.0003437086725 -0.001786388073 0.01672258823)
(-0.0006982317212 -0.001603104995 0.01672258823)
(-0.0004338947939 -0.001271435165 0.01672258823)
(4.58617183e-05 -0.001411816228 0.01672258823)
(5.278529518e-05 -0.00179973493 0.01672258823)
(-8.62642317e-05 -0.001060240977 0.01672258823)
(5.33055598e-06 -7.569654645e-06 0.01672258823)
(-0.0001706366213 0.0004238886521 0.01672258823)
(0.0002767283986 0.0006712240628 0.01672258823)
(0.0004790262607 0.0002546958768 0.01672258823)
(0.0006667435843 -0.0001953203733 0.01672258823)
(0.0001819169719 -0.0004385810476 0.01672258823)
(-0.0003116170191 0.000857307966 0.01672258823)
(-0.0006563371676 0.0001820636408 0.01672258823)
(-0.0007595572546 0.0006642510616 0.01672258823)
(-0.0004688864953 -0.0002704509558 0.01672258823)
(-0.0002640368596 -0.0006820804657 0.01672258823)
(0.0003244414692 -0.0008651390589 0.01672258823)
(0.0007703372699 -0.0006725549014 0.01672258823)
(0.001259378684 0.0001010530989 0.01672258823)
(0.001244725547 -0.0005092851124 0.01672258823)
(0.0009580369734 0.0005724914038 0.01672258823)
(0.000686355241 0.0009527389 0.01672258823)
(-0.000411913423 0.00127782731 0.01672258823)
(-0.0008252687158 0.001117838539 0.01672258823)
(-0.001236687262 0.0009697200325 0.01672258823)
(-0.001236177091 0.0005019180154 0.01672258823)
(-0.001252999921 -0.0001134184094 0.01672258823)
(-0.0009480716608 -0.0005850065929 0.01672258823)
(-0.0006748084747 -0.0009606103531 0.01672258823)
(0.0004222799531 -0.001281366524 0.01672258823)
(0.0008350443922 -0.001119937838 0.01672258823)
(0.001243190571 -0.0009705251405 0.01672258823)
(0.001790848755 -1.042056387e-05 0.01672258823)
(0.001718289332 -0.0004775459998 0.01672258823)
(0.001874758642 0.0003717980187 0.01672258823)
(0.001620340809 0.0006206920998 0.01672258823)
(0.001344907978 0.0009797899987 0.01672258823)
(0.001041334524 0.001319527007 0.01672258823)
(-0.0004740520223 0.001718341652 0.01672258823)
(-0.0008923071438 0.00156068139 0.01672258823)
(-0.001270071805 0.001372945344 0.01672258823)
(-0.001557665641 0.001231959056 0.01672258823)
(-0.001629632925 0.0009097587353 0.01672258823)
(-0.001715418137 0.0004721296419 0.01672258823)
(-0.001787356484 -2.794999909e-06 0.01672258823)
(-0.001867679875 -0.0003780765589 0.01672258823)
(-0.001618079194 -0.0006306136485 0.01672258823)
(-0.001339815484 -0.0009864499857 0.01672258823)
(-0.001033967066 -0.001324198714 0.01672258823)
(0.0004816833139 -0.001717626918 0.01672258823)
(0.0009004117588 -0.001557870179 0.01672258823)
(0.001274416725 -0.001371606765 0.01672258823)
(0.001560032184 -0.001230699977 0.01672258823)
(0.001632489972 -0.000910091278 0.01672258823)
(0.002213086361 0.0005051225201 0.01672258823)
(0.00227 -2.016165013e-18 0.01672258823)
(0.00204519933 0.0009849160878 0.01672258823)
(0.001774757465 0.00141532185 0.01672258823)
(0.00141532185 0.001774757465 0.01672258823)
(0.0009849160878 0.00204519933 0.01672258823)
(0.0005051225201 0.002213086361 0.01672258823)
(1.389974117e-19 0.00227 0.01672258823)
(-0.0005051225201 0.002213086361 0.01672258823)
(-0.0009849160878 0.00204519933 0.01672258823)
(-0.00141532185 0.001774757465 0.01672258823)
(-0.001774757465 0.00141532185 0.01672258823)
(-0.00204519933 0.0009849160878 0.01672258823)
(-0.002213086361 0.0005051225201 0.01672258823)
(-0.00227 2.779948234e-19 0.01672258823)
(-0.002213086361 -0.0005051225201 0.01672258823)
(-0.00204519933 -0.0009849160878 0.01672258823)
(-0.001774757465 -0.00141532185 0.01672258823)
(-0.00141532185 -0.001774757465 0.01672258823)
(-0.0009849160878 -0.00204519933 0.01672258823)
(-0.0005051225201 -0.002213086361 0.01672258823)
(6.18749245e-18 -0.00227 0.01672258823)
(0.0005051225201 -0.002213086361 0.01672258823)
(0.0009849160878 -0.00204519933 0.01672258823)
(0.00141532185 -0.001774757465 0.01672258823)
(0.001774757465 -0.00141532185 0.01672258823)
(0.00204519933 -0.0009849160878 0.01672258823)
(0.002213086361 -0.0005051225201 0.01672258823)
(0.0002549783392 0.00148823152 0.01722269412)
(0.0003523407382 0.001783738617 0.01722269412)
(0.0007066344762 0.001600089729 0.01722269412)
(0.0004460517423 0.001266523339 0.01722269412)
(-3.436116456e-05 0.001407350945 0.01722269412)
(-4.500044161e-05 0.001797448385 0.01722269412)
(9.846795575e-05 0.001053538377 0.01722269412)
(-0.0002438007367 -0.001492333881 0.01722269412)
(-0.0003437086725 -0.001786388073 0.01722269412)
(-0.0006982317212 -0.001603104995 0.01722269412)
(-0.0004338947939 -0.001271435165 0.01722269412)
(4.58617183e-05 -0.001411816228 0.01722269412)
(5.278529518e-05 -0.00179973493 0.01722269412)
(-8.62642317e-05 -0.001060240977 0.01722269412)
(5.33055598e-06 -7.569654645e-06 0.01722269412)
(-0.0001706366213 0.0004238886521 0.01722269412)
(0.0002767283986 0.0006712240628 0.01722269412)
(0.0004790262607 0.0002546958768 0.01722269412)
(0.0006667435843 -0.0001953203733 0.01722269412)
(0.0001819169719 -0.0004385810476 0.01722269412)
(-0.0003116170191 0.000857307966 0.01722269412)
(-0.0006563371676 0.0001820636408 0.01722269412)
(-0.0007595572546 0.0006642510616 0.01722269412)
(-0.0004688864953 -0.0002704509558 0.01722269412)
(-0.0002640368596 -0.0006820804657 0.01722269412)
(0.0003244414692 -0.0008651390589 0.01722269412)
(0.0007703372699 -0.0006725549014 0.01722269412)
(0.001259378684 0.0001010530989 0.01722269412)
(0.001244725547 -0.0005092851124 0.01722269412)
(0.0009580369734 0.0005724914038 0.01722269412)
(0.000686355241 0.0009527389 0.01722269412)
(-0.000411913423 0.00127782731 0.01722269412)
(-0.0008252687158 0.001117838539 0.01722269412)
(-0.001236687262 0.0009697200325 0.01722269412)
(-0.001236177091 0.0005019180154 0.01722269412)
(-0.001252999921 -0.0001134184094 0.01722269412)
(-0.0009480716608 -0.0005850065929 0.01722269412)
(-0.0006748084747 -0.0009606103531 0.01722269412)
(0.0004222799531 -0.001281366524 0.01722269412)
(0.0008350443922 -0.001119937838 0.01722269412)
(0.001243190571 -0.0009705251405 0.01722269412)
(0.001790848755 -1.042056387e-05 0.01722269412)
(0.001718289332 -0.0004775459998 0.01722269412)
(0.001874758642 0.0003717980187 0.01722269412)
(0.001620340809 0.0006206920998 0.01722269412)
(0.001344907978 0.0009797899987 0.01722269412)
(0.001041334524 0.001319527007 0.01722269412)
(-0.0004740520223 0.001718341652 0.01722269412)
(-0.0008923071438 0.00156068139 0.01722269412)
(-0.001270071805 0.001372945344 0.01722269412)
(-0.001557665641 0.001231959056 0.01722269412)
(-0.001629632925 0.0009097587353 0.01722269412)
(-0.001715418137 0.0004721296419 0.01722269412)
(-0.001787356484 -2.794999909e-06 0.01722269412)
(-0.001867679875 -0.0003780765589 0.01722269412)
(-0.001618079194 -0.0006306136485 0.01722269412)
(-0.001339815484 -0.0009864499857 0.01722269412)
(-0.001033967066 -0.001324198714 0.01722269412)
(0.0004816833139 -0.001717626918 0.01722269412)
(0.0009004117588 -0.001557870179 0.01722269412)
(0.001274416725 -0.001371606765 0.01722269412)
(0.001560032184 -0.001230699977 0.01722269412)
(0.001632489972 -0.000910091278 0.01722269412)
(0.002213086361 0.0005051225201 0.01722269412)
(0.00227 2.016165013e-18 0.01722269412)
(0.00204519933 0.0009849160878 0.01722269412)
(0.001774757465 0.00141532185 0.01722269412)
(0.00141532185 0.001774757465 0.01722269412)
(0.0009849160878 0.00204519933 0.01722269412)
(0.0005051225201 0.002213086361 0.01722269412)
(1.389974117e-19 0.00227 0.01722269412)
(-0.0005051225201 0.002213086361 0.01722269412)
(-0.0009849160878 0.00204519933 0.01722269412)
(-0.00141532185 0.001774757465 0.01722269412)
(-0.001774757465 0.00141532185 0.01722269412)
(-0.00204519933 0.0009849160878 0.01722269412)
(-0.002213086361 0.0005051225201 0.01722269412)
(-0.00227 2.779948234e-19 0.01722269412)
(-0.002213086361 -0.0005051225201 0.01722269412)
(-0.00204519933 -0.0009849160878 0.01722269412)
(-0.001774757465 -0.00141532185 0.01722269412)
(-0.00141532185 -0.001774757465 0.01722269412)
(-0.0009849160878 -0.00204519933 0.01722269412)
(-0.0005051225201 -0.002213086361 0.01722269412)
(-5.909497627e-18 -0.00227 0.01722269412)
(0.0005051225201 -0.002213086361 0.01722269412)
(0.0009849160878 -0.00204519933 0.01722269412)
(0.00141532185 -0.001774757465 0.01722269412)
(0.001774757465 -0.00141532185 0.01722269412)
(0.00204519933 -0.0009849160878 0.01722269412)
(0.002213086361 -0.0005051225201 0.01722269412)
(0.0002549783392 0.00148823152 0.0177228)
(0.0003523407382 0.001783738617 0.0177228)
(0.0007066344762 0.001600089729 0.0177228)
(0.0004460517423 0.001266523339 0.0177228)
(-3.436116456e-05 0.001407350945 0.0177228)
(-4.500044161e-05 0.001797448385 0.0177228)
(9.846795575e-05 0.001053538377 0.0177228)
(-0.0002438007367 -0.001492333881 0.0177228)
(-0.0003437086725 -0.001786388073 0.0177228)
(-0.0006982317212 -0.001603104995 0.0177228)
(-0.0004338947939 -0.001271435165 0.0177228)
(4.58617183e-05 -0.001411816228 0.0177228)
(5.278529518e-05 -0.00179973493 0.0177228)
(-8.62642317e-05 -0.001060240977 0.0177228)
(5.33055598e-06 -7.569654645e-06 0.0177228)
(-0.0001706366213 0.0004238886521 0.0177228)
(0.0002767283986 0.0006712240628 0.0177228)
(0.0004790262607 0.0002546958768 0.0177228)
(0.0006667435843 -0.0001953203733 0.0177228)
(0.0001819169719 -0.0004385810476 0.0177228)
(-0.0003116170191 0.000857307966 0.0177228)
(-0.0006563371676 0.0001820636408 0.0177228)
(-0.0007595572546 0.0006642510616 0.0177228)
(-0.0004688864953 -0.0002704509558 0.0177228)
(-0.0002640368596 -0.0006820804657 0.0177228)
(0.0003244414692 -0.0008651390589 0.0177228)
(0.0007703372699 -0.0006725549014 0.0177228)
(0.001259378684 0.0001010530989 0.0177228)
(0.001244725547 -0.0005092851124 0.0177228)
(0.0009580369734 0.0005724914038 0.0177228)
(0.000686355241 0.0009527389 0.0177228)
(-0.000411913423 0.00127782731 0.0177228)
(-0.0008252687158 0.001117838539 0.0177228)
(-0.001236687262 0.0009697200325 0.0177228)
(-0.001236177091 0.0005019180154 0.0177228)
(-0.001252999921 -0.0001134184094 0.0177228)
(-0.0009480716608 -0.0005850065929 0.0177228)
(-0.0006748084747 -0.0009606103531 0.0177228)
(0.0004222799531 -0.001281366524 0.0177228)
(0.0008350443922 -0.001119937838 0.0177228)
(0.001243190571 -0.0009705251405 0.0177228)
(0.001790848755 -1.042056387e-05 0.0177228)
(0.001718289332 -0.0004775459998 0.0177228)
(0.001874758642 0.0003717980187 0.0177228)
(0.001620340809 0.0006206920998 0.0177228)
(0.001344907978 0.0009797899987 0.0177228)
(0.001041334524 0.001319527007 0.0177228)
(-0.0004740520223 0.001718341652 0.0177228)
(-0.0008923071438 0.00156068139 0.0177228)
(-0.001270071805 0.001372945344 0.0177228)
(-0.001557665641 0.001231959056 0.0177228)
(-0.001629632925 0.0009097587353 0.0177228)
(-0.001715418137 0.0004721296419 0.0177228)
(-0.001787356484 -2.794999909e-06 0.0177228)
(-0.001867679875 -0.0003780765589 0.0177228)
(-0.001618079194 -0.0006306136485 0.0177228)
(-0.001339815484 -0.0009864499857 0.0177228)
(-0.001033967066 -0.001324198714 0.0177228)
(0.0004816833139 -0.001717626918 0.0177228)
(0.0009004117588 -0.001557870179 0.0177228)
(0.001274416725 -0.001371606765 0.0177228)
(0.001560032184 -0.001230699977 0.0177228)
(0.001632489972 -0.000910091278 0.0177228)
(0.002213086361 0.0005051225201 0.0177228)
(0.00227 0 0.0177228)
(0.00204519933 0.0009849160878 0.0177228)
(0.001774757465 0.00141532185 0.0177228)
(0.00141532185 0.001774757465 0.0177228)
(0.0009849160878 0.00204519933 0.0177228)
(0.0005051225201 0.002213086361 0.0177228)
(4.171327437e-18 0.00227 0.0177228)
(-0.0005051225201 0.002213086361 0.0177228)
(-0.0009849160878 0.00204519933 0.0177228)
(-0.00141532185 0.001774757465 0.0177228)
(-0.001774757465 0.00141532185 0.0177228)
(-0.00204519933 0.0009849160878 0.0177228)
(-0.002213086361 0.0005051225201 0.0177228)
(-0.00227 2.779948234e-19 0.0177228)
(-0.002213086361 -0.0005051225201 0.0177228)
(-0.00204519933 -0.0009849160878 0.0177228)
(-0.001774757465 -0.00141532185 0.0177228)
(-0.00141532185 -0.001774757465 0.0177228)
(-0.0009849160878 -0.00204519933 0.0177228)
(-0.0005051225201 -0.002213086361 0.0177228)
(-3.893332614e-18 -0.00227 0.0177228)
(0.0005051225201 -0.002213086361 0.0177228)
(0.0009849160878 -0.00204519933 0.0177228)
(0.00141532185 -0.001774757465 0.0177228)
(0.001774757465 -0.00141532185 0.0177228)
(0.00204519933 -0.0009849160878 0.0177228)
(0.002213086361 -0.0005051225201 0.0177228)
(0.0002549783392 0.00148823152 0.01822290588)
(0.0003523407382 0.001783738617 0.01822290588)
(0.0007066344762 0.001600089729 0.01822290588)
(0.0004460517423 0.001266523339 0.01822290588)
(-3.436116456e-05 0.001407350945 0.01822290588)
(-4.500044161e-05 0.001797448385 0.01822290588)
(9.846795575e-05 0.001053538377 0.01822290588)
(-0.0002438007367 -0.001492333881 0.01822290588)
(-0.0003437086725 -0.001786388073 0.01822290588)
(-0.0006982317212 -0.001603104995 0.01822290588)
(-0.0004338947939 -0.001271435165 0.01822290588)
(4.58617183e-05 -0.001411816228 0.01822290588)
(5.278529518e-05 -0.00179973493 0.01822290588)
(-8.62642317e-05 -0.001060240977 0.01822290588)
(5.33055598e-06 -7.569654645e-06 0.01822290588)
(-0.0001706366213 0.0004238886521 0.01822290588)
(0.0002767283986 0.0006712240628 0.01822290588)
(0.0004790262607 0.0002546958768 0.01822290588)
(0.0006667435843 -0.0001953203733 0.01822290588)
(0.0001819169719 -0.0004385810476 0.01822290588)
(-0.0003116170191 0.000857307966 0.01822290588)
(-0.0006563371676 0.0001820636408 0.01822290588)
(-0.0007595572546 0.0006642510616 0.01822290588)
(-0.0004688864953 -0.0002704509558 0.01822290588)
(-0.0002640368596 -0.0006820804657 0.01822290588)
(0.0003244414692 -0.0008651390589 0.01822290588)
(0.0007703372699 -0.0006725549014 0.01822290588)
(0.001259378684 0.0001010530989 0.01822290588)
(0.001244725547 -0.0005092851124 0.01822290588)
(0.0009580369734 0.0005724914038 0.01822290588)
(0.000686355241 0.0009527389 0.01822290588)
(-0.000411913423 0.00127782731 0.01822290588)
(-0.0008252687158 0.001117838539 0.01822290588)
(-0.001236687262 0.0009697200325 0.01822290588)
(-0.001236177091 0.0005019180154 0.01822290588)
(-0.001252999921 -0.0001134184094 0.01822290588)
(-0.0009480716608 -0.0005850065929 0.01822290588)
(-0.0006748084747 -0.0009606103531 0.01822290588)
(0.0004222799531 -0.001281366524 0.01822290588)
(0.0008350443922 -0.001119937838 0.01822290588)
(0.001243190571 -0.0009705251405 0.01822290588)
(0.001790848755 -1.042056387e-05 0.01822290588)
(0.001718289332 -0.0004775459998 0.01822290588)
(0.001874758642 0.0003717980187 0.01822290588)
(0.001620340809 0.0006206920998 0.01822290588)
(0.001344907978 0.0009797899987 0.01822290588)
(0.001041334524 0.001319527007 0.01822290588)
(-0.0004740520223 0.001718341652 0.01822290588)
(-0.0008923071438 0.00156068139 0.01822290588)
(-0.001270071805 0.001372945344 0.01822290588)
(-0.001557665641 0.001231959056 0.01822290588)
(-0.001629632925 0.0009097587353 0.01822290588)
(-0.001715418137 0.0004721296419 0.01822290588)
(-0.001787356484 -2.794999909e-06 0.01822290588)
(-0.001867679875 -0.0003780765589 0.01822290588)
(-0.001618079194 -0.0006306136485 0.01822290588)
(-0.001339815484 -0.0009864499857 0.01822290588)
(-0.001033967066 -0.001324198714 0.01822290588)
(0.0004816833139 -0.001717626918 0.01822290588)
(0.0009004117588 -0.001557870179 0.01822290588)
(0.001274416725 -0.001371606765 0.01822290588)
(0.001560032184 -0.001230699977 0.01822290588)
(0.001632489972 -0.000910091278 0.01822290588)
(0.002213086361 0.0005051225201 0.01822290588)
(0.00227 2.016165013e-18 0.01822290588)
(0.00204519933 0.0009849160878 0.01822290588)
(0.001774757465 0.00141532185 0.01822290588)
(0.00141532185 0.001774757465 0.01822290588)
(0.0009849160878 0.00204519933 0.01822290588)
(0.0005051225201 0.002213086361 0.01822290588)
(1.389974117e-19 0.00227 0.01822290588)
(-0.0005051225201 0.002213086361 0.01822290588)
(-0.0009849160878 0.00204519933 0.01822290588)
(-0.00141532185 0.001774757465 0.01822290588)
(-0.001774757465 0.00141532185 0.01822290588)
(-0.00204519933 0.0009849160878 0.01822290588)
(-0.002213086361 0.0005051225201 0.01822290588)
(-0.00227 2.779948234e-19 0.01822290588)
(-0.002213086361 -0.0005051225201 0.01822290588)
(-0.00204519933 -0.0009849160878 0.01822290588)
(-0.001774757465 -0.00141532185 0.01822290588)
(-0.00141532185 -0.001774757465 0.01822290588)
(-0.0009849160878 -0.00204519933 0.01822290588)
(-0.0005051225201 -0.002213086361 0.01822290588)
(8.203657463e-18 -0.00227 0.01822290588)
(0.0005051225201 -0.002213086361 0.01822290588)
(0.0009849160878 -0.00204519933 0.01822290588)
(0.00141532185 -0.001774757465 0.01822290588)
(0.001774757465 -0.00141532185 0.01822290588)
(0.00204519933 -0.0009849160878 0.01822290588)
(0.002213086361 -0.0005051225201 0.01822290588)
(0.0002549783392 0.00148823152 0.01872301176)
(0.0003523407382 0.001783738617 0.01872301176)
(0.0007066344762 0.001600089729 0.01872301176)
(0.0004460517423 0.001266523339 0.01872301176)
(-3.436116456e-05 0.001407350945 0.01872301176)
(-4.500044161e-05 0.001797448385 0.01872301176)
(9.846795575e-05 0.001053538377 0.01872301176)
(-0.0002438007367 -0.001492333881 0.01872301176)
(-0.0003437086725 -0.001786388073 0.01872301176)
(-0.0006982317212 -0.001603104995 0.01872301176)
(-0.0004338947939 -0.001271435165 0.01872301176)
(4.58617183e-05 -0.001411816228 0.01872301176)
(5.278529518e-05 -0.00179973493 0.01872301176)
(-8.62642317e-05 -0.001060240977 0.01872301176)
(5.33055598e-06 -7.569654645e-06 0.01872301176)
(-0.0001706366213 0.0004238886521 0.01872301176)
(0.0002767283986 0.0006712240628 0.01872301176)
(0.0004790262607 0.0002546958768 0.01872301176)
(0.0006667435843 -0.0001953203733 0.01872301176)
(0.0001819169719 -0.0004385810476 0.01872301176)
(-0.0003116170191 0.000857307966 0.01872301176)
(-0.0006563371676 0.0001820636408 0.01872301176)
(-0.0007595572546 0.0006642510616 0.01872301176)
(-0.0004688864953 -0.0002704509558 0.01872301176)
(-0.0002640368596 -0.0006820804657 0.01872301176)
(0.0003244414692 -0.0008651390589 0.01872301176)
(0.0007703372699 -0.0006725549014 0.01872301176)
(0.001259378684 0.0001010530989 0.01872301176)
(0.001244725547 -0.0005092851124 0.01872301176)
(0.0009580369734 0.0005724914038 0.01872301176)
(0.000686355241 0.0009527389 0.01872301176)
(-0.000411913423 0.00127782731 0.01872301176)
(-0.0008252687158 0.001117838539 0.01872301176)
(-0.001236687262 0.0009697200325 0.01872301176)
(-0.001236177091 0.0005019180154 0.01872301176)
(-0.001252999921 -0.0001134184094 0.01872301176)
(-0.0009480716608 -0.0005850065929 0.01872301176)
(-0.0006748084747 -0.0009606103531 0.01872301176)
(0.0004222799531 -0.001281366524 0.01872301176)
(0.0008350443922 -0.001119937838 0.01872301176)
(0.001243190571 -0.0009705251405 0.01872301176)
(0.001790848755 -1.042056387e-05 0.01872301176)
(0.001718289332 -0.0004775459998 0.01872301176)
(0.001874758642 0.0003717980187 0.01872301176)
(0.001620340809 0.0006206920998 0.01872301176)
(0.001344907978 0.0009797899987 0.01872301176)
(0.001041334524 0.001319527007 0.01872301176)
(-0.0004740520223 0.001718341652 0.01872301176)
(-0.0008923071438 0.00156068139 0.01872301176)
(-0.001270071805 0.001372945344 0.01872301176)
(-0.001557665641 0.001231959056 0.01872301176)
(-0.001629632925 0.0009097587353 0.01872301176)
(-0.001715418137 0.0004721296419 0.01872301176)
(-0.001787356484 -2.794999909e-06 0.01872301176)
(-0.001867679875 -0.0003780765589 0.01872301176)
(-0.001618079194 -0.0006306136485 0.01872301176)
(-0.001339815484 -0.0009864499857 0.01872301176)
(-0.001033967066 -0.001324198714 0.01872301176)
(0.0004816833139 -0.001717626918 0.01872301176)
(0.0009004117588 -0.001557870179 0.01872301176)
(0.001274416725 -0.001371606765 0.01872301176)
(0.001560032184 -0.001230699977 0.01872301176)
(0.001632489972 -0.000910091278 0.01872301176)
(0.002213086361 0.0005051225201 0.01872301176)
(0.00227 0 0.01872301176)
(0.00204519933 0.0009849160878 0.01872301176)
(0.001774757465 0.00141532185 0.01872301176)
(0.00141532185 0.001774757465 0.01872301176)
(0.0009849160878 0.00204519933 0.01872301176)
(0.0005051225201 0.002213086361 0.01872301176)
(1.389974117e-19 0.00227 0.01872301176)
(-0.0005051225201 0.002213086361 0.01872301176)
(-0.0009849160878 0.00204519933 0.01872301176)
(-0.00141532185 0.001774757465 0.01872301176)
(-0.001774757465 0.00141532185 0.01872301176)
(-0.00204519933 0.0009849160878 0.01872301176)
(-0.002213086361 0.0005051225201 0.01872301176)
(-0.00227 2.779948234e-19 0.01872301176)
(-0.002213086361 -0.0005051225201 0.01872301176)
(-0.00204519933 -0.0009849160878 0.01872301176)
(-0.001774757465 -0.00141532185 0.01872301176)
(-0.00141532185 -0.001774757465 0.01872301176)
(-0.0009849160878 -0.00204519933 0.01872301176)
(-0.0005051225201 -0.002213086361 0.01872301176)
(2.155162424e-18 -0.00227 0.01872301176)
(0.0005051225201 -0.002213086361 0.01872301176)
(0.0009849160878 -0.00204519933 0.01872301176)
(0.00141532185 -0.001774757465 0.01872301176)
(0.001774757465 -0.00141532185 0.01872301176)
(0.00204519933 -0.0009849160878 0.01872301176)
(0.002213086361 -0.0005051225201 0.01872301176)
(0.0002549783392 0.00148823152 0.01922311765)
(0.0003523407382 0.001783738617 0.01922311765)
(0.0007066344762 0.001600089729 0.01922311765)
(0.0004460517423 0.001266523339 0.01922311765)
(-3.436116456e-05 0.001407350945 0.01922311765)
(-4.500044161e-05 0.001797448385 0.01922311765)
(9.846795575e-05 0.001053538377 0.01922311765)
(-0.0002438007367 -0.001492333881 0.01922311765)
(-0.0003437086725 -0.001786388073 0.01922311765)
(-0.0006982317212 -0.001603104995 0.01922311765)
(-0.0004338947939 -0.001271435165 0.01922311765)
(4.58617183e-05 -0.001411816228 0.01922311765)
(5.278529518e-05 -0.00179973493 0.01922311765)
(-8.62642317e-05 -0.001060240977 0.01922311765)
(5.33055598e-06 -7.569654645e-06 0.01922311765)
(-0.0001706366213 0.0004238886521 0.01922311765)
(0.0002767283986 0.0006712240628 0.01922311765)
(0.0004790262607 0.0002546958768 0.01922311765)
(0.0006667435843 -0.0001953203733 0.01922311765)
(0.0001819169719 -0.0004385810476 0.01922311765)
(-0.0003116170191 0.000857307966 0.01922311765)
(-0.0006563371676 0.0001820636408 0.01922311765)
(-0.0007595572546 0.0006642510616 0.01922311765)
(-0.0004688864953 -0.0002704509558 0.01922311765)
(-0.0002640368596 -0.0006820804657 0.01922311765)
(0.0003244414692 -0.0008651390589 0.01922311765)
(0.0007703372699 -0.0006725549014 0.01922311765)
(0.001259378684 0.0001010530989 0.01922311765)
(0.001244725547 -0.0005092851124 0.01922311765)
(0.0009580369734 0.0005724914038 0.01922311765)
(0.000686355241 0.0009527389 0.01922311765)
(-0.000411913423 0.00127782731 0.01922311765)
(-0.0008252687158 0.001117838539 0.01922311765)
(-0.001236687262 0.0009697200325 0.01922311765)
(-0.001236177091 0.0005019180154 0.01922311765)
(-0.001252999921 -0.0001134184094 0.01922311765)
(-0.0009480716608 -0.0005850065929 0.01922311765)
(-0.0006748084747 -0.0009606103531 0.01922311765)
(0.0004222799531 -0.001281366524 0.01922311765)
(0.0008350443922 -0.001119937838 0.01922311765)
(0.001243190571 -0.0009705251405 0.01922311765)
(0.001790848755 -1.042056387e-05 0.01922311765)
(0.001718289332 -0.0004775459998 0.01922311765)
(0.001874758642 0.0003717980187 0.01922311765)
(0.001620340809 0.0006206920998 0.01922311765)
(0.001344907978 0.0009797899987 0.01922311765)
(0.001041334524 0.001319527007 0.01922311765)
(-0.0004740520223 0.001718341652 0.01922311765)
(-0.0008923071438 0.00156068139 0.01922311765)
(-0.001270071805 0.001372945344 0.01922311765)
(-0.001557665641 0.001231959056 0.01922311765)
(-0.001629632925 0.0009097587353 0.01922311765)
(-0.001715418137 0.0004721296419 0.01922311765)
(-0.001787356484 -2.794999909e-06 0.01922311765)
(-0.001867679875 -0.0003780765589 0.01922311765)
(-0.001618079194 -0.0006306136485 0.01922311765)
(-0.001339815484 -0.0009864499857 0.01922311765)
(-0.001033967066 -0.001324198714 0.01922311765)
(0.0004816833139 -0.001717626918 0.01922311765)
(0.0009004117588 -0.001557870179 0.01922311765)
(0.001274416725 -0.001371606765 0.01922311765)
(0.001560032184 -0.001230699977 0.01922311765)
(0.001632489972 -0.000910091278 0.01922311765)
(0.002213086361 0.0005051225201 0.01922311765)
(0.00227 0 0.01922311765)
(0.00204519933 0.0009849160878 0.01922311765)
(0.001774757465 0.00141532185 0.01922311765)
(0.00141532185 0.001774757465 0.01922311765)
(0.0009849160878 0.00204519933 0.01922311765)
(0.0005051225201 0.002213086361 0.01922311765)
(1.389974117e-19 0.00227 0.01922311765)
(-0.0005051225201 0.002213086361 0.01922311765)
(-0.0009849160878 0.00204519933 0.01922311765)
(-0.00141532185 0.001774757465 0.01922311765)
(-0.001774757465 0.00141532185 0.01922311765)
(-0.00204519933 0.0009849160878 0.01922311765)
(-0.002213086361 0.0005051225201 0.01922311765)
(-0.00227 2.779948234e-19 0.01922311765)
(-0.002213086361 -0.0005051225201 0.01922311765)
(-0.00204519933 -0.0009849160878 0.01922311765)
(-0.001774757465 -0.00141532185 0.01922311765)
(-0.00141532185 -0.001774757465 0.01922311765)
(-0.0009849160878 -0.00204519933 0.01922311765)
(-0.0005051225201 -0.002213086361 0.01922311765)
(1.389974117e-19 -0.00227 0.01922311765)
(0.0005051225201 -0.002213086361 0.01922311765)
(0.0009849160878 -0.00204519933 0.01922311765)
(0.00141532185 -0.001774757465 0.01922311765)
(0.001774757465 -0.00141532185 0.01922311765)
(0.00204519933 -0.0009849160878 0.01922311765)
(0.002213086361 -0.0005051225201 0.01922311765)
(0.0002549783392 0.00148823152 0.01972322353)
(0.0003523407382 0.001783738617 0.01972322353)
(0.0007066344762 0.001600089729 0.01972322353)
(0.0004460517423 0.001266523339 0.01972322353)
(-3.436116456e-05 0.001407350945 0.01972322353)
(-4.500044161e-05 0.001797448385 0.01972322353)
(9.846795575e-05 0.001053538377 0.01972322353)
(-0.0002438007367 -0.001492333881 0.01972322353)
(-0.0003437086725 -0.001786388073 0.01972322353)
(-0.0006982317212 -0.001603104995 0.01972322353)
(-0.0004338947939 -0.001271435165 0.01972322353)
(4.58617183e-05 -0.001411816228 0.01972322353)
(5.278529518e-05 -0.00179973493 0.01972322353)
(-8.62642317e-05 -0.001060240977 0.01972322353)
(5.33055598e-06 -7.569654645e-06 0.01972322353)
(-0.0001706366213 0.0004238886521 0.01972322353)
(0.0002767283986 0.0006712240628 0.01972322353)
(0.0004790262607 0.0002546958768 0.01972322353)
(0.0006667435843 -0.0001953203733 0.01972322353)
(0.0001819169719 -0.0004385810476 0.01972322353)
(-0.0003116170191 0.000857307966 0.01972322353)
(-0.0006563371676 0.0001820636408 0.01972322353)
(-0.0007595572546 0.0006642510616 0.01972322353)
(-0.0004688864953 -0.0002704509558 0.01972322353)
(-0.0002640368596 -0.0006820804657 0.01972322353)
(0.0003244414692 -0.0008651390589 0.01972322353)
(0.0007703372699 -0.0006725549014 0.01972322353)
(0.001259378684 0.0001010530989 0.01972322353)
(0.001244725547 -0.0005092851124 0.01972322353)
(0.0009580369734 0.0005724914038 0.01972322353)
(0.000686355241 0.0009527389 0.01972322353)
(-0.000411913423 0.00127782731 0.01972322353)
(-0.0008252687158 0.001117838539 0.01972322353)
(-0.001236687262 0.0009697200325 0.01972322353)
(-0.001236177091 0.0005019180154 0.01972322353)
(-0.001252999921 -0.0001134184094 0.01972322353)
(-0.0009480716608 -0.0005850065929 0.01972322353)
(-0.0006748084747 -0.0009606103531 0.01972322353)
(0.0004222799531 -0.001281366524 0.01972322353)
(0.0008350443922 -0.001119937838 0.01972322353)
(0.001243190571 -0.0009705251405 0.01972322353)
(0.001790848755 -1.042056387e-05 0.01972322353)
(0.001718289332 -0.0004775459998 0.01972322353)
(0.001874758642 0.0003717980187 0.01972322353)
(0.001620340809 0.0006206920998 0.01972322353)
(0.001344907978 0.0009797899987 0.01972322353)
(0.001041334524 0.001319527007 0.01972322353)
(-0.0004740520223 0.001718341652 0.01972322353)
(-0.0008923071438 0.00156068139 0.01972322353)
(-0.001270071805 0.001372945344 0.01972322353)
(-0.001557665641 0.001231959056 0.01972322353)
(-0.001629632925 0.0009097587353 0.01972322353)
(-0.001715418137 0.0004721296419 0.01972322353)
(-0.001787356484 -2.794999909e-06 0.01972322353)
(-0.001867679875 -0.0003780765589 0.01972322353)
(-0.001618079194 -0.0006306136485 0.01972322353)
(-0.001339815484 -0.0009864499857 0.01972322353)
(-0.001033967066 -0.001324198714 0.01972322353)
(0.0004816833139 -0.001717626918 0.01972322353)
(0.0009004117588 -0.001557870179 0.01972322353)
(0.001274416725 -0.001371606765 0.01972322353)
(0.001560032184 -0.001230699977 0.01972322353)
(0.001632489972 -0.000910091278 0.01972322353)
(0.002213086361 0.0005051225201 0.01972322353)
(0.00227 0 0.01972322353)
(0.00204519933 0.0009849160878 0.01972322353)
(0.001774757465 0.00141532185 0.01972322353)
(0.00141532185 0.001774757465 0.01972322353)
(0.0009849160878 0.00204519933 0.01972322353)
(0.0005051225201 0.002213086361 0.01972322353)
(1.389974117e-19 0.00227 0.01972322353)
(-0.0005051225201 0.002213086361 0.01972322353)
(-0.0009849160878 0.00204519933 0.01972322353)
(-0.00141532185 0.001774757465 0.01972322353)
(-0.001774757465 0.00141532185 0.01972322353)
(-0.00204519933 0.0009849160878 0.01972322353)
(-0.002213086361 0.0005051225201 0.01972322353)
(-0.00227 2.779948234e-19 0.01972322353)
(-0.002213086361 -0.0005051225201 0.01972322353)
(-0.00204519933 -0.0009849160878 0.01972322353)
(-0.001774757465 -0.00141532185 0.01972322353)
(-0.00141532185 -0.001774757465 0.01972322353)
(-0.0009849160878 -0.00204519933 0.01972322353)
(-0.0005051225201 -0.002213086361 0.01972322353)
(-1.877167601e-18 -0.00227 0.01972322353)
(0.0005051225201 -0.002213086361 0.01972322353)
(0.0009849160878 -0.00204519933 0.01972322353)
(0.00141532185 -0.001774757465 0.01972322353)
(0.001774757465 -0.00141532185 0.01972322353)
(0.00204519933 -0.0009849160878 0.01972322353)
(0.002213086361 -0.0005051225201 0.01972322353)
(0.0002549783392 0.00148823152 0.02022332941)
(0.0003523407382 0.001783738617 0.02022332941)
(0.0007066344762 0.001600089729 0.02022332941)
(0.0004460517423 0.001266523339 0.02022332941)
(-3.436116456e-05 0.001407350945 0.02022332941)
(-4.500044161e-05 0.001797448385 0.02022332941)
(9.846795575e-05 0.001053538377 0.02022332941)
(-0.0002438007367 -0.001492333881 0.02022332941)
(-0.0003437086725 -0.001786388073 0.02022332941)
(-0.0006982317212 -0.001603104995 0.02022332941)
(-0.0004338947939 -0.001271435165 0.02022332941)
(4.58617183e-05 -0.001411816228 0.02022332941)
(5.278529518e-05 -0.00179973493 0.02022332941)
(-8.62642317e-05 -0.001060240977 0.02022332941)
(5.33055598e-06 -7.569654645e-06 0.02022332941)
(-0.0001706366213 0.0004238886521 0.02022332941)
(0.0002767283986 0.0006712240628 0.02022332941)
(0.0004790262607 0.0002546958768 0.02022332941)
(0.0006667435843 -0.0001953203733 0.02022332941)
(0.0001819169719 -0.0004385810476 0.02022332941)
(-0.0003116170191 0.000857307966 0.02022332941)
(-0.0006563371676 0.0001820636408 0.02022332941)
(-0.0007595572546 0.0006642510616 0.02022332941)
(-0.0004688864953 -0.0002704509558 0.02022332941)
(-0.0002640368596 -0.0006820804657 0.02022332941)
(0.0003244414692 -0.0008651390589 0.02022332941)
(0.0007703372699 -0.0006725549014 0.02022332941)
(0.001259378684 0.0001010530989 0.02022332941)
(0.001244725547 -0.0005092851124 0.02022332941)
(0.0009580369734 0.0005724914038 0.02022332941)
(0.000686355241 0.0009527389 0.02022332941)
(-0.000411913423 0.00127782731 0.02022332941)
(-0.0008252687158 0.001117838539 0.02022332941)
(-0.001236687262 0.0009697200325 0.02022332941)
(-0.001236177091 0.0005019180154 0.02022332941)
(-0.001252999921 -0.0001134184094 0.02022332941)
(-0.0009480716608 -0.0005850065929 0.02022332941)
(-0.0006748084747 -0.0009606103531 0.02022332941)
(0.0004222799531 -0.001281366524 0.02022332941)
(0.0008350443922 -0.001119937838 0.02022332941)
(0.001243190571 -0.0009705251405 0.02022332941)
(0.001790848755 -1.042056387e-05 0.02022332941)
(0.001718289332 -0.0004775459998 0.02022332941)
(0.001874758642 0.0003717980187 0.02022332941)
(0.001620340809 0.0006206920998 0.02022332941)
(0.001344907978 0.0009797899987 0.02022332941)
(0.001041334524 0.001319527007 0.02022332941)
(-0.0004740520223 0.001718341652 0.02022332941)
(-0.0008923071438 0.00156068139 0.02022332941)
(-0.001270071805 0.001372945344 0.02022332941)
(-0.001557665641 0.001231959056 0.02022332941)
(-0.001629632925 0.0009097587353 0.02022332941)
(-0.001715418137 0.0004721296419 0.02022332941)
(-0.001787356484 -2.794999909e-06 0.02022332941)
(-0.001867679875 -0.0003780765589 0.02022332941)
(-0.001618079194 -0.0006306136485 0.02022332941)
(-0.001339815484 -0.0009864499857 0.02022332941)
(-0.001033967066 -0.001324198714 0.02022332941)
(0.0004816833139 -0.001717626918 0.02022332941)
(0.0009004117588 -0.001557870179 0.02022332941)
(0.001274416725 -0.001371606765 0.02022332941)
(0.001560032184 -0.001230699977 0.02022332941)
(0.001632489972 -0.000910091278 0.02022332941)
(0.002213086361 0.0005051225201 0.02022332941)
(0.00227 4.032330025e-18 0.02022332941)
(0.00204519933 0.0009849160878 0.02022332941)
(0.001774757465 0.00141532185 0.02022332941)
(0.00141532185 0.001774757465 0.02022332941)
(0.0009849160878 0.00204519933 0.02022332941)
(0.0005051225201 0.002213086361 0.02022332941)
(1.389974117e-19 0.00227 0.02022332941)
(-0.0005051225201 0.002213086361 0.02022332941)
(-0.0009849160878 0.00204519933 0.02022332941)
(-0.00141532185 0.001774757465 0.02022332941)
(-0.001774757465 0.00141532185 0.02022332941)
(-0.00204519933 0.0009849160878 0.02022332941)
(-0.002213086361 0.0005051225201 0.02022332941)
(-0.00227 2.779948234e-19 0.02022332941)
(-0.002213086361 -0.0005051225201 0.02022332941)
(-0.00204519933 -0.0009849160878 0.02022332941)
(-0.001774757465 -0.00141532185 0.02022332941)
(-0.00141532185 -0.001774757465 0.02022332941)
(-0.0009849160878 -0.00204519933 0.02022332941)
(-0.0005051225201 -0.002213086361 0.02022332941)
(4.171327437e-18 -0.00227 0.02022332941)
(0.0005051225201 -0.002213086361 0.02022332941)
(0.0009849160878 -0.00204519933 0.02022332941)
(0.00141532185 -0.001774757465 0.02022332941)
(0.001774757465 -0.00141532185 0.02022332941)
(0.00204519933 -0.0009849160878 0.02022332941)
(0.002213086361 -0.0005051225201 0.02022332941)
(0.0002549783392 0.00148823152 0.02072343529)
(0.0003523407382 0.001783738617 0.02072343529)
(0.0007066344762 0.001600089729 0.02072343529)
(0.0004460517423 0.001266523339 0.02072343529)
(-3.436116456e-05 0.001407350945 0.02072343529)
(-4.500044161e-05 0.001797448385 0.02072343529)
(9.846795575e-05 0.001053538377 0.02072343529)
(-0.0002438007367 -0.001492333881 0.02072343529)
(-0.0003437086725 -0.001786388073 0.02072343529)
(-0.0006982317212 -0.001603104995 0.02072343529)
(-0.0004338947939 -0.001271435165 0.02072343529)
(4.58617183e-05 -0.001411816228 0.02072343529)
(5.278529518e-05 -0.00179973493 0.02072343529)
(-8.62642317e-05 -0.001060240977 0.02072343529)
(5.33055598e-06 -7.569654645e-06 0.02072343529)
(-0.0001706366213 0.0004238886521 0.02072343529)
(0.0002767283986 0.0006712240628 0.02072343529)
(0.0004790262607 0.0002546958768 0.02072343529)
(0.0006667435843 -0.0001953203733 0.02072343529)
(0.0001819169719 -0.0004385810476 0.02072343529)
(-0.0003116170191 0.000857307966 0.02072343529)
(-0.0006563371676 0.0001820636408 0.02072343529)
(-0.0007595572546 0.0006642510616 0.02072343529)
(-0.0004688864953 -0.0002704509558 0.02072343529)
(-0.0002640368596 -0.0006820804657 0.02072343529)
(0.0003244414692 -0.0008651390589 0.02072343529)
(0.0007703372699 -0.0006725549014 0.02072343529)
(0.001259378684 0.0001010530989 0.02072343529)
(0.001244725547 -0.0005092851124 0.02072343529)
(0.0009580369734 0.0005724914038 0.02072343529)
(0.000686355241 0.0009527389 0.02072343529)
(-0.000411913423 0.00127782731 0.02072343529)
(-0.0008252687158 0.001117838539 0.02072343529)
(-0.001236687262 0.0009697200325 0.02072343529)
(-0.001236177091 0.0005019180154 0.02072343529)
(-0.001252999921 -0.0001134184094 0.02072343529)
(-0.0009480716608 -0.0005850065929 0.02072343529)
(-0.0006748084747 -0.0009606103531 0.02072343529)
(0.0004222799531 -0.001281366524 0.02072343529)
(0.0008350443922 -0.001119937838 0.02072343529)
(0.001243190571 -0.0009705251405 0.02072343529)
(0.001790848755 -1.042056387e-05 0.02072343529)
(0.001718289332 -0.0004775459998 0.02072343529)
(0.001874758642 0.0003717980187 0.02072343529)
(0.001620340809 0.0006206920998 0.02072343529)
(0.001344907978 0.0009797899987 0.02072343529)
(0.001041334524 0.001319527007 0.02072343529)
(-0.0004740520223 0.001718341652 0.02072343529)
(-0.0008923071438 0.00156068139 0.02072343529)
(-0.001270071805 0.001372945344 0.02072343529)
(-0.001557665641 0.001231959056 0.02072343529)
(-0.001629632925 0.0009097587353 0.02072343529)
(-0.001715418137 0.0004721296419 0.02072343529)
(-0.001787356484 -2.794999909e-06 0.02072343529)
(-0.001867679875 -0.0003780765589 0.02072343529)
(-0.001618079194 -0.0006306136485 0.02072343529)
(-0.001339815484 -0.0009864499857 0.02072343529)
(-0.001033967066 -0.001324198714 0.02072343529)
(0.0004816833139 -0.001717626918 0.02072343529)
(0.0009004117588 -0.001557870179 0.02072343529)
(0.001274416725 -0.001371606765 0.02072343529)
(0.001560032184 -0.001230699977 0.02072343529)
(0.001632489972 -0.000910091278 0.02072343529)
(0.002213086361 0.0005051225201 0.02072343529)
(0.00227 0 0.02072343529)
(0.00204519933 0.0009849160878 0.02072343529)
(0.001774757465 0.00141532185 0.02072343529)
(0.00141532185 0.001774757465 0.02072343529)
(0.0009849160878 0.00204519933 0.02072343529)
(0.0005051225201 0.002213086361 0.02072343529)
(1.389974117e-19 0.00227 0.02072343529)
(-0.0005051225201 0.002213086361 0.02072343529)
(-0.0009849160878 0.00204519933 0.02072343529)
(-0.00141532185 0.001774757465 0.02072343529)
(-0.001774757465 0.00141532185 0.02072343529)
(-0.00204519933 0.0009849160878 0.02072343529)
(-0.002213086361 0.0005051225201 0.02072343529)
(-0.00227 2.779948234e-19 0.02072343529)
(-0.002213086361 -0.0005051225201 0.02072343529)
(-0.00204519933 -0.0009849160878 0.02072343529)
(-0.001774757465 -0.00141532185 0.02072343529)
(-0.00141532185 -0.001774757465 0.02072343529)
(-0.0009849160878 -0.00204519933 0.02072343529)
(-0.0005051225201 -0.002213086361 0.02072343529)
(-3.893332614e-18 -0.00227 0.02072343529)
(0.0005051225201 -0.002213086361 0.02072343529)
(0.0009849160878 -0.00204519933 0.02072343529)
(0.00141532185 -0.001774757465 0.02072343529)
(0.001774757465 -0.00141532185 0.02072343529)
(0.00204519933 -0.0009849160878 0.02072343529)
(0.002213086361 -0.0005051225201 0.02072343529)
(0.0002549783392 0.00148823152 0.02122354118)
(0.0003523407382 0.001783738617 0.02122354118)
(0.0007066344762 0.001600089729 0.02122354118)
(0.0004460517423 0.001266523339 0.02122354118)
(-3.436116456e-05 0.001407350945 0.02122354118)
(-4.500044161e-05 0.001797448385 0.02122354118)
(9.846795575e-05 0.001053538377 0.02122354118)
(-0.0002438007367 -0.001492333881 0.02122354118)
(-0.0003437086725 -0.001786388073 0.02122354118)
(-0.0006982317212 -0.001603104995 0.02122354118)
(-0.0004338947939 -0.001271435165 0.02122354118)
(4.58617183e-05 -0.001411816228 0.02122354118)
(5.278529518e-05 -0.00179973493 0.02122354118)
(-8.62642317e-05 -0.001060240977 0.02122354118)
(5.33055598e-06 -7.569654645e-06 0.02122354118)
(-0.0001706366213 0.0004238886521 0.02122354118)
(0.0002767283986 0.0006712240628 0.02122354118)
(0.0004790262607 0.0002546958768 0.02122354118)
(0.0006667435843 -0.0001953203733 0.02122354118)
(0.0001819169719 -0.0004385810476 0.02122354118)
(-0.0003116170191 0.000857307966 0.02122354118)
(-0.0006563371676 0.0001820636408 0.02122354118)
(-0.0007595572546 0.0006642510616 0.02122354118)
(-0.0004688864953 -0.0002704509558 0.02122354118)
(-0.0002640368596 -0.0006820804657 0.02122354118)
(0.0003244414692 -0.0008651390589 0.02122354118)
(0.0007703372699 -0.0006725549014 0.02122354118)
(0.001259378684 0.0001010530989 0.02122354118)
(0.001244725547 -0.0005092851124 0.02122354118)
(0.0009580369734 0.0005724914038 0.02122354118)
(0.000686355241 0.0009527389 0.02122354118)
(-0.000411913423 0.00127782731 0.02122354118)
(-0.0008252687158 0.001117838539 0.02122354118)
(-0.001236687262 0.0009697200325 0.02122354118)
(-0.001236177091 0.0005019180154 0.02122354118)
(-0.001252999921 -0.0001134184094 0.02122354118)
(-0.0009480716608 -0.0005850065929 0.02122354118)
(-0.0006748084747 -0.0009606103531 0.02122354118)
(0.0004222799531 -0.001281366524 0.02122354118)
(0.0008350443922 -0.001119937838 0.02122354118)
(0.001243190571 -0.0009705251405 0.02122354118)
(0.001790848755 -1.042056387e-05 0.02122354118)
(0.001718289332 -0.0004775459998 0.02122354118)
(0.001874758642 0.0003717980187 0.02122354118)
(0.001620340809 0.0006206920998 0.02122354118)
(0.001344907978 0.0009797899987 0.02122354118)
(0.001041334524 0.001319527007 0.02122354118)
(-0.0004740520223 0.001718341652 0.02122354118)
(-0.0008923071438 0.00156068139 0.02122354118)
(-0.001270071805 0.001372945344 0.02122354118)
(-0.001557665641 0.001231959056 0.02122354118)
(-0.001629632925 0.0009097587353 0.02122354118)
(-0.001715418137 0.0004721296419 0.02122354118)
(-0.001787356484 -2.794999909e-06 0.02122354118)
(-0.001867679875 -0.0003780765589 0.02122354118)
(-0.001618079194 -0.0006306136485 0.02122354118)
(-0.001339815484 -0.0009864499857 0.02122354118)
(-0.001033967066 -0.001324198714 0.02122354118)
(0.0004816833139 -0.001717626918 0.02122354118)
(0.0009004117588 -0.001557870179 0.02122354118)
(0.001274416725 -0.001371606765 0.02122354118)
(0.001560032184 -0.001230699977 0.02122354118)
(0.001632489972 -0.000910091278 0.02122354118)
(0.002213086361 0.0005051225201 0.02122354118)
(0.00227 -2.016165013e-18 0.02122354118)
(0.00204519933 0.0009849160878 0.02122354118)
(0.001774757465 0.00141532185 0.02122354118)
(0.00141532185 0.001774757465 0.02122354118)
(0.0009849160878 0.00204519933 0.02122354118)
(0.0005051225201 0.002213086361 0.02122354118)
(1.389974117e-19 0.00227 0.02122354118)
(-0.0005051225201 0.002213086361 0.02122354118)
(-0.0009849160878 0.00204519933 0.02122354118)
(-0.00141532185 0.001774757465 0.02122354118)
(-0.001774757465 0.00141532185 0.02122354118)
(-0.00204519933 0.0009849160878 0.02122354118)
(-0.002213086361 0.0005051225201 0.02122354118)
(-0.00227 2.779948234e-19 0.02122354118)
(-0.002213086361 -0.0005051225201 0.02122354118)
(-0.00204519933 -0.0009849160878 0.02122354118)
(-0.001774757465 -0.00141532185 0.02122354118)
(-0.00141532185 -0.001774757465 0.02122354118)
(-0.0009849160878 -0.00204519933 0.02122354118)
(-0.0005051225201 -0.002213086361 0.02122354118)
(1.389974117e-19 -0.00227 0.02122354118)
(0.0005051225201 -0.002213086361 0.02122354118)
(0.0009849160878 -0.00204519933 0.02122354118)
(0.00141532185 -0.001774757465 0.02122354118)
(0.001774757465 -0.00141532185 0.02122354118)
(0.00204519933 -0.0009849160878 0.02122354118)
(0.002213086361 -0.0005051225201 0.02122354118)
(0.0002549783392 0.00148823152 0.02172364706)
(0.0003523407382 0.001783738617 0.02172364706)
(0.0007066344762 0.001600089729 0.02172364706)
(0.0004460517423 0.001266523339 0.02172364706)
(-3.436116456e-05 0.001407350945 0.02172364706)
(-4.500044161e-05 0.001797448385 0.02172364706)
(9.846795575e-05 0.001053538377 0.02172364706)
(-0.0002438007367 -0.001492333881 0.02172364706)
(-0.0003437086725 -0.001786388073 0.02172364706)
(-0.0006982317212 -0.001603104995 0.02172364706)
(-0.0004338947939 -0.001271435165 0.02172364706)
(4.58617183e-05 -0.001411816228 0.02172364706)
(5.278529518e-05 -0.00179973493 0.02172364706)
(-8.62642317e-05 -0.001060240977 0.02172364706)
(5.33055598e-06 -7.569654645e-06 0.02172364706)
(-0.0001706366213 0.0004238886521 0.02172364706)
(0.0002767283986 0.0006712240628 0.02172364706)
(0.0004790262607 0.0002546958768 0.02172364706)
(0.0006667435843 -0.0001953203733 0.02172364706)
(0.0001819169719 -0.0004385810476 0.02172364706)
(-0.0003116170191 0.000857307966 0.02172364706)
(-0.0006563371676 0.0001820636408 0.02172364706)
(-0.0007595572546 0.0006642510616 0.02172364706)
(-0.0004688864953 -0.0002704509558 0.02172364706)
(-0.0002640368596 -0.0006820804657 0.02172364706)
(0.0003244414692 -0.0008651390589 0.02172364706)
(0.0007703372699 -0.0006725549014 0.02172364706)
(0.001259378684 0.0001010530989 0.02172364706)
(0.001244725547 -0.0005092851124 0.02172364706)
(0.0009580369734 0.0005724914038 0.02172364706)
(0.000686355241 0.0009527389 0.02172364706)
(-0.000411913423 0.00127782731 0.02172364706)
(-0.0008252687158 0.001117838539 0.02172364706)
(-0.001236687262 0.0009697200325 0.02172364706)
(-0.001236177091 0.0005019180154 0.02172364706)
(-0.001252999921 -0.0001134184094 0.02172364706)
(-0.0009480716608 -0.0005850065929 0.02172364706)
(-0.0006748084747 -0.0009606103531 0.02172364706)
(0.0004222799531 -0.001281366524 0.02172364706)
(0.0008350443922 -0.001119937838 0.02172364706)
(0.001243190571 -0.0009705251405 0.02172364706)
(0.001790848755 -1.042056387e-05 0.02172364706)
(0.001718289332 -0.0004775459998 0.02172364706)
(0.001874758642 0.0003717980187 0.02172364706)
(0.001620340809 0.0006206920998 0.02172364706)
(0.001344907978 0.0009797899987 0.02172364706)
(0.001041334524 0.001319527007 0.02172364706)
(-0.0004740520223 0.001718341652 0.02172364706)
(-0.0008923071438 0.00156068139 0.02172364706)
(-0.001270071805 0.001372945344 0.02172364706)
(-0.001557665641 0.001231959056 0.02172364706)
(-0.001629632925 0.0009097587353 0.02172364706)
(-0.001715418137 0.0004721296419 0.02172364706)
(-0.001787356484 -2.794999909e-06 0.02172364706)
(-0.001867679875 -0.0003780765589 0.02172364706)
(-0.001618079194 -0.0006306136485 0.02172364706)
(-0.001339815484 -0.0009864499857 0.02172364706)
(-0.001033967066 -0.001324198714 0.02172364706)
(0.0004816833139 -0.001717626918 0.02172364706)
(0.0009004117588 -0.001557870179 0.02172364706)
(0.001274416725 -0.001371606765 0.02172364706)
(0.001560032184 -0.001230699977 0.02172364706)
(0.001632489972 -0.000910091278 0.02172364706)
(0.002213086361 0.0005051225201 0.02172364706)
(0.00227 0 0.02172364706)
(0.00204519933 0.0009849160878 0.02172364706)
(0.001774757465 0.00141532185 0.02172364706)
(0.00141532185 0.001774757465 0.02172364706)
(0.0009849160878 0.00204519933 0.02172364706)
(0.0005051225201 0.002213086361 0.02172364706)
(1.389974117e-19 0.00227 0.02172364706)
(-0.0005051225201 0.002213086361 0.02172364706)
(-0.0009849160878 0.00204519933 0.02172364706)
(-0.00141532185 0.001774757465 0.02172364706)
(-0.001774757465 0.00141532185 0.02172364706)
(-0.00204519933 0.0009849160878 0.02172364706)
(-0.002213086361 0.0005051225201 0.02172364706)
(-0.00227 2.779948234e-19 0.02172364706)
(-0.002213086361 -0.0005051225201 0.02172364706)
(-0.00204519933 -0.0009849160878 0.02172364706)
(-0.001774757465 -0.00141532185 0.02172364706)
(-0.00141532185 -0.001774757465 0.02172364706)
(-0.0009849160878 -0.00204519933 0.02172364706)
(-0.0005051225201 -0.002213086361 0.02172364706)
(4.171327437e-18 -0.00227 0.02172364706)
(0.0005051225201 -0.002213086361 0.02172364706)
(0.0009849160878 -0.00204519933 0.02172364706)
(0.00141532185 -0.001774757465 0.02172364706)
(0.001774757465 -0.00141532185 0.02172364706)
(0.00204519933 -0.0009849160878 0.02172364706)
(0.002213086361 -0.0005051225201 0.02172364706)
(0.0002549783392 0.00148823152 0.02222375294)
(0.0003523407382 0.001783738617 0.02222375294)
(0.0007066344762 0.001600089729 0.02222375294)
(0.0004460517423 0.001266523339 0.02222375294)
(-3.436116456e-05 0.001407350945 0.02222375294)
(-4.500044161e-05 0.001797448385 0.02222375294)
(9.846795575e-05 0.001053538377 0.02222375294)
(-0.0002438007367 -0.001492333881 0.02222375294)
(-0.0003437086725 -0.001786388073 0.02222375294)
(-0.0006982317212 -0.001603104995 0.02222375294)
(-0.0004338947939 -0.001271435165 0.02222375294)
(4.58617183e-05 -0.001411816228 0.02222375294)
(5.278529518e-05 -0.00179973493 0.02222375294)
(-8.62642317e-05 -0.001060240977 0.02222375294)
(5.33055598e-06 -7.569654645e-06 0.02222375294)
(-0.0001706366213 0.0004238886521 0.02222375294)
(0.0002767283986 0.0006712240628 0.02222375294)
(0.0004790262607 0.0002546958768 0.02222375294)
(0.0006667435843 -0.0001953203733 0.02222375294)
(0.0001819169719 -0.0004385810476 0.02222375294)
(-0.0003116170191 0.000857307966 0.02222375294)
(-0.0006563371676 0.0001820636408 0.02222375294)
(-0.0007595572546 0.0006642510616 0.02222375294)
(-0.0004688864953 -0.0002704509558 0.02222375294)
(-0.0002640368596 -0.0006820804657 0.02222375294)
(0.0003244414692 -0.0008651390589 0.02222375294)
(0.0007703372699 -0.0006725549014 0.02222375294)
(0.001259378684 0.0001010530989 0.02222375294)
(0.001244725547 -0.0005092851124 0.02222375294)
(0.0009580369734 0.0005724914038 0.02222375294)
(0.000686355241 0.0009527389 0.02222375294)
(-0.000411913423 0.00127782731 0.02222375294)
(-0.0008252687158 0.001117838539 0.02222375294)
(-0.001236687262 0.0009697200325 0.02222375294)
(-0.001236177091 0.0005019180154 0.02222375294)
(-0.001252999921 -0.0001134184094 0.02222375294)
(-0.0009480716608 -0.0005850065929 0.02222375294)
(-0.0006748084747 -0.0009606103531 0.02222375294)
(0.0004222799531 -0.001281366524 0.02222375294)
(0.0008350443922 -0.001119937838 0.02222375294)
(0.001243190571 -0.0009705251405 0.02222375294)
(0.001790848755 -1.042056387e-05 0.02222375294)
(0.001718289332 -0.0004775459998 0.02222375294)
(0.001874758642 0.0003717980187 0.02222375294)
(0.001620340809 0.0006206920998 0.02222375294)
(0.001344907978 0.0009797899987 0.02222375294)
(0.001041334524 0.001319527007 0.02222375294)
(-0.0004740520223 0.001718341652 0.02222375294)
(-0.0008923071438 0.00156068139 0.02222375294)
(-0.001270071805 0.001372945344 0.02222375294)
(-0.001557665641 0.001231959056 0.02222375294)
(-0.001629632925 0.0009097587353 0.02222375294)
(-0.001715418137 0.0004721296419 0.02222375294)
(-0.001787356484 -2.794999909e-06 0.02222375294)
(-0.001867679875 -0.0003780765589 0.02222375294)
(-0.001618079194 -0.0006306136485 0.02222375294)
(-0.001339815484 -0.0009864499857 0.02222375294)
(-0.001033967066 -0.001324198714 0.02222375294)
(0.0004816833139 -0.001717626918 0.02222375294)
(0.0009004117588 -0.001557870179 0.02222375294)
(0.001274416725 -0.001371606765 0.02222375294)
(0.001560032184 -0.001230699977 0.02222375294)
(0.001632489972 -0.000910091278 0.02222375294)
(0.002213086361 0.0005051225201 0.02222375294)
(0.00227 -4.032330025e-18 0.02222375294)
(0.00204519933 0.0009849160878 0.02222375294)
(0.001774757465 0.00141532185 0.02222375294)
(0.00141532185 0.001774757465 0.02222375294)
(0.0009849160878 0.00204519933 0.02222375294)
(0.0005051225201 0.002213086361 0.02222375294)
(1.389974117e-19 0.00227 0.02222375294)
(-0.0005051225201 0.002213086361 0.02222375294)
(-0.0009849160878 0.00204519933 0.02222375294)
(-0.00141532185 0.001774757465 0.02222375294)
(-0.001774757465 0.00141532185 0.02222375294)
(-0.00204519933 0.0009849160878 0.02222375294)
(-0.002213086361 0.0005051225201 0.02222375294)
(-0.00227 2.779948234e-19 0.02222375294)
(-0.002213086361 -0.0005051225201 0.02222375294)
(-0.00204519933 -0.0009849160878 0.02222375294)
(-0.001774757465 -0.00141532185 0.02222375294)
(-0.00141532185 -0.001774757465 0.02222375294)
(-0.0009849160878 -0.00204519933 0.02222375294)
(-0.0005051225201 -0.002213086361 0.02222375294)
(6.18749245e-18 -0.00227 0.02222375294)
(0.0005051225201 -0.002213086361 0.02222375294)
(0.0009849160878 -0.00204519933 0.02222375294)
(0.00141532185 -0.001774757465 0.02222375294)
(0.001774757465 -0.00141532185 0.02222375294)
(0.00204519933 -0.0009849160878 0.02222375294)
(0.002213086361 -0.0005051225201 0.02222375294)
(0.0002549783392 0.00148823152 0.02272385882)
(0.0003523407382 0.001783738617 0.02272385882)
(0.0007066344762 0.001600089729 0.02272385882)
(0.0004460517423 0.001266523339 0.02272385882)
(-3.436116456e-05 0.001407350945 0.02272385882)
(-4.500044161e-05 0.001797448385 0.02272385882)
(9.846795575e-05 0.001053538377 0.02272385882)
(-0.0002438007367 -0.001492333881 0.02272385882)
(-0.0003437086725 -0.001786388073 0.02272385882)
(-0.0006982317212 -0.001603104995 0.02272385882)
(-0.0004338947939 -0.001271435165 0.02272385882)
(4.58617183e-05 -0.001411816228 0.02272385882)
(5.278529518e-05 -0.00179973493 0.02272385882)
(-8.62642317e-05 -0.001060240977 0.02272385882)
(5.33055598e-06 -7.569654645e-06 0.02272385882)
(-0.0001706366213 0.0004238886521 0.02272385882)
(0.0002767283986 0.0006712240628 0.02272385882)
(0.0004790262607 0.0002546958768 0.02272385882)
(0.0006667435843 -0.0001953203733 0.02272385882)
(0.0001819169719 -0.0004385810476 0.02272385882)
(-0.0003116170191 0.000857307966 0.02272385882)
(-0.0006563371676 0.0001820636408 0.02272385882)
(-0.0007595572546 0.0006642510616 0.02272385882)
(-0.0004688864953 -0.0002704509558 0.02272385882)
(-0.0002640368596 -0.0006820804657 0.02272385882)
(0.0003244414692 -0.0008651390589 0.02272385882)
(0.0007703372699 -0.0006725549014 0.02272385882)
(0.001259378684 0.0001010530989 0.02272385882)
(0.001244725547 -0.0005092851124 0.02272385882)
(0.0009580369734 0.0005724914038 0.02272385882)
(0.000686355241 0.0009527389 0.02272385882)
(-0.000411913423 0.00127782731 0.02272385882)
(-0.0008252687158 0.001117838539 0.02272385882)
(-0.001236687262 0.0009697200325 0.02272385882)
(-0.001236177091 0.0005019180154 0.02272385882)
(-0.001252999921 -0.0001134184094 0.02272385882)
(-0.0009480716608 -0.0005850065929 0.02272385882)
(-0.0006748084747 -0.0009606103531 0.02272385882)
(0.0004222799531 -0.001281366524 0.02272385882)
(0.0008350443922 -0.001119937838 0.02272385882)
(0.001243190571 -0.0009705251405 0.02272385882)
(0.001790848755 -1.042056387e-05 0.02272385882)
(0.001718289332 -0.0004775459998 0.02272385882)
(0.001874758642 0.0003717980187 0.02272385882)
(0.001620340809 0.0006206920998 0.02272385882)
(0.001344907978 0.0009797899987 0.02272385882)
(0.001041334524 0.001319527007 0.02272385882)
(-0.0004740520223 0.001718341652 0.02272385882)
(-0.0008923071438 0.00156068139 0.02272385882)
(-0.001270071805 0.001372945344 0.02272385882)
(-0.001557665641 0.001231959056 0.02272385882)
(-0.001629632925 0.0009097587353 0.02272385882)
(-0.001715418137 0.0004721296419 0.02272385882)
(-0.001787356484 -2.794999909e-06 0.02272385882)
(-0.001867679875 -0.0003780765589 0.02272385882)
(-0.001618079194 -0.0006306136485 0.02272385882)
(-0.001339815484 -0.0009864499857 0.02272385882)
(-0.001033967066 -0.001324198714 0.02272385882)
(0.0004816833139 -0.001717626918 0.02272385882)
(0.0009004117588 -0.001557870179 0.02272385882)
(0.001274416725 -0.001371606765 0.02272385882)
(0.001560032184 -0.001230699977 0.02272385882)
(0.001632489972 -0.000910091278 0.02272385882)
(0.002213086361 0.0005051225201 0.02272385882)
(0.00227 -6.048495038e-18 0.02272385882)
(0.00204519933 0.0009849160878 0.02272385882)
(0.001774757465 0.00141532185 0.02272385882)
(0.00141532185 0.001774757465 0.02272385882)
(0.0009849160878 0.00204519933 0.02272385882)
(0.0005051225201 0.002213086361 0.02272385882)
(1.389974117e-19 0.00227 0.02272385882)
(-0.0005051225201 0.002213086361 0.02272385882)
(-0.0009849160878 0.00204519933 0.02272385882)
(-0.00141532185 0.001774757465 0.02272385882)
(-0.001774757465 0.00141532185 0.02272385882)
(-0.00204519933 0.0009849160878 0.02272385882)
(-0.002213086361 0.0005051225201 0.02272385882)
(-0.00227 2.779948234e-19 0.02272385882)
(-0.002213086361 -0.0005051225201 0.02272385882)
(-0.00204519933 -0.0009849160878 0.02272385882)
(-0.001774757465 -0.00141532185 0.02272385882)
(-0.00141532185 -0.001774757465 0.02272385882)
(-0.0009849160878 -0.00204519933 0.02272385882)
(-0.0005051225201 -0.002213086361 0.02272385882)
(1.389974117e-19 -0.00227 0.02272385882)
(0.0005051225201 -0.002213086361 0.02272385882)
(0.0009849160878 -0.00204519933 0.02272385882)
(0.00141532185 -0.001774757465 0.02272385882)
(0.001774757465 -0.00141532185 0.02272385882)
(0.00204519933 -0.0009849160878 0.02272385882)
(0.002213086361 -0.0005051225201 0.02272385882)
(0.0002549783392 0.00148823152 0.02322396471)
(0.0003523407382 0.001783738617 0.02322396471)
(0.0007066344762 0.001600089729 0.02322396471)
(0.0004460517423 0.001266523339 0.02322396471)
(-3.436116456e-05 0.001407350945 0.02322396471)
(-4.500044161e-05 0.001797448385 0.02322396471)
(9.846795575e-05 0.001053538377 0.02322396471)
(-0.0002438007367 -0.001492333881 0.02322396471)
(-0.0003437086725 -0.001786388073 0.02322396471)
(-0.0006982317212 -0.001603104995 0.02322396471)
(-0.0004338947939 -0.001271435165 0.02322396471)
(4.58617183e-05 -0.001411816228 0.02322396471)
(5.278529518e-05 -0.00179973493 0.02322396471)
(-8.62642317e-05 -0.001060240977 0.02322396471)
(5.33055598e-06 -7.569654645e-06 0.02322396471)
(-0.0001706366213 0.0004238886521 0.02322396471)
(0.0002767283986 0.0006712240628 0.02322396471)
(0.0004790262607 0.0002546958768 0.02322396471)
(0.0006667435843 -0.0001953203733 0.02322396471)
(0.0001819169719 -0.0004385810476 0.02322396471)
(-0.0003116170191 0.000857307966 0.02322396471)
(-0.0006563371676 0.0001820636408 0.02322396471)
(-0.0007595572546 0.0006642510616 0.02322396471)
(-0.0004688864953 -0.0002704509558 0.02322396471)
(-0.0002640368596 -0.0006820804657 0.02322396471)
(0.0003244414692 -0.0008651390589 0.02322396471)
(0.0007703372699 -0.0006725549014 0.02322396471)
(0.001259378684 0.0001010530989 0.02322396471)
(0.001244725547 -0.0005092851124 0.02322396471)
(0.0009580369734 0.0005724914038 0.02322396471)
(0.000686355241 0.0009527389 0.02322396471)
(-0.000411913423 0.00127782731 0.02322396471)
(-0.0008252687158 0.001117838539 0.02322396471)
(-0.001236687262 0.0009697200325 0.02322396471)
(-0.001236177091 0.0005019180154 0.02322396471)
(-0.001252999921 -0.0001134184094 0.02322396471)
(-0.0009480716608 -0.0005850065929 0.02322396471)
(-0.0006748084747 -0.0009606103531 0.02322396471)
(0.0004222799531 -0.001281366524 0.02322396471)
(0.0008350443922 -0.001119937838 0.02322396471)
(0.001243190571 -0.0009705251405 0.02322396471)
(0.001790848755 -1.042056387e-05 0.02322396471)
(0.001718289332 -0.0004775459998 0.02322396471)
(0.001874758642 0.0003717980187 0.02322396471)
(0.001620340809 0.0006206920998 0.02322396471)
(0.001344907978 0.0009797899987 0.02322396471)
(0.001041334524 0.001319527007 0.02322396471)
(-0.0004740520223 0.001718341652 0.02322396471)
(-0.0008923071438 0.00156068139 0.02322396471)
(-0.001270071805 0.001372945344 0.02322396471)
(-0.001557665641 0.001231959056 0.02322396471)
(-0.001629632925 0.0009097587353 0.02322396471)
(-0.001715418137 0.0004721296419 0.02322396471)
(-0.001787356484 -2.794999909e-06 0.02322396471)
(-0.001867679875 -0.0003780765589 0.02322396471)
(-0.001618079194 -0.0006306136485 0.02322396471)
(-0.001339815484 -0.0009864499857 0.02322396471)
(-0.001033967066 -0.001324198714 0.02322396471)
(0.0004816833139 -0.001717626918 0.02322396471)
(0.0009004117588 -0.001557870179 0.02322396471)
(0.001274416725 -0.001371606765 0.02322396471)
(0.001560032184 -0.001230699977 0.02322396471)
(0.001632489972 -0.000910091278 0.02322396471)
(0.002213086361 0.0005051225201 0.02322396471)
(0.00227 -6.048495038e-18 0.02322396471)
(0.00204519933 0.0009849160878 0.02322396471)
(0.001774757465 0.00141532185 0.02322396471)
(0.00141532185 0.001774757465 0.02322396471)
(0.0009849160878 0.00204519933 0.02322396471)
(0.0005051225201 0.002213086361 0.02322396471)
(1.389974117e-19 0.00227 0.02322396471)
(-0.0005051225201 0.002213086361 0.02322396471)
(-0.0009849160878 0.00204519933 0.02322396471)
(-0.00141532185 0.001774757465 0.02322396471)
(-0.001774757465 0.00141532185 0.02322396471)
(-0.00204519933 0.0009849160878 0.02322396471)
(-0.002213086361 0.0005051225201 0.02322396471)
(-0.00227 2.779948234e-19 0.02322396471)
(-0.002213086361 -0.0005051225201 0.02322396471)
(-0.00204519933 -0.0009849160878 0.02322396471)
(-0.001774757465 -0.00141532185 0.02322396471)
(-0.00141532185 -0.001774757465 0.02322396471)
(-0.0009849160878 -0.00204519933 0.02322396471)
(-0.0005051225201 -0.002213086361 0.02322396471)
(-7.925662639e-18 -0.00227 0.02322396471)
(0.0005051225201 -0.002213086361 0.02322396471)
(0.0009849160878 -0.00204519933 0.02322396471)
(0.00141532185 -0.001774757465 0.02322396471)
(0.001774757465 -0.00141532185 0.02322396471)
(0.00204519933 -0.0009849160878 0.02322396471)
(0.002213086361 -0.0005051225201 0.02322396471)
(0.0002549783392 0.00148823152 0.02372407059)
(0.0003523407382 0.001783738617 0.02372407059)
(0.0007066344762 0.001600089729 0.02372407059)
(0.0004460517423 0.001266523339 0.02372407059)
(-3.436116456e-05 0.001407350945 0.02372407059)
(-4.500044161e-05 0.001797448385 0.02372407059)
(9.846795575e-05 0.001053538377 0.02372407059)
(-0.0002438007367 -0.001492333881 0.02372407059)
(-0.0003437086725 -0.001786388073 0.02372407059)
(-0.0006982317212 -0.001603104995 0.02372407059)
(-0.0004338947939 -0.001271435165 0.02372407059)
(4.58617183e-05 -0.001411816228 0.02372407059)
(5.278529518e-05 -0.00179973493 0.02372407059)
(-8.62642317e-05 -0.001060240977 0.02372407059)
(5.33055598e-06 -7.569654645e-06 0.02372407059)
(-0.0001706366213 0.0004238886521 0.02372407059)
(0.0002767283986 0.0006712240628 0.02372407059)
(0.0004790262607 0.0002546958768 0.02372407059)
(0.0006667435843 -0.0001953203733 0.02372407059)
(0.0001819169719 -0.0004385810476 0.02372407059)
(-0.0003116170191 0.000857307966 0.02372407059)
(-0.0006563371676 0.0001820636408 0.02372407059)
(-0.0007595572546 0.0006642510616 0.02372407059)
(-0.0004688864953 -0.0002704509558 0.02372407059)
(-0.0002640368596 -0.0006820804657 0.02372407059)
(0.0003244414692 -0.0008651390589 0.02372407059)
(0.0007703372699 -0.0006725549014 0.02372407059)
(0.001259378684 0.0001010530989 0.02372407059)
(0.001244725547 -0.0005092851124 0.02372407059)
(0.0009580369734 0.0005724914038 0.02372407059)
(0.000686355241 0.0009527389 0.02372407059)
(-0.000411913423 0.00127782731 0.02372407059)
(-0.0008252687158 0.001117838539 0.02372407059)
(-0.001236687262 0.0009697200325 0.02372407059)
(-0.001236177091 0.0005019180154 0.02372407059)
(-0.001252999921 -0.0001134184094 0.02372407059)
(-0.0009480716608 -0.0005850065929 0.02372407059)
(-0.0006748084747 -0.0009606103531 0.02372407059)
(0.0004222799531 -0.001281366524 0.02372407059)
(0.0008350443922 -0.001119937838 0.02372407059)
(0.001243190571 -0.0009705251405 0.02372407059)
(0.001790848755 -1.042056387e-05 0.02372407059)
(0.001718289332 -0.0004775459998 0.02372407059)
(0.001874758642 0.0003717980187 0.02372407059)
(0.001620340809 0.0006206920998 0.02372407059)
(0.001344907978 0.0009797899987 0.02372407059)
(0.001041334524 0.001319527007 0.02372407059)
(-0.0004740520223 0.001718341652 0.02372407059)
(-0.0008923071438 0.00156068139 0.02372407059)
(-0.001270071805 0.001372945344 0.02372407059)
(-0.001557665641 0.001231959056 0.02372407059)
(-0.001629632925 0.0009097587353 0.02372407059)
(-0.001715418137 0.0004721296419 0.02372407059)
(-0.001787356484 -2.794999909e-06 0.02372407059)
(-0.001867679875 -0.0003780765589 0.02372407059)
(-0.001618079194 -0.0006306136485 0.02372407059)
(-0.001339815484 -0.0009864499857 0.02372407059)
(-0.001033967066 -0.001324198714 0.02372407059)
(0.0004816833139 -0.001717626918 0.02372407059)
(0.0009004117588 -0.001557870179 0.02372407059)
(0.001274416725 -0.001371606765 0.02372407059)
(0.001560032184 -0.001230699977 0.02372407059)
(0.001632489972 -0.000910091278 0.02372407059)
(0.002213086361 0.0005051225201 0.02372407059)
(0.00227 -2.016165013e-18 0.02372407059)
(0.00204519933 0.0009849160878 0.02372407059)
(0.001774757465 0.00141532185 0.02372407059)
(0.00141532185 0.001774757465 0.02372407059)
(0.0009849160878 0.00204519933 0.02372407059)
(0.0005051225201 0.002213086361 0.02372407059)
(-3.893332614e-18 0.00227 0.02372407059)
(-0.0005051225201 0.002213086361 0.02372407059)
(-0.0009849160878 0.00204519933 0.02372407059)
(-0.00141532185 0.001774757465 0.02372407059)
(-0.001774757465 0.00141532185 0.02372407059)
(-0.00204519933 0.0009849160878 0.02372407059)
(-0.002213086361 0.0005051225201 0.02372407059)
(-0.00227 2.779948234e-19 0.02372407059)
(-0.002213086361 -0.0005051225201 0.02372407059)
(-0.00204519933 -0.0009849160878 0.02372407059)
(-0.001774757465 -0.00141532185 0.02372407059)
(-0.00141532185 -0.001774757465 0.02372407059)
(-0.0009849160878 -0.00204519933 0.02372407059)
(-0.0005051225201 -0.002213086361 0.02372407059)
(4.171327437e-18 -0.00227 0.02372407059)
(0.0005051225201 -0.002213086361 0.02372407059)
(0.0009849160878 -0.00204519933 0.02372407059)
(0.00141532185 -0.001774757465 0.02372407059)
(0.001774757465 -0.00141532185 0.02372407059)
(0.00204519933 -0.0009849160878 0.02372407059)
(0.002213086361 -0.0005051225201 0.02372407059)
(0.0002549783392 0.00148823152 0.02422417647)
(0.0003523407382 0.001783738617 0.02422417647)
(0.0007066344762 0.001600089729 0.02422417647)
(0.0004460517423 0.001266523339 0.02422417647)
(-3.436116456e-05 0.001407350945 0.02422417647)
(-4.500044161e-05 0.001797448385 0.02422417647)
(9.846795575e-05 0.001053538377 0.02422417647)
(-0.0002438007367 -0.001492333881 0.02422417647)
(-0.0003437086725 -0.001786388073 0.02422417647)
(-0.0006982317212 -0.001603104995 0.02422417647)
(-0.0004338947939 -0.001271435165 0.02422417647)
(4.58617183e-05 -0.001411816228 0.02422417647)
(5.278529518e-05 -0.00179973493 0.02422417647)
(-8.62642317e-05 -0.001060240977 0.02422417647)
(5.33055598e-06 -7.569654645e-06 0.02422417647)
(-0.0001706366213 0.0004238886521 0.02422417647)
(0.0002767283986 0.0006712240628 0.02422417647)
(0.0004790262607 0.0002546958768 0.02422417647)
(0.0006667435843 -0.0001953203733 0.02422417647)
(0.0001819169719 -0.0004385810476 0.02422417647)
(-0.0003116170191 0.000857307966 0.02422417647)
(-0.0006563371676 0.0001820636408 0.02422417647)
(-0.0007595572546 0.0006642510616 0.02422417647)
(-0.0004688864953 -0.0002704509558 0.02422417647)
(-0.0002640368596 -0.0006820804657 0.02422417647)
(0.0003244414692 -0.0008651390589 0.02422417647)
(0.0007703372699 -0.0006725549014 0.02422417647)
(0.001259378684 0.0001010530989 0.02422417647)
(0.001244725547 -0.0005092851124 0.02422417647)
(0.0009580369734 0.0005724914038 0.02422417647)
(0.000686355241 0.0009527389 0.02422417647)
(-0.000411913423 0.00127782731 0.02422417647)
(-0.0008252687158 0.001117838539 0.02422417647)
(-0.001236687262 0.0009697200325 0.02422417647)
(-0.001236177091 0.0005019180154 0.02422417647)
(-0.001252999921 -0.0001134184094 0.02422417647)
(-0.0009480716608 -0.0005850065929 0.02422417647)
(-0.0006748084747 -0.0009606103531 0.02422417647)
(0.0004222799531 -0.001281366524 0.02422417647)
(0.0008350443922 -0.001119937838 0.02422417647)
(0.001243190571 -0.0009705251405 0.02422417647)
(0.001790848755 -1.042056387e-05 0.02422417647)
(0.001718289332 -0.0004775459998 0.02422417647)
(0.001874758642 0.0003717980187 0.02422417647)
(0.001620340809 0.0006206920998 0.02422417647)
(0.001344907978 0.0009797899987 0.02422417647)
(0.001041334524 0.001319527007 0.02422417647)
(-0.0004740520223 0.001718341652 0.02422417647)
(-0.0008923071438 0.00156068139 0.02422417647)
(-0.001270071805 0.001372945344 0.02422417647)
(-0.001557665641 0.001231959056 0.02422417647)
(-0.001629632925 0.0009097587353 0.02422417647)
(-0.001715418137 0.0004721296419 0.02422417647)
(-0.001787356484 -2.794999909e-06 0.02422417647)
(-0.001867679875 -0.0003780765589 0.02422417647)
(-0.001618079194 -0.0006306136485 0.02422417647)
(-0.001339815484 -0.0009864499857 0.02422417647)
(-0.001033967066 -0.001324198714 0.02422417647)
(0.0004816833139 -0.001717626918 0.02422417647)
(0.0009004117588 -0.001557870179 0.02422417647)
(0.001274416725 -0.001371606765 0.02422417647)
(0.001560032184 -0.001230699977 0.02422417647)
(0.001632489972 -0.000910091278 0.02422417647)
(0.002213086361 0.0005051225201 0.02422417647)
(0.00227 0 0.02422417647)
(0.00204519933 0.0009849160878 0.02422417647)
(0.001774757465 0.00141532185 0.02422417647)
(0.00141532185 0.001774757465 0.02422417647)
(0.0009849160878 0.00204519933 0.02422417647)
(0.0005051225201 0.002213086361 0.02422417647)
(1.389974117e-19 0.00227 0.02422417647)
(-0.0005051225201 0.002213086361 0.02422417647)
(-0.0009849160878 0.00204519933 0.02422417647)
(-0.00141532185 0.001774757465 0.02422417647)
(-0.001774757465 0.00141532185 0.02422417647)
(-0.00204519933 0.0009849160878 0.02422417647)
(-0.002213086361 0.0005051225201 0.02422417647)
(-0.00227 2.779948234e-19 0.02422417647)
(-0.002213086361 -0.0005051225201 0.02422417647)
(-0.00204519933 -0.0009849160878 0.02422417647)
(-0.001774757465 -0.00141532185 0.02422417647)
(-0.00141532185 -0.001774757465 0.02422417647)
(-0.0009849160878 -0.00204519933 0.02422417647)
(-0.0005051225201 -0.002213086361 0.02422417647)
(1.389974117e-19 -0.00227 0.02422417647)
(0.0005051225201 -0.002213086361 0.02422417647)
(0.0009849160878 -0.00204519933 0.02422417647)
(0.00141532185 -0.001774757465 0.02422417647)
(0.001774757465 -0.00141532185 0.02422417647)
(0.00204519933 -0.0009849160878 0.02422417647)
(0.002213086361 -0.0005051225201 0.02422417647)
(0.0002549783392 0.00148823152 0.02472428235)
(0.0003523407382 0.001783738617 0.02472428235)
(0.0007066344762 0.001600089729 0.02472428235)
(0.0004460517423 0.001266523339 0.02472428235)
(-3.436116456e-05 0.001407350945 0.02472428235)
(-4.500044161e-05 0.001797448385 0.02472428235)
(9.846795575e-05 0.001053538377 0.02472428235)
(-0.0002438007367 -0.001492333881 0.02472428235)
(-0.0003437086725 -0.001786388073 0.02472428235)
(-0.0006982317212 -0.001603104995 0.02472428235)
(-0.0004338947939 -0.001271435165 0.02472428235)
(4.58617183e-05 -0.001411816228 0.02472428235)
(5.278529518e-05 -0.00179973493 0.02472428235)
(-8.62642317e-05 -0.001060240977 0.02472428235)
(5.33055598e-06 -7.569654645e-06 0.02472428235)
(-0.0001706366213 0.0004238886521 0.02472428235)
(0.0002767283986 0.0006712240628 0.02472428235)
(0.0004790262607 0.0002546958768 0.02472428235)
(0.0006667435843 -0.0001953203733 0.02472428235)
(0.0001819169719 -0.0004385810476 0.02472428235)
(-0.0003116170191 0.000857307966 0.02472428235)
(-0.0006563371676 0.0001820636408 0.02472428235)
(-0.0007595572546 0.0006642510616 0.02472428235)
(-0.0004688864953 -0.0002704509558 0.02472428235)
(-0.0002640368596 -0.0006820804657 0.02472428235)
(0.0003244414692 -0.0008651390589 0.02472428235)
(0.0007703372699 -0.0006725549014 0.02472428235)
(0.001259378684 0.0001010530989 0.02472428235)
(0.001244725547 -0.0005092851124 0.02472428235)
(0.0009580369734 0.0005724914038 0.02472428235)
(0.000686355241 0.0009527389 0.02472428235)
(-0.000411913423 0.00127782731 0.02472428235)
(-0.0008252687158 0.001117838539 0.02472428235)
(-0.001236687262 0.0009697200325 0.02472428235)
(-0.001236177091 0.0005019180154 0.02472428235)
(-0.001252999921 -0.0001134184094 0.02472428235)
(-0.0009480716608 -0.0005850065929 0.02472428235)
(-0.0006748084747 -0.0009606103531 0.02472428235)
(0.0004222799531 -0.001281366524 0.02472428235)
(0.0008350443922 -0.001119937838 0.02472428235)
(0.001243190571 -0.0009705251405 0.02472428235)
(0.001790848755 -1.042056387e-05 0.02472428235)
(0.001718289332 -0.0004775459998 0.02472428235)
(0.001874758642 0.0003717980187 0.02472428235)
(0.001620340809 0.0006206920998 0.02472428235)
(0.001344907978 0.0009797899987 0.02472428235)
(0.001041334524 0.001319527007 0.02472428235)
(-0.0004740520223 0.001718341652 0.02472428235)
(-0.0008923071438 0.00156068139 0.02472428235)
(-0.001270071805 0.001372945344 0.02472428235)
(-0.001557665641 0.001231959056 0.02472428235)
(-0.001629632925 0.0009097587353 0.02472428235)
(-0.001715418137 0.0004721296419 0.02472428235)
(-0.001787356484 -2.794999909e-06 0.02472428235)
(-0.001867679875 -0.0003780765589 0.02472428235)
(-0.001618079194 -0.0006306136485 0.02472428235)
(-0.001339815484 -0.0009864499857 0.02472428235)
(-0.001033967066 -0.001324198714 0.02472428235)
(0.0004816833139 -0.001717626918 0.02472428235)
(0.0009004117588 -0.001557870179 0.02472428235)
(0.001274416725 -0.001371606765 0.02472428235)
(0.001560032184 -0.001230699977 0.02472428235)
(0.001632489972 -0.000910091278 0.02472428235)
(0.002213086361 0.0005051225201 0.02472428235)
(0.00227 0 0.02472428235)
(0.00204519933 0.0009849160878 0.02472428235)
(0.001774757465 0.00141532185 0.02472428235)
(0.00141532185 0.001774757465 0.02472428235)
(0.0009849160878 0.00204519933 0.02472428235)
(0.0005051225201 0.002213086361 0.02472428235)
(1.389974117e-19 0.00227 0.02472428235)
(-0.0005051225201 0.002213086361 0.02472428235)
(-0.0009849160878 0.00204519933 0.02472428235)
(-0.00141532185 0.001774757465 0.02472428235)
(-0.001774757465 0.00141532185 0.02472428235)
(-0.00204519933 0.0009849160878 0.02472428235)
(-0.002213086361 0.0005051225201 0.02472428235)
(-0.00227 2.779948234e-19 0.02472428235)
(-0.002213086361 -0.0005051225201 0.02472428235)
(-0.00204519933 -0.0009849160878 0.02472428235)
(-0.001774757465 -0.00141532185 0.02472428235)
(-0.00141532185 -0.001774757465 0.02472428235)
(-0.0009849160878 -0.00204519933 0.02472428235)
(-0.0005051225201 -0.002213086361 0.02472428235)
(-1.877167601e-18 -0.00227 0.02472428235)
(0.0005051225201 -0.002213086361 0.02472428235)
(0.0009849160878 -0.00204519933 0.02472428235)
(0.00141532185 -0.001774757465 0.02472428235)
(0.001774757465 -0.00141532185 0.02472428235)
(0.00204519933 -0.0009849160878 0.02472428235)
(0.002213086361 -0.0005051225201 0.02472428235)
(0.0002549783392 0.00148823152 0.02522438823)
(0.0003523407382 0.001783738617 0.02522438823)
(0.0007066344762 0.001600089729 0.02522438823)
(0.0004460517423 0.001266523339 0.02522438823)
(-3.436116456e-05 0.001407350945 0.02522438823)
(-4.500044161e-05 0.001797448385 0.02522438823)
(9.846795575e-05 0.001053538377 0.02522438823)
(-0.0002438007367 -0.001492333881 0.02522438823)
(-0.0003437086725 -0.001786388073 0.02522438823)
(-0.0006982317212 -0.001603104995 0.02522438823)
(-0.0004338947939 -0.001271435165 0.02522438823)
(4.58617183e-05 -0.001411816228 0.02522438823)
(5.278529518e-05 -0.00179973493 0.02522438823)
(-8.62642317e-05 -0.001060240977 0.02522438823)
(5.33055598e-06 -7.569654645e-06 0.02522438823)
(-0.0001706366213 0.0004238886521 0.02522438823)
(0.0002767283986 0.0006712240628 0.02522438823)
(0.0004790262607 0.0002546958768 0.02522438823)
(0.0006667435843 -0.0001953203733 0.02522438823)
(0.0001819169719 -0.0004385810476 0.02522438823)
(-0.0003116170191 0.000857307966 0.02522438823)
(-0.0006563371676 0.0001820636408 0.02522438823)
(-0.0007595572546 0.0006642510616 0.02522438823)
(-0.0004688864953 -0.0002704509558 0.02522438823)
(-0.0002640368596 -0.0006820804657 0.02522438823)
(0.0003244414692 -0.0008651390589 0.02522438823)
(0.0007703372699 -0.0006725549014 0.02522438823)
(0.001259378684 0.0001010530989 0.02522438823)
(0.001244725547 -0.0005092851124 0.02522438823)
(0.0009580369734 0.0005724914038 0.02522438823)
(0.000686355241 0.0009527389 0.02522438823)
(-0.000411913423 0.00127782731 0.02522438823)
(-0.0008252687158 0.001117838539 0.02522438823)
(-0.001236687262 0.0009697200325 0.02522438823)
(-0.001236177091 0.0005019180154 0.02522438823)
(-0.001252999921 -0.0001134184094 0.02522438823)
(-0.0009480716608 -0.0005850065929 0.02522438823)
(-0.0006748084747 -0.0009606103531 0.02522438823)
(0.0004222799531 -0.001281366524 0.02522438823)
(0.0008350443922 -0.001119937838 0.02522438823)
(0.001243190571 -0.0009705251405 0.02522438823)
(0.001790848755 -1.042056387e-05 0.02522438823)
(0.001718289332 -0.0004775459998 0.02522438823)
(0.001874758642 0.0003717980187 0.02522438823)
(0.001620340809 0.0006206920998 0.02522438823)
(0.001344907978 0.0009797899987 0.02522438823)
(0.001041334524 0.001319527007 0.02522438823)
(-0.0004740520223 0.001718341652 0.02522438823)
(-0.0008923071438 0.00156068139 0.02522438823)
(-0.001270071805 0.001372945344 0.02522438823)
(-0.001557665641 0.001231959056 0.02522438823)
(-0.001629632925 0.0009097587353 0.02522438823)
(-0.001715418137 0.0004721296419 0.02522438823)
(-0.001787356484 -2.794999909e-06 0.02522438823)
(-0.001867679875 -0.0003780765589 0.02522438823)
(-0.001618079194 -0.0006306136485 0.02522438823)
(-0.001339815484 -0.0009864499857 0.02522438823)
(-0.001033967066 -0.001324198714 0.02522438823)
(0.0004816833139 -0.001717626918 0.02522438823)
(0.0009004117588 -0.001557870179 0.02522438823)
(0.001274416725 -0.001371606765 0.02522438823)
(0.001560032184 -0.001230699977 0.02522438823)
(0.001632489972 -0.000910091278 0.02522438823)
(0.002213086361 0.0005051225201 0.02522438823)
(0.00227 -2.016165013e-18 0.02522438823)
(0.00204519933 0.0009849160878 0.02522438823)
(0.001774757465 0.00141532185 0.02522438823)
(0.00141532185 0.001774757465 0.02522438823)
(0.0009849160878 0.00204519933 0.02522438823)
(0.0005051225201 0.002213086361 0.02522438823)
(4.171327437e-18 0.00227 0.02522438823)
(-0.0005051225201 0.002213086361 0.02522438823)
(-0.0009849160878 0.00204519933 0.02522438823)
(-0.00141532185 0.001774757465 0.02522438823)
(-0.001774757465 0.00141532185 0.02522438823)
(-0.00204519933 0.0009849160878 0.02522438823)
(-0.002213086361 0.0005051225201 0.02522438823)
(-0.00227 2.779948234e-19 0.02522438823)
(-0.002213086361 -0.0005051225201 0.02522438823)
(-0.00204519933 -0.0009849160878 0.02522438823)
(-0.001774757465 -0.00141532185 0.02522438823)
(-0.00141532185 -0.001774757465 0.02522438823)
(-0.0009849160878 -0.00204519933 0.02522438823)
(-0.0005051225201 -0.002213086361 0.02522438823)
(-3.893332614e-18 -0.00227 0.02522438823)
(0.0005051225201 -0.002213086361 0.02522438823)
(0.0009849160878 -0.00204519933 0.02522438823)
(0.00141532185 -0.001774757465 0.02522438823)
(0.001774757465 -0.00141532185 0.02522438823)
(0.00204519933 -0.0009849160878 0.02522438823)
(0.002213086361 -0.0005051225201 0.02522438823)
(0.0002549783392 0.00148823152 0.02572449412)
(0.0003523407382 0.001783738617 0.02572449412)
(0.0007066344762 0.001600089729 0.02572449412)
(0.0004460517423 0.001266523339 0.02572449412)
(-3.436116456e-05 0.001407350945 0.02572449412)
(-4.500044161e-05 0.001797448385 0.02572449412)
(9.846795575e-05 0.001053538377 0.02572449412)
(-0.0002438007367 -0.001492333881 0.02572449412)
(-0.0003437086725 -0.001786388073 0.02572449412)
(-0.0006982317212 -0.001603104995 0.02572449412)
(-0.0004338947939 -0.001271435165 0.02572449412)
(4.58617183e-05 -0.001411816228 0.02572449412)
(5.278529518e-05 -0.00179973493 0.02572449412)
(-8.62642317e-05 -0.001060240977 0.02572449412)
(5.33055598e-06 -7.569654645e-06 0.02572449412)
(-0.0001706366213 0.0004238886521 0.02572449412)
(0.0002767283986 0.0006712240628 0.02572449412)
(0.0004790262607 0.0002546958768 0.02572449412)
(0.0006667435843 -0.0001953203733 0.02572449412)
(0.0001819169719 -0.0004385810476 0.02572449412)
(-0.0003116170191 0.000857307966 0.02572449412)
(-0.0006563371676 0.0001820636408 0.02572449412)
(-0.0007595572546 0.0006642510616 0.02572449412)
(-0.0004688864953 -0.0002704509558 0.02572449412)
(-0.0002640368596 -0.0006820804657 0.02572449412)
(0.0003244414692 -0.0008651390589 0.02572449412)
(0.0007703372699 -0.0006725549014 0.02572449412)
(0.001259378684 0.0001010530989 0.02572449412)
(0.001244725547 -0.0005092851124 0.02572449412)
(0.0009580369734 0.0005724914038 0.02572449412)
(0.000686355241 0.0009527389 0.02572449412)
(-0.000411913423 0.00127782731 0.02572449412)
(-0.0008252687158 0.001117838539 0.02572449412)
(-0.001236687262 0.0009697200325 0.02572449412)
(-0.001236177091 0.0005019180154 0.02572449412)
(-0.001252999921 -0.0001134184094 0.02572449412)
(-0.0009480716608 -0.0005850065929 0.02572449412)
(-0.0006748084747 -0.0009606103531 0.02572449412)
(0.0004222799531 -0.001281366524 0.02572449412)
(0.0008350443922 -0.001119937838 0.02572449412)
(0.001243190571 -0.0009705251405 0.02572449412)
(0.001790848755 -1.042056387e-05 0.02572449412)
(0.001718289332 -0.0004775459998 0.02572449412)
(0.001874758642 0.0003717980187 0.02572449412)
(0.001620340809 0.0006206920998 0.02572449412)
(0.001344907978 0.0009797899987 0.02572449412)
(0.001041334524 0.001319527007 0.02572449412)
(-0.0004740520223 0.001718341652 0.02572449412)
(-0.0008923071438 0.00156068139 0.02572449412)
(-0.001270071805 0.001372945344 0.02572449412)
(-0.001557665641 0.001231959056 0.02572449412)
(-0.001629632925 0.0009097587353 0.02572449412)
(-0.001715418137 0.0004721296419 0.02572449412)
(-0.001787356484 -2.794999909e-06 0.02572449412)
(-0.001867679875 -0.0003780765589 0.02572449412)
(-0.001618079194 -0.0006306136485 0.02572449412)
(-0.001339815484 -0.0009864499857 0.02572449412)
(-0.001033967066 -0.001324198714 0.02572449412)
(0.0004816833139 -0.001717626918 0.02572449412)
(0.0009004117588 -0.001557870179 0.02572449412)
(0.001274416725 -0.001371606765 0.02572449412)
(0.001560032184 -0.001230699977 0.02572449412)
(0.001632489972 -0.000910091278 0.02572449412)
(0.002213086361 0.0005051225201 0.02572449412)
(0.00227 0 0.02572449412)
(0.00204519933 0.0009849160878 0.02572449412)
(0.001774757465 0.00141532185 0.02572449412)
(0.00141532185 0.001774757465 0.02572449412)
(0.0009849160878 0.00204519933 0.02572449412)
(0.0005051225201 0.002213086361 0.02572449412)
(1.389974117e-19 0.00227 0.02572449412)
(-0.0005051225201 0.002213086361 0.02572449412)
(-0.0009849160878 0.00204519933 0.02572449412)
(-0.00141532185 0.001774757465 0.02572449412)
(-0.001774757465 0.00141532185 0.02572449412)
(-0.00204519933 0.0009849160878 0.02572449412)
(-0.002213086361 0.0005051225201 0.02572449412)
(-0.00227 2.779948234e-19 0.02572449412)
(-0.002213086361 -0.0005051225201 0.02572449412)
(-0.00204519933 -0.0009849160878 0.02572449412)
(-0.001774757465 -0.00141532185 0.02572449412)
(-0.00141532185 -0.001774757465 0.02572449412)
(-0.0009849160878 -0.00204519933 0.02572449412)
(-0.0005051225201 -0.002213086361 0.02572449412)
(2.155162424e-18 -0.00227 0.02572449412)
(0.0005051225201 -0.002213086361 0.02572449412)
(0.0009849160878 -0.00204519933 0.02572449412)
(0.00141532185 -0.001774757465 0.02572449412)
(0.001774757465 -0.00141532185 0.02572449412)
(0.00204519933 -0.0009849160878 0.02572449412)
(0.002213086361 -0.0005051225201 0.02572449412)
(0.0002549783392 0.00148823152 0.0262246)
(0.0003523407382 0.001783738617 0.0262246)
(0.0007066344762 0.001600089729 0.0262246)
(0.0004460517423 0.001266523339 0.0262246)
(-3.436116456e-05 0.001407350945 0.0262246)
(-4.500044161e-05 0.001797448385 0.0262246)
(9.846795575e-05 0.001053538377 0.0262246)
(-0.0002438007367 -0.001492333881 0.0262246)
(-0.0003437086725 -0.001786388073 0.0262246)
(-0.0006982317212 -0.001603104995 0.0262246)
(-0.0004338947939 -0.001271435165 0.0262246)
(4.58617183e-05 -0.001411816228 0.0262246)
(5.278529518e-05 -0.00179973493 0.0262246)
(-8.62642317e-05 -0.001060240977 0.0262246)
(5.33055598e-06 -7.569654645e-06 0.0262246)
(-0.0001706366213 0.0004238886521 0.0262246)
(0.0002767283986 0.0006712240628 0.0262246)
(0.0004790262607 0.0002546958768 0.0262246)
(0.0006667435843 -0.0001953203733 0.0262246)
(0.0001819169719 -0.0004385810476 0.0262246)
(-0.0003116170191 0.000857307966 0.0262246)
(-0.0006563371676 0.0001820636408 0.0262246)
(-0.0007595572546 0.0006642510616 0.0262246)
(-0.0004688864953 -0.0002704509558 0.0262246)
(-0.0002640368596 -0.0006820804657 0.0262246)
(0.0003244414692 -0.0008651390589 0.0262246)
(0.0007703372699 -0.0006725549014 0.0262246)
(0.001259378684 0.0001010530989 0.0262246)
(0.001244725547 -0.0005092851124 0.0262246)
(0.0009580369734 0.0005724914038 0.0262246)
(0.000686355241 0.0009527389 0.0262246)
(-0.000411913423 0.00127782731 0.0262246)
(-0.0008252687158 0.001117838539 0.0262246)
(-0.001236687262 0.0009697200325 0.0262246)
(-0.001236177091 0.0005019180154 0.0262246)
(-0.001252999921 -0.0001134184094 0.0262246)
(-0.0009480716608 -0.0005850065929 0.0262246)
(-0.0006748084747 -0.0009606103531 0.0262246)
(0.0004222799531 -0.001281366524 0.0262246)
(0.0008350443922 -0.001119937838 0.0262246)
(0.001243190571 -0.0009705251405 0.0262246)
(0.001790848755 -1.042056387e-05 0.0262246)
(0.001718289332 -0.0004775459998 0.0262246)
(0.001874758642 0.0003717980187 0.0262246)
(0.001620340809 0.0006206920998 0.0262246)
(0.001344907978 0.0009797899987 0.0262246)
(0.001041334524 0.001319527007 0.0262246)
(-0.0004740520223 0.001718341652 0.0262246)
(-0.0008923071438 0.00156068139 0.0262246)
(-0.001270071805 0.001372945344 0.0262246)
(-0.001557665641 0.001231959056 0.0262246)
(-0.001629632925 0.0009097587353 0.0262246)
(-0.001715418137 0.0004721296419 0.0262246)
(-0.001787356484 -2.794999909e-06 0.0262246)
(-0.001867679875 -0.0003780765589 0.0262246)
(-0.001618079194 -0.0006306136485 0.0262246)
(-0.001339815484 -0.0009864499857 0.0262246)
(-0.001033967066 -0.001324198714 0.0262246)
(0.0004816833139 -0.001717626918 0.0262246)
(0.0009004117588 -0.001557870179 0.0262246)
(0.001274416725 -0.001371606765 0.0262246)
(0.001560032184 -0.001230699977 0.0262246)
(0.001632489972 -0.000910091278 0.0262246)
(0.002213086361 0.0005051225201 0.0262246)
(0.00227 0 0.0262246)
(0.00204519933 0.0009849160878 0.0262246)
(0.001774757465 0.00141532185 0.0262246)
(0.00141532185 0.001774757465 0.0262246)
(0.0009849160878 0.00204519933 0.0262246)
(0.0005051225201 0.002213086361 0.0262246)
(-1.877167601e-18 0.00227 0.0262246)
(-0.0005051225201 0.002213086361 0.0262246)
(-0.0009849160878 0.00204519933 0.0262246)
(-0.00141532185 0.001774757465 0.0262246)
(-0.001774757465 0.00141532185 0.0262246)
(-0.00204519933 0.0009849160878 0.0262246)
(-0.002213086361 0.0005051225201 0.0262246)
(-0.00227 2.779948234e-19 0.0262246)
(-0.002213086361 -0.0005051225201 0.0262246)
(-0.00204519933 -0.0009849160878 0.0262246)
(-0.001774757465 -0.00141532185 0.0262246)
(-0.00141532185 -0.001774757465 0.0262246)
(-0.0009849160878 -0.00204519933 0.0262246)
(-0.0005051225201 -0.002213086361 0.0262246)
(4.171327437e-18 -0.00227 0.0262246)
(0.0005051225201 -0.002213086361 0.0262246)
(0.0009849160878 -0.00204519933 0.0262246)
(0.00141532185 -0.001774757465 0.0262246)
(0.001774757465 -0.00141532185 0.0262246)
(0.00204519933 -0.0009849160878 0.0262246)
(0.002213086361 -0.0005051225201 0.0262246)
(0.0002549783392 0.00148823152 0.02672470588)
(0.0003523407382 0.001783738617 0.02672470588)
(0.0007066344762 0.001600089729 0.02672470588)
(0.0004460517423 0.001266523339 0.02672470588)
(-3.436116456e-05 0.001407350945 0.02672470588)
(-4.500044161e-05 0.001797448385 0.02672470588)
(9.846795575e-05 0.001053538377 0.02672470588)
(-0.0002438007367 -0.001492333881 0.02672470588)
(-0.0003437086725 -0.001786388073 0.02672470588)
(-0.0006982317212 -0.001603104995 0.02672470588)
(-0.0004338947939 -0.001271435165 0.02672470588)
(4.58617183e-05 -0.001411816228 0.02672470588)
(5.278529518e-05 -0.00179973493 0.02672470588)
(-8.62642317e-05 -0.001060240977 0.02672470588)
(5.33055598e-06 -7.569654645e-06 0.02672470588)
(-0.0001706366213 0.0004238886521 0.02672470588)
(0.0002767283986 0.0006712240628 0.02672470588)
(0.0004790262607 0.0002546958768 0.02672470588)
(0.0006667435843 -0.0001953203733 0.02672470588)
(0.0001819169719 -0.0004385810476 0.02672470588)
(-0.0003116170191 0.000857307966 0.02672470588)
(-0.0006563371676 0.0001820636408 0.02672470588)
(-0.0007595572546 0.0006642510616 0.02672470588)
(-0.0004688864953 -0.0002704509558 0.02672470588)
(-0.0002640368596 -0.0006820804657 0.02672470588)
(0.0003244414692 -0.0008651390589 0.02672470588)
(0.0007703372699 -0.0006725549014 0.02672470588)
(0.001259378684 0.0001010530989 0.02672470588)
(0.001244725547 -0.0005092851124 0.02672470588)
(0.0009580369734 0.0005724914038 0.02672470588)
(0.000686355241 0.0009527389 0.02672470588)
(-0.000411913423 0.00127782731 0.02672470588)
(-0.0008252687158 0.001117838539 0.02672470588)
(-0.001236687262 0.0009697200325 0.02672470588)
(-0.001236177091 0.0005019180154 0.02672470588)
(-0.001252999921 -0.0001134184094 0.02672470588)
(-0.0009480716608 -0.0005850065929 0.02672470588)
(-0.0006748084747 -0.0009606103531 0.02672470588)
(0.0004222799531 -0.001281366524 0.02672470588)
(0.0008350443922 -0.001119937838 0.02672470588)
(0.001243190571 -0.0009705251405 0.02672470588)
(0.001790848755 -1.042056387e-05 0.02672470588)
(0.001718289332 -0.0004775459998 0.02672470588)
(0.001874758642 0.0003717980187 0.02672470588)
(0.001620340809 0.0006206920998 0.02672470588)
(0.001344907978 0.0009797899987 0.02672470588)
(0.001041334524 0.001319527007 0.02672470588)
(-0.0004740520223 0.001718341652 0.02672470588)
(-0.0008923071438 0.00156068139 0.02672470588)
(-0.001270071805 0.001372945344 0.02672470588)
(-0.001557665641 0.001231959056 0.02672470588)
(-0.001629632925 0.0009097587353 0.02672470588)
(-0.001715418137 0.0004721296419 0.02672470588)
(-0.001787356484 -2.794999909e-06 0.02672470588)
(-0.001867679875 -0.0003780765589 0.02672470588)
(-0.001618079194 -0.0006306136485 0.02672470588)
(-0.001339815484 -0.0009864499857 0.02672470588)
(-0.001033967066 -0.001324198714 0.02672470588)
(0.0004816833139 -0.001717626918 0.02672470588)
(0.0009004117588 -0.001557870179 0.02672470588)
(0.001274416725 -0.001371606765 0.02672470588)
(0.001560032184 -0.001230699977 0.02672470588)
(0.001632489972 -0.000910091278 0.02672470588)
(0.002213086361 0.0005051225201 0.02672470588)
(0.00227 -2.016165013e-18 0.02672470588)
(0.00204519933 0.0009849160878 0.02672470588)
(0.001774757465 0.00141532185 0.02672470588)
(0.00141532185 0.001774757465 0.02672470588)
(0.0009849160878 0.00204519933 0.02672470588)
(0.0005051225201 0.002213086361 0.02672470588)
(-1.877167601e-18 0.00227 0.02672470588)
(-0.0005051225201 0.002213086361 0.02672470588)
(-0.0009849160878 0.00204519933 0.02672470588)
(-0.00141532185 0.001774757465 0.02672470588)
(-0.001774757465 0.00141532185 0.02672470588)
(-0.00204519933 0.0009849160878 0.02672470588)
(-0.002213086361 0.0005051225201 0.02672470588)
(-0.00227 2.779948234e-19 0.02672470588)
(-0.002213086361 -0.0005051225201 0.02672470588)
(-0.00204519933 -0.0009849160878 0.02672470588)
(-0.001774757465 -0.00141532185 0.02672470588)
(-0.00141532185 -0.001774757465 0.02672470588)
(-0.0009849160878 -0.00204519933 0.02672470588)
(-0.0005051225201 -0.002213086361 0.02672470588)
(-1.877167601e-18 -0.00227 0.02672470588)
(0.0005051225201 -0.002213086361 0.02672470588)
(0.0009849160878 -0.00204519933 0.02672470588)
(0.00141532185 -0.001774757465 0.02672470588)
(0.001774757465 -0.00141532185 0.02672470588)
(0.00204519933 -0.0009849160878 0.02672470588)
(0.002213086361 -0.0005051225201 0.02672470588)
(0.0002549783392 0.00148823152 0.02722481176)
(0.0003523407382 0.001783738617 0.02722481176)
(0.0007066344762 0.001600089729 0.02722481176)
(0.0004460517423 0.001266523339 0.02722481176)
(-3.436116456e-05 0.001407350945 0.02722481176)
(-4.500044161e-05 0.001797448385 0.02722481176)
(9.846795575e-05 0.001053538377 0.02722481176)
(-0.0002438007367 -0.001492333881 0.02722481176)
(-0.0003437086725 -0.001786388073 0.02722481176)
(-0.0006982317212 -0.001603104995 0.02722481176)
(-0.0004338947939 -0.001271435165 0.02722481176)
(4.58617183e-05 -0.001411816228 0.02722481176)
(5.278529518e-05 -0.00179973493 0.02722481176)
(-8.62642317e-05 -0.001060240977 0.02722481176)
(5.33055598e-06 -7.569654645e-06 0.02722481176)
(-0.0001706366213 0.0004238886521 0.02722481176)
(0.0002767283986 0.0006712240628 0.02722481176)
(0.0004790262607 0.0002546958768 0.02722481176)
(0.0006667435843 -0.0001953203733 0.02722481176)
(0.0001819169719 -0.0004385810476 0.02722481176)
(-0.0003116170191 0.000857307966 0.02722481176)
(-0.0006563371676 0.0001820636408 0.02722481176)
(-0.0007595572546 0.0006642510616 0.02722481176)
(-0.0004688864953 -0.0002704509558 0.02722481176)
(-0.0002640368596 -0.0006820804657 0.02722481176)
(0.0003244414692 -0.0008651390589 0.02722481176)
(0.0007703372699 -0.0006725549014 0.02722481176)
(0.001259378684 0.0001010530989 0.02722481176)
(0.001244725547 -0.0005092851124 0.02722481176)
(0.0009580369734 0.0005724914038 0.02722481176)
(0.000686355241 0.0009527389 0.02722481176)
(-0.000411913423 0.00127782731 0.02722481176)
(-0.0008252687158 0.001117838539 0.02722481176)
(-0.001236687262 0.0009697200325 0.02722481176)
(-0.001236177091 0.0005019180154 0.02722481176)
(-0.001252999921 -0.0001134184094 0.02722481176)
(-0.0009480716608 -0.0005850065929 0.02722481176)
(-0.0006748084747 -0.0009606103531 0.02722481176)
(0.0004222799531 -0.001281366524 0.02722481176)
(0.0008350443922 -0.001119937838 0.02722481176)
(0.001243190571 -0.0009705251405 0.02722481176)
(0.001790848755 -1.042056387e-05 0.02722481176)
(0.001718289332 -0.0004775459998 0.02722481176)
(0.001874758642 0.0003717980187 0.02722481176)
(0.001620340809 0.0006206920998 0.02722481176)
(0.001344907978 0.0009797899987 0.02722481176)
(0.001041334524 0.001319527007 0.02722481176)
(-0.0004740520223 0.001718341652 0.02722481176)
(-0.0008923071438 0.00156068139 0.02722481176)
(-0.001270071805 0.001372945344 0.02722481176)
(-0.001557665641 0.001231959056 0.02722481176)
(-0.001629632925 0.0009097587353 0.02722481176)
(-0.001715418137 0.0004721296419 0.02722481176)
(-0.001787356484 -2.794999909e-06 0.02722481176)
(-0.001867679875 -0.0003780765589 0.02722481176)
(-0.001618079194 -0.0006306136485 0.02722481176)
(-0.001339815484 -0.0009864499857 0.02722481176)
(-0.001033967066 -0.001324198714 0.02722481176)
(0.0004816833139 -0.001717626918 0.02722481176)
(0.0009004117588 -0.001557870179 0.02722481176)
(0.001274416725 -0.001371606765 0.02722481176)
(0.001560032184 -0.001230699977 0.02722481176)
(0.001632489972 -0.000910091278 0.02722481176)
(0.002213086361 0.0005051225201 0.02722481176)
(0.00227 0 0.02722481176)
(0.00204519933 0.0009849160878 0.02722481176)
(0.001774757465 0.00141532185 0.02722481176)
(0.00141532185 0.001774757465 0.02722481176)
(0.0009849160878 0.00204519933 0.02722481176)
(0.0005051225201 0.002213086361 0.02722481176)
(1.389974117e-19 0.00227 0.02722481176)
(-0.0005051225201 0.002213086361 0.02722481176)
(-0.0009849160878 0.00204519933 0.02722481176)
(-0.00141532185 0.001774757465 0.02722481176)
(-0.001774757465 0.00141532185 0.02722481176)
(-0.00204519933 0.0009849160878 0.02722481176)
(-0.002213086361 0.0005051225201 0.02722481176)
(-0.00227 2.779948234e-19 0.02722481176)
(-0.002213086361 -0.0005051225201 0.02722481176)
(-0.00204519933 -0.0009849160878 0.02722481176)
(-0.001774757465 -0.00141532185 0.02722481176)
(-0.00141532185 -0.001774757465 0.02722481176)
(-0.0009849160878 -0.00204519933 0.02722481176)
(-0.0005051225201 -0.002213086361 0.02722481176)
(4.171327437e-18 -0.00227 0.02722481176)
(0.0005051225201 -0.002213086361 0.02722481176)
(0.0009849160878 -0.00204519933 0.02722481176)
(0.00141532185 -0.001774757465 0.02722481176)
(0.001774757465 -0.00141532185 0.02722481176)
(0.00204519933 -0.0009849160878 0.02722481176)
(0.002213086361 -0.0005051225201 0.02722481176)
(0.0002549783392 0.00148823152 0.02772491765)
(0.0003523407382 0.001783738617 0.02772491765)
(0.0007066344762 0.001600089729 0.02772491765)
(0.0004460517423 0.001266523339 0.02772491765)
(-3.436116456e-05 0.001407350945 0.02772491765)
(-4.500044161e-05 0.001797448385 0.02772491765)
(9.846795575e-05 0.001053538377 0.02772491765)
(-0.0002438007367 -0.001492333881 0.02772491765)
(-0.0003437086725 -0.001786388073 0.02772491765)
(-0.0006982317212 -0.001603104995 0.02772491765)
(-0.0004338947939 -0.001271435165 0.02772491765)
(4.58617183e-05 -0.001411816228 0.02772491765)
(5.278529518e-05 -0.00179973493 0.02772491765)
(-8.62642317e-05 -0.001060240977 0.02772491765)
(5.33055598e-06 -7.569654645e-06 0.02772491765)
(-0.0001706366213 0.0004238886521 0.02772491765)
(0.0002767283986 0.0006712240628 0.02772491765)
(0.0004790262607 0.0002546958768 0.02772491765)
(0.0006667435843 -0.0001953203733 0.02772491765)
(0.0001819169719 -0.0004385810476 0.02772491765)
(-0.0003116170191 0.000857307966 0.02772491765)
(-0.0006563371676 0.0001820636408 0.02772491765)
(-0.0007595572546 0.0006642510616 0.02772491765)
(-0.0004688864953 -0.0002704509558 0.02772491765)
(-0.0002640368596 -0.0006820804657 0.02772491765)
(0.0003244414692 -0.0008651390589 0.02772491765)
(0.0007703372699 -0.0006725549014 0.02772491765)
(0.001259378684 0.0001010530989 0.02772491765)
(0.001244725547 -0.0005092851124 0.02772491765)
(0.0009580369734 0.0005724914038 0.02772491765)
(0.000686355241 0.0009527389 0.02772491765)
(-0.000411913423 0.00127782731 0.02772491765)
(-0.0008252687158 0.001117838539 0.02772491765)
(-0.001236687262 0.0009697200325 0.02772491765)
(-0.001236177091 0.0005019180154 0.02772491765)
(-0.001252999921 -0.0001134184094 0.02772491765)
(-0.0009480716608 -0.0005850065929 0.02772491765)
(-0.0006748084747 -0.0009606103531 0.02772491765)
(0.0004222799531 -0.001281366524 0.02772491765)
(0.0008350443922 -0.001119937838 0.02772491765)
(0.001243190571 -0.0009705251405 0.02772491765)
(0.001790848755 -1.042056387e-05 0.02772491765)
(0.001718289332 -0.0004775459998 0.02772491765)
(0.001874758642 0.0003717980187 0.02772491765)
(0.001620340809 0.0006206920998 0.02772491765)
(0.001344907978 0.0009797899987 0.02772491765)
(0.001041334524 0.001319527007 0.02772491765)
(-0.0004740520223 0.001718341652 0.02772491765)
(-0.0008923071438 0.00156068139 0.02772491765)
(-0.001270071805 0.001372945344 0.02772491765)
(-0.001557665641 0.001231959056 0.02772491765)
(-0.001629632925 0.0009097587353 0.02772491765)
(-0.001715418137 0.0004721296419 0.02772491765)
(-0.001787356484 -2.794999909e-06 0.02772491765)
(-0.001867679875 -0.0003780765589 0.02772491765)
(-0.001618079194 -0.0006306136485 0.02772491765)
(-0.001339815484 -0.0009864499857 0.02772491765)
(-0.001033967066 -0.001324198714 0.02772491765)
(0.0004816833139 -0.001717626918 0.02772491765)
(0.0009004117588 -0.001557870179 0.02772491765)
(0.001274416725 -0.001371606765 0.02772491765)
(0.001560032184 -0.001230699977 0.02772491765)
(0.001632489972 -0.000910091278 0.02772491765)
(0.002213086361 0.0005051225201 0.02772491765)
(0.00227 2.016165013e-18 0.02772491765)
(0.00204519933 0.0009849160878 0.02772491765)
(0.001774757465 0.00141532185 0.02772491765)
(0.00141532185 0.001774757465 0.02772491765)
(0.0009849160878 0.00204519933 0.02772491765)
(0.0005051225201 0.002213086361 0.02772491765)
(4.171327437e-18 0.00227 0.02772491765)
(-0.0005051225201 0.002213086361 0.02772491765)
(-0.0009849160878 0.00204519933 0.02772491765)
(-0.00141532185 0.001774757465 0.02772491765)
(-0.001774757465 0.00141532185 0.02772491765)
(-0.00204519933 0.0009849160878 0.02772491765)
(-0.002213086361 0.0005051225201 0.02772491765)
(-0.00227 2.779948234e-19 0.02772491765)
(-0.002213086361 -0.0005051225201 0.02772491765)
(-0.00204519933 -0.0009849160878 0.02772491765)
(-0.001774757465 -0.00141532185 0.02772491765)
(-0.00141532185 -0.001774757465 0.02772491765)
(-0.0009849160878 -0.00204519933 0.02772491765)
(-0.0005051225201 -0.002213086361 0.02772491765)
(4.171327437e-18 -0.00227 0.02772491765)
(0.0005051225201 -0.002213086361 0.02772491765)
(0.0009849160878 -0.00204519933 0.02772491765)
(0.00141532185 -0.001774757465 0.02772491765)
(0.001774757465 -0.00141532185 0.02772491765)
(0.00204519933 -0.0009849160878 0.02772491765)
(0.002213086361 -0.0005051225201 0.02772491765)
(0.0002549783392 0.00148823152 0.02822502353)
(0.0003523407382 0.001783738617 0.02822502353)
(0.0007066344762 0.001600089729 0.02822502353)
(0.0004460517423 0.001266523339 0.02822502353)
(-3.436116456e-05 0.001407350945 0.02822502353)
(-4.500044161e-05 0.001797448385 0.02822502353)
(9.846795575e-05 0.001053538377 0.02822502353)
(-0.0002438007367 -0.001492333881 0.02822502353)
(-0.0003437086725 -0.001786388073 0.02822502353)
(-0.0006982317212 -0.001603104995 0.02822502353)
(-0.0004338947939 -0.001271435165 0.02822502353)
(4.58617183e-05 -0.001411816228 0.02822502353)
(5.278529518e-05 -0.00179973493 0.02822502353)
(-8.62642317e-05 -0.001060240977 0.02822502353)
(5.33055598e-06 -7.569654645e-06 0.02822502353)
(-0.0001706366213 0.0004238886521 0.02822502353)
(0.0002767283986 0.0006712240628 0.02822502353)
(0.0004790262607 0.0002546958768 0.02822502353)
(0.0006667435843 -0.0001953203733 0.02822502353)
(0.0001819169719 -0.0004385810476 0.02822502353)
(-0.0003116170191 0.000857307966 0.02822502353)
(-0.0006563371676 0.0001820636408 0.02822502353)
(-0.0007595572546 0.0006642510616 0.02822502353)
(-0.0004688864953 -0.0002704509558 0.02822502353)
(-0.0002640368596 -0.0006820804657 0.02822502353)
(0.0003244414692 -0.0008651390589 0.02822502353)
(0.0007703372699 -0.0006725549014 0.02822502353)
(0.001259378684 0.0001010530989 0.02822502353)
(0.001244725547 -0.0005092851124 0.02822502353)
(0.0009580369734 0.0005724914038 0.02822502353)
(0.000686355241 0.0009527389 0.02822502353)
(-0.000411913423 0.00127782731 0.02822502353)
(-0.0008252687158 0.001117838539 0.02822502353)
(-0.001236687262 0.0009697200325 0.02822502353)
(-0.001236177091 0.0005019180154 0.02822502353)
(-0.001252999921 -0.0001134184094 0.02822502353)
(-0.0009480716608 -0.0005850065929 0.02822502353)
(-0.0006748084747 -0.0009606103531 0.02822502353)
(0.0004222799531 -0.001281366524 0.02822502353)
(0.0008350443922 -0.001119937838 0.02822502353)
(0.001243190571 -0.0009705251405 0.02822502353)
(0.001790848755 -1.042056387e-05 0.02822502353)
(0.001718289332 -0.0004775459998 0.02822502353)
(0.001874758642 0.0003717980187 0.02822502353)
(0.001620340809 0.0006206920998 0.02822502353)
(0.001344907978 0.0009797899987 0.02822502353)
(0.001041334524 0.001319527007 0.02822502353)
(-0.0004740520223 0.001718341652 0.02822502353)
(-0.0008923071438 0.00156068139 0.02822502353)
(-0.001270071805 0.001372945344 0.02822502353)
(-0.001557665641 0.001231959056 0.02822502353)
(-0.001629632925 0.0009097587353 0.02822502353)
(-0.001715418137 0.0004721296419 0.02822502353)
(-0.001787356484 -2.794999909e-06 0.02822502353)
(-0.001867679875 -0.0003780765589 0.02822502353)
(-0.001618079194 -0.0006306136485 0.02822502353)
(-0.001339815484 -0.0009864499857 0.02822502353)
(-0.001033967066 -0.001324198714 0.02822502353)
(0.0004816833139 -0.001717626918 0.02822502353)
(0.0009004117588 -0.001557870179 0.02822502353)
(0.001274416725 -0.001371606765 0.02822502353)
(0.001560032184 -0.001230699977 0.02822502353)
(0.001632489972 -0.000910091278 0.02822502353)
(0.002213086361 0.0005051225201 0.02822502353)
(0.00227 0 0.02822502353)
(0.00204519933 0.0009849160878 0.02822502353)
(0.001774757465 0.00141532185 0.02822502353)
(0.00141532185 0.001774757465 0.02822502353)
(0.0009849160878 0.00204519933 0.02822502353)
(0.0005051225201 0.002213086361 0.02822502353)
(2.155162424e-18 0.00227 0.02822502353)
(-0.0005051225201 0.002213086361 0.02822502353)
(-0.0009849160878 0.00204519933 0.02822502353)
(-0.00141532185 0.001774757465 0.02822502353)
(-0.001774757465 0.00141532185 0.02822502353)
(-0.00204519933 0.0009849160878 0.02822502353)
(-0.002213086361 0.0005051225201 0.02822502353)
(-0.00227 2.779948234e-19 0.02822502353)
(-0.002213086361 -0.0005051225201 0.02822502353)
(-0.00204519933 -0.0009849160878 0.02822502353)
(-0.001774757465 -0.00141532185 0.02822502353)
(-0.00141532185 -0.001774757465 0.02822502353)
(-0.0009849160878 -0.00204519933 0.02822502353)
(-0.0005051225201 -0.002213086361 0.02822502353)
(-3.893332614e-18 -0.00227 0.02822502353)
(0.0005051225201 -0.002213086361 0.02822502353)
(0.0009849160878 -0.00204519933 0.02822502353)
(0.00141532185 -0.001774757465 0.02822502353)
(0.001774757465 -0.00141532185 0.02822502353)
(0.00204519933 -0.0009849160878 0.02822502353)
(0.002213086361 -0.0005051225201 0.02822502353)
(0.0002549783392 0.00148823152 0.02872512941)
(0.0003523407382 0.001783738617 0.02872512941)
(0.0007066344762 0.001600089729 0.02872512941)
(0.0004460517423 0.001266523339 0.02872512941)
(-3.436116456e-05 0.001407350945 0.02872512941)
(-4.500044161e-05 0.001797448385 0.02872512941)
(9.846795575e-05 0.001053538377 0.02872512941)
(-0.0002438007367 -0.001492333881 0.02872512941)
(-0.0003437086725 -0.001786388073 0.02872512941)
(-0.0006982317212 -0.001603104995 0.02872512941)
(-0.0004338947939 -0.001271435165 0.02872512941)
(4.58617183e-05 -0.001411816228 0.02872512941)
(5.278529518e-05 -0.00179973493 0.02872512941)
(-8.62642317e-05 -0.001060240977 0.02872512941)
(5.33055598e-06 -7.569654645e-06 0.02872512941)
(-0.0001706366213 0.0004238886521 0.02872512941)
(0.0002767283986 0.0006712240628 0.02872512941)
(0.0004790262607 0.0002546958768 0.02872512941)
(0.0006667435843 -0.0001953203733 0.02872512941)
(0.0001819169719 -0.0004385810476 0.02872512941)
(-0.0003116170191 0.000857307966 0.02872512941)
(-0.0006563371676 0.0001820636408 0.02872512941)
(-0.0007595572546 0.0006642510616 0.02872512941)
(-0.0004688864953 -0.0002704509558 0.02872512941)
(-0.0002640368596 -0.0006820804657 0.02872512941)
(0.0003244414692 -0.0008651390589 0.02872512941)
(0.0007703372699 -0.0006725549014 0.02872512941)
(0.001259378684 0.0001010530989 0.02872512941)
(0.001244725547 -0.0005092851124 0.02872512941)
(0.0009580369734 0.0005724914038 0.02872512941)
(0.000686355241 0.0009527389 0.02872512941)
(-0.000411913423 0.00127782731 0.02872512941)
(-0.0008252687158 0.001117838539 0.02872512941)
(-0.001236687262 0.0009697200325 0.02872512941)
(-0.001236177091 0.0005019180154 0.02872512941)
(-0.001252999921 -0.0001134184094 0.02872512941)
(-0.0009480716608 -0.0005850065929 0.02872512941)
(-0.0006748084747 -0.0009606103531 0.02872512941)
(0.0004222799531 -0.001281366524 0.02872512941)
(0.0008350443922 -0.001119937838 0.02872512941)
(0.001243190571 -0.0009705251405 0.02872512941)
(0.001790848755 -1.042056387e-05 0.02872512941)
(0.001718289332 -0.0004775459998 0.02872512941)
(0.001874758642 0.0003717980187 0.02872512941)
(0.001620340809 0.0006206920998 0.02872512941)
(0.001344907978 0.0009797899987 0.02872512941)
(0.001041334524 0.001319527007 0.02872512941)
(-0.0004740520223 0.001718341652 0.02872512941)
(-0.0008923071438 0.00156068139 0.02872512941)
(-0.001270071805 0.001372945344 0.02872512941)
(-0.001557665641 0.001231959056 0.02872512941)
(-0.001629632925 0.0009097587353 0.02872512941)
(-0.001715418137 0.0004721296419 0.02872512941)
(-0.001787356484 -2.794999909e-06 0.02872512941)
(-0.001867679875 -0.0003780765589 0.02872512941)
(-0.001618079194 -0.0006306136485 0.02872512941)
(-0.001339815484 -0.0009864499857 0.02872512941)
(-0.001033967066 -0.001324198714 0.02872512941)
(0.0004816833139 -0.001717626918 0.02872512941)
(0.0009004117588 -0.001557870179 0.02872512941)
(0.001274416725 -0.001371606765 0.02872512941)
(0.001560032184 -0.001230699977 0.02872512941)
(0.001632489972 -0.000910091278 0.02872512941)
(0.002213086361 0.0005051225201 0.02872512941)
(0.00227 -2.016165013e-18 0.02872512941)
(0.00204519933 0.0009849160878 0.02872512941)
(0.001774757465 0.00141532185 0.02872512941)
(0.00141532185 0.001774757465 0.02872512941)
(0.0009849160878 0.00204519933 0.02872512941)
(0.0005051225201 0.002213086361 0.02872512941)
(-3.893332614e-18 0.00227 0.02872512941)
(-0.0005051225201 0.002213086361 0.02872512941)
(-0.0009849160878 0.00204519933 0.02872512941)
(-0.00141532185 0.001774757465 0.02872512941)
(-0.001774757465 0.00141532185 0.02872512941)
(-0.00204519933 0.0009849160878 0.02872512941)
(-0.002213086361 0.0005051225201 0.02872512941)
(-0.00227 2.779948234e-19 0.02872512941)
(-0.002213086361 -0.0005051225201 0.02872512941)
(-0.00204519933 -0.0009849160878 0.02872512941)
(-0.001774757465 -0.00141532185 0.02872512941)
(-0.00141532185 -0.001774757465 0.02872512941)
(-0.0009849160878 -0.00204519933 0.02872512941)
(-0.0005051225201 -0.002213086361 0.02872512941)
(-1.877167601e-18 -0.00227 0.02872512941)
(0.0005051225201 -0.002213086361 0.02872512941)
(0.0009849160878 -0.00204519933 0.02872512941)
(0.00141532185 -0.001774757465 0.02872512941)
(0.001774757465 -0.00141532185 0.02872512941)
(0.00204519933 -0.0009849160878 0.02872512941)
(0.002213086361 -0.0005051225201 0.02872512941)
(0.0002549783392 0.00148823152 0.02922523529)
(0.0003523407382 0.001783738617 0.02922523529)
(0.0007066344762 0.001600089729 0.02922523529)
(0.0004460517423 0.001266523339 0.02922523529)
(-3.436116456e-05 0.001407350945 0.02922523529)
(-4.500044161e-05 0.001797448385 0.02922523529)
(9.846795575e-05 0.001053538377 0.02922523529)
(-0.0002438007367 -0.001492333881 0.02922523529)
(-0.0003437086725 -0.001786388073 0.02922523529)
(-0.0006982317212 -0.001603104995 0.02922523529)
(-0.0004338947939 -0.001271435165 0.02922523529)
(4.58617183e-05 -0.001411816228 0.02922523529)
(5.278529518e-05 -0.00179973493 0.02922523529)
(-8.62642317e-05 -0.001060240977 0.02922523529)
(5.33055598e-06 -7.569654645e-06 0.02922523529)
(-0.0001706366213 0.0004238886521 0.02922523529)
(0.0002767283986 0.0006712240628 0.02922523529)
(0.0004790262607 0.0002546958768 0.02922523529)
(0.0006667435843 -0.0001953203733 0.02922523529)
(0.0001819169719 -0.0004385810476 0.02922523529)
(-0.0003116170191 0.000857307966 0.02922523529)
(-0.0006563371676 0.0001820636408 0.02922523529)
(-0.0007595572546 0.0006642510616 0.02922523529)
(-0.0004688864953 -0.0002704509558 0.02922523529)
(-0.0002640368596 -0.0006820804657 0.02922523529)
(0.0003244414692 -0.0008651390589 0.02922523529)
(0.0007703372699 -0.0006725549014 0.02922523529)
(0.001259378684 0.0001010530989 0.02922523529)
(0.001244725547 -0.0005092851124 0.02922523529)
(0.0009580369734 0.0005724914038 0.02922523529)
(0.000686355241 0.0009527389 0.02922523529)
(-0.000411913423 0.00127782731 0.02922523529)
(-0.0008252687158 0.001117838539 0.02922523529)
(-0.001236687262 0.0009697200325 0.02922523529)
(-0.001236177091 0.0005019180154 0.02922523529)
(-0.001252999921 -0.0001134184094 0.02922523529)
(-0.0009480716608 -0.0005850065929 0.02922523529)
(-0.0006748084747 -0.0009606103531 0.02922523529)
(0.0004222799531 -0.001281366524 0.02922523529)
(0.0008350443922 -0.001119937838 0.02922523529)
(0.001243190571 -0.0009705251405 0.02922523529)
(0.001790848755 -1.042056387e-05 0.02922523529)
(0.001718289332 -0.0004775459998 0.02922523529)
(0.001874758642 0.0003717980187 0.02922523529)
(0.001620340809 0.0006206920998 0.02922523529)
(0.001344907978 0.0009797899987 0.02922523529)
(0.001041334524 0.001319527007 0.02922523529)
(-0.0004740520223 0.001718341652 0.02922523529)
(-0.0008923071438 0.00156068139 0.02922523529)
(-0.001270071805 0.001372945344 0.02922523529)
(-0.001557665641 0.001231959056 0.02922523529)
(-0.001629632925 0.0009097587353 0.02922523529)
(-0.001715418137 0.0004721296419 0.02922523529)
(-0.001787356484 -2.794999909e-06 0.02922523529)
(-0.001867679875 -0.0003780765589 0.02922523529)
(-0.001618079194 -0.0006306136485 0.02922523529)
(-0.001339815484 -0.0009864499857 0.02922523529)
(-0.001033967066 -0.001324198714 0.02922523529)
(0.0004816833139 -0.001717626918 0.02922523529)
(0.0009004117588 -0.001557870179 0.02922523529)
(0.001274416725 -0.001371606765 0.02922523529)
(0.001560032184 -0.001230699977 0.02922523529)
(0.001632489972 -0.000910091278 0.02922523529)
(0.002213086361 0.0005051225201 0.02922523529)
(0.00227 2.016165013e-18 0.02922523529)
(0.00204519933 0.0009849160878 0.02922523529)
(0.001774757465 0.00141532185 0.02922523529)
(0.00141532185 0.001774757465 0.02922523529)
(0.0009849160878 0.00204519933 0.02922523529)
(0.0005051225201 0.002213086361 0.02922523529)
(-1.877167601e-18 0.00227 0.02922523529)
(-0.0005051225201 0.002213086361 0.02922523529)
(-0.0009849160878 0.00204519933 0.02922523529)
(-0.00141532185 0.001774757465 0.02922523529)
(-0.001774757465 0.00141532185 0.02922523529)
(-0.00204519933 0.0009849160878 0.02922523529)
(-0.002213086361 0.0005051225201 0.02922523529)
(-0.00227 2.779948234e-19 0.02922523529)
(-0.002213086361 -0.0005051225201 0.02922523529)
(-0.00204519933 -0.0009849160878 0.02922523529)
(-0.001774757465 -0.00141532185 0.02922523529)
(-0.00141532185 -0.001774757465 0.02922523529)
(-0.0009849160878 -0.00204519933 0.02922523529)
(-0.0005051225201 -0.002213086361 0.02922523529)
(4.171327437e-18 -0.00227 0.02922523529)
(0.0005051225201 -0.002213086361 0.02922523529)
(0.0009849160878 -0.00204519933 0.02922523529)
(0.00141532185 -0.001774757465 0.02922523529)
(0.001774757465 -0.00141532185 0.02922523529)
(0.00204519933 -0.0009849160878 0.02922523529)
(0.002213086361 -0.0005051225201 0.02922523529)
(0.0002549783392 0.00148823152 0.02972534118)
(0.0003523407382 0.001783738617 0.02972534118)
(0.0007066344762 0.001600089729 0.02972534118)
(0.0004460517423 0.001266523339 0.02972534118)
(-3.436116456e-05 0.001407350945 0.02972534118)
(-4.500044161e-05 0.001797448385 0.02972534118)
(9.846795575e-05 0.001053538377 0.02972534118)
(-0.0002438007367 -0.001492333881 0.02972534118)
(-0.0003437086725 -0.001786388073 0.02972534118)
(-0.0006982317212 -0.001603104995 0.02972534118)
(-0.0004338947939 -0.001271435165 0.02972534118)
(4.58617183e-05 -0.001411816228 0.02972534118)
(5.278529518e-05 -0.00179973493 0.02972534118)
(-8.62642317e-05 -0.001060240977 0.02972534118)
(5.33055598e-06 -7.569654645e-06 0.02972534118)
(-0.0001706366213 0.0004238886521 0.02972534118)
(0.0002767283986 0.0006712240628 0.02972534118)
(0.0004790262607 0.0002546958768 0.02972534118)
(0.0006667435843 -0.0001953203733 0.02972534118)
(0.0001819169719 -0.0004385810476 0.02972534118)
(-0.0003116170191 0.000857307966 0.02972534118)
(-0.0006563371676 0.0001820636408 0.02972534118)
(-0.0007595572546 0.0006642510616 0.02972534118)
(-0.0004688864953 -0.0002704509558 0.02972534118)
(-0.0002640368596 -0.0006820804657 0.02972534118)
(0.0003244414692 -0.0008651390589 0.02972534118)
(0.0007703372699 -0.0006725549014 0.02972534118)
(0.001259378684 0.0001010530989 0.02972534118)
(0.001244725547 -0.0005092851124 0.02972534118)
(0.0009580369734 0.0005724914038 0.02972534118)
(0.000686355241 0.0009527389 0.02972534118)
(-0.000411913423 0.00127782731 0.02972534118)
(-0.0008252687158 0.001117838539 0.02972534118)
(-0.001236687262 0.0009697200325 0.02972534118)
(-0.001236177091 0.0005019180154 0.02972534118)
(-0.001252999921 -0.0001134184094 0.02972534118)
(-0.0009480716608 -0.0005850065929 0.02972534118)
(-0.0006748084747 -0.0009606103531 0.02972534118)
(0.0004222799531 -0.001281366524 0.02972534118)
(0.0008350443922 -0.001119937838 0.02972534118)
(0.001243190571 -0.0009705251405 0.02972534118)
(0.001790848755 -1.042056387e-05 0.02972534118)
(0.001718289332 -0.0004775459998 0.02972534118)
(0.001874758642 0.0003717980187 0.02972534118)
(0.001620340809 0.0006206920998 0.02972534118)
(0.001344907978 0.0009797899987 0.02972534118)
(0.001041334524 0.001319527007 0.02972534118)
(-0.0004740520223 0.001718341652 0.02972534118)
(-0.0008923071438 0.00156068139 0.02972534118)
(-0.001270071805 0.001372945344 0.02972534118)
(-0.001557665641 0.001231959056 0.02972534118)
(-0.001629632925 0.0009097587353 0.02972534118)
(-0.001715418137 0.0004721296419 0.02972534118)
(-0.001787356484 -2.794999909e-06 0.02972534118)
(-0.001867679875 -0.0003780765589 0.02972534118)
(-0.001618079194 -0.0006306136485 0.02972534118)
(-0.001339815484 -0.0009864499857 0.02972534118)
(-0.001033967066 -0.001324198714 0.02972534118)
(0.0004816833139 -0.001717626918 0.02972534118)
(0.0009004117588 -0.001557870179 0.02972534118)
(0.001274416725 -0.001371606765 0.02972534118)
(0.001560032184 -0.001230699977 0.02972534118)
(0.001632489972 -0.000910091278 0.02972534118)
(0.002213086361 0.0005051225201 0.02972534118)
(0.00227 0 0.02972534118)
(0.00204519933 0.0009849160878 0.02972534118)
(0.001774757465 0.00141532185 0.02972534118)
(0.00141532185 0.001774757465 0.02972534118)
(0.0009849160878 0.00204519933 0.02972534118)
(0.0005051225201 0.002213086361 0.02972534118)
(1.389974117e-19 0.00227 0.02972534118)
(-0.0005051225201 0.002213086361 0.02972534118)
(-0.0009849160878 0.00204519933 0.02972534118)
(-0.00141532185 0.001774757465 0.02972534118)
(-0.001774757465 0.00141532185 0.02972534118)
(-0.00204519933 0.0009849160878 0.02972534118)
(-0.002213086361 0.0005051225201 0.02972534118)
(-0.00227 2.779948234e-19 0.02972534118)
(-0.002213086361 -0.0005051225201 0.02972534118)
(-0.00204519933 -0.0009849160878 0.02972534118)
(-0.001774757465 -0.00141532185 0.02972534118)
(-0.00141532185 -0.001774757465 0.02972534118)
(-0.0009849160878 -0.00204519933 0.02972534118)
(-0.0005051225201 -0.002213086361 0.02972534118)
(1.389974117e-19 -0.00227 0.02972534118)
(0.0005051225201 -0.002213086361 0.02972534118)
(0.0009849160878 -0.00204519933 0.02972534118)
(0.00141532185 -0.001774757465 0.02972534118)
(0.001774757465 -0.00141532185 0.02972534118)
(0.00204519933 -0.0009849160878 0.02972534118)
(0.002213086361 -0.0005051225201 0.02972534118)
(0.0002549783392 0.00148823152 0.03022544706)
(0.0003523407382 0.001783738617 0.03022544706)
(0.0007066344762 0.001600089729 0.03022544706)
(0.0004460517423 0.001266523339 0.03022544706)
(-3.436116456e-05 0.001407350945 0.03022544706)
(-4.500044161e-05 0.001797448385 0.03022544706)
(9.846795575e-05 0.001053538377 0.03022544706)
(-0.0002438007367 -0.001492333881 0.03022544706)
(-0.0003437086725 -0.001786388073 0.03022544706)
(-0.0006982317212 -0.001603104995 0.03022544706)
(-0.0004338947939 -0.001271435165 0.03022544706)
(4.58617183e-05 -0.001411816228 0.03022544706)
(5.278529518e-05 -0.00179973493 0.03022544706)
(-8.62642317e-05 -0.001060240977 0.03022544706)
(5.33055598e-06 -7.569654645e-06 0.03022544706)
(-0.0001706366213 0.0004238886521 0.03022544706)
(0.0002767283986 0.0006712240628 0.03022544706)
(0.0004790262607 0.0002546958768 0.03022544706)
(0.0006667435843 -0.0001953203733 0.03022544706)
(0.0001819169719 -0.0004385810476 0.03022544706)
(-0.0003116170191 0.000857307966 0.03022544706)
(-0.0006563371676 0.0001820636408 0.03022544706)
(-0.0007595572546 0.0006642510616 0.03022544706)
(-0.0004688864953 -0.0002704509558 0.03022544706)
(-0.0002640368596 -0.0006820804657 0.03022544706)
(0.0003244414692 -0.0008651390589 0.03022544706)
(0.0007703372699 -0.0006725549014 0.03022544706)
(0.001259378684 0.0001010530989 0.03022544706)
(0.001244725547 -0.0005092851124 0.03022544706)
(0.0009580369734 0.0005724914038 0.03022544706)
(0.000686355241 0.0009527389 0.03022544706)
(-0.000411913423 0.00127782731 0.03022544706)
(-0.0008252687158 0.001117838539 0.03022544706)
(-0.001236687262 0.0009697200325 0.03022544706)
(-0.001236177091 0.0005019180154 0.03022544706)
(-0.001252999921 -0.0001134184094 0.03022544706)
(-0.0009480716608 -0.0005850065929 0.03022544706)
(-0.0006748084747 -0.0009606103531 0.03022544706)
(0.0004222799531 -0.001281366524 0.03022544706)
(0.0008350443922 -0.001119937838 0.03022544706)
(0.001243190571 -0.0009705251405 0.03022544706)
(0.001790848755 -1.042056387e-05 0.03022544706)
(0.001718289332 -0.0004775459998 0.03022544706)
(0.001874758642 0.0003717980187 0.03022544706)
(0.001620340809 0.0006206920998 0.03022544706)
(0.001344907978 0.0009797899987 0.03022544706)
(0.001041334524 0.001319527007 0.03022544706)
(-0.0004740520223 0.001718341652 0.03022544706)
(-0.0008923071438 0.00156068139 0.03022544706)
(-0.001270071805 0.001372945344 0.03022544706)
(-0.001557665641 0.001231959056 0.03022544706)
(-0.001629632925 0.0009097587353 0.03022544706)
(-0.001715418137 0.0004721296419 0.03022544706)
(-0.001787356484 -2.794999909e-06 0.03022544706)
(-0.001867679875 -0.0003780765589 0.03022544706)
(-0.001618079194 -0.0006306136485 0.03022544706)
(-0.001339815484 -0.0009864499857 0.03022544706)
(-0.001033967066 -0.001324198714 0.03022544706)
(0.0004816833139 -0.001717626918 0.03022544706)
(0.0009004117588 -0.001557870179 0.03022544706)
(0.001274416725 -0.001371606765 0.03022544706)
(0.001560032184 -0.001230699977 0.03022544706)
(0.001632489972 -0.000910091278 0.03022544706)
(0.002213086361 0.0005051225201 0.03022544706)
(0.00227 -2.016165013e-18 0.03022544706)
(0.00204519933 0.0009849160878 0.03022544706)
(0.001774757465 0.00141532185 0.03022544706)
(0.00141532185 0.001774757465 0.03022544706)
(0.0009849160878 0.00204519933 0.03022544706)
(0.0005051225201 0.002213086361 0.03022544706)
(4.171327437e-18 0.00227 0.03022544706)
(-0.0005051225201 0.002213086361 0.03022544706)
(-0.0009849160878 0.00204519933 0.03022544706)
(-0.00141532185 0.001774757465 0.03022544706)
(-0.001774757465 0.00141532185 0.03022544706)
(-0.00204519933 0.0009849160878 0.03022544706)
(-0.002213086361 0.0005051225201 0.03022544706)
(-0.00227 2.779948234e-19 0.03022544706)
(-0.002213086361 -0.0005051225201 0.03022544706)
(-0.00204519933 -0.0009849160878 0.03022544706)
(-0.001774757465 -0.00141532185 0.03022544706)
(-0.00141532185 -0.001774757465 0.03022544706)
(-0.0009849160878 -0.00204519933 0.03022544706)
(-0.0005051225201 -0.002213086361 0.03022544706)
(-3.893332614e-18 -0.00227 0.03022544706)
(0.0005051225201 -0.002213086361 0.03022544706)
(0.0009849160878 -0.00204519933 0.03022544706)
(0.00141532185 -0.001774757465 0.03022544706)
(0.001774757465 -0.00141532185 0.03022544706)
(0.00204519933 -0.0009849160878 0.03022544706)
(0.002213086361 -0.0005051225201 0.03022544706)
(0.0002549783392 0.00148823152 0.03072555294)
(0.0003523407382 0.001783738617 0.03072555294)
(0.0007066344762 0.001600089729 0.03072555294)
(0.0004460517423 0.001266523339 0.03072555294)
(-3.436116456e-05 0.001407350945 0.03072555294)
(-4.500044161e-05 0.001797448385 0.03072555294)
(9.846795575e-05 0.001053538377 0.03072555294)
(-0.0002438007367 -0.001492333881 0.03072555294)
(-0.0003437086725 -0.001786388073 0.03072555294)
(-0.0006982317212 -0.001603104995 0.03072555294)
(-0.0004338947939 -0.001271435165 0.03072555294)
(4.58617183e-05 -0.001411816228 0.03072555294)
(5.278529518e-05 -0.00179973493 0.03072555294)
(-8.62642317e-05 -0.001060240977 0.03072555294)
(5.33055598e-06 -7.569654645e-06 0.03072555294)
(-0.0001706366213 0.0004238886521 0.03072555294)
(0.0002767283986 0.0006712240628 0.03072555294)
(0.0004790262607 0.0002546958768 0.03072555294)
(0.0006667435843 -0.0001953203733 0.03072555294)
(0.0001819169719 -0.0004385810476 0.03072555294)
(-0.0003116170191 0.000857307966 0.03072555294)
(-0.0006563371676 0.0001820636408 0.03072555294)
(-0.0007595572546 0.0006642510616 0.03072555294)
(-0.0004688864953 -0.0002704509558 0.03072555294)
(-0.0002640368596 -0.0006820804657 0.03072555294)
(0.0003244414692 -0.0008651390589 0.03072555294)
(0.0007703372699 -0.0006725549014 0.03072555294)
(0.001259378684 0.0001010530989 0.03072555294)
(0.001244725547 -0.0005092851124 0.03072555294)
(0.0009580369734 0.0005724914038 0.03072555294)
(0.000686355241 0.0009527389 0.03072555294)
(-0.000411913423 0.00127782731 0.03072555294)
(-0.0008252687158 0.001117838539 0.03072555294)
(-0.001236687262 0.0009697200325 0.03072555294)
(-0.001236177091 0.0005019180154 0.03072555294)
(-0.001252999921 -0.0001134184094 0.03072555294)
(-0.0009480716608 -0.0005850065929 0.03072555294)
(-0.0006748084747 -0.0009606103531 0.03072555294)
(0.0004222799531 -0.001281366524 0.03072555294)
(0.0008350443922 -0.001119937838 0.03072555294)
(0.001243190571 -0.0009705251405 0.03072555294)
(0.001790848755 -1.042056387e-05 0.03072555294)
(0.001718289332 -0.0004775459998 0.03072555294)
(0.001874758642 0.0003717980187 0.03072555294)
(0.001620340809 0.0006206920998 0.03072555294)
(0.001344907978 0.0009797899987 0.03072555294)
(0.001041334524 0.001319527007 0.03072555294)
(-0.0004740520223 0.001718341652 0.03072555294)
(-0.0008923071438 0.00156068139 0.03072555294)
(-0.001270071805 0.001372945344 0.03072555294)
(-0.001557665641 0.001231959056 0.03072555294)
(-0.001629632925 0.0009097587353 0.03072555294)
(-0.001715418137 0.0004721296419 0.03072555294)
(-0.001787356484 -2.794999909e-06 0.03072555294)
(-0.001867679875 -0.0003780765589 0.03072555294)
(-0.001618079194 -0.0006306136485 0.03072555294)
(-0.001339815484 -0.0009864499857 0.03072555294)
(-0.001033967066 -0.001324198714 0.03072555294)
(0.0004816833139 -0.001717626918 0.03072555294)
(0.0009004117588 -0.001557870179 0.03072555294)
(0.001274416725 -0.001371606765 0.03072555294)
(0.001560032184 -0.001230699977 0.03072555294)
(0.001632489972 -0.000910091278 0.03072555294)
(0.002213086361 0.0005051225201 0.03072555294)
(0.00227 0 0.03072555294)
(0.00204519933 0.0009849160878 0.03072555294)
(0.001774757465 0.00141532185 0.03072555294)
(0.00141532185 0.001774757465 0.03072555294)
(0.0009849160878 0.00204519933 0.03072555294)
(0.0005051225201 0.002213086361 0.03072555294)
(-1.877167601e-18 0.00227 0.03072555294)
(-0.0005051225201 0.002213086361 0.03072555294)
(-0.0009849160878 0.00204519933 0.03072555294)
(-0.00141532185 0.001774757465 0.03072555294)
(-0.001774757465 0.00141532185 0.03072555294)
(-0.00204519933 0.0009849160878 0.03072555294)
(-0.002213086361 0.0005051225201 0.03072555294)
(-0.00227 2.779948234e-19 0.03072555294)
(-0.002213086361 -0.0005051225201 0.03072555294)
(-0.00204519933 -0.0009849160878 0.03072555294)
(-0.001774757465 -0.00141532185 0.03072555294)
(-0.00141532185 -0.001774757465 0.03072555294)
(-0.0009849160878 -0.00204519933 0.03072555294)
(-0.0005051225201 -0.002213086361 0.03072555294)
(-3.893332614e-18 -0.00227 0.03072555294)
(0.0005051225201 -0.002213086361 0.03072555294)
(0.0009849160878 -0.00204519933 0.03072555294)
(0.00141532185 -0.001774757465 0.03072555294)
(0.001774757465 -0.00141532185 0.03072555294)
(0.00204519933 -0.0009849160878 0.03072555294)
(0.002213086361 -0.0005051225201 0.03072555294)
(0.0002549783392 0.00148823152 0.03122565882)
(0.0003523407382 0.001783738617 0.03122565882)
(0.0007066344762 0.001600089729 0.03122565882)
(0.0004460517423 0.001266523339 0.03122565882)
(-3.436116456e-05 0.001407350945 0.03122565882)
(-4.500044161e-05 0.001797448385 0.03122565882)
(9.846795575e-05 0.001053538377 0.03122565882)
(-0.0002438007367 -0.001492333881 0.03122565882)
(-0.0003437086725 -0.001786388073 0.03122565882)
(-0.0006982317212 -0.001603104995 0.03122565882)
(-0.0004338947939 -0.001271435165 0.03122565882)
(4.58617183e-05 -0.001411816228 0.03122565882)
(5.278529518e-05 -0.00179973493 0.03122565882)
(-8.62642317e-05 -0.001060240977 0.03122565882)
(5.33055598e-06 -7.569654645e-06 0.03122565882)
(-0.0001706366213 0.0004238886521 0.03122565882)
(0.0002767283986 0.0006712240628 0.03122565882)
(0.0004790262607 0.0002546958768 0.03122565882)
(0.0006667435843 -0.0001953203733 0.03122565882)
(0.0001819169719 -0.0004385810476 0.03122565882)
(-0.0003116170191 0.000857307966 0.03122565882)
(-0.0006563371676 0.0001820636408 0.03122565882)
(-0.0007595572546 0.0006642510616 0.03122565882)
(-0.0004688864953 -0.0002704509558 0.03122565882)
(-0.0002640368596 -0.0006820804657 0.03122565882)
(0.0003244414692 -0.0008651390589 0.03122565882)
(0.0007703372699 -0.0006725549014 0.03122565882)
(0.001259378684 0.0001010530989 0.03122565882)
(0.001244725547 -0.0005092851124 0.03122565882)
(0.0009580369734 0.0005724914038 0.03122565882)
(0.000686355241 0.0009527389 0.03122565882)
(-0.000411913423 0.00127782731 0.03122565882)
(-0.0008252687158 0.001117838539 0.03122565882)
(-0.001236687262 0.0009697200325 0.03122565882)
(-0.001236177091 0.0005019180154 0.03122565882)
(-0.001252999921 -0.0001134184094 0.03122565882)
(-0.0009480716608 -0.0005850065929 0.03122565882)
(-0.0006748084747 -0.0009606103531 0.03122565882)
(0.0004222799531 -0.001281366524 0.03122565882)
(0.0008350443922 -0.001119937838 0.03122565882)
(0.001243190571 -0.0009705251405 0.03122565882)
(0.001790848755 -1.042056387e-05 0.03122565882)
(0.001718289332 -0.0004775459998 0.03122565882)
(0.001874758642 0.0003717980187 0.03122565882)
(0.001620340809 0.0006206920998 0.03122565882)
(0.001344907978 0.0009797899987 0.03122565882)
(0.001041334524 0.001319527007 0.03122565882)
(-0.0004740520223 0.001718341652 0.03122565882)
(-0.0008923071438 0.00156068139 0.03122565882)
(-0.001270071805 0.001372945344 0.03122565882)
(-0.001557665641 0.001231959056 0.03122565882)
(-0.001629632925 0.0009097587353 0.03122565882)
(-0.001715418137 0.0004721296419 0.03122565882)
(-0.001787356484 -2.794999909e-06 0.03122565882)
(-0.001867679875 -0.0003780765589 0.03122565882)
(-0.001618079194 -0.0006306136485 0.03122565882)
(-0.001339815484 -0.0009864499857 0.03122565882)
(-0.001033967066 -0.001324198714 0.03122565882)
(0.0004816833139 -0.001717626918 0.03122565882)
(0.0009004117588 -0.001557870179 0.03122565882)
(0.001274416725 -0.001371606765 0.03122565882)
(0.001560032184 -0.001230699977 0.03122565882)
(0.001632489972 -0.000910091278 0.03122565882)
(0.002213086361 0.0005051225201 0.03122565882)
(0.00227 0 0.03122565882)
(0.00204519933 0.0009849160878 0.03122565882)
(0.001774757465 0.00141532185 0.03122565882)
(0.00141532185 0.001774757465 0.03122565882)
(0.0009849160878 0.00204519933 0.03122565882)
(0.0005051225201 0.002213086361 0.03122565882)
(-1.877167601e-18 0.00227 0.03122565882)
(-0.0005051225201 0.002213086361 0.03122565882)
(-0.0009849160878 0.00204519933 0.03122565882)
(-0.00141532185 0.001774757465 0.03122565882)
(-0.001774757465 0.00141532185 0.03122565882)
(-0.00204519933 0.0009849160878 0.03122565882)
(-0.002213086361 0.0005051225201 0.03122565882)
(-0.00227 2.779948234e-19 0.03122565882)
(-0.002213086361 -0.0005051225201 0.03122565882)
(-0.00204519933 -0.0009849160878 0.03122565882)
(-0.001774757465 -0.00141532185 0.03122565882)
(-0.00141532185 -0.001774757465 0.03122565882)
(-0.0009849160878 -0.00204519933 0.03122565882)
(-0.0005051225201 -0.002213086361 0.03122565882)
(1.389974117e-19 -0.00227 0.03122565882)
(0.0005051225201 -0.002213086361 0.03122565882)
(0.0009849160878 -0.00204519933 0.03122565882)
(0.00141532185 -0.001774757465 0.03122565882)
(0.001774757465 -0.00141532185 0.03122565882)
(0.00204519933 -0.0009849160878 0.03122565882)
(0.002213086361 -0.0005051225201 0.03122565882)
(0.0002549783392 0.00148823152 0.03172576471)
(0.0003523407382 0.001783738617 0.03172576471)
(0.0007066344762 0.001600089729 0.03172576471)
(0.0004460517423 0.001266523339 0.03172576471)
(-3.436116456e-05 0.001407350945 0.03172576471)
(-4.500044161e-05 0.001797448385 0.03172576471)
(9.846795575e-05 0.001053538377 0.03172576471)
(-0.0002438007367 -0.001492333881 0.03172576471)
(-0.0003437086725 -0.001786388073 0.03172576471)
(-0.0006982317212 -0.001603104995 0.03172576471)
(-0.0004338947939 -0.001271435165 0.03172576471)
(4.58617183e-05 -0.001411816228 0.03172576471)
(5.278529518e-05 -0.00179973493 0.03172576471)
(-8.62642317e-05 -0.001060240977 0.03172576471)
(5.33055598e-06 -7.569654645e-06 0.03172576471)
(-0.0001706366213 0.0004238886521 0.03172576471)
(0.0002767283986 0.0006712240628 0.03172576471)
(0.0004790262607 0.0002546958768 0.03172576471)
(0.0006667435843 -0.0001953203733 0.03172576471)
(0.0001819169719 -0.0004385810476 0.03172576471)
(-0.0003116170191 0.000857307966 0.03172576471)
(-0.0006563371676 0.0001820636408 0.03172576471)
(-0.0007595572546 0.0006642510616 0.03172576471)
(-0.0004688864953 -0.0002704509558 0.03172576471)
(-0.0002640368596 -0.0006820804657 0.03172576471)
(0.0003244414692 -0.0008651390589 0.03172576471)
(0.0007703372699 -0.0006725549014 0.03172576471)
(0.001259378684 0.0001010530989 0.03172576471)
(0.001244725547 -0.0005092851124 0.03172576471)
(0.0009580369734 0.0005724914038 0.03172576471)
(0.000686355241 0.0009527389 0.03172576471)
(-0.000411913423 0.00127782731 0.03172576471)
(-0.0008252687158 0.001117838539 0.03172576471)
(-0.001236687262 0.0009697200325 0.03172576471)
(-0.001236177091 0.0005019180154 0.03172576471)
(-0.001252999921 -0.0001134184094 0.03172576471)
(-0.0009480716608 -0.0005850065929 0.03172576471)
(-0.0006748084747 -0.0009606103531 0.03172576471)
(0.0004222799531 -0.001281366524 0.03172576471)
(0.0008350443922 -0.001119937838 0.03172576471)
(0.001243190571 -0.0009705251405 0.03172576471)
(0.001790848755 -1.042056387e-05 0.03172576471)
(0.001718289332 -0.0004775459998 0.03172576471)
(0.001874758642 0.0003717980187 0.03172576471)
(0.001620340809 0.0006206920998 0.03172576471)
(0.001344907978 0.0009797899987 0.03172576471)
(0.001041334524 0.001319527007 0.03172576471)
(-0.0004740520223 0.001718341652 0.03172576471)
(-0.0008923071438 0.00156068139 0.03172576471)
(-0.001270071805 0.001372945344 0.03172576471)
(-0.001557665641 0.001231959056 0.03172576471)
(-0.001629632925 0.0009097587353 0.03172576471)
(-0.001715418137 0.0004721296419 0.03172576471)
(-0.001787356484 -2.794999909e-06 0.03172576471)
(-0.001867679875 -0.0003780765589 0.03172576471)
(-0.001618079194 -0.0006306136485 0.03172576471)
(-0.001339815484 -0.0009864499857 0.03172576471)
(-0.001033967066 -0.001324198714 0.03172576471)
(0.0004816833139 -0.001717626918 0.03172576471)
(0.0009004117588 -0.001557870179 0.03172576471)
(0.001274416725 -0.001371606765 0.03172576471)
(0.001560032184 -0.001230699977 0.03172576471)
(0.001632489972 -0.000910091278 0.03172576471)
(0.002213086361 0.0005051225201 0.03172576471)
(0.00227 0 0.03172576471)
(0.00204519933 0.0009849160878 0.03172576471)
(0.001774757465 0.00141532185 0.03172576471)
(0.00141532185 0.001774757465 0.03172576471)
(0.0009849160878 0.00204519933 0.03172576471)
(0.0005051225201 0.002213086361 0.03172576471)
(1.389974117e-19 0.00227 0.03172576471)
(-0.0005051225201 0.002213086361 0.03172576471)
(-0.0009849160878 0.00204519933 0.03172576471)
(-0.00141532185 0.001774757465 0.03172576471)
(-0.001774757465 0.00141532185 0.03172576471)
(-0.00204519933 0.0009849160878 0.03172576471)
(-0.002213086361 0.0005051225201 0.03172576471)
(-0.00227 2.779948234e-19 0.03172576471)
(-0.002213086361 -0.0005051225201 0.03172576471)
(-0.00204519933 -0.0009849160878 0.03172576471)
(-0.001774757465 -0.00141532185 0.03172576471)
(-0.00141532185 -0.001774757465 0.03172576471)
(-0.0009849160878 -0.00204519933 0.03172576471)
(-0.0005051225201 -0.002213086361 0.03172576471)
(2.155162424e-18 -0.00227 0.03172576471)
(0.0005051225201 -0.002213086361 0.03172576471)
(0.0009849160878 -0.00204519933 0.03172576471)
(0.00141532185 -0.001774757465 0.03172576471)
(0.001774757465 -0.00141532185 0.03172576471)
(0.00204519933 -0.0009849160878 0.03172576471)
(0.002213086361 -0.0005051225201 0.03172576471)
(0.0002549783392 0.00148823152 0.03222587059)
(0.0003523407382 0.001783738617 0.03222587059)
(0.0007066344762 0.001600089729 0.03222587059)
(0.0004460517423 0.001266523339 0.03222587059)
(-3.436116456e-05 0.001407350945 0.03222587059)
(-4.500044161e-05 0.001797448385 0.03222587059)
(9.846795575e-05 0.001053538377 0.03222587059)
(-0.0002438007367 -0.001492333881 0.03222587059)
(-0.0003437086725 -0.001786388073 0.03222587059)
(-0.0006982317212 -0.001603104995 0.03222587059)
(-0.0004338947939 -0.001271435165 0.03222587059)
(4.58617183e-05 -0.001411816228 0.03222587059)
(5.278529518e-05 -0.00179973493 0.03222587059)
(-8.62642317e-05 -0.001060240977 0.03222587059)
(5.33055598e-06 -7.569654645e-06 0.03222587059)
(-0.0001706366213 0.0004238886521 0.03222587059)
(0.0002767283986 0.0006712240628 0.03222587059)
(0.0004790262607 0.0002546958768 0.03222587059)
(0.0006667435843 -0.0001953203733 0.03222587059)
(0.0001819169719 -0.0004385810476 0.03222587059)
(-0.0003116170191 0.000857307966 0.03222587059)
(-0.0006563371676 0.0001820636408 0.03222587059)
(-0.0007595572546 0.0006642510616 0.03222587059)
(-0.0004688864953 -0.0002704509558 0.03222587059)
(-0.0002640368596 -0.0006820804657 0.03222587059)
(0.0003244414692 -0.0008651390589 0.03222587059)
(0.0007703372699 -0.0006725549014 0.03222587059)
(0.001259378684 0.0001010530989 0.03222587059)
(0.001244725547 -0.0005092851124 0.03222587059)
(0.0009580369734 0.0005724914038 0.03222587059)
(0.000686355241 0.0009527389 0.03222587059)
(-0.000411913423 0.00127782731 0.03222587059)
(-0.0008252687158 0.001117838539 0.03222587059)
(-0.001236687262 0.0009697200325 0.03222587059)
(-0.001236177091 0.0005019180154 0.03222587059)
(-0.001252999921 -0.0001134184094 0.03222587059)
(-0.0009480716608 -0.0005850065929 0.03222587059)
(-0.0006748084747 -0.0009606103531 0.03222587059)
(0.0004222799531 -0.001281366524 0.03222587059)
(0.0008350443922 -0.001119937838 0.03222587059)
(0.001243190571 -0.0009705251405 0.03222587059)
(0.001790848755 -1.042056387e-05 0.03222587059)
(0.001718289332 -0.0004775459998 0.03222587059)
(0.001874758642 0.0003717980187 0.03222587059)
(0.001620340809 0.0006206920998 0.03222587059)
(0.001344907978 0.0009797899987 0.03222587059)
(0.001041334524 0.001319527007 0.03222587059)
(-0.0004740520223 0.001718341652 0.03222587059)
(-0.0008923071438 0.00156068139 0.03222587059)
(-0.001270071805 0.001372945344 0.03222587059)
(-0.001557665641 0.001231959056 0.03222587059)
(-0.001629632925 0.0009097587353 0.03222587059)
(-0.001715418137 0.0004721296419 0.03222587059)
(-0.001787356484 -2.794999909e-06 0.03222587059)
(-0.001867679875 -0.0003780765589 0.03222587059)
(-0.001618079194 -0.0006306136485 0.03222587059)
(-0.001339815484 -0.0009864499857 0.03222587059)
(-0.001033967066 -0.001324198714 0.03222587059)
(0.0004816833139 -0.001717626918 0.03222587059)
(0.0009004117588 -0.001557870179 0.03222587059)
(0.001274416725 -0.001371606765 0.03222587059)
(0.001560032184 -0.001230699977 0.03222587059)
(0.001632489972 -0.000910091278 0.03222587059)
(0.002213086361 0.0005051225201 0.03222587059)
(0.00227 0 0.03222587059)
(0.00204519933 0.0009849160878 0.03222587059)
(0.001774757465 0.00141532185 0.03222587059)
(0.00141532185 0.001774757465 0.03222587059)
(0.0009849160878 0.00204519933 0.03222587059)
(0.0005051225201 0.002213086361 0.03222587059)
(1.389974117e-19 0.00227 0.03222587059)
(-0.0005051225201 0.002213086361 0.03222587059)
(-0.0009849160878 0.00204519933 0.03222587059)
(-0.00141532185 0.001774757465 0.03222587059)
(-0.001774757465 0.00141532185 0.03222587059)
(-0.00204519933 0.0009849160878 0.03222587059)
(-0.002213086361 0.0005051225201 0.03222587059)
(-0.00227 2.779948234e-19 0.03222587059)
(-0.002213086361 -0.0005051225201 0.03222587059)
(-0.00204519933 -0.0009849160878 0.03222587059)
(-0.001774757465 -0.00141532185 0.03222587059)
(-0.00141532185 -0.001774757465 0.03222587059)
(-0.0009849160878 -0.00204519933 0.03222587059)
(-0.0005051225201 -0.002213086361 0.03222587059)
(-3.893332614e-18 -0.00227 0.03222587059)
(0.0005051225201 -0.002213086361 0.03222587059)
(0.0009849160878 -0.00204519933 0.03222587059)
(0.00141532185 -0.001774757465 0.03222587059)
(0.001774757465 -0.00141532185 0.03222587059)
(0.00204519933 -0.0009849160878 0.03222587059)
(0.002213086361 -0.0005051225201 0.03222587059)
(0.0002549783392 0.00148823152 0.03272597647)
(0.0003523407382 0.001783738617 0.03272597647)
(0.0007066344762 0.001600089729 0.03272597647)
(0.0004460517423 0.001266523339 0.03272597647)
(-3.436116456e-05 0.001407350945 0.03272597647)
(-4.500044161e-05 0.001797448385 0.03272597647)
(9.846795575e-05 0.001053538377 0.03272597647)
(-0.0002438007367 -0.001492333881 0.03272597647)
(-0.0003437086725 -0.001786388073 0.03272597647)
(-0.0006982317212 -0.001603104995 0.03272597647)
(-0.0004338947939 -0.001271435165 0.03272597647)
(4.58617183e-05 -0.001411816228 0.03272597647)
(5.278529518e-05 -0.00179973493 0.03272597647)
(-8.62642317e-05 -0.001060240977 0.03272597647)
(5.33055598e-06 -7.569654645e-06 0.03272597647)
(-0.0001706366213 0.0004238886521 0.03272597647)
(0.0002767283986 0.0006712240628 0.03272597647)
(0.0004790262607 0.0002546958768 0.03272597647)
(0.0006667435843 -0.0001953203733 0.03272597647)
(0.0001819169719 -0.0004385810476 0.03272597647)
(-0.0003116170191 0.000857307966 0.03272597647)
(-0.0006563371676 0.0001820636408 0.03272597647)
(-0.0007595572546 0.0006642510616 0.03272597647)
(-0.0004688864953 -0.0002704509558 0.03272597647)
(-0.0002640368596 -0.0006820804657 0.03272597647)
(0.0003244414692 -0.0008651390589 0.03272597647)
(0.0007703372699 -0.0006725549014 0.03272597647)
(0.001259378684 0.0001010530989 0.03272597647)
(0.001244725547 -0.0005092851124 0.03272597647)
(0.0009580369734 0.0005724914038 0.03272597647)
(0.000686355241 0.0009527389 0.03272597647)
(-0.000411913423 0.00127782731 0.03272597647)
(-0.0008252687158 0.001117838539 0.03272597647)
(-0.001236687262 0.0009697200325 0.03272597647)
(-0.001236177091 0.0005019180154 0.03272597647)
(-0.001252999921 -0.0001134184094 0.03272597647)
(-0.0009480716608 -0.0005850065929 0.03272597647)
(-0.0006748084747 -0.0009606103531 0.03272597647)
(0.0004222799531 -0.001281366524 0.03272597647)
(0.0008350443922 -0.001119937838 0.03272597647)
(0.001243190571 -0.0009705251405 0.03272597647)
(0.001790848755 -1.042056387e-05 0.03272597647)
(0.001718289332 -0.0004775459998 0.03272597647)
(0.001874758642 0.0003717980187 0.03272597647)
(0.001620340809 0.0006206920998 0.03272597647)
(0.001344907978 0.0009797899987 0.03272597647)
(0.001041334524 0.001319527007 0.03272597647)
(-0.0004740520223 0.001718341652 0.03272597647)
(-0.0008923071438 0.00156068139 0.03272597647)
(-0.001270071805 0.001372945344 0.03272597647)
(-0.001557665641 0.001231959056 0.03272597647)
(-0.001629632925 0.0009097587353 0.03272597647)
(-0.001715418137 0.0004721296419 0.03272597647)
(-0.001787356484 -2.794999909e-06 0.03272597647)
(-0.001867679875 -0.0003780765589 0.03272597647)
(-0.001618079194 -0.0006306136485 0.03272597647)
(-0.001339815484 -0.0009864499857 0.03272597647)
(-0.001033967066 -0.001324198714 0.03272597647)
(0.0004816833139 -0.001717626918 0.03272597647)
(0.0009004117588 -0.001557870179 0.03272597647)
(0.001274416725 -0.001371606765 0.03272597647)
(0.001560032184 -0.001230699977 0.03272597647)
(0.001632489972 -0.000910091278 0.03272597647)
(0.002213086361 0.0005051225201 0.03272597647)
(0.00227 0 0.03272597647)
(0.00204519933 0.0009849160878 0.03272597647)
(0.001774757465 0.00141532185 0.03272597647)
(0.00141532185 0.001774757465 0.03272597647)
(0.0009849160878 0.00204519933 0.03272597647)
(0.0005051225201 0.002213086361 0.03272597647)
(4.171327437e-18 0.00227 0.03272597647)
(-0.0005051225201 0.002213086361 0.03272597647)
(-0.0009849160878 0.00204519933 0.03272597647)
(-0.00141532185 0.001774757465 0.03272597647)
(-0.001774757465 0.00141532185 0.03272597647)
(-0.00204519933 0.0009849160878 0.03272597647)
(-0.002213086361 0.0005051225201 0.03272597647)
(-0.00227 2.779948234e-19 0.03272597647)
(-0.002213086361 -0.0005051225201 0.03272597647)
(-0.00204519933 -0.0009849160878 0.03272597647)
(-0.001774757465 -0.00141532185 0.03272597647)
(-0.00141532185 -0.001774757465 0.03272597647)
(-0.0009849160878 -0.00204519933 0.03272597647)
(-0.0005051225201 -0.002213086361 0.03272597647)
(-3.893332614e-18 -0.00227 0.03272597647)
(0.0005051225201 -0.002213086361 0.03272597647)
(0.0009849160878 -0.00204519933 0.03272597647)
(0.00141532185 -0.001774757465 0.03272597647)
(0.001774757465 -0.00141532185 0.03272597647)
(0.00204519933 -0.0009849160878 0.03272597647)
(0.002213086361 -0.0005051225201 0.03272597647)
(0.0002549783392 0.00148823152 0.03322608235)
(0.0003523407382 0.001783738617 0.03322608235)
(0.0007066344762 0.001600089729 0.03322608235)
(0.0004460517423 0.001266523339 0.03322608235)
(-3.436116456e-05 0.001407350945 0.03322608235)
(-4.500044161e-05 0.001797448385 0.03322608235)
(9.846795575e-05 0.001053538377 0.03322608235)
(-0.0002438007367 -0.001492333881 0.03322608235)
(-0.0003437086725 -0.001786388073 0.03322608235)
(-0.0006982317212 -0.001603104995 0.03322608235)
(-0.0004338947939 -0.001271435165 0.03322608235)
(4.58617183e-05 -0.001411816228 0.03322608235)
(5.278529518e-05 -0.00179973493 0.03322608235)
(-8.62642317e-05 -0.001060240977 0.03322608235)
(5.33055598e-06 -7.569654645e-06 0.03322608235)
(-0.0001706366213 0.0004238886521 0.03322608235)
(0.0002767283986 0.0006712240628 0.03322608235)
(0.0004790262607 0.0002546958768 0.03322608235)
(0.0006667435843 -0.0001953203733 0.03322608235)
(0.0001819169719 -0.0004385810476 0.03322608235)
(-0.0003116170191 0.000857307966 0.03322608235)
(-0.0006563371676 0.0001820636408 0.03322608235)
(-0.0007595572546 0.0006642510616 0.03322608235)
(-0.0004688864953 -0.0002704509558 0.03322608235)
(-0.0002640368596 -0.0006820804657 0.03322608235)
(0.0003244414692 -0.0008651390589 0.03322608235)
(0.0007703372699 -0.0006725549014 0.03322608235)
(0.001259378684 0.0001010530989 0.03322608235)
(0.001244725547 -0.0005092851124 0.03322608235)
(0.0009580369734 0.0005724914038 0.03322608235)
(0.000686355241 0.0009527389 0.03322608235)
(-0.000411913423 0.00127782731 0.03322608235)
(-0.0008252687158 0.001117838539 0.03322608235)
(-0.001236687262 0.0009697200325 0.03322608235)
(-0.001236177091 0.0005019180154 0.03322608235)
(-0.001252999921 -0.0001134184094 0.03322608235)
(-0.0009480716608 -0.0005850065929 0.03322608235)
(-0.0006748084747 -0.0009606103531 0.03322608235)
(0.0004222799531 -0.001281366524 0.03322608235)
(0.0008350443922 -0.001119937838 0.03322608235)
(0.001243190571 -0.0009705251405 0.03322608235)
(0.001790848755 -1.042056387e-05 0.03322608235)
(0.001718289332 -0.0004775459998 0.03322608235)
(0.001874758642 0.0003717980187 0.03322608235)
(0.001620340809 0.0006206920998 0.03322608235)
(0.001344907978 0.0009797899987 0.03322608235)
(0.001041334524 0.001319527007 0.03322608235)
(-0.0004740520223 0.001718341652 0.03322608235)
(-0.0008923071438 0.00156068139 0.03322608235)
(-0.001270071805 0.001372945344 0.03322608235)
(-0.001557665641 0.001231959056 0.03322608235)
(-0.001629632925 0.0009097587353 0.03322608235)
(-0.001715418137 0.0004721296419 0.03322608235)
(-0.001787356484 -2.794999909e-06 0.03322608235)
(-0.001867679875 -0.0003780765589 0.03322608235)
(-0.001618079194 -0.0006306136485 0.03322608235)
(-0.001339815484 -0.0009864499857 0.03322608235)
(-0.001033967066 -0.001324198714 0.03322608235)
(0.0004816833139 -0.001717626918 0.03322608235)
(0.0009004117588 -0.001557870179 0.03322608235)
(0.001274416725 -0.001371606765 0.03322608235)
(0.001560032184 -0.001230699977 0.03322608235)
(0.001632489972 -0.000910091278 0.03322608235)
(0.002213086361 0.0005051225201 0.03322608235)
(0.00227 0 0.03322608235)
(0.00204519933 0.0009849160878 0.03322608235)
(0.001774757465 0.00141532185 0.03322608235)
(0.00141532185 0.001774757465 0.03322608235)
(0.0009849160878 0.00204519933 0.03322608235)
(0.0005051225201 0.002213086361 0.03322608235)
(2.155162424e-18 0.00227 0.03322608235)
(-0.0005051225201 0.002213086361 0.03322608235)
(-0.0009849160878 0.00204519933 0.03322608235)
(-0.00141532185 0.001774757465 0.03322608235)
(-0.001774757465 0.00141532185 0.03322608235)
(-0.00204519933 0.0009849160878 0.03322608235)
(-0.002213086361 0.0005051225201 0.03322608235)
(-0.00227 2.779948234e-19 0.03322608235)
(-0.002213086361 -0.0005051225201 0.03322608235)
(-0.00204519933 -0.0009849160878 0.03322608235)
(-0.001774757465 -0.00141532185 0.03322608235)
(-0.00141532185 -0.001774757465 0.03322608235)
(-0.0009849160878 -0.00204519933 0.03322608235)
(-0.0005051225201 -0.002213086361 0.03322608235)
(2.155162424e-18 -0.00227 0.03322608235)
(0.0005051225201 -0.002213086361 0.03322608235)
(0.0009849160878 -0.00204519933 0.03322608235)
(0.00141532185 -0.001774757465 0.03322608235)
(0.001774757465 -0.00141532185 0.03322608235)
(0.00204519933 -0.0009849160878 0.03322608235)
(0.002213086361 -0.0005051225201 0.03322608235)
(0.0002549783392 0.00148823152 0.03372618824)
(0.0003523407382 0.001783738617 0.03372618824)
(0.0007066344762 0.001600089729 0.03372618824)
(0.0004460517423 0.001266523339 0.03372618824)
(-3.436116456e-05 0.001407350945 0.03372618824)
(-4.500044161e-05 0.001797448385 0.03372618824)
(9.846795575e-05 0.001053538377 0.03372618824)
(-0.0002438007367 -0.001492333881 0.03372618824)
(-0.0003437086725 -0.001786388073 0.03372618824)
(-0.0006982317212 -0.001603104995 0.03372618824)
(-0.0004338947939 -0.001271435165 0.03372618824)
(4.58617183e-05 -0.001411816228 0.03372618824)
(5.278529518e-05 -0.00179973493 0.03372618824)
(-8.62642317e-05 -0.001060240977 0.03372618824)
(5.33055598e-06 -7.569654645e-06 0.03372618824)
(-0.0001706366213 0.0004238886521 0.03372618824)
(0.0002767283986 0.0006712240628 0.03372618824)
(0.0004790262607 0.0002546958768 0.03372618824)
(0.0006667435843 -0.0001953203733 0.03372618824)
(0.0001819169719 -0.0004385810476 0.03372618824)
(-0.0003116170191 0.000857307966 0.03372618824)
(-0.0006563371676 0.0001820636408 0.03372618824)
(-0.0007595572546 0.0006642510616 0.03372618824)
(-0.0004688864953 -0.0002704509558 0.03372618824)
(-0.0002640368596 -0.0006820804657 0.03372618824)
(0.0003244414692 -0.0008651390589 0.03372618824)
(0.0007703372699 -0.0006725549014 0.03372618824)
(0.001259378684 0.0001010530989 0.03372618824)
(0.001244725547 -0.0005092851124 0.03372618824)
(0.0009580369734 0.0005724914038 0.03372618824)
(0.000686355241 0.0009527389 0.03372618824)
(-0.000411913423 0.00127782731 0.03372618824)
(-0.0008252687158 0.001117838539 0.03372618824)
(-0.001236687262 0.0009697200325 0.03372618824)
(-0.001236177091 0.0005019180154 0.03372618824)
(-0.001252999921 -0.0001134184094 0.03372618824)
(-0.0009480716608 -0.0005850065929 0.03372618824)
(-0.0006748084747 -0.0009606103531 0.03372618824)
(0.0004222799531 -0.001281366524 0.03372618824)
(0.0008350443922 -0.001119937838 0.03372618824)
(0.001243190571 -0.0009705251405 0.03372618824)
(0.001790848755 -1.042056387e-05 0.03372618824)
(0.001718289332 -0.0004775459998 0.03372618824)
(0.001874758642 0.0003717980187 0.03372618824)
(0.001620340809 0.0006206920998 0.03372618824)
(0.001344907978 0.0009797899987 0.03372618824)
(0.001041334524 0.001319527007 0.03372618824)
(-0.0004740520223 0.001718341652 0.03372618824)
(-0.0008923071438 0.00156068139 0.03372618824)
(-0.001270071805 0.001372945344 0.03372618824)
(-0.001557665641 0.001231959056 0.03372618824)
(-0.001629632925 0.0009097587353 0.03372618824)
(-0.001715418137 0.0004721296419 0.03372618824)
(-0.001787356484 -2.794999909e-06 0.03372618824)
(-0.001867679875 -0.0003780765589 0.03372618824)
(-0.001618079194 -0.0006306136485 0.03372618824)
(-0.001339815484 -0.0009864499857 0.03372618824)
(-0.001033967066 -0.001324198714 0.03372618824)
(0.0004816833139 -0.001717626918 0.03372618824)
(0.0009004117588 -0.001557870179 0.03372618824)
(0.001274416725 -0.001371606765 0.03372618824)
(0.001560032184 -0.001230699977 0.03372618824)
(0.001632489972 -0.000910091278 0.03372618824)
(0.002213086361 0.0005051225201 0.03372618824)
(0.00227 0 0.03372618824)
(0.00204519933 0.0009849160878 0.03372618824)
(0.001774757465 0.00141532185 0.03372618824)
(0.00141532185 0.001774757465 0.03372618824)
(0.0009849160878 0.00204519933 0.03372618824)
(0.0005051225201 0.002213086361 0.03372618824)
(-1.877167601e-18 0.00227 0.03372618824)
(-0.0005051225201 0.002213086361 0.03372618824)
(-0.0009849160878 0.00204519933 0.03372618824)
(-0.00141532185 0.001774757465 0.03372618824)
(-0.001774757465 0.00141532185 0.03372618824)
(-0.00204519933 0.0009849160878 0.03372618824)
(-0.002213086361 0.0005051225201 0.03372618824)
(-0.00227 2.779948234e-19 0.03372618824)
(-0.002213086361 -0.0005051225201 0.03372618824)
(-0.00204519933 -0.0009849160878 0.03372618824)
(-0.001774757465 -0.00141532185 0.03372618824)
(-0.00141532185 -0.001774757465 0.03372618824)
(-0.0009849160878 -0.00204519933 0.03372618824)
(-0.0005051225201 -0.002213086361 0.03372618824)
(4.171327437e-18 -0.00227 0.03372618824)
(0.0005051225201 -0.002213086361 0.03372618824)
(0.0009849160878 -0.00204519933 0.03372618824)
(0.00141532185 -0.001774757465 0.03372618824)
(0.001774757465 -0.00141532185 0.03372618824)
(0.00204519933 -0.0009849160878 0.03372618824)
(0.002213086361 -0.0005051225201 0.03372618824)
(0.0002549783392 0.00148823152 0.03422629412)
(0.0003523407382 0.001783738617 0.03422629412)
(0.0007066344762 0.001600089729 0.03422629412)
(0.0004460517423 0.001266523339 0.03422629412)
(-3.436116456e-05 0.001407350945 0.03422629412)
(-4.500044161e-05 0.001797448385 0.03422629412)
(9.846795575e-05 0.001053538377 0.03422629412)
(-0.0002438007367 -0.001492333881 0.03422629412)
(-0.0003437086725 -0.001786388073 0.03422629412)
(-0.0006982317212 -0.001603104995 0.03422629412)
(-0.0004338947939 -0.001271435165 0.03422629412)
(4.58617183e-05 -0.001411816228 0.03422629412)
(5.278529518e-05 -0.00179973493 0.03422629412)
(-8.62642317e-05 -0.001060240977 0.03422629412)
(5.33055598e-06 -7.569654645e-06 0.03422629412)
(-0.0001706366213 0.0004238886521 0.03422629412)
(0.0002767283986 0.0006712240628 0.03422629412)
(0.0004790262607 0.0002546958768 0.03422629412)
(0.0006667435843 -0.0001953203733 0.03422629412)
(0.0001819169719 -0.0004385810476 0.03422629412)
(-0.0003116170191 0.000857307966 0.03422629412)
(-0.0006563371676 0.0001820636408 0.03422629412)
(-0.0007595572546 0.0006642510616 0.03422629412)
(-0.0004688864953 -0.0002704509558 0.03422629412)
(-0.0002640368596 -0.0006820804657 0.03422629412)
(0.0003244414692 -0.0008651390589 0.03422629412)
(0.0007703372699 -0.0006725549014 0.03422629412)
(0.001259378684 0.0001010530989 0.03422629412)
(0.001244725547 -0.0005092851124 0.03422629412)
(0.0009580369734 0.0005724914038 0.03422629412)
(0.000686355241 0.0009527389 0.03422629412)
(-0.000411913423 0.00127782731 0.03422629412)
(-0.0008252687158 0.001117838539 0.03422629412)
(-0.001236687262 0.0009697200325 0.03422629412)
(-0.001236177091 0.0005019180154 0.03422629412)
(-0.001252999921 -0.0001134184094 0.03422629412)
(-0.0009480716608 -0.0005850065929 0.03422629412)
(-0.0006748084747 -0.0009606103531 0.03422629412)
(0.0004222799531 -0.001281366524 0.03422629412)
(0.0008350443922 -0.001119937838 0.03422629412)
(0.001243190571 -0.0009705251405 0.03422629412)
(0.001790848755 -1.042056387e-05 0.03422629412)
(0.001718289332 -0.0004775459998 0.03422629412)
(0.001874758642 0.0003717980187 0.03422629412)
(0.001620340809 0.0006206920998 0.03422629412)
(0.001344907978 0.0009797899987 0.03422629412)
(0.001041334524 0.001319527007 0.03422629412)
(-0.0004740520223 0.001718341652 0.03422629412)
(-0.0008923071438 0.00156068139 0.03422629412)
(-0.001270071805 0.001372945344 0.03422629412)
(-0.001557665641 0.001231959056 0.03422629412)
(-0.001629632925 0.0009097587353 0.03422629412)
(-0.001715418137 0.0004721296419 0.03422629412)
(-0.001787356484 -2.794999909e-06 0.03422629412)
(-0.001867679875 -0.0003780765589 0.03422629412)
(-0.001618079194 -0.0006306136485 0.03422629412)
(-0.001339815484 -0.0009864499857 0.03422629412)
(-0.001033967066 -0.001324198714 0.03422629412)
(0.0004816833139 -0.001717626918 0.03422629412)
(0.0009004117588 -0.001557870179 0.03422629412)
(0.001274416725 -0.001371606765 0.03422629412)
(0.001560032184 -0.001230699977 0.03422629412)
(0.001632489972 -0.000910091278 0.03422629412)
(0.002213086361 0.0005051225201 0.03422629412)
(0.00227 0 0.03422629412)
(0.00204519933 0.0009849160878 0.03422629412)
(0.001774757465 0.00141532185 0.03422629412)
(0.00141532185 0.001774757465 0.03422629412)
(0.0009849160878 0.00204519933 0.03422629412)
(0.0005051225201 0.002213086361 0.03422629412)
(1.389974117e-19 0.00227 0.03422629412)
(-0.0005051225201 0.002213086361 0.03422629412)
(-0.0009849160878 0.00204519933 0.03422629412)
(-0.00141532185 0.001774757465 0.03422629412)
(-0.001774757465 0.00141532185 0.03422629412)
(-0.00204519933 0.0009849160878 0.03422629412)
(-0.002213086361 0.0005051225201 0.03422629412)
(-0.00227 2.779948234e-19 0.03422629412)
(-0.002213086361 -0.0005051225201 0.03422629412)
(-0.00204519933 -0.0009849160878 0.03422629412)
(-0.001774757465 -0.00141532185 0.03422629412)
(-0.00141532185 -0.001774757465 0.03422629412)
(-0.0009849160878 -0.00204519933 0.03422629412)
(-0.0005051225201 -0.002213086361 0.03422629412)
(-3.893332614e-18 -0.00227 0.03422629412)
(0.0005051225201 -0.002213086361 0.03422629412)
(0.0009849160878 -0.00204519933 0.03422629412)
(0.00141532185 -0.001774757465 0.03422629412)
(0.001774757465 -0.00141532185 0.03422629412)
(0.00204519933 -0.0009849160878 0.03422629412)
(0.002213086361 -0.0005051225201 0.03422629412)
(0.0002549783392 0.00148823152 0.0347264)
(0.0003523407382 0.001783738617 0.0347264)
(0.0007066344762 0.001600089729 0.0347264)
(0.0004460517423 0.001266523339 0.0347264)
(-3.436116456e-05 0.001407350945 0.0347264)
(-4.500044161e-05 0.001797448385 0.0347264)
(9.846795575e-05 0.001053538377 0.0347264)
(-0.0002438007367 -0.001492333881 0.0347264)
(-0.0003437086725 -0.001786388073 0.0347264)
(-0.0006982317212 -0.001603104995 0.0347264)
(-0.0004338947939 -0.001271435165 0.0347264)
(4.58617183e-05 -0.001411816228 0.0347264)
(5.278529518e-05 -0.00179973493 0.0347264)
(-8.62642317e-05 -0.001060240977 0.0347264)
(5.33055598e-06 -7.569654645e-06 0.0347264)
(-0.0001706366213 0.0004238886521 0.0347264)
(0.0002767283986 0.0006712240628 0.0347264)
(0.0004790262607 0.0002546958768 0.0347264)
(0.0006667435843 -0.0001953203733 0.0347264)
(0.0001819169719 -0.0004385810476 0.0347264)
(-0.0003116170191 0.000857307966 0.0347264)
(-0.0006563371676 0.0001820636408 0.0347264)
(-0.0007595572546 0.0006642510616 0.0347264)
(-0.0004688864953 -0.0002704509558 0.0347264)
(-0.0002640368596 -0.0006820804657 0.0347264)
(0.0003244414692 -0.0008651390589 0.0347264)
(0.0007703372699 -0.0006725549014 0.0347264)
(0.001259378684 0.0001010530989 0.0347264)
(0.001244725547 -0.0005092851124 0.0347264)
(0.0009580369734 0.0005724914038 0.0347264)
(0.000686355241 0.0009527389 0.0347264)
(-0.000411913423 0.00127782731 0.0347264)
(-0.0008252687158 0.001117838539 0.0347264)
(-0.001236687262 0.0009697200325 0.0347264)
(-0.001236177091 0.0005019180154 0.0347264)
(-0.001252999921 -0.0001134184094 0.0347264)
(-0.0009480716608 -0.0005850065929 0.0347264)
(-0.0006748084747 -0.0009606103531 0.0347264)
(0.0004222799531 -0.001281366524 0.0347264)
(0.0008350443922 -0.001119937838 0.0347264)
(0.001243190571 -0.0009705251405 0.0347264)
(0.001790848755 -1.042056387e-05 0.0347264)
(0.001718289332 -0.0004775459998 0.0347264)
(0.001874758642 0.0003717980187 0.0347264)
(0.001620340809 0.0006206920998 0.0347264)
(0.001344907978 0.0009797899987 0.0347264)
(0.001041334524 0.001319527007 0.0347264)
(-0.0004740520223 0.001718341652 0.0347264)
(-0.0008923071438 0.00156068139 0.0347264)
(-0.001270071805 0.001372945344 0.0347264)
(-0.001557665641 0.001231959056 0.0347264)
(-0.001629632925 0.0009097587353 0.0347264)
(-0.001715418137 0.0004721296419 0.0347264)
(-0.001787356484 -2.794999909e-06 0.0347264)
(-0.001867679875 -0.0003780765589 0.0347264)
(-0.001618079194 -0.0006306136485 0.0347264)
(-0.001339815484 -0.0009864499857 0.0347264)
(-0.001033967066 -0.001324198714 0.0347264)
(0.0004816833139 -0.001717626918 0.0347264)
(0.0009004117588 -0.001557870179 0.0347264)
(0.001274416725 -0.001371606765 0.0347264)
(0.001560032184 -0.001230699977 0.0347264)
(0.001632489972 -0.000910091278 0.0347264)
(0.002213086361 0.0005051225201 0.0347264)
(0.00227 0 0.0347264)
(0.00204519933 0.0009849160878 0.0347264)
(0.001774757465 0.00141532185 0.0347264)
(0.00141532185 0.001774757465 0.0347264)
(0.0009849160878 0.00204519933 0.0347264)
(0.0005051225201 0.002213086361 0.0347264)
(1.389974117e-19 0.00227 0.0347264)
(-0.0005051225201 0.002213086361 0.0347264)
(-0.0009849160878 0.00204519933 0.0347264)
(-0.00141532185 0.001774757465 0.0347264)
(-0.001774757465 0.00141532185 0.0347264)
(-0.00204519933 0.0009849160878 0.0347264)
(-0.002213086361 0.0005051225201 0.0347264)
(-0.00227 2.779948234e-19 0.0347264)
(-0.002213086361 -0.0005051225201 0.0347264)
(-0.00204519933 -0.0009849160878 0.0347264)
(-0.001774757465 -0.00141532185 0.0347264)
(-0.00141532185 -0.001774757465 0.0347264)
(-0.0009849160878 -0.00204519933 0.0347264)
(-0.0005051225201 -0.002213086361 0.0347264)
(4.171327437e-18 -0.00227 0.0347264)
(0.0005051225201 -0.002213086361 0.0347264)
(0.0009849160878 -0.00204519933 0.0347264)
(0.00141532185 -0.001774757465 0.0347264)
(0.001774757465 -0.00141532185 0.0347264)
(0.00204519933 -0.0009849160878 0.0347264)
(0.002213086361 -0.0005051225201 0.0347264)
(0.0002549783392 0.00148823152 0.03522650588)
(0.0003523407382 0.001783738617 0.03522650588)
(0.0007066344762 0.001600089729 0.03522650588)
(0.0004460517423 0.001266523339 0.03522650588)
(-3.436116456e-05 0.001407350945 0.03522650588)
(-4.500044161e-05 0.001797448385 0.03522650588)
(9.846795575e-05 0.001053538377 0.03522650588)
(-0.0002438007367 -0.001492333881 0.03522650588)
(-0.0003437086725 -0.001786388073 0.03522650588)
(-0.0006982317212 -0.001603104995 0.03522650588)
(-0.0004338947939 -0.001271435165 0.03522650588)
(4.58617183e-05 -0.001411816228 0.03522650588)
(5.278529518e-05 -0.00179973493 0.03522650588)
(-8.62642317e-05 -0.001060240977 0.03522650588)
(5.33055598e-06 -7.569654645e-06 0.03522650588)
(-0.0001706366213 0.0004238886521 0.03522650588)
(0.0002767283986 0.0006712240628 0.03522650588)
(0.0004790262607 0.0002546958768 0.03522650588)
(0.0006667435843 -0.0001953203733 0.03522650588)
(0.0001819169719 -0.0004385810476 0.03522650588)
(-0.0003116170191 0.000857307966 0.03522650588)
(-0.0006563371676 0.0001820636408 0.03522650588)
(-0.0007595572546 0.0006642510616 0.03522650588)
(-0.0004688864953 -0.0002704509558 0.03522650588)
(-0.0002640368596 -0.0006820804657 0.03522650588)
(0.0003244414692 -0.0008651390589 0.03522650588)
(0.0007703372699 -0.0006725549014 0.03522650588)
(0.001259378684 0.0001010530989 0.03522650588)
(0.001244725547 -0.0005092851124 0.03522650588)
(0.0009580369734 0.0005724914038 0.03522650588)
(0.000686355241 0.0009527389 0.03522650588)
(-0.000411913423 0.00127782731 0.03522650588)
(-0.0008252687158 0.001117838539 0.03522650588)
(-0.001236687262 0.0009697200325 0.03522650588)
(-0.001236177091 0.0005019180154 0.03522650588)
(-0.001252999921 -0.0001134184094 0.03522650588)
(-0.0009480716608 -0.0005850065929 0.03522650588)
(-0.0006748084747 -0.0009606103531 0.03522650588)
(0.0004222799531 -0.001281366524 0.03522650588)
(0.0008350443922 -0.001119937838 0.03522650588)
(0.001243190571 -0.0009705251405 0.03522650588)
(0.001790848755 -1.042056387e-05 0.03522650588)
(0.001718289332 -0.0004775459998 0.03522650588)
(0.001874758642 0.0003717980187 0.03522650588)
(0.001620340809 0.0006206920998 0.03522650588)
(0.001344907978 0.0009797899987 0.03522650588)
(0.001041334524 0.001319527007 0.03522650588)
(-0.0004740520223 0.001718341652 0.03522650588)
(-0.0008923071438 0.00156068139 0.03522650588)
(-0.001270071805 0.001372945344 0.03522650588)
(-0.001557665641 0.001231959056 0.03522650588)
(-0.001629632925 0.0009097587353 0.03522650588)
(-0.001715418137 0.0004721296419 0.03522650588)
(-0.001787356484 -2.794999909e-06 0.03522650588)
(-0.001867679875 -0.0003780765589 0.03522650588)
(-0.001618079194 -0.0006306136485 0.03522650588)
(-0.001339815484 -0.0009864499857 0.03522650588)
(-0.001033967066 -0.001324198714 0.03522650588)
(0.0004816833139 -0.001717626918 0.03522650588)
(0.0009004117588 -0.001557870179 0.03522650588)
(0.001274416725 -0.001371606765 0.03522650588)
(0.001560032184 -0.001230699977 0.03522650588)
(0.001632489972 -0.000910091278 0.03522650588)
(0.002213086361 0.0005051225201 0.03522650588)
(0.00227 0 0.03522650588)
(0.00204519933 0.0009849160878 0.03522650588)
(0.001774757465 0.00141532185 0.03522650588)
(0.00141532185 0.001774757465 0.03522650588)
(0.0009849160878 0.00204519933 0.03522650588)
(0.0005051225201 0.002213086361 0.03522650588)
(1.389974117e-19 0.00227 0.03522650588)
(-0.0005051225201 0.002213086361 0.03522650588)
(-0.0009849160878 0.00204519933 0.03522650588)
(-0.00141532185 0.001774757465 0.03522650588)
(-0.001774757465 0.00141532185 0.03522650588)
(-0.00204519933 0.0009849160878 0.03522650588)
(-0.002213086361 0.0005051225201 0.03522650588)
(-0.00227 2.779948234e-19 0.03522650588)
(-0.002213086361 -0.0005051225201 0.03522650588)
(-0.00204519933 -0.0009849160878 0.03522650588)
(-0.001774757465 -0.00141532185 0.03522650588)
(-0.00141532185 -0.001774757465 0.03522650588)
(-0.0009849160878 -0.00204519933 0.03522650588)
(-0.0005051225201 -0.002213086361 0.03522650588)
(4.171327437e-18 -0.00227 0.03522650588)
(0.0005051225201 -0.002213086361 0.03522650588)
(0.0009849160878 -0.00204519933 0.03522650588)
(0.00141532185 -0.001774757465 0.03522650588)
(0.001774757465 -0.00141532185 0.03522650588)
(0.00204519933 -0.0009849160878 0.03522650588)
(0.002213086361 -0.0005051225201 0.03522650588)
(0.0002549783392 0.00148823152 0.03572661176)
(0.0003523407382 0.001783738617 0.03572661176)
(0.0007066344762 0.001600089729 0.03572661176)
(0.0004460517423 0.001266523339 0.03572661176)
(-3.436116456e-05 0.001407350945 0.03572661176)
(-4.500044161e-05 0.001797448385 0.03572661176)
(9.846795575e-05 0.001053538377 0.03572661176)
(-0.0002438007367 -0.001492333881 0.03572661176)
(-0.0003437086725 -0.001786388073 0.03572661176)
(-0.0006982317212 -0.001603104995 0.03572661176)
(-0.0004338947939 -0.001271435165 0.03572661176)
(4.58617183e-05 -0.001411816228 0.03572661176)
(5.278529518e-05 -0.00179973493 0.03572661176)
(-8.62642317e-05 -0.001060240977 0.03572661176)
(5.33055598e-06 -7.569654645e-06 0.03572661176)
(-0.0001706366213 0.0004238886521 0.03572661176)
(0.0002767283986 0.0006712240628 0.03572661176)
(0.0004790262607 0.0002546958768 0.03572661176)
(0.0006667435843 -0.0001953203733 0.03572661176)
(0.0001819169719 -0.0004385810476 0.03572661176)
(-0.0003116170191 0.000857307966 0.03572661176)
(-0.0006563371676 0.0001820636408 0.03572661176)
(-0.0007595572546 0.0006642510616 0.03572661176)
(-0.0004688864953 -0.0002704509558 0.03572661176)
(-0.0002640368596 -0.0006820804657 0.03572661176)
(0.0003244414692 -0.0008651390589 0.03572661176)
(0.0007703372699 -0.0006725549014 0.03572661176)
(0.001259378684 0.0001010530989 0.03572661176)
(0.001244725547 -0.0005092851124 0.03572661176)
(0.0009580369734 0.0005724914038 0.03572661176)
(0.000686355241 0.0009527389 0.03572661176)
(-0.000411913423 0.00127782731 0.03572661176)
(-0.0008252687158 0.001117838539 0.03572661176)
(-0.001236687262 0.0009697200325 0.03572661176)
(-0.001236177091 0.0005019180154 0.03572661176)
(-0.001252999921 -0.0001134184094 0.03572661176)
(-0.0009480716608 -0.0005850065929 0.03572661176)
(-0.0006748084747 -0.0009606103531 0.03572661176)
(0.0004222799531 -0.001281366524 0.03572661176)
(0.0008350443922 -0.001119937838 0.03572661176)
(0.001243190571 -0.0009705251405 0.03572661176)
(0.001790848755 -1.042056387e-05 0.03572661176)
(0.001718289332 -0.0004775459998 0.03572661176)
(0.001874758642 0.0003717980187 0.03572661176)
(0.001620340809 0.0006206920998 0.03572661176)
(0.001344907978 0.0009797899987 0.03572661176)
(0.001041334524 0.001319527007 0.03572661176)
(-0.0004740520223 0.001718341652 0.03572661176)
(-0.0008923071438 0.00156068139 0.03572661176)
(-0.001270071805 0.001372945344 0.03572661176)
(-0.001557665641 0.001231959056 0.03572661176)
(-0.001629632925 0.0009097587353 0.03572661176)
(-0.001715418137 0.0004721296419 0.03572661176)
(-0.001787356484 -2.794999909e-06 0.03572661176)
(-0.001867679875 -0.0003780765589 0.03572661176)
(-0.001618079194 -0.0006306136485 0.03572661176)
(-0.001339815484 -0.0009864499857 0.03572661176)
(-0.001033967066 -0.001324198714 0.03572661176)
(0.0004816833139 -0.001717626918 0.03572661176)
(0.0009004117588 -0.001557870179 0.03572661176)
(0.001274416725 -0.001371606765 0.03572661176)
(0.001560032184 -0.001230699977 0.03572661176)
(0.001632489972 -0.000910091278 0.03572661176)
(0.002213086361 0.0005051225201 0.03572661176)
(0.00227 0 0.03572661176)
(0.00204519933 0.0009849160878 0.03572661176)
(0.001774757465 0.00141532185 0.03572661176)
(0.00141532185 0.001774757465 0.03572661176)
(0.0009849160878 0.00204519933 0.03572661176)
(0.0005051225201 0.002213086361 0.03572661176)
(-1.877167601e-18 0.00227 0.03572661176)
(-0.0005051225201 0.002213086361 0.03572661176)
(-0.0009849160878 0.00204519933 0.03572661176)
(-0.00141532185 0.001774757465 0.03572661176)
(-0.001774757465 0.00141532185 0.03572661176)
(-0.00204519933 0.0009849160878 0.03572661176)
(-0.002213086361 0.0005051225201 0.03572661176)
(-0.00227 2.779948234e-19 0.03572661176)
(-0.002213086361 -0.0005051225201 0.03572661176)
(-0.00204519933 -0.0009849160878 0.03572661176)
(-0.001774757465 -0.00141532185 0.03572661176)
(-0.00141532185 -0.001774757465 0.03572661176)
(-0.0009849160878 -0.00204519933 0.03572661176)
(-0.0005051225201 -0.002213086361 0.03572661176)
(-1.877167601e-18 -0.00227 0.03572661176)
(0.0005051225201 -0.002213086361 0.03572661176)
(0.0009849160878 -0.00204519933 0.03572661176)
(0.00141532185 -0.001774757465 0.03572661176)
(0.001774757465 -0.00141532185 0.03572661176)
(0.00204519933 -0.0009849160878 0.03572661176)
(0.002213086361 -0.0005051225201 0.03572661176)
(0.0002549783392 0.00148823152 0.03622671765)
(0.0003523407382 0.001783738617 0.03622671765)
(0.0007066344762 0.001600089729 0.03622671765)
(0.0004460517423 0.001266523339 0.03622671765)
(-3.436116456e-05 0.001407350945 0.03622671765)
(-4.500044161e-05 0.001797448385 0.03622671765)
(9.846795575e-05 0.001053538377 0.03622671765)
(-0.0002438007367 -0.001492333881 0.03622671765)
(-0.0003437086725 -0.001786388073 0.03622671765)
(-0.0006982317212 -0.001603104995 0.03622671765)
(-0.0004338947939 -0.001271435165 0.03622671765)
(4.58617183e-05 -0.001411816228 0.03622671765)
(5.278529518e-05 -0.00179973493 0.03622671765)
(-8.62642317e-05 -0.001060240977 0.03622671765)
(5.33055598e-06 -7.569654645e-06 0.03622671765)
(-0.0001706366213 0.0004238886521 0.03622671765)
(0.0002767283986 0.0006712240628 0.03622671765)
(0.0004790262607 0.0002546958768 0.03622671765)
(0.0006667435843 -0.0001953203733 0.03622671765)
(0.0001819169719 -0.0004385810476 0.03622671765)
(-0.0003116170191 0.000857307966 0.03622671765)
(-0.0006563371676 0.0001820636408 0.03622671765)
(-0.0007595572546 0.0006642510616 0.03622671765)
(-0.0004688864953 -0.0002704509558 0.03622671765)
(-0.0002640368596 -0.0006820804657 0.03622671765)
(0.0003244414692 -0.0008651390589 0.03622671765)
(0.0007703372699 -0.0006725549014 0.03622671765)
(0.001259378684 0.0001010530989 0.03622671765)
(0.001244725547 -0.0005092851124 0.03622671765)
(0.0009580369734 0.0005724914038 0.03622671765)
(0.000686355241 0.0009527389 0.03622671765)
(-0.000411913423 0.00127782731 0.03622671765)
(-0.0008252687158 0.001117838539 0.03622671765)
(-0.001236687262 0.0009697200325 0.03622671765)
(-0.001236177091 0.0005019180154 0.03622671765)
(-0.001252999921 -0.0001134184094 0.03622671765)
(-0.0009480716608 -0.0005850065929 0.03622671765)
(-0.0006748084747 -0.0009606103531 0.03622671765)
(0.0004222799531 -0.001281366524 0.03622671765)
(0.0008350443922 -0.001119937838 0.03622671765)
(0.001243190571 -0.0009705251405 0.03622671765)
(0.001790848755 -1.042056387e-05 0.03622671765)
(0.001718289332 -0.0004775459998 0.03622671765)
(0.001874758642 0.0003717980187 0.03622671765)
(0.001620340809 0.0006206920998 0.03622671765)
(0.001344907978 0.0009797899987 0.03622671765)
(0.001041334524 0.001319527007 0.03622671765)
(-0.0004740520223 0.001718341652 0.03622671765)
(-0.0008923071438 0.00156068139 0.03622671765)
(-0.001270071805 0.001372945344 0.03622671765)
(-0.001557665641 0.001231959056 0.03622671765)
(-0.001629632925 0.0009097587353 0.03622671765)
(-0.001715418137 0.0004721296419 0.03622671765)
(-0.001787356484 -2.794999909e-06 0.03622671765)
(-0.001867679875 -0.0003780765589 0.03622671765)
(-0.001618079194 -0.0006306136485 0.03622671765)
(-0.001339815484 -0.0009864499857 0.03622671765)
(-0.001033967066 -0.001324198714 0.03622671765)
(0.0004816833139 -0.001717626918 0.03622671765)
(0.0009004117588 -0.001557870179 0.03622671765)
(0.001274416725 -0.001371606765 0.03622671765)
(0.001560032184 -0.001230699977 0.03622671765)
(0.001632489972 -0.000910091278 0.03622671765)
(0.002213086361 0.0005051225201 0.03622671765)
(0.00227 0 0.03622671765)
(0.00204519933 0.0009849160878 0.03622671765)
(0.001774757465 0.00141532185 0.03622671765)
(0.00141532185 0.001774757465 0.03622671765)
(0.0009849160878 0.00204519933 0.03622671765)
(0.0005051225201 0.002213086361 0.03622671765)
(1.389974117e-19 0.00227 0.03622671765)
(-0.0005051225201 0.002213086361 0.03622671765)
(-0.0009849160878 0.00204519933 0.03622671765)
(-0.00141532185 0.001774757465 0.03622671765)
(-0.001774757465 0.00141532185 0.03622671765)
(-0.00204519933 0.0009849160878 0.03622671765)
(-0.002213086361 0.0005051225201 0.03622671765)
(-0.00227 2.779948234e-19 0.03622671765)
(-0.002213086361 -0.0005051225201 0.03622671765)
(-0.00204519933 -0.0009849160878 0.03622671765)
(-0.001774757465 -0.00141532185 0.03622671765)
(-0.00141532185 -0.001774757465 0.03622671765)
(-0.0009849160878 -0.00204519933 0.03622671765)
(-0.0005051225201 -0.002213086361 0.03622671765)
(-1.877167601e-18 -0.00227 0.03622671765)
(0.0005051225201 -0.002213086361 0.03622671765)
(0.0009849160878 -0.00204519933 0.03622671765)
(0.00141532185 -0.001774757465 0.03622671765)
(0.001774757465 -0.00141532185 0.03622671765)
(0.00204519933 -0.0009849160878 0.03622671765)
(0.002213086361 -0.0005051225201 0.03622671765)
(0.0002549783392 0.00148823152 0.03672682353)
(0.0003523407382 0.001783738617 0.03672682353)
(0.0007066344762 0.001600089729 0.03672682353)
(0.0004460517423 0.001266523339 0.03672682353)
(-3.436116456e-05 0.001407350945 0.03672682353)
(-4.500044161e-05 0.001797448385 0.03672682353)
(9.846795575e-05 0.001053538377 0.03672682353)
(-0.0002438007367 -0.001492333881 0.03672682353)
(-0.0003437086725 -0.001786388073 0.03672682353)
(-0.0006982317212 -0.001603104995 0.03672682353)
(-0.0004338947939 -0.001271435165 0.03672682353)
(4.58617183e-05 -0.001411816228 0.03672682353)
(5.278529518e-05 -0.00179973493 0.03672682353)
(-8.62642317e-05 -0.001060240977 0.03672682353)
(5.33055598e-06 -7.569654645e-06 0.03672682353)
(-0.0001706366213 0.0004238886521 0.03672682353)
(0.0002767283986 0.0006712240628 0.03672682353)
(0.0004790262607 0.0002546958768 0.03672682353)
(0.0006667435843 -0.0001953203733 0.03672682353)
(0.0001819169719 -0.0004385810476 0.03672682353)
(-0.0003116170191 0.000857307966 0.03672682353)
(-0.0006563371676 0.0001820636408 0.03672682353)
(-0.0007595572546 0.0006642510616 0.03672682353)
(-0.0004688864953 -0.0002704509558 0.03672682353)
(-0.0002640368596 -0.0006820804657 0.03672682353)
(0.0003244414692 -0.0008651390589 0.03672682353)
(0.0007703372699 -0.0006725549014 0.03672682353)
(0.001259378684 0.0001010530989 0.03672682353)
(0.001244725547 -0.0005092851124 0.03672682353)
(0.0009580369734 0.0005724914038 0.03672682353)
(0.000686355241 0.0009527389 0.03672682353)
(-0.000411913423 0.00127782731 0.03672682353)
(-0.0008252687158 0.001117838539 0.03672682353)
(-0.001236687262 0.0009697200325 0.03672682353)
(-0.001236177091 0.0005019180154 0.03672682353)
(-0.001252999921 -0.0001134184094 0.03672682353)
(-0.0009480716608 -0.0005850065929 0.03672682353)
(-0.0006748084747 -0.0009606103531 0.03672682353)
(0.0004222799531 -0.001281366524 0.03672682353)
(0.0008350443922 -0.001119937838 0.03672682353)
(0.001243190571 -0.0009705251405 0.03672682353)
(0.001790848755 -1.042056387e-05 0.03672682353)
(0.001718289332 -0.0004775459998 0.03672682353)
(0.001874758642 0.0003717980187 0.03672682353)
(0.001620340809 0.0006206920998 0.03672682353)
(0.001344907978 0.0009797899987 0.03672682353)
(0.001041334524 0.001319527007 0.03672682353)
(-0.0004740520223 0.001718341652 0.03672682353)
(-0.0008923071438 0.00156068139 0.03672682353)
(-0.001270071805 0.001372945344 0.03672682353)
(-0.001557665641 0.001231959056 0.03672682353)
(-0.001629632925 0.0009097587353 0.03672682353)
(-0.001715418137 0.0004721296419 0.03672682353)
(-0.001787356484 -2.794999909e-06 0.03672682353)
(-0.001867679875 -0.0003780765589 0.03672682353)
(-0.001618079194 -0.0006306136485 0.03672682353)
(-0.001339815484 -0.0009864499857 0.03672682353)
(-0.001033967066 -0.001324198714 0.03672682353)
(0.0004816833139 -0.001717626918 0.03672682353)
(0.0009004117588 -0.001557870179 0.03672682353)
(0.001274416725 -0.001371606765 0.03672682353)
(0.001560032184 -0.001230699977 0.03672682353)
(0.001632489972 -0.000910091278 0.03672682353)
(0.002213086361 0.0005051225201 0.03672682353)
(0.00227 0 0.03672682353)
(0.00204519933 0.0009849160878 0.03672682353)
(0.001774757465 0.00141532185 0.03672682353)
(0.00141532185 0.001774757465 0.03672682353)
(0.0009849160878 0.00204519933 0.03672682353)
(0.0005051225201 0.002213086361 0.03672682353)
(1.389974117e-19 0.00227 0.03672682353)
(-0.0005051225201 0.002213086361 0.03672682353)
(-0.0009849160878 0.00204519933 0.03672682353)
(-0.00141532185 0.001774757465 0.03672682353)
(-0.001774757465 0.00141532185 0.03672682353)
(-0.00204519933 0.0009849160878 0.03672682353)
(-0.002213086361 0.0005051225201 0.03672682353)
(-0.00227 2.779948234e-19 0.03672682353)
(-0.002213086361 -0.0005051225201 0.03672682353)
(-0.00204519933 -0.0009849160878 0.03672682353)
(-0.001774757465 -0.00141532185 0.03672682353)
(-0.00141532185 -0.001774757465 0.03672682353)
(-0.0009849160878 -0.00204519933 0.03672682353)
(-0.0005051225201 -0.002213086361 0.03672682353)
(2.155162424e-18 -0.00227 0.03672682353)
(0.0005051225201 -0.002213086361 0.03672682353)
(0.0009849160878 -0.00204519933 0.03672682353)
(0.00141532185 -0.001774757465 0.03672682353)
(0.001774757465 -0.00141532185 0.03672682353)
(0.00204519933 -0.0009849160878 0.03672682353)
(0.002213086361 -0.0005051225201 0.03672682353)
(0.0002549783392 0.00148823152 0.03722692941)
(0.0003523407382 0.001783738617 0.03722692941)
(0.0007066344762 0.001600089729 0.03722692941)
(0.0004460517423 0.001266523339 0.03722692941)
(-3.436116456e-05 0.001407350945 0.03722692941)
(-4.500044161e-05 0.001797448385 0.03722692941)
(9.846795575e-05 0.001053538377 0.03722692941)
(-0.0002438007367 -0.001492333881 0.03722692941)
(-0.0003437086725 -0.001786388073 0.03722692941)
(-0.0006982317212 -0.001603104995 0.03722692941)
(-0.0004338947939 -0.001271435165 0.03722692941)
(4.58617183e-05 -0.001411816228 0.03722692941)
(5.278529518e-05 -0.00179973493 0.03722692941)
(-8.62642317e-05 -0.001060240977 0.03722692941)
(5.33055598e-06 -7.569654645e-06 0.03722692941)
(-0.0001706366213 0.0004238886521 0.03722692941)
(0.0002767283986 0.0006712240628 0.03722692941)
(0.0004790262607 0.0002546958768 0.03722692941)
(0.0006667435843 -0.0001953203733 0.03722692941)
(0.0001819169719 -0.0004385810476 0.03722692941)
(-0.0003116170191 0.000857307966 0.03722692941)
(-0.0006563371676 0.0001820636408 0.03722692941)
(-0.0007595572546 0.0006642510616 0.03722692941)
(-0.0004688864953 -0.0002704509558 0.03722692941)
(-0.0002640368596 -0.0006820804657 0.03722692941)
(0.0003244414692 -0.0008651390589 0.03722692941)
(0.0007703372699 -0.0006725549014 0.03722692941)
(0.001259378684 0.0001010530989 0.03722692941)
(0.001244725547 -0.0005092851124 0.03722692941)
(0.0009580369734 0.0005724914038 0.03722692941)
(0.000686355241 0.0009527389 0.03722692941)
(-0.000411913423 0.00127782731 0.03722692941)
(-0.0008252687158 0.001117838539 0.03722692941)
(-0.001236687262 0.0009697200325 0.03722692941)
(-0.001236177091 0.0005019180154 0.03722692941)
(-0.001252999921 -0.0001134184094 0.03722692941)
(-0.0009480716608 -0.0005850065929 0.03722692941)
(-0.0006748084747 -0.0009606103531 0.03722692941)
(0.0004222799531 -0.001281366524 0.03722692941)
(0.0008350443922 -0.001119937838 0.03722692941)
(0.001243190571 -0.0009705251405 0.03722692941)
(0.001790848755 -1.042056387e-05 0.03722692941)
(0.001718289332 -0.0004775459998 0.03722692941)
(0.001874758642 0.0003717980187 0.03722692941)
(0.001620340809 0.0006206920998 0.03722692941)
(0.001344907978 0.0009797899987 0.03722692941)
(0.001041334524 0.001319527007 0.03722692941)
(-0.0004740520223 0.001718341652 0.03722692941)
(-0.0008923071438 0.00156068139 0.03722692941)
(-0.001270071805 0.001372945344 0.03722692941)
(-0.001557665641 0.001231959056 0.03722692941)
(-0.001629632925 0.0009097587353 0.03722692941)
(-0.001715418137 0.0004721296419 0.03722692941)
(-0.001787356484 -2.794999909e-06 0.03722692941)
(-0.001867679875 -0.0003780765589 0.03722692941)
(-0.001618079194 -0.0006306136485 0.03722692941)
(-0.001339815484 -0.0009864499857 0.03722692941)
(-0.001033967066 -0.001324198714 0.03722692941)
(0.0004816833139 -0.001717626918 0.03722692941)
(0.0009004117588 -0.001557870179 0.03722692941)
(0.001274416725 -0.001371606765 0.03722692941)
(0.001560032184 -0.001230699977 0.03722692941)
(0.001632489972 -0.000910091278 0.03722692941)
(0.002213086361 0.0005051225201 0.03722692941)
(0.00227 -6.048495038e-18 0.03722692941)
(0.00204519933 0.0009849160878 0.03722692941)
(0.001774757465 0.00141532185 0.03722692941)
(0.00141532185 0.001774757465 0.03722692941)
(0.0009849160878 0.00204519933 0.03722692941)
(0.0005051225201 0.002213086361 0.03722692941)
(4.171327437e-18 0.00227 0.03722692941)
(-0.0005051225201 0.002213086361 0.03722692941)
(-0.0009849160878 0.00204519933 0.03722692941)
(-0.00141532185 0.001774757465 0.03722692941)
(-0.001774757465 0.00141532185 0.03722692941)
(-0.00204519933 0.0009849160878 0.03722692941)
(-0.002213086361 0.0005051225201 0.03722692941)
(-0.00227 2.779948234e-19 0.03722692941)
(-0.002213086361 -0.0005051225201 0.03722692941)
(-0.00204519933 -0.0009849160878 0.03722692941)
(-0.001774757465 -0.00141532185 0.03722692941)
(-0.00141532185 -0.001774757465 0.03722692941)
(-0.0009849160878 -0.00204519933 0.03722692941)
(-0.0005051225201 -0.002213086361 0.03722692941)
(4.171327437e-18 -0.00227 0.03722692941)
(0.0005051225201 -0.002213086361 0.03722692941)
(0.0009849160878 -0.00204519933 0.03722692941)
(0.00141532185 -0.001774757465 0.03722692941)
(0.001774757465 -0.00141532185 0.03722692941)
(0.00204519933 -0.0009849160878 0.03722692941)
(0.002213086361 -0.0005051225201 0.03722692941)
(0.0002549783392 0.00148823152 0.03772703529)
(0.0003523407382 0.001783738617 0.03772703529)
(0.0007066344762 0.001600089729 0.03772703529)
(0.0004460517423 0.001266523339 0.03772703529)
(-3.436116456e-05 0.001407350945 0.03772703529)
(-4.500044161e-05 0.001797448385 0.03772703529)
(9.846795575e-05 0.001053538377 0.03772703529)
(-0.0002438007367 -0.001492333881 0.03772703529)
(-0.0003437086725 -0.001786388073 0.03772703529)
(-0.0006982317212 -0.001603104995 0.03772703529)
(-0.0004338947939 -0.001271435165 0.03772703529)
(4.58617183e-05 -0.001411816228 0.03772703529)
(5.278529518e-05 -0.00179973493 0.03772703529)
(-8.62642317e-05 -0.001060240977 0.03772703529)
(5.33055598e-06 -7.569654645e-06 0.03772703529)
(-0.0001706366213 0.0004238886521 0.03772703529)
(0.0002767283986 0.0006712240628 0.03772703529)
(0.0004790262607 0.0002546958768 0.03772703529)
(0.0006667435843 -0.0001953203733 0.03772703529)
(0.0001819169719 -0.0004385810476 0.03772703529)
(-0.0003116170191 0.000857307966 0.03772703529)
(-0.0006563371676 0.0001820636408 0.03772703529)
(-0.0007595572546 0.0006642510616 0.03772703529)
(-0.0004688864953 -0.0002704509558 0.03772703529)
(-0.0002640368596 -0.0006820804657 0.03772703529)
(0.0003244414692 -0.0008651390589 0.03772703529)
(0.0007703372699 -0.0006725549014 0.03772703529)
(0.001259378684 0.0001010530989 0.03772703529)
(0.001244725547 -0.0005092851124 0.03772703529)
(0.0009580369734 0.0005724914038 0.03772703529)
(0.000686355241 0.0009527389 0.03772703529)
(-0.000411913423 0.00127782731 0.03772703529)
(-0.0008252687158 0.001117838539 0.03772703529)
(-0.001236687262 0.0009697200325 0.03772703529)
(-0.001236177091 0.0005019180154 0.03772703529)
(-0.001252999921 -0.0001134184094 0.03772703529)
(-0.0009480716608 -0.0005850065929 0.03772703529)
(-0.0006748084747 -0.0009606103531 0.03772703529)
(0.0004222799531 -0.001281366524 0.03772703529)
(0.0008350443922 -0.001119937838 0.03772703529)
(0.001243190571 -0.0009705251405 0.03772703529)
(0.001790848755 -1.042056387e-05 0.03772703529)
(0.001718289332 -0.0004775459998 0.03772703529)
(0.001874758642 0.0003717980187 0.03772703529)
(0.001620340809 0.0006206920998 0.03772703529)
(0.001344907978 0.0009797899987 0.03772703529)
(0.001041334524 0.001319527007 0.03772703529)
(-0.0004740520223 0.001718341652 0.03772703529)
(-0.0008923071438 0.00156068139 0.03772703529)
(-0.001270071805 0.001372945344 0.03772703529)
(-0.001557665641 0.001231959056 0.03772703529)
(-0.001629632925 0.0009097587353 0.03772703529)
(-0.001715418137 0.0004721296419 0.03772703529)
(-0.001787356484 -2.794999909e-06 0.03772703529)
(-0.001867679875 -0.0003780765589 0.03772703529)
(-0.001618079194 -0.0006306136485 0.03772703529)
(-0.001339815484 -0.0009864499857 0.03772703529)
(-0.001033967066 -0.001324198714 0.03772703529)
(0.0004816833139 -0.001717626918 0.03772703529)
(0.0009004117588 -0.001557870179 0.03772703529)
(0.001274416725 -0.001371606765 0.03772703529)
(0.001560032184 -0.001230699977 0.03772703529)
(0.001632489972 -0.000910091278 0.03772703529)
(0.002213086361 0.0005051225201 0.03772703529)
(0.00227 0 0.03772703529)
(0.00204519933 0.0009849160878 0.03772703529)
(0.001774757465 0.00141532185 0.03772703529)
(0.00141532185 0.001774757465 0.03772703529)
(0.0009849160878 0.00204519933 0.03772703529)
(0.0005051225201 0.002213086361 0.03772703529)
(2.155162424e-18 0.00227 0.03772703529)
(-0.0005051225201 0.002213086361 0.03772703529)
(-0.0009849160878 0.00204519933 0.03772703529)
(-0.00141532185 0.001774757465 0.03772703529)
(-0.001774757465 0.00141532185 0.03772703529)
(-0.00204519933 0.0009849160878 0.03772703529)
(-0.002213086361 0.0005051225201 0.03772703529)
(-0.00227 2.779948234e-19 0.03772703529)
(-0.002213086361 -0.0005051225201 0.03772703529)
(-0.00204519933 -0.0009849160878 0.03772703529)
(-0.001774757465 -0.00141532185 0.03772703529)
(-0.00141532185 -0.001774757465 0.03772703529)
(-0.0009849160878 -0.00204519933 0.03772703529)
(-0.0005051225201 -0.002213086361 0.03772703529)
(-1.877167601e-18 -0.00227 0.03772703529)
(0.0005051225201 -0.002213086361 0.03772703529)
(0.0009849160878 -0.00204519933 0.03772703529)
(0.00141532185 -0.001774757465 0.03772703529)
(0.001774757465 -0.00141532185 0.03772703529)
(0.00204519933 -0.0009849160878 0.03772703529)
(0.002213086361 -0.0005051225201 0.03772703529)
(0.0002549783392 0.00148823152 0.03822714118)
(0.0003523407382 0.001783738617 0.03822714118)
(0.0007066344762 0.001600089729 0.03822714118)
(0.0004460517423 0.001266523339 0.03822714118)
(-3.436116456e-05 0.001407350945 0.03822714118)
(-4.500044161e-05 0.001797448385 0.03822714118)
(9.846795575e-05 0.001053538377 0.03822714118)
(-0.0002438007367 -0.001492333881 0.03822714118)
(-0.0003437086725 -0.001786388073 0.03822714118)
(-0.0006982317212 -0.001603104995 0.03822714118)
(-0.0004338947939 -0.001271435165 0.03822714118)
(4.58617183e-05 -0.001411816228 0.03822714118)
(5.278529518e-05 -0.00179973493 0.03822714118)
(-8.62642317e-05 -0.001060240977 0.03822714118)
(5.33055598e-06 -7.569654645e-06 0.03822714118)
(-0.0001706366213 0.0004238886521 0.03822714118)
(0.0002767283986 0.0006712240628 0.03822714118)
(0.0004790262607 0.0002546958768 0.03822714118)
(0.0006667435843 -0.0001953203733 0.03822714118)
(0.0001819169719 -0.0004385810476 0.03822714118)
(-0.0003116170191 0.000857307966 0.03822714118)
(-0.0006563371676 0.0001820636408 0.03822714118)
(-0.0007595572546 0.0006642510616 0.03822714118)
(-0.0004688864953 -0.0002704509558 0.03822714118)
(-0.0002640368596 -0.0006820804657 0.03822714118)
(0.0003244414692 -0.0008651390589 0.03822714118)
(0.0007703372699 -0.0006725549014 0.03822714118)
(0.001259378684 0.0001010530989 0.03822714118)
(0.001244725547 -0.0005092851124 0.03822714118)
(0.0009580369734 0.0005724914038 0.03822714118)
(0.000686355241 0.0009527389 0.03822714118)
(-0.000411913423 0.00127782731 0.03822714118)
(-0.0008252687158 0.001117838539 0.03822714118)
(-0.001236687262 0.0009697200325 0.03822714118)
(-0.001236177091 0.0005019180154 0.03822714118)
(-0.001252999921 -0.0001134184094 0.03822714118)
(-0.0009480716608 -0.0005850065929 0.03822714118)
(-0.0006748084747 -0.0009606103531 0.03822714118)
(0.0004222799531 -0.001281366524 0.03822714118)
(0.0008350443922 -0.001119937838 0.03822714118)
(0.001243190571 -0.0009705251405 0.03822714118)
(0.001790848755 -1.042056387e-05 0.03822714118)
(0.001718289332 -0.0004775459998 0.03822714118)
(0.001874758642 0.0003717980187 0.03822714118)
(0.001620340809 0.0006206920998 0.03822714118)
(0.001344907978 0.0009797899987 0.03822714118)
(0.001041334524 0.001319527007 0.03822714118)
(-0.0004740520223 0.001718341652 0.03822714118)
(-0.0008923071438 0.00156068139 0.03822714118)
(-0.001270071805 0.001372945344 0.03822714118)
(-0.001557665641 0.001231959056 0.03822714118)
(-0.001629632925 0.0009097587353 0.03822714118)
(-0.001715418137 0.0004721296419 0.03822714118)
(-0.001787356484 -2.794999909e-06 0.03822714118)
(-0.001867679875 -0.0003780765589 0.03822714118)
(-0.001618079194 -0.0006306136485 0.03822714118)
(-0.001339815484 -0.0009864499857 0.03822714118)
(-0.001033967066 -0.001324198714 0.03822714118)
(0.0004816833139 -0.001717626918 0.03822714118)
(0.0009004117588 -0.001557870179 0.03822714118)
(0.001274416725 -0.001371606765 0.03822714118)
(0.001560032184 -0.001230699977 0.03822714118)
(0.001632489972 -0.000910091278 0.03822714118)
(0.002213086361 0.0005051225201 0.03822714118)
(0.00227 0 0.03822714118)
(0.00204519933 0.0009849160878 0.03822714118)
(0.001774757465 0.00141532185 0.03822714118)
(0.00141532185 0.001774757465 0.03822714118)
(0.0009849160878 0.00204519933 0.03822714118)
(0.0005051225201 0.002213086361 0.03822714118)
(2.155162424e-18 0.00227 0.03822714118)
(-0.0005051225201 0.002213086361 0.03822714118)
(-0.0009849160878 0.00204519933 0.03822714118)
(-0.00141532185 0.001774757465 0.03822714118)
(-0.001774757465 0.00141532185 0.03822714118)
(-0.00204519933 0.0009849160878 0.03822714118)
(-0.002213086361 0.0005051225201 0.03822714118)
(-0.00227 2.779948234e-19 0.03822714118)
(-0.002213086361 -0.0005051225201 0.03822714118)
(-0.00204519933 -0.0009849160878 0.03822714118)
(-0.001774757465 -0.00141532185 0.03822714118)
(-0.00141532185 -0.001774757465 0.03822714118)
(-0.0009849160878 -0.00204519933 0.03822714118)
(-0.0005051225201 -0.002213086361 0.03822714118)
(-1.877167601e-18 -0.00227 0.03822714118)
(0.0005051225201 -0.002213086361 0.03822714118)
(0.0009849160878 -0.00204519933 0.03822714118)
(0.00141532185 -0.001774757465 0.03822714118)
(0.001774757465 -0.00141532185 0.03822714118)
(0.00204519933 -0.0009849160878 0.03822714118)
(0.002213086361 -0.0005051225201 0.03822714118)
(0.0002549783392 0.00148823152 0.03872724706)
(0.0003523407382 0.001783738617 0.03872724706)
(0.0007066344762 0.001600089729 0.03872724706)
(0.0004460517423 0.001266523339 0.03872724706)
(-3.436116456e-05 0.001407350945 0.03872724706)
(-4.500044161e-05 0.001797448385 0.03872724706)
(9.846795575e-05 0.001053538377 0.03872724706)
(-0.0002438007367 -0.001492333881 0.03872724706)
(-0.0003437086725 -0.001786388073 0.03872724706)
(-0.0006982317212 -0.001603104995 0.03872724706)
(-0.0004338947939 -0.001271435165 0.03872724706)
(4.58617183e-05 -0.001411816228 0.03872724706)
(5.278529518e-05 -0.00179973493 0.03872724706)
(-8.62642317e-05 -0.001060240977 0.03872724706)
(5.33055598e-06 -7.569654645e-06 0.03872724706)
(-0.0001706366213 0.0004238886521 0.03872724706)
(0.0002767283986 0.0006712240628 0.03872724706)
(0.0004790262607 0.0002546958768 0.03872724706)
(0.0006667435843 -0.0001953203733 0.03872724706)
(0.0001819169719 -0.0004385810476 0.03872724706)
(-0.0003116170191 0.000857307966 0.03872724706)
(-0.0006563371676 0.0001820636408 0.03872724706)
(-0.0007595572546 0.0006642510616 0.03872724706)
(-0.0004688864953 -0.0002704509558 0.03872724706)
(-0.0002640368596 -0.0006820804657 0.03872724706)
(0.0003244414692 -0.0008651390589 0.03872724706)
(0.0007703372699 -0.0006725549014 0.03872724706)
(0.001259378684 0.0001010530989 0.03872724706)
(0.001244725547 -0.0005092851124 0.03872724706)
(0.0009580369734 0.0005724914038 0.03872724706)
(0.000686355241 0.0009527389 0.03872724706)
(-0.000411913423 0.00127782731 0.03872724706)
(-0.0008252687158 0.001117838539 0.03872724706)
(-0.001236687262 0.0009697200325 0.03872724706)
(-0.001236177091 0.0005019180154 0.03872724706)
(-0.001252999921 -0.0001134184094 0.03872724706)
(-0.0009480716608 -0.0005850065929 0.03872724706)
(-0.0006748084747 -0.0009606103531 0.03872724706)
(0.0004222799531 -0.001281366524 0.03872724706)
(0.0008350443922 -0.001119937838 0.03872724706)
(0.001243190571 -0.0009705251405 0.03872724706)
(0.001790848755 -1.042056387e-05 0.03872724706)
(0.001718289332 -0.0004775459998 0.03872724706)
(0.001874758642 0.0003717980187 0.03872724706)
(0.001620340809 0.0006206920998 0.03872724706)
(0.001344907978 0.0009797899987 0.03872724706)
(0.001041334524 0.001319527007 0.03872724706)
(-0.0004740520223 0.001718341652 0.03872724706)
(-0.0008923071438 0.00156068139 0.03872724706)
(-0.001270071805 0.001372945344 0.03872724706)
(-0.001557665641 0.001231959056 0.03872724706)
(-0.001629632925 0.0009097587353 0.03872724706)
(-0.001715418137 0.0004721296419 0.03872724706)
(-0.001787356484 -2.794999909e-06 0.03872724706)
(-0.001867679875 -0.0003780765589 0.03872724706)
(-0.001618079194 -0.0006306136485 0.03872724706)
(-0.001339815484 -0.0009864499857 0.03872724706)
(-0.001033967066 -0.001324198714 0.03872724706)
(0.0004816833139 -0.001717626918 0.03872724706)
(0.0009004117588 -0.001557870179 0.03872724706)
(0.001274416725 -0.001371606765 0.03872724706)
(0.001560032184 -0.001230699977 0.03872724706)
(0.001632489972 -0.000910091278 0.03872724706)
(0.002213086361 0.0005051225201 0.03872724706)
(0.00227 0 0.03872724706)
(0.00204519933 0.0009849160878 0.03872724706)
(0.001774757465 0.00141532185 0.03872724706)
(0.00141532185 0.001774757465 0.03872724706)
(0.0009849160878 0.00204519933 0.03872724706)
(0.0005051225201 0.002213086361 0.03872724706)
(1.389974117e-19 0.00227 0.03872724706)
(-0.0005051225201 0.002213086361 0.03872724706)
(-0.0009849160878 0.00204519933 0.03872724706)
(-0.00141532185 0.001774757465 0.03872724706)
(-0.001774757465 0.00141532185 0.03872724706)
(-0.00204519933 0.0009849160878 0.03872724706)
(-0.002213086361 0.0005051225201 0.03872724706)
(-0.00227 2.779948234e-19 0.03872724706)
(-0.002213086361 -0.0005051225201 0.03872724706)
(-0.00204519933 -0.0009849160878 0.03872724706)
(-0.001774757465 -0.00141532185 0.03872724706)
(-0.00141532185 -0.001774757465 0.03872724706)
(-0.0009849160878 -0.00204519933 0.03872724706)
(-0.0005051225201 -0.002213086361 0.03872724706)
(1.389974117e-19 -0.00227 0.03872724706)
(0.0005051225201 -0.002213086361 0.03872724706)
(0.0009849160878 -0.00204519933 0.03872724706)
(0.00141532185 -0.001774757465 0.03872724706)
(0.001774757465 -0.00141532185 0.03872724706)
(0.00204519933 -0.0009849160878 0.03872724706)
(0.002213086361 -0.0005051225201 0.03872724706)
(0.0002549783392 0.00148823152 0.03922735294)
(0.0003523407382 0.001783738617 0.03922735294)
(0.0007066344762 0.001600089729 0.03922735294)
(0.0004460517423 0.001266523339 0.03922735294)
(-3.436116456e-05 0.001407350945 0.03922735294)
(-4.500044161e-05 0.001797448385 0.03922735294)
(9.846795575e-05 0.001053538377 0.03922735294)
(-0.0002438007367 -0.001492333881 0.03922735294)
(-0.0003437086725 -0.001786388073 0.03922735294)
(-0.0006982317212 -0.001603104995 0.03922735294)
(-0.0004338947939 -0.001271435165 0.03922735294)
(4.58617183e-05 -0.001411816228 0.03922735294)
(5.278529518e-05 -0.00179973493 0.03922735294)
(-8.62642317e-05 -0.001060240977 0.03922735294)
(5.33055598e-06 -7.569654645e-06 0.03922735294)
(-0.0001706366213 0.0004238886521 0.03922735294)
(0.0002767283986 0.0006712240628 0.03922735294)
(0.0004790262607 0.0002546958768 0.03922735294)
(0.0006667435843 -0.0001953203733 0.03922735294)
(0.0001819169719 -0.0004385810476 0.03922735294)
(-0.0003116170191 0.000857307966 0.03922735294)
(-0.0006563371676 0.0001820636408 0.03922735294)
(-0.0007595572546 0.0006642510616 0.03922735294)
(-0.0004688864953 -0.0002704509558 0.03922735294)
(-0.0002640368596 -0.0006820804657 0.03922735294)
(0.0003244414692 -0.0008651390589 0.03922735294)
(0.0007703372699 -0.0006725549014 0.03922735294)
(0.001259378684 0.0001010530989 0.03922735294)
(0.001244725547 -0.0005092851124 0.03922735294)
(0.0009580369734 0.0005724914038 0.03922735294)
(0.000686355241 0.0009527389 0.03922735294)
(-0.000411913423 0.00127782731 0.03922735294)
(-0.0008252687158 0.001117838539 0.03922735294)
(-0.001236687262 0.0009697200325 0.03922735294)
(-0.001236177091 0.0005019180154 0.03922735294)
(-0.001252999921 -0.0001134184094 0.03922735294)
(-0.0009480716608 -0.0005850065929 0.03922735294)
(-0.0006748084747 -0.0009606103531 0.03922735294)
(0.0004222799531 -0.001281366524 0.03922735294)
(0.0008350443922 -0.001119937838 0.03922735294)
(0.001243190571 -0.0009705251405 0.03922735294)
(0.001790848755 -1.042056387e-05 0.03922735294)
(0.001718289332 -0.0004775459998 0.03922735294)
(0.001874758642 0.0003717980187 0.03922735294)
(0.001620340809 0.0006206920998 0.03922735294)
(0.001344907978 0.0009797899987 0.03922735294)
(0.001041334524 0.001319527007 0.03922735294)
(-0.0004740520223 0.001718341652 0.03922735294)
(-0.0008923071438 0.00156068139 0.03922735294)
(-0.001270071805 0.001372945344 0.03922735294)
(-0.001557665641 0.001231959056 0.03922735294)
(-0.001629632925 0.0009097587353 0.03922735294)
(-0.001715418137 0.0004721296419 0.03922735294)
(-0.001787356484 -2.794999909e-06 0.03922735294)
(-0.001867679875 -0.0003780765589 0.03922735294)
(-0.001618079194 -0.0006306136485 0.03922735294)
(-0.001339815484 -0.0009864499857 0.03922735294)
(-0.001033967066 -0.001324198714 0.03922735294)
(0.0004816833139 -0.001717626918 0.03922735294)
(0.0009004117588 -0.001557870179 0.03922735294)
(0.001274416725 -0.001371606765 0.03922735294)
(0.001560032184 -0.001230699977 0.03922735294)
(0.001632489972 -0.000910091278 0.03922735294)
(0.002213086361 0.0005051225201 0.03922735294)
(0.00227 2.016165013e-18 0.03922735294)
(0.00204519933 0.0009849160878 0.03922735294)
(0.001774757465 0.00141532185 0.03922735294)
(0.00141532185 0.001774757465 0.03922735294)
(0.0009849160878 0.00204519933 0.03922735294)
(0.0005051225201 0.002213086361 0.03922735294)
(1.389974117e-19 0.00227 0.03922735294)
(-0.0005051225201 0.002213086361 0.03922735294)
(-0.0009849160878 0.00204519933 0.03922735294)
(-0.00141532185 0.001774757465 0.03922735294)
(-0.001774757465 0.00141532185 0.03922735294)
(-0.00204519933 0.0009849160878 0.03922735294)
(-0.002213086361 0.0005051225201 0.03922735294)
(-0.00227 2.779948234e-19 0.03922735294)
(-0.002213086361 -0.0005051225201 0.03922735294)
(-0.00204519933 -0.0009849160878 0.03922735294)
(-0.001774757465 -0.00141532185 0.03922735294)
(-0.00141532185 -0.001774757465 0.03922735294)
(-0.0009849160878 -0.00204519933 0.03922735294)
(-0.0005051225201 -0.002213086361 0.03922735294)
(2.155162424e-18 -0.00227 0.03922735294)
(0.0005051225201 -0.002213086361 0.03922735294)
(0.0009849160878 -0.00204519933 0.03922735294)
(0.00141532185 -0.001774757465 0.03922735294)
(0.001774757465 -0.00141532185 0.03922735294)
(0.00204519933 -0.0009849160878 0.03922735294)
(0.002213086361 -0.0005051225201 0.03922735294)
(0.0002549783392 0.00148823152 0.03972745882)
(0.0003523407382 0.001783738617 0.03972745882)
(0.0007066344762 0.001600089729 0.03972745882)
(0.0004460517423 0.001266523339 0.03972745882)
(-3.436116456e-05 0.001407350945 0.03972745882)
(-4.500044161e-05 0.001797448385 0.03972745882)
(9.846795575e-05 0.001053538377 0.03972745882)
(-0.0002438007367 -0.001492333881 0.03972745882)
(-0.0003437086725 -0.001786388073 0.03972745882)
(-0.0006982317212 -0.001603104995 0.03972745882)
(-0.0004338947939 -0.001271435165 0.03972745882)
(4.58617183e-05 -0.001411816228 0.03972745882)
(5.278529518e-05 -0.00179973493 0.03972745882)
(-8.62642317e-05 -0.001060240977 0.03972745882)
(5.33055598e-06 -7.569654645e-06 0.03972745882)
(-0.0001706366213 0.0004238886521 0.03972745882)
(0.0002767283986 0.0006712240628 0.03972745882)
(0.0004790262607 0.0002546958768 0.03972745882)
(0.0006667435843 -0.0001953203733 0.03972745882)
(0.0001819169719 -0.0004385810476 0.03972745882)
(-0.0003116170191 0.000857307966 0.03972745882)
(-0.0006563371676 0.0001820636408 0.03972745882)
(-0.0007595572546 0.0006642510616 0.03972745882)
(-0.0004688864953 -0.0002704509558 0.03972745882)
(-0.0002640368596 -0.0006820804657 0.03972745882)
(0.0003244414692 -0.0008651390589 0.03972745882)
(0.0007703372699 -0.0006725549014 0.03972745882)
(0.001259378684 0.0001010530989 0.03972745882)
(0.001244725547 -0.0005092851124 0.03972745882)
(0.0009580369734 0.0005724914038 0.03972745882)
(0.000686355241 0.0009527389 0.03972745882)
(-0.000411913423 0.00127782731 0.03972745882)
(-0.0008252687158 0.001117838539 0.03972745882)
(-0.001236687262 0.0009697200325 0.03972745882)
(-0.001236177091 0.0005019180154 0.03972745882)
(-0.001252999921 -0.0001134184094 0.03972745882)
(-0.0009480716608 -0.0005850065929 0.03972745882)
(-0.0006748084747 -0.0009606103531 0.03972745882)
(0.0004222799531 -0.001281366524 0.03972745882)
(0.0008350443922 -0.001119937838 0.03972745882)
(0.001243190571 -0.0009705251405 0.03972745882)
(0.001790848755 -1.042056387e-05 0.03972745882)
(0.001718289332 -0.0004775459998 0.03972745882)
(0.001874758642 0.0003717980187 0.03972745882)
(0.001620340809 0.0006206920998 0.03972745882)
(0.001344907978 0.0009797899987 0.03972745882)
(0.001041334524 0.001319527007 0.03972745882)
(-0.0004740520223 0.001718341652 0.03972745882)
(-0.0008923071438 0.00156068139 0.03972745882)
(-0.001270071805 0.001372945344 0.03972745882)
(-0.001557665641 0.001231959056 0.03972745882)
(-0.001629632925 0.0009097587353 0.03972745882)
(-0.001715418137 0.0004721296419 0.03972745882)
(-0.001787356484 -2.794999909e-06 0.03972745882)
(-0.001867679875 -0.0003780765589 0.03972745882)
(-0.001618079194 -0.0006306136485 0.03972745882)
(-0.001339815484 -0.0009864499857 0.03972745882)
(-0.001033967066 -0.001324198714 0.03972745882)
(0.0004816833139 -0.001717626918 0.03972745882)
(0.0009004117588 -0.001557870179 0.03972745882)
(0.001274416725 -0.001371606765 0.03972745882)
(0.001560032184 -0.001230699977 0.03972745882)
(0.001632489972 -0.000910091278 0.03972745882)
(0.002213086361 0.0005051225201 0.03972745882)
(0.00227 0 0.03972745882)
(0.00204519933 0.0009849160878 0.03972745882)
(0.001774757465 0.00141532185 0.03972745882)
(0.00141532185 0.001774757465 0.03972745882)
(0.0009849160878 0.00204519933 0.03972745882)
(0.0005051225201 0.002213086361 0.03972745882)
(1.389974117e-19 0.00227 0.03972745882)
(-0.0005051225201 0.002213086361 0.03972745882)
(-0.0009849160878 0.00204519933 0.03972745882)
(-0.00141532185 0.001774757465 0.03972745882)
(-0.001774757465 0.00141532185 0.03972745882)
(-0.00204519933 0.0009849160878 0.03972745882)
(-0.002213086361 0.0005051225201 0.03972745882)
(-0.00227 2.779948234e-19 0.03972745882)
(-0.002213086361 -0.0005051225201 0.03972745882)
(-0.00204519933 -0.0009849160878 0.03972745882)
(-0.001774757465 -0.00141532185 0.03972745882)
(-0.00141532185 -0.001774757465 0.03972745882)
(-0.0009849160878 -0.00204519933 0.03972745882)
(-0.0005051225201 -0.002213086361 0.03972745882)
(1.389974117e-19 -0.00227 0.03972745882)
(0.0005051225201 -0.002213086361 0.03972745882)
(0.0009849160878 -0.00204519933 0.03972745882)
(0.00141532185 -0.001774757465 0.03972745882)
(0.001774757465 -0.00141532185 0.03972745882)
(0.00204519933 -0.0009849160878 0.03972745882)
(0.002213086361 -0.0005051225201 0.03972745882)
(0.0002549783392 0.00148823152 0.04022756471)
(0.0003523407382 0.001783738617 0.04022756471)
(0.0007066344762 0.001600089729 0.04022756471)
(0.0004460517423 0.001266523339 0.04022756471)
(-3.436116456e-05 0.001407350945 0.04022756471)
(-4.500044161e-05 0.001797448385 0.04022756471)
(9.846795575e-05 0.001053538377 0.04022756471)
(-0.0002438007367 -0.001492333881 0.04022756471)
(-0.0003437086725 -0.001786388073 0.04022756471)
(-0.0006982317212 -0.001603104995 0.04022756471)
(-0.0004338947939 -0.001271435165 0.04022756471)
(4.58617183e-05 -0.001411816228 0.04022756471)
(5.278529518e-05 -0.00179973493 0.04022756471)
(-8.62642317e-05 -0.001060240977 0.04022756471)
(5.33055598e-06 -7.569654645e-06 0.04022756471)
(-0.0001706366213 0.0004238886521 0.04022756471)
(0.0002767283986 0.0006712240628 0.04022756471)
(0.0004790262607 0.0002546958768 0.04022756471)
(0.0006667435843 -0.0001953203733 0.04022756471)
(0.0001819169719 -0.0004385810476 0.04022756471)
(-0.0003116170191 0.000857307966 0.04022756471)
(-0.0006563371676 0.0001820636408 0.04022756471)
(-0.0007595572546 0.0006642510616 0.04022756471)
(-0.0004688864953 -0.0002704509558 0.04022756471)
(-0.0002640368596 -0.0006820804657 0.04022756471)
(0.0003244414692 -0.0008651390589 0.04022756471)
(0.0007703372699 -0.0006725549014 0.04022756471)
(0.001259378684 0.0001010530989 0.04022756471)
(0.001244725547 -0.0005092851124 0.04022756471)
(0.0009580369734 0.0005724914038 0.04022756471)
(0.000686355241 0.0009527389 0.04022756471)
(-0.000411913423 0.00127782731 0.04022756471)
(-0.0008252687158 0.001117838539 0.04022756471)
(-0.001236687262 0.0009697200325 0.04022756471)
(-0.001236177091 0.0005019180154 0.04022756471)
(-0.001252999921 -0.0001134184094 0.04022756471)
(-0.0009480716608 -0.0005850065929 0.04022756471)
(-0.0006748084747 -0.0009606103531 0.04022756471)
(0.0004222799531 -0.001281366524 0.04022756471)
(0.0008350443922 -0.001119937838 0.04022756471)
(0.001243190571 -0.0009705251405 0.04022756471)
(0.001790848755 -1.042056387e-05 0.04022756471)
(0.001718289332 -0.0004775459998 0.04022756471)
(0.001874758642 0.0003717980187 0.04022756471)
(0.001620340809 0.0006206920998 0.04022756471)
(0.001344907978 0.0009797899987 0.04022756471)
(0.001041334524 0.001319527007 0.04022756471)
(-0.0004740520223 0.001718341652 0.04022756471)
(-0.0008923071438 0.00156068139 0.04022756471)
(-0.001270071805 0.001372945344 0.04022756471)
(-0.001557665641 0.001231959056 0.04022756471)
(-0.001629632925 0.0009097587353 0.04022756471)
(-0.001715418137 0.0004721296419 0.04022756471)
(-0.001787356484 -2.794999909e-06 0.04022756471)
(-0.001867679875 -0.0003780765589 0.04022756471)
(-0.001618079194 -0.0006306136485 0.04022756471)
(-0.001339815484 -0.0009864499857 0.04022756471)
(-0.001033967066 -0.001324198714 0.04022756471)
(0.0004816833139 -0.001717626918 0.04022756471)
(0.0009004117588 -0.001557870179 0.04022756471)
(0.001274416725 -0.001371606765 0.04022756471)
(0.001560032184 -0.001230699977 0.04022756471)
(0.001632489972 -0.000910091278 0.04022756471)
(0.002213086361 0.0005051225201 0.04022756471)
(0.00227 0 0.04022756471)
(0.00204519933 0.0009849160878 0.04022756471)
(0.001774757465 0.00141532185 0.04022756471)
(0.00141532185 0.001774757465 0.04022756471)
(0.0009849160878 0.00204519933 0.04022756471)
(0.0005051225201 0.002213086361 0.04022756471)
(1.389974117e-19 0.00227 0.04022756471)
(-0.0005051225201 0.002213086361 0.04022756471)
(-0.0009849160878 0.00204519933 0.04022756471)
(-0.00141532185 0.001774757465 0.04022756471)
(-0.001774757465 0.00141532185 0.04022756471)
(-0.00204519933 0.0009849160878 0.04022756471)
(-0.002213086361 0.0005051225201 0.04022756471)
(-0.00227 2.779948234e-19 0.04022756471)
(-0.002213086361 -0.0005051225201 0.04022756471)
(-0.00204519933 -0.0009849160878 0.04022756471)
(-0.001774757465 -0.00141532185 0.04022756471)
(-0.00141532185 -0.001774757465 0.04022756471)
(-0.0009849160878 -0.00204519933 0.04022756471)
(-0.0005051225201 -0.002213086361 0.04022756471)
(4.171327437e-18 -0.00227 0.04022756471)
(0.0005051225201 -0.002213086361 0.04022756471)
(0.0009849160878 -0.00204519933 0.04022756471)
(0.00141532185 -0.001774757465 0.04022756471)
(0.001774757465 -0.00141532185 0.04022756471)
(0.00204519933 -0.0009849160878 0.04022756471)
(0.002213086361 -0.0005051225201 0.04022756471)
(0.0002549783392 0.00148823152 0.04072767059)
(0.0003523407382 0.001783738617 0.04072767059)
(0.0007066344762 0.001600089729 0.04072767059)
(0.0004460517423 0.001266523339 0.04072767059)
(-3.436116456e-05 0.001407350945 0.04072767059)
(-4.500044161e-05 0.001797448385 0.04072767059)
(9.846795575e-05 0.001053538377 0.04072767059)
(-0.0002438007367 -0.001492333881 0.04072767059)
(-0.0003437086725 -0.001786388073 0.04072767059)
(-0.0006982317212 -0.001603104995 0.04072767059)
(-0.0004338947939 -0.001271435165 0.04072767059)
(4.58617183e-05 -0.001411816228 0.04072767059)
(5.278529518e-05 -0.00179973493 0.04072767059)
(-8.62642317e-05 -0.001060240977 0.04072767059)
(5.33055598e-06 -7.569654645e-06 0.04072767059)
(-0.0001706366213 0.0004238886521 0.04072767059)
(0.0002767283986 0.0006712240628 0.04072767059)
(0.0004790262607 0.0002546958768 0.04072767059)
(0.0006667435843 -0.0001953203733 0.04072767059)
(0.0001819169719 -0.0004385810476 0.04072767059)
(-0.0003116170191 0.000857307966 0.04072767059)
(-0.0006563371676 0.0001820636408 0.04072767059)
(-0.0007595572546 0.0006642510616 0.04072767059)
(-0.0004688864953 -0.0002704509558 0.04072767059)
(-0.0002640368596 -0.0006820804657 0.04072767059)
(0.0003244414692 -0.0008651390589 0.04072767059)
(0.0007703372699 -0.0006725549014 0.04072767059)
(0.001259378684 0.0001010530989 0.04072767059)
(0.001244725547 -0.0005092851124 0.04072767059)
(0.0009580369734 0.0005724914038 0.04072767059)
(0.000686355241 0.0009527389 0.04072767059)
(-0.000411913423 0.00127782731 0.04072767059)
(-0.0008252687158 0.001117838539 0.04072767059)
(-0.001236687262 0.0009697200325 0.04072767059)
(-0.001236177091 0.0005019180154 0.04072767059)
(-0.001252999921 -0.0001134184094 0.04072767059)
(-0.0009480716608 -0.0005850065929 0.04072767059)
(-0.0006748084747 -0.0009606103531 0.04072767059)
(0.0004222799531 -0.001281366524 0.04072767059)
(0.0008350443922 -0.001119937838 0.04072767059)
(0.001243190571 -0.0009705251405 0.04072767059)
(0.001790848755 -1.042056387e-05 0.04072767059)
(0.001718289332 -0.0004775459998 0.04072767059)
(0.001874758642 0.0003717980187 0.04072767059)
(0.001620340809 0.0006206920998 0.04072767059)
(0.001344907978 0.0009797899987 0.04072767059)
(0.001041334524 0.001319527007 0.04072767059)
(-0.0004740520223 0.001718341652 0.04072767059)
(-0.0008923071438 0.00156068139 0.04072767059)
(-0.001270071805 0.001372945344 0.04072767059)
(-0.001557665641 0.001231959056 0.04072767059)
(-0.001629632925 0.0009097587353 0.04072767059)
(-0.001715418137 0.0004721296419 0.04072767059)
(-0.001787356484 -2.794999909e-06 0.04072767059)
(-0.001867679875 -0.0003780765589 0.04072767059)
(-0.001618079194 -0.0006306136485 0.04072767059)
(-0.001339815484 -0.0009864499857 0.04072767059)
(-0.001033967066 -0.001324198714 0.04072767059)
(0.0004816833139 -0.001717626918 0.04072767059)
(0.0009004117588 -0.001557870179 0.04072767059)
(0.001274416725 -0.001371606765 0.04072767059)
(0.001560032184 -0.001230699977 0.04072767059)
(0.001632489972 -0.000910091278 0.04072767059)
(0.002213086361 0.0005051225201 0.04072767059)
(0.00227 0 0.04072767059)
(0.00204519933 0.0009849160878 0.04072767059)
(0.001774757465 0.00141532185 0.04072767059)
(0.00141532185 0.001774757465 0.04072767059)
(0.0009849160878 0.00204519933 0.04072767059)
(0.0005051225201 0.002213086361 0.04072767059)
(4.171327437e-18 0.00227 0.04072767059)
(-0.0005051225201 0.002213086361 0.04072767059)
(-0.0009849160878 0.00204519933 0.04072767059)
(-0.00141532185 0.001774757465 0.04072767059)
(-0.001774757465 0.00141532185 0.04072767059)
(-0.00204519933 0.0009849160878 0.04072767059)
(-0.002213086361 0.0005051225201 0.04072767059)
(-0.00227 2.779948234e-19 0.04072767059)
(-0.002213086361 -0.0005051225201 0.04072767059)
(-0.00204519933 -0.0009849160878 0.04072767059)
(-0.001774757465 -0.00141532185 0.04072767059)
(-0.00141532185 -0.001774757465 0.04072767059)
(-0.0009849160878 -0.00204519933 0.04072767059)
(-0.0005051225201 -0.002213086361 0.04072767059)
(2.155162424e-18 -0.00227 0.04072767059)
(0.0005051225201 -0.002213086361 0.04072767059)
(0.0009849160878 -0.00204519933 0.04072767059)
(0.00141532185 -0.001774757465 0.04072767059)
(0.001774757465 -0.00141532185 0.04072767059)
(0.00204519933 -0.0009849160878 0.04072767059)
(0.002213086361 -0.0005051225201 0.04072767059)
(0.0002549783392 0.00148823152 0.04122777647)
(0.0003523407382 0.001783738617 0.04122777647)
(0.0007066344762 0.001600089729 0.04122777647)
(0.0004460517423 0.001266523339 0.04122777647)
(-3.436116456e-05 0.001407350945 0.04122777647)
(-4.500044161e-05 0.001797448385 0.04122777647)
(9.846795575e-05 0.001053538377 0.04122777647)
(-0.0002438007367 -0.001492333881 0.04122777647)
(-0.0003437086725 -0.001786388073 0.04122777647)
(-0.0006982317212 -0.001603104995 0.04122777647)
(-0.0004338947939 -0.001271435165 0.04122777647)
(4.58617183e-05 -0.001411816228 0.04122777647)
(5.278529518e-05 -0.00179973493 0.04122777647)
(-8.62642317e-05 -0.001060240977 0.04122777647)
(5.33055598e-06 -7.569654645e-06 0.04122777647)
(-0.0001706366213 0.0004238886521 0.04122777647)
(0.0002767283986 0.0006712240628 0.04122777647)
(0.0004790262607 0.0002546958768 0.04122777647)
(0.0006667435843 -0.0001953203733 0.04122777647)
(0.0001819169719 -0.0004385810476 0.04122777647)
(-0.0003116170191 0.000857307966 0.04122777647)
(-0.0006563371676 0.0001820636408 0.04122777647)
(-0.0007595572546 0.0006642510616 0.04122777647)
(-0.0004688864953 -0.0002704509558 0.04122777647)
(-0.0002640368596 -0.0006820804657 0.04122777647)
(0.0003244414692 -0.0008651390589 0.04122777647)
(0.0007703372699 -0.0006725549014 0.04122777647)
(0.001259378684 0.0001010530989 0.04122777647)
(0.001244725547 -0.0005092851124 0.04122777647)
(0.0009580369734 0.0005724914038 0.04122777647)
(0.000686355241 0.0009527389 0.04122777647)
(-0.000411913423 0.00127782731 0.04122777647)
(-0.0008252687158 0.001117838539 0.04122777647)
(-0.001236687262 0.0009697200325 0.04122777647)
(-0.001236177091 0.0005019180154 0.04122777647)
(-0.001252999921 -0.0001134184094 0.04122777647)
(-0.0009480716608 -0.0005850065929 0.04122777647)
(-0.0006748084747 -0.0009606103531 0.04122777647)
(0.0004222799531 -0.001281366524 0.04122777647)
(0.0008350443922 -0.001119937838 0.04122777647)
(0.001243190571 -0.0009705251405 0.04122777647)
(0.001790848755 -1.042056387e-05 0.04122777647)
(0.001718289332 -0.0004775459998 0.04122777647)
(0.001874758642 0.0003717980187 0.04122777647)
(0.001620340809 0.0006206920998 0.04122777647)
(0.001344907978 0.0009797899987 0.04122777647)
(0.001041334524 0.001319527007 0.04122777647)
(-0.0004740520223 0.001718341652 0.04122777647)
(-0.0008923071438 0.00156068139 0.04122777647)
(-0.001270071805 0.001372945344 0.04122777647)
(-0.001557665641 0.001231959056 0.04122777647)
(-0.001629632925 0.0009097587353 0.04122777647)
(-0.001715418137 0.0004721296419 0.04122777647)
(-0.001787356484 -2.794999909e-06 0.04122777647)
(-0.001867679875 -0.0003780765589 0.04122777647)
(-0.001618079194 -0.0006306136485 0.04122777647)
(-0.001339815484 -0.0009864499857 0.04122777647)
(-0.001033967066 -0.001324198714 0.04122777647)
(0.0004816833139 -0.001717626918 0.04122777647)
(0.0009004117588 -0.001557870179 0.04122777647)
(0.001274416725 -0.001371606765 0.04122777647)
(0.001560032184 -0.001230699977 0.04122777647)
(0.001632489972 -0.000910091278 0.04122777647)
(0.002213086361 0.0005051225201 0.04122777647)
(0.00227 0 0.04122777647)
(0.00204519933 0.0009849160878 0.04122777647)
(0.001774757465 0.00141532185 0.04122777647)
(0.00141532185 0.001774757465 0.04122777647)
(0.0009849160878 0.00204519933 0.04122777647)
(0.0005051225201 0.002213086361 0.04122777647)
(4.171327437e-18 0.00227 0.04122777647)
(-0.0005051225201 0.002213086361 0.04122777647)
(-0.0009849160878 0.00204519933 0.04122777647)
(-0.00141532185 0.001774757465 0.04122777647)
(-0.001774757465 0.00141532185 0.04122777647)
(-0.00204519933 0.0009849160878 0.04122777647)
(-0.002213086361 0.0005051225201 0.04122777647)
(-0.00227 2.779948234e-19 0.04122777647)
(-0.002213086361 -0.0005051225201 0.04122777647)
(-0.00204519933 -0.0009849160878 0.04122777647)
(-0.001774757465 -0.00141532185 0.04122777647)
(-0.00141532185 -0.001774757465 0.04122777647)
(-0.0009849160878 -0.00204519933 0.04122777647)
(-0.0005051225201 -0.002213086361 0.04122777647)
(-1.877167601e-18 -0.00227 0.04122777647)
(0.0005051225201 -0.002213086361 0.04122777647)
(0.0009849160878 -0.00204519933 0.04122777647)
(0.00141532185 -0.001774757465 0.04122777647)
(0.001774757465 -0.00141532185 0.04122777647)
(0.00204519933 -0.0009849160878 0.04122777647)
(0.002213086361 -0.0005051225201 0.04122777647)
(0.0002549783392 0.00148823152 0.04172788235)
(0.0003523407382 0.001783738617 0.04172788235)
(0.0007066344762 0.001600089729 0.04172788235)
(0.0004460517423 0.001266523339 0.04172788235)
(-3.436116456e-05 0.001407350945 0.04172788235)
(-4.500044161e-05 0.001797448385 0.04172788235)
(9.846795575e-05 0.001053538377 0.04172788235)
(-0.0002438007367 -0.001492333881 0.04172788235)
(-0.0003437086725 -0.001786388073 0.04172788235)
(-0.0006982317212 -0.001603104995 0.04172788235)
(-0.0004338947939 -0.001271435165 0.04172788235)
(4.58617183e-05 -0.001411816228 0.04172788235)
(5.278529518e-05 -0.00179973493 0.04172788235)
(-8.62642317e-05 -0.001060240977 0.04172788235)
(5.33055598e-06 -7.569654645e-06 0.04172788235)
(-0.0001706366213 0.0004238886521 0.04172788235)
(0.0002767283986 0.0006712240628 0.04172788235)
(0.0004790262607 0.0002546958768 0.04172788235)
(0.0006667435843 -0.0001953203733 0.04172788235)
(0.0001819169719 -0.0004385810476 0.04172788235)
(-0.0003116170191 0.000857307966 0.04172788235)
(-0.0006563371676 0.0001820636408 0.04172788235)
(-0.0007595572546 0.0006642510616 0.04172788235)
(-0.0004688864953 -0.0002704509558 0.04172788235)
(-0.0002640368596 -0.0006820804657 0.04172788235)
(0.0003244414692 -0.0008651390589 0.04172788235)
(0.0007703372699 -0.0006725549014 0.04172788235)
(0.001259378684 0.0001010530989 0.04172788235)
(0.001244725547 -0.0005092851124 0.04172788235)
(0.0009580369734 0.0005724914038 0.04172788235)
(0.000686355241 0.0009527389 0.04172788235)
(-0.000411913423 0.00127782731 0.04172788235)
(-0.0008252687158 0.001117838539 0.04172788235)
(-0.001236687262 0.0009697200325 0.04172788235)
(-0.001236177091 0.0005019180154 0.04172788235)
(-0.001252999921 -0.0001134184094 0.04172788235)
(-0.0009480716608 -0.0005850065929 0.04172788235)
(-0.0006748084747 -0.0009606103531 0.04172788235)
(0.0004222799531 -0.001281366524 0.04172788235)
(0.0008350443922 -0.001119937838 0.04172788235)
(0.001243190571 -0.0009705251405 0.04172788235)
(0.001790848755 -1.042056387e-05 0.04172788235)
(0.001718289332 -0.0004775459998 0.04172788235)
(0.001874758642 0.0003717980187 0.04172788235)
(0.001620340809 0.0006206920998 0.04172788235)
(0.001344907978 0.0009797899987 0.04172788235)
(0.001041334524 0.001319527007 0.04172788235)
(-0.0004740520223 0.001718341652 0.04172788235)
(-0.0008923071438 0.00156068139 0.04172788235)
(-0.001270071805 0.001372945344 0.04172788235)
(-0.001557665641 0.001231959056 0.04172788235)
(-0.001629632925 0.0009097587353 0.04172788235)
(-0.001715418137 0.0004721296419 0.04172788235)
(-0.001787356484 -2.794999909e-06 0.04172788235)
(-0.001867679875 -0.0003780765589 0.04172788235)
(-0.001618079194 -0.0006306136485 0.04172788235)
(-0.001339815484 -0.0009864499857 0.04172788235)
(-0.001033967066 -0.001324198714 0.04172788235)
(0.0004816833139 -0.001717626918 0.04172788235)
(0.0009004117588 -0.001557870179 0.04172788235)
(0.001274416725 -0.001371606765 0.04172788235)
(0.001560032184 -0.001230699977 0.04172788235)
(0.001632489972 -0.000910091278 0.04172788235)
(0.002213086361 0.0005051225201 0.04172788235)
(0.00227 0 0.04172788235)
(0.00204519933 0.0009849160878 0.04172788235)
(0.001774757465 0.00141532185 0.04172788235)
(0.00141532185 0.001774757465 0.04172788235)
(0.0009849160878 0.00204519933 0.04172788235)
(0.0005051225201 0.002213086361 0.04172788235)
(-3.893332614e-18 0.00227 0.04172788235)
(-0.0005051225201 0.002213086361 0.04172788235)
(-0.0009849160878 0.00204519933 0.04172788235)
(-0.00141532185 0.001774757465 0.04172788235)
(-0.001774757465 0.00141532185 0.04172788235)
(-0.00204519933 0.0009849160878 0.04172788235)
(-0.002213086361 0.0005051225201 0.04172788235)
(-0.00227 2.779948234e-19 0.04172788235)
(-0.002213086361 -0.0005051225201 0.04172788235)
(-0.00204519933 -0.0009849160878 0.04172788235)
(-0.001774757465 -0.00141532185 0.04172788235)
(-0.00141532185 -0.001774757465 0.04172788235)
(-0.0009849160878 -0.00204519933 0.04172788235)
(-0.0005051225201 -0.002213086361 0.04172788235)
(1.389974117e-19 -0.00227 0.04172788235)
(0.0005051225201 -0.002213086361 0.04172788235)
(0.0009849160878 -0.00204519933 0.04172788235)
(0.00141532185 -0.001774757465 0.04172788235)
(0.001774757465 -0.00141532185 0.04172788235)
(0.00204519933 -0.0009849160878 0.04172788235)
(0.002213086361 -0.0005051225201 0.04172788235)
(0.0002549783392 0.00148823152 0.04222798823)
(0.0003523407382 0.001783738617 0.04222798823)
(0.0007066344762 0.001600089729 0.04222798823)
(0.0004460517423 0.001266523339 0.04222798823)
(-3.436116456e-05 0.001407350945 0.04222798823)
(-4.500044161e-05 0.001797448385 0.04222798823)
(9.846795575e-05 0.001053538377 0.04222798823)
(-0.0002438007367 -0.001492333881 0.04222798823)
(-0.0003437086725 -0.001786388073 0.04222798823)
(-0.0006982317212 -0.001603104995 0.04222798823)
(-0.0004338947939 -0.001271435165 0.04222798823)
(4.58617183e-05 -0.001411816228 0.04222798823)
(5.278529518e-05 -0.00179973493 0.04222798823)
(-8.62642317e-05 -0.001060240977 0.04222798823)
(5.33055598e-06 -7.569654645e-06 0.04222798823)
(-0.0001706366213 0.0004238886521 0.04222798823)
(0.0002767283986 0.0006712240628 0.04222798823)
(0.0004790262607 0.0002546958768 0.04222798823)
(0.0006667435843 -0.0001953203733 0.04222798823)
(0.0001819169719 -0.0004385810476 0.04222798823)
(-0.0003116170191 0.000857307966 0.04222798823)
(-0.0006563371676 0.0001820636408 0.04222798823)
(-0.0007595572546 0.0006642510616 0.04222798823)
(-0.0004688864953 -0.0002704509558 0.04222798823)
(-0.0002640368596 -0.0006820804657 0.04222798823)
(0.0003244414692 -0.0008651390589 0.04222798823)
(0.0007703372699 -0.0006725549014 0.04222798823)
(0.001259378684 0.0001010530989 0.04222798823)
(0.001244725547 -0.0005092851124 0.04222798823)
(0.0009580369734 0.0005724914038 0.04222798823)
(0.000686355241 0.0009527389 0.04222798823)
(-0.000411913423 0.00127782731 0.04222798823)
(-0.0008252687158 0.001117838539 0.04222798823)
(-0.001236687262 0.0009697200325 0.04222798823)
(-0.001236177091 0.0005019180154 0.04222798823)
(-0.001252999921 -0.0001134184094 0.04222798823)
(-0.0009480716608 -0.0005850065929 0.04222798823)
(-0.0006748084747 -0.0009606103531 0.04222798823)
(0.0004222799531 -0.001281366524 0.04222798823)
(0.0008350443922 -0.001119937838 0.04222798823)
(0.001243190571 -0.0009705251405 0.04222798823)
(0.001790848755 -1.042056387e-05 0.04222798823)
(0.001718289332 -0.0004775459998 0.04222798823)
(0.001874758642 0.0003717980187 0.04222798823)
(0.001620340809 0.0006206920998 0.04222798823)
(0.001344907978 0.0009797899987 0.04222798823)
(0.001041334524 0.001319527007 0.04222798823)
(-0.0004740520223 0.001718341652 0.04222798823)
(-0.0008923071438 0.00156068139 0.04222798823)
(-0.001270071805 0.001372945344 0.04222798823)
(-0.001557665641 0.001231959056 0.04222798823)
(-0.001629632925 0.0009097587353 0.04222798823)
(-0.001715418137 0.0004721296419 0.04222798823)
(-0.001787356484 -2.794999909e-06 0.04222798823)
(-0.001867679875 -0.0003780765589 0.04222798823)
(-0.001618079194 -0.0006306136485 0.04222798823)
(-0.001339815484 -0.0009864499857 0.04222798823)
(-0.001033967066 -0.001324198714 0.04222798823)
(0.0004816833139 -0.001717626918 0.04222798823)
(0.0009004117588 -0.001557870179 0.04222798823)
(0.001274416725 -0.001371606765 0.04222798823)
(0.001560032184 -0.001230699977 0.04222798823)
(0.001632489972 -0.000910091278 0.04222798823)
(0.002213086361 0.0005051225201 0.04222798823)
(0.00227 0 0.04222798823)
(0.00204519933 0.0009849160878 0.04222798823)
(0.001774757465 0.00141532185 0.04222798823)
(0.00141532185 0.001774757465 0.04222798823)
(0.0009849160878 0.00204519933 0.04222798823)
(0.0005051225201 0.002213086361 0.04222798823)
(1.389974117e-19 0.00227 0.04222798823)
(-0.0005051225201 0.002213086361 0.04222798823)
(-0.0009849160878 0.00204519933 0.04222798823)
(-0.00141532185 0.001774757465 0.04222798823)
(-0.001774757465 0.00141532185 0.04222798823)
(-0.00204519933 0.0009849160878 0.04222798823)
(-0.002213086361 0.0005051225201 0.04222798823)
(-0.00227 2.779948234e-19 0.04222798823)
(-0.002213086361 -0.0005051225201 0.04222798823)
(-0.00204519933 -0.0009849160878 0.04222798823)
(-0.001774757465 -0.00141532185 0.04222798823)
(-0.00141532185 -0.001774757465 0.04222798823)
(-0.0009849160878 -0.00204519933 0.04222798823)
(-0.0005051225201 -0.002213086361 0.04222798823)
(1.389974117e-19 -0.00227 0.04222798823)
(0.0005051225201 -0.002213086361 0.04222798823)
(0.0009849160878 -0.00204519933 0.04222798823)
(0.00141532185 -0.001774757465 0.04222798823)
(0.001774757465 -0.00141532185 0.04222798823)
(0.00204519933 -0.0009849160878 0.04222798823)
(0.002213086361 -0.0005051225201 0.04222798823)
(0.0002549783392 0.00148823152 0.04272809412)
(0.0003523407382 0.001783738617 0.04272809412)
(0.0007066344762 0.001600089729 0.04272809412)
(0.0004460517423 0.001266523339 0.04272809412)
(-3.436116456e-05 0.001407350945 0.04272809412)
(-4.500044161e-05 0.001797448385 0.04272809412)
(9.846795575e-05 0.001053538377 0.04272809412)
(-0.0002438007367 -0.001492333881 0.04272809412)
(-0.0003437086725 -0.001786388073 0.04272809412)
(-0.0006982317212 -0.001603104995 0.04272809412)
(-0.0004338947939 -0.001271435165 0.04272809412)
(4.58617183e-05 -0.001411816228 0.04272809412)
(5.278529518e-05 -0.00179973493 0.04272809412)
(-8.62642317e-05 -0.001060240977 0.04272809412)
(5.33055598e-06 -7.569654645e-06 0.04272809412)
(-0.0001706366213 0.0004238886521 0.04272809412)
(0.0002767283986 0.0006712240628 0.04272809412)
(0.0004790262607 0.0002546958768 0.04272809412)
(0.0006667435843 -0.0001953203733 0.04272809412)
(0.0001819169719 -0.0004385810476 0.04272809412)
(-0.0003116170191 0.000857307966 0.04272809412)
(-0.0006563371676 0.0001820636408 0.04272809412)
(-0.0007595572546 0.0006642510616 0.04272809412)
(-0.0004688864953 -0.0002704509558 0.04272809412)
(-0.0002640368596 -0.0006820804657 0.04272809412)
(0.0003244414692 -0.0008651390589 0.04272809412)
(0.0007703372699 -0.0006725549014 0.04272809412)
(0.001259378684 0.0001010530989 0.04272809412)
(0.001244725547 -0.0005092851124 0.04272809412)
(0.0009580369734 0.0005724914038 0.04272809412)
(0.000686355241 0.0009527389 0.04272809412)
(-0.000411913423 0.00127782731 0.04272809412)
(-0.0008252687158 0.001117838539 0.04272809412)
(-0.001236687262 0.0009697200325 0.04272809412)
(-0.001236177091 0.0005019180154 0.04272809412)
(-0.001252999921 -0.0001134184094 0.04272809412)
(-0.0009480716608 -0.0005850065929 0.04272809412)
(-0.0006748084747 -0.0009606103531 0.04272809412)
(0.0004222799531 -0.001281366524 0.04272809412)
(0.0008350443922 -0.001119937838 0.04272809412)
(0.001243190571 -0.0009705251405 0.04272809412)
(0.001790848755 -1.042056387e-05 0.04272809412)
(0.001718289332 -0.0004775459998 0.04272809412)
(0.001874758642 0.0003717980187 0.04272809412)
(0.001620340809 0.0006206920998 0.04272809412)
(0.001344907978 0.0009797899987 0.04272809412)
(0.001041334524 0.001319527007 0.04272809412)
(-0.0004740520223 0.001718341652 0.04272809412)
(-0.0008923071438 0.00156068139 0.04272809412)
(-0.001270071805 0.001372945344 0.04272809412)
(-0.001557665641 0.001231959056 0.04272809412)
(-0.001629632925 0.0009097587353 0.04272809412)
(-0.001715418137 0.0004721296419 0.04272809412)
(-0.001787356484 -2.794999909e-06 0.04272809412)
(-0.001867679875 -0.0003780765589 0.04272809412)
(-0.001618079194 -0.0006306136485 0.04272809412)
(-0.001339815484 -0.0009864499857 0.04272809412)
(-0.001033967066 -0.001324198714 0.04272809412)
(0.0004816833139 -0.001717626918 0.04272809412)
(0.0009004117588 -0.001557870179 0.04272809412)
(0.001274416725 -0.001371606765 0.04272809412)
(0.001560032184 -0.001230699977 0.04272809412)
(0.001632489972 -0.000910091278 0.04272809412)
(0.002213086361 0.0005051225201 0.04272809412)
(0.00227 0 0.04272809412)
(0.00204519933 0.0009849160878 0.04272809412)
(0.001774757465 0.00141532185 0.04272809412)
(0.00141532185 0.001774757465 0.04272809412)
(0.0009849160878 0.00204519933 0.04272809412)
(0.0005051225201 0.002213086361 0.04272809412)
(1.389974117e-19 0.00227 0.04272809412)
(-0.0005051225201 0.002213086361 0.04272809412)
(-0.0009849160878 0.00204519933 0.04272809412)
(-0.00141532185 0.001774757465 0.04272809412)
(-0.001774757465 0.00141532185 0.04272809412)
(-0.00204519933 0.0009849160878 0.04272809412)
(-0.002213086361 0.0005051225201 0.04272809412)
(-0.00227 2.779948234e-19 0.04272809412)
(-0.002213086361 -0.0005051225201 0.04272809412)
(-0.00204519933 -0.0009849160878 0.04272809412)
(-0.001774757465 -0.00141532185 0.04272809412)
(-0.00141532185 -0.001774757465 0.04272809412)
(-0.0009849160878 -0.00204519933 0.04272809412)
(-0.0005051225201 -0.002213086361 0.04272809412)
(4.171327437e-18 -0.00227 0.04272809412)
(0.0005051225201 -0.002213086361 0.04272809412)
(0.0009849160878 -0.00204519933 0.04272809412)
(0.00141532185 -0.001774757465 0.04272809412)
(0.001774757465 -0.00141532185 0.04272809412)
(0.00204519933 -0.0009849160878 0.04272809412)
(0.002213086361 -0.0005051225201 0.04272809412)
(0.0002549783392 0.00148823152 0.0432282)
(0.0003523407382 0.001783738617 0.0432282)
(0.0007066344762 0.001600089729 0.0432282)
(0.0004460517423 0.001266523339 0.0432282)
(-3.436116456e-05 0.001407350945 0.0432282)
(-4.500044161e-05 0.001797448385 0.0432282)
(9.846795575e-05 0.001053538377 0.0432282)
(-0.0002438007367 -0.001492333881 0.0432282)
(-0.0003437086725 -0.001786388073 0.0432282)
(-0.0006982317212 -0.001603104995 0.0432282)
(-0.0004338947939 -0.001271435165 0.0432282)
(4.58617183e-05 -0.001411816228 0.0432282)
(5.278529518e-05 -0.00179973493 0.0432282)
(-8.62642317e-05 -0.001060240977 0.0432282)
(5.33055598e-06 -7.569654645e-06 0.0432282)
(-0.0001706366213 0.0004238886521 0.0432282)
(0.0002767283986 0.0006712240628 0.0432282)
(0.0004790262607 0.0002546958768 0.0432282)
(0.0006667435843 -0.0001953203733 0.0432282)
(0.0001819169719 -0.0004385810476 0.0432282)
(-0.0003116170191 0.000857307966 0.0432282)
(-0.0006563371676 0.0001820636408 0.0432282)
(-0.0007595572546 0.0006642510616 0.0432282)
(-0.0004688864953 -0.0002704509558 0.0432282)
(-0.0002640368596 -0.0006820804657 0.0432282)
(0.0003244414692 -0.0008651390589 0.0432282)
(0.0007703372699 -0.0006725549014 0.0432282)
(0.001259378684 0.0001010530989 0.0432282)
(0.001244725547 -0.0005092851124 0.0432282)
(0.0009580369734 0.0005724914038 0.0432282)
(0.000686355241 0.0009527389 0.0432282)
(-0.000411913423 0.00127782731 0.0432282)
(-0.0008252687158 0.001117838539 0.0432282)
(-0.001236687262 0.0009697200325 0.0432282)
(-0.001236177091 0.0005019180154 0.0432282)
(-0.001252999921 -0.0001134184094 0.0432282)
(-0.0009480716608 -0.0005850065929 0.0432282)
(-0.0006748084747 -0.0009606103531 0.0432282)
(0.0004222799531 -0.001281366524 0.0432282)
(0.0008350443922 -0.001119937838 0.0432282)
(0.001243190571 -0.0009705251405 0.0432282)
(0.001790848755 -1.042056387e-05 0.0432282)
(0.001718289332 -0.0004775459998 0.0432282)
(0.001874758642 0.0003717980187 0.0432282)
(0.001620340809 0.0006206920998 0.0432282)
(0.001344907978 0.0009797899987 0.0432282)
(0.001041334524 0.001319527007 0.0432282)
(-0.0004740520223 0.001718341652 0.0432282)
(-0.0008923071438 0.00156068139 0.0432282)
(-0.001270071805 0.001372945344 0.0432282)
(-0.001557665641 0.001231959056 0.0432282)
(-0.001629632925 0.0009097587353 0.0432282)
(-0.001715418137 0.0004721296419 0.0432282)
(-0.001787356484 -2.794999909e-06 0.0432282)
(-0.001867679875 -0.0003780765589 0.0432282)
(-0.001618079194 -0.0006306136485 0.0432282)
(-0.001339815484 -0.0009864499857 0.0432282)
(-0.001033967066 -0.001324198714 0.0432282)
(0.0004816833139 -0.001717626918 0.0432282)
(0.0009004117588 -0.001557870179 0.0432282)
(0.001274416725 -0.001371606765 0.0432282)
(0.001560032184 -0.001230699977 0.0432282)
(0.001632489972 -0.000910091278 0.0432282)
(0.002213086361 0.0005051225201 0.0432282)
(0.00227 0 0.0432282)
(0.00204519933 0.0009849160878 0.0432282)
(0.001774757465 0.00141532185 0.0432282)
(0.00141532185 0.001774757465 0.0432282)
(0.0009849160878 0.00204519933 0.0432282)
(0.0005051225201 0.002213086361 0.0432282)
(4.171327437e-18 0.00227 0.0432282)
(-0.0005051225201 0.002213086361 0.0432282)
(-0.0009849160878 0.00204519933 0.0432282)
(-0.00141532185 0.001774757465 0.0432282)
(-0.001774757465 0.00141532185 0.0432282)
(-0.00204519933 0.0009849160878 0.0432282)
(-0.002213086361 0.0005051225201 0.0432282)
(-0.00227 2.779948234e-19 0.0432282)
(-0.002213086361 -0.0005051225201 0.0432282)
(-0.00204519933 -0.0009849160878 0.0432282)
(-0.001774757465 -0.00141532185 0.0432282)
(-0.00141532185 -0.001774757465 0.0432282)
(-0.0009849160878 -0.00204519933 0.0432282)
(-0.0005051225201 -0.002213086361 0.0432282)
(1.389974117e-19 -0.00227 0.0432282)
(0.0005051225201 -0.002213086361 0.0432282)
(0.0009849160878 -0.00204519933 0.0432282)
(0.00141532185 -0.001774757465 0.0432282)
(0.001774757465 -0.00141532185 0.0432282)
(0.00204519933 -0.0009849160878 0.0432282)
(0.002213086361 -0.0005051225201 0.0432282)
(0.0002549783392 0.00148823152 0.04372830588)
(0.0003523407382 0.001783738617 0.04372830588)
(0.0007066344762 0.001600089729 0.04372830588)
(0.0004460517423 0.001266523339 0.04372830588)
(-3.436116456e-05 0.001407350945 0.04372830588)
(-4.500044161e-05 0.001797448385 0.04372830588)
(9.846795575e-05 0.001053538377 0.04372830588)
(-0.0002438007367 -0.001492333881 0.04372830588)
(-0.0003437086725 -0.001786388073 0.04372830588)
(-0.0006982317212 -0.001603104995 0.04372830588)
(-0.0004338947939 -0.001271435165 0.04372830588)
(4.58617183e-05 -0.001411816228 0.04372830588)
(5.278529518e-05 -0.00179973493 0.04372830588)
(-8.62642317e-05 -0.001060240977 0.04372830588)
(5.33055598e-06 -7.569654645e-06 0.04372830588)
(-0.0001706366213 0.0004238886521 0.04372830588)
(0.0002767283986 0.0006712240628 0.04372830588)
(0.0004790262607 0.0002546958768 0.04372830588)
(0.0006667435843 -0.0001953203733 0.04372830588)
(0.0001819169719 -0.0004385810476 0.04372830588)
(-0.0003116170191 0.000857307966 0.04372830588)
(-0.0006563371676 0.0001820636408 0.04372830588)
(-0.0007595572546 0.0006642510616 0.04372830588)
(-0.0004688864953 -0.0002704509558 0.04372830588)
(-0.0002640368596 -0.0006820804657 0.04372830588)
(0.0003244414692 -0.0008651390589 0.04372830588)
(0.0007703372699 -0.0006725549014 0.04372830588)
(0.001259378684 0.0001010530989 0.04372830588)
(0.001244725547 -0.0005092851124 0.04372830588)
(0.0009580369734 0.0005724914038 0.04372830588)
(0.000686355241 0.0009527389 0.04372830588)
(-0.000411913423 0.00127782731 0.04372830588)
(-0.0008252687158 0.001117838539 0.04372830588)
(-0.001236687262 0.0009697200325 0.04372830588)
(-0.001236177091 0.0005019180154 0.04372830588)
(-0.001252999921 -0.0001134184094 0.04372830588)
(-0.0009480716608 -0.0005850065929 0.04372830588)
(-0.0006748084747 -0.0009606103531 0.04372830588)
(0.0004222799531 -0.001281366524 0.04372830588)
(0.0008350443922 -0.001119937838 0.04372830588)
(0.001243190571 -0.0009705251405 0.04372830588)
(0.001790848755 -1.042056387e-05 0.04372830588)
(0.001718289332 -0.0004775459998 0.04372830588)
(0.001874758642 0.0003717980187 0.04372830588)
(0.001620340809 0.0006206920998 0.04372830588)
(0.001344907978 0.0009797899987 0.04372830588)
(0.001041334524 0.001319527007 0.04372830588)
(-0.0004740520223 0.001718341652 0.04372830588)
(-0.0008923071438 0.00156068139 0.04372830588)
(-0.001270071805 0.001372945344 0.04372830588)
(-0.001557665641 0.001231959056 0.04372830588)
(-0.001629632925 0.0009097587353 0.04372830588)
(-0.001715418137 0.0004721296419 0.04372830588)
(-0.001787356484 -2.794999909e-06 0.04372830588)
(-0.001867679875 -0.0003780765589 0.04372830588)
(-0.001618079194 -0.0006306136485 0.04372830588)
(-0.001339815484 -0.0009864499857 0.04372830588)
(-0.001033967066 -0.001324198714 0.04372830588)
(0.0004816833139 -0.001717626918 0.04372830588)
(0.0009004117588 -0.001557870179 0.04372830588)
(0.001274416725 -0.001371606765 0.04372830588)
(0.001560032184 -0.001230699977 0.04372830588)
(0.001632489972 -0.000910091278 0.04372830588)
(0.002213086361 0.0005051225201 0.04372830588)
(0.00227 0 0.04372830588)
(0.00204519933 0.0009849160878 0.04372830588)
(0.001774757465 0.00141532185 0.04372830588)
(0.00141532185 0.001774757465 0.04372830588)
(0.0009849160878 0.00204519933 0.04372830588)
(0.0005051225201 0.002213086361 0.04372830588)
(-3.893332614e-18 0.00227 0.04372830588)
(-0.0005051225201 0.002213086361 0.04372830588)
(-0.0009849160878 0.00204519933 0.04372830588)
(-0.00141532185 0.001774757465 0.04372830588)
(-0.001774757465 0.00141532185 0.04372830588)
(-0.00204519933 0.0009849160878 0.04372830588)
(-0.002213086361 0.0005051225201 0.04372830588)
(-0.00227 2.779948234e-19 0.04372830588)
(-0.002213086361 -0.0005051225201 0.04372830588)
(-0.00204519933 -0.0009849160878 0.04372830588)
(-0.001774757465 -0.00141532185 0.04372830588)
(-0.00141532185 -0.001774757465 0.04372830588)
(-0.0009849160878 -0.00204519933 0.04372830588)
(-0.0005051225201 -0.002213086361 0.04372830588)
(-1.877167601e-18 -0.00227 0.04372830588)
(0.0005051225201 -0.002213086361 0.04372830588)
(0.0009849160878 -0.00204519933 0.04372830588)
(0.00141532185 -0.001774757465 0.04372830588)
(0.001774757465 -0.00141532185 0.04372830588)
(0.00204519933 -0.0009849160878 0.04372830588)
(0.002213086361 -0.0005051225201 0.04372830588)
(0.0002549783392 0.00148823152 0.04422841177)
(0.0003523407382 0.001783738617 0.04422841177)
(0.0007066344762 0.001600089729 0.04422841177)
(0.0004460517423 0.001266523339 0.04422841177)
(-3.436116456e-05 0.001407350945 0.04422841177)
(-4.500044161e-05 0.001797448385 0.04422841177)
(9.846795575e-05 0.001053538377 0.04422841177)
(-0.0002438007367 -0.001492333881 0.04422841177)
(-0.0003437086725 -0.001786388073 0.04422841177)
(-0.0006982317212 -0.001603104995 0.04422841177)
(-0.0004338947939 -0.001271435165 0.04422841177)
(4.58617183e-05 -0.001411816228 0.04422841177)
(5.278529518e-05 -0.00179973493 0.04422841177)
(-8.62642317e-05 -0.001060240977 0.04422841177)
(5.33055598e-06 -7.569654645e-06 0.04422841177)
(-0.0001706366213 0.0004238886521 0.04422841177)
(0.0002767283986 0.0006712240628 0.04422841177)
(0.0004790262607 0.0002546958768 0.04422841177)
(0.0006667435843 -0.0001953203733 0.04422841177)
(0.0001819169719 -0.0004385810476 0.04422841177)
(-0.0003116170191 0.000857307966 0.04422841177)
(-0.0006563371676 0.0001820636408 0.04422841177)
(-0.0007595572546 0.0006642510616 0.04422841177)
(-0.0004688864953 -0.0002704509558 0.04422841177)
(-0.0002640368596 -0.0006820804657 0.04422841177)
(0.0003244414692 -0.0008651390589 0.04422841177)
(0.0007703372699 -0.0006725549014 0.04422841177)
(0.001259378684 0.0001010530989 0.04422841177)
(0.001244725547 -0.0005092851124 0.04422841177)
(0.0009580369734 0.0005724914038 0.04422841177)
(0.000686355241 0.0009527389 0.04422841177)
(-0.000411913423 0.00127782731 0.04422841177)
(-0.0008252687158 0.001117838539 0.04422841177)
(-0.001236687262 0.0009697200325 0.04422841177)
(-0.001236177091 0.0005019180154 0.04422841177)
(-0.001252999921 -0.0001134184094 0.04422841177)
(-0.0009480716608 -0.0005850065929 0.04422841177)
(-0.0006748084747 -0.0009606103531 0.04422841177)
(0.0004222799531 -0.001281366524 0.04422841177)
(0.0008350443922 -0.001119937838 0.04422841177)
(0.001243190571 -0.0009705251405 0.04422841177)
(0.001790848755 -1.042056387e-05 0.04422841177)
(0.001718289332 -0.0004775459998 0.04422841177)
(0.001874758642 0.0003717980187 0.04422841177)
(0.001620340809 0.0006206920998 0.04422841177)
(0.001344907978 0.0009797899987 0.04422841177)
(0.001041334524 0.001319527007 0.04422841177)
(-0.0004740520223 0.001718341652 0.04422841177)
(-0.0008923071438 0.00156068139 0.04422841177)
(-0.001270071805 0.001372945344 0.04422841177)
(-0.001557665641 0.001231959056 0.04422841177)
(-0.001629632925 0.0009097587353 0.04422841177)
(-0.001715418137 0.0004721296419 0.04422841177)
(-0.001787356484 -2.794999909e-06 0.04422841177)
(-0.001867679875 -0.0003780765589 0.04422841177)
(-0.001618079194 -0.0006306136485 0.04422841177)
(-0.001339815484 -0.0009864499857 0.04422841177)
(-0.001033967066 -0.001324198714 0.04422841177)
(0.0004816833139 -0.001717626918 0.04422841177)
(0.0009004117588 -0.001557870179 0.04422841177)
(0.001274416725 -0.001371606765 0.04422841177)
(0.001560032184 -0.001230699977 0.04422841177)
(0.001632489972 -0.000910091278 0.04422841177)
(0.002213086361 0.0005051225201 0.04422841177)
(0.00227 0 0.04422841177)
(0.00204519933 0.0009849160878 0.04422841177)
(0.001774757465 0.00141532185 0.04422841177)
(0.00141532185 0.001774757465 0.04422841177)
(0.0009849160878 0.00204519933 0.04422841177)
(0.0005051225201 0.002213086361 0.04422841177)
(-3.893332614e-18 0.00227 0.04422841177)
(-0.0005051225201 0.002213086361 0.04422841177)
(-0.0009849160878 0.00204519933 0.04422841177)
(-0.00141532185 0.001774757465 0.04422841177)
(-0.001774757465 0.00141532185 0.04422841177)
(-0.00204519933 0.0009849160878 0.04422841177)
(-0.002213086361 0.0005051225201 0.04422841177)
(-0.00227 2.779948234e-19 0.04422841177)
(-0.002213086361 -0.0005051225201 0.04422841177)
(-0.00204519933 -0.0009849160878 0.04422841177)
(-0.001774757465 -0.00141532185 0.04422841177)
(-0.00141532185 -0.001774757465 0.04422841177)
(-0.0009849160878 -0.00204519933 0.04422841177)
(-0.0005051225201 -0.002213086361 0.04422841177)
(2.155162424e-18 -0.00227 0.04422841177)
(0.0005051225201 -0.002213086361 0.04422841177)
(0.0009849160878 -0.00204519933 0.04422841177)
(0.00141532185 -0.001774757465 0.04422841177)
(0.001774757465 -0.00141532185 0.04422841177)
(0.00204519933 -0.0009849160878 0.04422841177)
(0.002213086361 -0.0005051225201 0.04422841177)
(0.0002549783392 0.00148823152 0.04472851765)
(0.0003523407382 0.001783738617 0.04472851765)
(0.0007066344762 0.001600089729 0.04472851765)
(0.0004460517423 0.001266523339 0.04472851765)
(-3.436116456e-05 0.001407350945 0.04472851765)
(-4.500044161e-05 0.001797448385 0.04472851765)
(9.846795575e-05 0.001053538377 0.04472851765)
(-0.0002438007367 -0.001492333881 0.04472851765)
(-0.0003437086725 -0.001786388073 0.04472851765)
(-0.0006982317212 -0.001603104995 0.04472851765)
(-0.0004338947939 -0.001271435165 0.04472851765)
(4.58617183e-05 -0.001411816228 0.04472851765)
(5.278529518e-05 -0.00179973493 0.04472851765)
(-8.62642317e-05 -0.001060240977 0.04472851765)
(5.33055598e-06 -7.569654645e-06 0.04472851765)
(-0.0001706366213 0.0004238886521 0.04472851765)
(0.0002767283986 0.0006712240628 0.04472851765)
(0.0004790262607 0.0002546958768 0.04472851765)
(0.0006667435843 -0.0001953203733 0.04472851765)
(0.0001819169719 -0.0004385810476 0.04472851765)
(-0.0003116170191 0.000857307966 0.04472851765)
(-0.0006563371676 0.0001820636408 0.04472851765)
(-0.0007595572546 0.0006642510616 0.04472851765)
(-0.0004688864953 -0.0002704509558 0.04472851765)
(-0.0002640368596 -0.0006820804657 0.04472851765)
(0.0003244414692 -0.0008651390589 0.04472851765)
(0.0007703372699 -0.0006725549014 0.04472851765)
(0.001259378684 0.0001010530989 0.04472851765)
(0.001244725547 -0.0005092851124 0.04472851765)
(0.0009580369734 0.0005724914038 0.04472851765)
(0.000686355241 0.0009527389 0.04472851765)
(-0.000411913423 0.00127782731 0.04472851765)
(-0.0008252687158 0.001117838539 0.04472851765)
(-0.001236687262 0.0009697200325 0.04472851765)
(-0.001236177091 0.0005019180154 0.04472851765)
(-0.001252999921 -0.0001134184094 0.04472851765)
(-0.0009480716608 -0.0005850065929 0.04472851765)
(-0.0006748084747 -0.0009606103531 0.04472851765)
(0.0004222799531 -0.001281366524 0.04472851765)
(0.0008350443922 -0.001119937838 0.04472851765)
(0.001243190571 -0.0009705251405 0.04472851765)
(0.001790848755 -1.042056387e-05 0.04472851765)
(0.001718289332 -0.0004775459998 0.04472851765)
(0.001874758642 0.0003717980187 0.04472851765)
(0.001620340809 0.0006206920998 0.04472851765)
(0.001344907978 0.0009797899987 0.04472851765)
(0.001041334524 0.001319527007 0.04472851765)
(-0.0004740520223 0.001718341652 0.04472851765)
(-0.0008923071438 0.00156068139 0.04472851765)
(-0.001270071805 0.001372945344 0.04472851765)
(-0.001557665641 0.001231959056 0.04472851765)
(-0.001629632925 0.0009097587353 0.04472851765)
(-0.001715418137 0.0004721296419 0.04472851765)
(-0.001787356484 -2.794999909e-06 0.04472851765)
(-0.001867679875 -0.0003780765589 0.04472851765)
(-0.001618079194 -0.0006306136485 0.04472851765)
(-0.001339815484 -0.0009864499857 0.04472851765)
(-0.001033967066 -0.001324198714 0.04472851765)
(0.0004816833139 -0.001717626918 0.04472851765)
(0.0009004117588 -0.001557870179 0.04472851765)
(0.001274416725 -0.001371606765 0.04472851765)
(0.001560032184 -0.001230699977 0.04472851765)
(0.001632489972 -0.000910091278 0.04472851765)
(0.002213086361 0.0005051225201 0.04472851765)
(0.00227 0 0.04472851765)
(0.00204519933 0.0009849160878 0.04472851765)
(0.001774757465 0.00141532185 0.04472851765)
(0.00141532185 0.001774757465 0.04472851765)
(0.0009849160878 0.00204519933 0.04472851765)
(0.0005051225201 0.002213086361 0.04472851765)
(1.389974117e-19 0.00227 0.04472851765)
(-0.0005051225201 0.002213086361 0.04472851765)
(-0.0009849160878 0.00204519933 0.04472851765)
(-0.00141532185 0.001774757465 0.04472851765)
(-0.001774757465 0.00141532185 0.04472851765)
(-0.00204519933 0.0009849160878 0.04472851765)
(-0.002213086361 0.0005051225201 0.04472851765)
(-0.00227 2.779948234e-19 0.04472851765)
(-0.002213086361 -0.0005051225201 0.04472851765)
(-0.00204519933 -0.0009849160878 0.04472851765)
(-0.001774757465 -0.00141532185 0.04472851765)
(-0.00141532185 -0.001774757465 0.04472851765)
(-0.0009849160878 -0.00204519933 0.04472851765)
(-0.0005051225201 -0.002213086361 0.04472851765)
(2.155162424e-18 -0.00227 0.04472851765)
(0.0005051225201 -0.002213086361 0.04472851765)
(0.0009849160878 -0.00204519933 0.04472851765)
(0.00141532185 -0.001774757465 0.04472851765)
(0.001774757465 -0.00141532185 0.04472851765)
(0.00204519933 -0.0009849160878 0.04472851765)
(0.002213086361 -0.0005051225201 0.04472851765)
(0.0002549783392 0.00148823152 0.04522862353)
(0.0003523407382 0.001783738617 0.04522862353)
(0.0007066344762 0.001600089729 0.04522862353)
(0.0004460517423 0.001266523339 0.04522862353)
(-3.436116456e-05 0.001407350945 0.04522862353)
(-4.500044161e-05 0.001797448385 0.04522862353)
(9.846795575e-05 0.001053538377 0.04522862353)
(-0.0002438007367 -0.001492333881 0.04522862353)
(-0.0003437086725 -0.001786388073 0.04522862353)
(-0.0006982317212 -0.001603104995 0.04522862353)
(-0.0004338947939 -0.001271435165 0.04522862353)
(4.58617183e-05 -0.001411816228 0.04522862353)
(5.278529518e-05 -0.00179973493 0.04522862353)
(-8.62642317e-05 -0.001060240977 0.04522862353)
(5.33055598e-06 -7.569654645e-06 0.04522862353)
(-0.0001706366213 0.0004238886521 0.04522862353)
(0.0002767283986 0.0006712240628 0.04522862353)
(0.0004790262607 0.0002546958768 0.04522862353)
(0.0006667435843 -0.0001953203733 0.04522862353)
(0.0001819169719 -0.0004385810476 0.04522862353)
(-0.0003116170191 0.000857307966 0.04522862353)
(-0.0006563371676 0.0001820636408 0.04522862353)
(-0.0007595572546 0.0006642510616 0.04522862353)
(-0.0004688864953 -0.0002704509558 0.04522862353)
(-0.0002640368596 -0.0006820804657 0.04522862353)
(0.0003244414692 -0.0008651390589 0.04522862353)
(0.0007703372699 -0.0006725549014 0.04522862353)
(0.001259378684 0.0001010530989 0.04522862353)
(0.001244725547 -0.0005092851124 0.04522862353)
(0.0009580369734 0.0005724914038 0.04522862353)
(0.000686355241 0.0009527389 0.04522862353)
(-0.000411913423 0.00127782731 0.04522862353)
(-0.0008252687158 0.001117838539 0.04522862353)
(-0.001236687262 0.0009697200325 0.04522862353)
(-0.001236177091 0.0005019180154 0.04522862353)
(-0.001252999921 -0.0001134184094 0.04522862353)
(-0.0009480716608 -0.0005850065929 0.04522862353)
(-0.0006748084747 -0.0009606103531 0.04522862353)
(0.0004222799531 -0.001281366524 0.04522862353)
(0.0008350443922 -0.001119937838 0.04522862353)
(0.001243190571 -0.0009705251405 0.04522862353)
(0.001790848755 -1.042056387e-05 0.04522862353)
(0.001718289332 -0.0004775459998 0.04522862353)
(0.001874758642 0.0003717980187 0.04522862353)
(0.001620340809 0.0006206920998 0.04522862353)
(0.001344907978 0.0009797899987 0.04522862353)
(0.001041334524 0.001319527007 0.04522862353)
(-0.0004740520223 0.001718341652 0.04522862353)
(-0.0008923071438 0.00156068139 0.04522862353)
(-0.001270071805 0.001372945344 0.04522862353)
(-0.001557665641 0.001231959056 0.04522862353)
(-0.001629632925 0.0009097587353 0.04522862353)
(-0.001715418137 0.0004721296419 0.04522862353)
(-0.001787356484 -2.794999909e-06 0.04522862353)
(-0.001867679875 -0.0003780765589 0.04522862353)
(-0.001618079194 -0.0006306136485 0.04522862353)
(-0.001339815484 -0.0009864499857 0.04522862353)
(-0.001033967066 -0.001324198714 0.04522862353)
(0.0004816833139 -0.001717626918 0.04522862353)
(0.0009004117588 -0.001557870179 0.04522862353)
(0.001274416725 -0.001371606765 0.04522862353)
(0.001560032184 -0.001230699977 0.04522862353)
(0.001632489972 -0.000910091278 0.04522862353)
(0.002213086361 0.0005051225201 0.04522862353)
(0.00227 -2.016165013e-18 0.04522862353)
(0.00204519933 0.0009849160878 0.04522862353)
(0.001774757465 0.00141532185 0.04522862353)
(0.00141532185 0.001774757465 0.04522862353)
(0.0009849160878 0.00204519933 0.04522862353)
(0.0005051225201 0.002213086361 0.04522862353)
(4.171327437e-18 0.00227 0.04522862353)
(-0.0005051225201 0.002213086361 0.04522862353)
(-0.0009849160878 0.00204519933 0.04522862353)
(-0.00141532185 0.001774757465 0.04522862353)
(-0.001774757465 0.00141532185 0.04522862353)
(-0.00204519933 0.0009849160878 0.04522862353)
(-0.002213086361 0.0005051225201 0.04522862353)
(-0.00227 2.779948234e-19 0.04522862353)
(-0.002213086361 -0.0005051225201 0.04522862353)
(-0.00204519933 -0.0009849160878 0.04522862353)
(-0.001774757465 -0.00141532185 0.04522862353)
(-0.00141532185 -0.001774757465 0.04522862353)
(-0.0009849160878 -0.00204519933 0.04522862353)
(-0.0005051225201 -0.002213086361 0.04522862353)
(-1.877167601e-18 -0.00227 0.04522862353)
(0.0005051225201 -0.002213086361 0.04522862353)
(0.0009849160878 -0.00204519933 0.04522862353)
(0.00141532185 -0.001774757465 0.04522862353)
(0.001774757465 -0.00141532185 0.04522862353)
(0.00204519933 -0.0009849160878 0.04522862353)
(0.002213086361 -0.0005051225201 0.04522862353)
(0.0002549783392 0.00148823152 0.04572872941)
(0.0003523407382 0.001783738617 0.04572872941)
(0.0007066344762 0.001600089729 0.04572872941)
(0.0004460517423 0.001266523339 0.04572872941)
(-3.436116456e-05 0.001407350945 0.04572872941)
(-4.500044161e-05 0.001797448385 0.04572872941)
(9.846795575e-05 0.001053538377 0.04572872941)
(-0.0002438007367 -0.001492333881 0.04572872941)
(-0.0003437086725 -0.001786388073 0.04572872941)
(-0.0006982317212 -0.001603104995 0.04572872941)
(-0.0004338947939 -0.001271435165 0.04572872941)
(4.58617183e-05 -0.001411816228 0.04572872941)
(5.278529518e-05 -0.00179973493 0.04572872941)
(-8.62642317e-05 -0.001060240977 0.04572872941)
(5.33055598e-06 -7.569654645e-06 0.04572872941)
(-0.0001706366213 0.0004238886521 0.04572872941)
(0.0002767283986 0.0006712240628 0.04572872941)
(0.0004790262607 0.0002546958768 0.04572872941)
(0.0006667435843 -0.0001953203733 0.04572872941)
(0.0001819169719 -0.0004385810476 0.04572872941)
(-0.0003116170191 0.000857307966 0.04572872941)
(-0.0006563371676 0.0001820636408 0.04572872941)
(-0.0007595572546 0.0006642510616 0.04572872941)
(-0.0004688864953 -0.0002704509558 0.04572872941)
(-0.0002640368596 -0.0006820804657 0.04572872941)
(0.0003244414692 -0.0008651390589 0.04572872941)
(0.0007703372699 -0.0006725549014 0.04572872941)
(0.001259378684 0.0001010530989 0.04572872941)
(0.001244725547 -0.0005092851124 0.04572872941)
(0.0009580369734 0.0005724914038 0.04572872941)
(0.000686355241 0.0009527389 0.04572872941)
(-0.000411913423 0.00127782731 0.04572872941)
(-0.0008252687158 0.001117838539 0.04572872941)
(-0.001236687262 0.0009697200325 0.04572872941)
(-0.001236177091 0.0005019180154 0.04572872941)
(-0.001252999921 -0.0001134184094 0.04572872941)
(-0.0009480716608 -0.0005850065929 0.04572872941)
(-0.0006748084747 -0.0009606103531 0.04572872941)
(0.0004222799531 -0.001281366524 0.04572872941)
(0.0008350443922 -0.001119937838 0.04572872941)
(0.001243190571 -0.0009705251405 0.04572872941)
(0.001790848755 -1.042056387e-05 0.04572872941)
(0.001718289332 -0.0004775459998 0.04572872941)
(0.001874758642 0.0003717980187 0.04572872941)
(0.001620340809 0.0006206920998 0.04572872941)
(0.001344907978 0.0009797899987 0.04572872941)
(0.001041334524 0.001319527007 0.04572872941)
(-0.0004740520223 0.001718341652 0.04572872941)
(-0.0008923071438 0.00156068139 0.04572872941)
(-0.001270071805 0.001372945344 0.04572872941)
(-0.001557665641 0.001231959056 0.04572872941)
(-0.001629632925 0.0009097587353 0.04572872941)
(-0.001715418137 0.0004721296419 0.04572872941)
(-0.001787356484 -2.794999909e-06 0.04572872941)
(-0.001867679875 -0.0003780765589 0.04572872941)
(-0.001618079194 -0.0006306136485 0.04572872941)
(-0.001339815484 -0.0009864499857 0.04572872941)
(-0.001033967066 -0.001324198714 0.04572872941)
(0.0004816833139 -0.001717626918 0.04572872941)
(0.0009004117588 -0.001557870179 0.04572872941)
(0.001274416725 -0.001371606765 0.04572872941)
(0.001560032184 -0.001230699977 0.04572872941)
(0.001632489972 -0.000910091278 0.04572872941)
(0.002213086361 0.0005051225201 0.04572872941)
(0.00227 0 0.04572872941)
(0.00204519933 0.0009849160878 0.04572872941)
(0.001774757465 0.00141532185 0.04572872941)
(0.00141532185 0.001774757465 0.04572872941)
(0.0009849160878 0.00204519933 0.04572872941)
(0.0005051225201 0.002213086361 0.04572872941)
(-3.893332614e-18 0.00227 0.04572872941)
(-0.0005051225201 0.002213086361 0.04572872941)
(-0.0009849160878 0.00204519933 0.04572872941)
(-0.00141532185 0.001774757465 0.04572872941)
(-0.001774757465 0.00141532185 0.04572872941)
(-0.00204519933 0.0009849160878 0.04572872941)
(-0.002213086361 0.0005051225201 0.04572872941)
(-0.00227 2.779948234e-19 0.04572872941)
(-0.002213086361 -0.0005051225201 0.04572872941)
(-0.00204519933 -0.0009849160878 0.04572872941)
(-0.001774757465 -0.00141532185 0.04572872941)
(-0.00141532185 -0.001774757465 0.04572872941)
(-0.0009849160878 -0.00204519933 0.04572872941)
(-0.0005051225201 -0.002213086361 0.04572872941)
(-3.893332614e-18 -0.00227 0.04572872941)
(0.0005051225201 -0.002213086361 0.04572872941)
(0.0009849160878 -0.00204519933 0.04572872941)
(0.00141532185 -0.001774757465 0.04572872941)
(0.001774757465 -0.00141532185 0.04572872941)
(0.00204519933 -0.0009849160878 0.04572872941)
(0.002213086361 -0.0005051225201 0.04572872941)
(0.0002549783392 0.00148823152 0.04622883529)
(0.0003523407382 0.001783738617 0.04622883529)
(0.0007066344762 0.001600089729 0.04622883529)
(0.0004460517423 0.001266523339 0.04622883529)
(-3.436116456e-05 0.001407350945 0.04622883529)
(-4.500044161e-05 0.001797448385 0.04622883529)
(9.846795575e-05 0.001053538377 0.04622883529)
(-0.0002438007367 -0.001492333881 0.04622883529)
(-0.0003437086725 -0.001786388073 0.04622883529)
(-0.0006982317212 -0.001603104995 0.04622883529)
(-0.0004338947939 -0.001271435165 0.04622883529)
(4.58617183e-05 -0.001411816228 0.04622883529)
(5.278529518e-05 -0.00179973493 0.04622883529)
(-8.62642317e-05 -0.001060240977 0.04622883529)
(5.33055598e-06 -7.569654645e-06 0.04622883529)
(-0.0001706366213 0.0004238886521 0.04622883529)
(0.0002767283986 0.0006712240628 0.04622883529)
(0.0004790262607 0.0002546958768 0.04622883529)
(0.0006667435843 -0.0001953203733 0.04622883529)
(0.0001819169719 -0.0004385810476 0.04622883529)
(-0.0003116170191 0.000857307966 0.04622883529)
(-0.0006563371676 0.0001820636408 0.04622883529)
(-0.0007595572546 0.0006642510616 0.04622883529)
(-0.0004688864953 -0.0002704509558 0.04622883529)
(-0.0002640368596 -0.0006820804657 0.04622883529)
(0.0003244414692 -0.0008651390589 0.04622883529)
(0.0007703372699 -0.0006725549014 0.04622883529)
(0.001259378684 0.0001010530989 0.04622883529)
(0.001244725547 -0.0005092851124 0.04622883529)
(0.0009580369734 0.0005724914038 0.04622883529)
(0.000686355241 0.0009527389 0.04622883529)
(-0.000411913423 0.00127782731 0.04622883529)
(-0.0008252687158 0.001117838539 0.04622883529)
(-0.001236687262 0.0009697200325 0.04622883529)
(-0.001236177091 0.0005019180154 0.04622883529)
(-0.001252999921 -0.0001134184094 0.04622883529)
(-0.0009480716608 -0.0005850065929 0.04622883529)
(-0.0006748084747 -0.0009606103531 0.04622883529)
(0.0004222799531 -0.001281366524 0.04622883529)
(0.0008350443922 -0.001119937838 0.04622883529)
(0.001243190571 -0.0009705251405 0.04622883529)
(0.001790848755 -1.042056387e-05 0.04622883529)
(0.001718289332 -0.0004775459998 0.04622883529)
(0.001874758642 0.0003717980187 0.04622883529)
(0.001620340809 0.0006206920998 0.04622883529)
(0.001344907978 0.0009797899987 0.04622883529)
(0.001041334524 0.001319527007 0.04622883529)
(-0.0004740520223 0.001718341652 0.04622883529)
(-0.0008923071438 0.00156068139 0.04622883529)
(-0.001270071805 0.001372945344 0.04622883529)
(-0.001557665641 0.001231959056 0.04622883529)
(-0.001629632925 0.0009097587353 0.04622883529)
(-0.001715418137 0.0004721296419 0.04622883529)
(-0.001787356484 -2.794999909e-06 0.04622883529)
(-0.001867679875 -0.0003780765589 0.04622883529)
(-0.001618079194 -0.0006306136485 0.04622883529)
(-0.001339815484 -0.0009864499857 0.04622883529)
(-0.001033967066 -0.001324198714 0.04622883529)
(0.0004816833139 -0.001717626918 0.04622883529)
(0.0009004117588 -0.001557870179 0.04622883529)
(0.001274416725 -0.001371606765 0.04622883529)
(0.001560032184 -0.001230699977 0.04622883529)
(0.001632489972 -0.000910091278 0.04622883529)
(0.002213086361 0.0005051225201 0.04622883529)
(0.00227 -2.016165013e-18 0.04622883529)
(0.00204519933 0.0009849160878 0.04622883529)
(0.001774757465 0.00141532185 0.04622883529)
(0.00141532185 0.001774757465 0.04622883529)
(0.0009849160878 0.00204519933 0.04622883529)
(0.0005051225201 0.002213086361 0.04622883529)
(1.389974117e-19 0.00227 0.04622883529)
(-0.0005051225201 0.002213086361 0.04622883529)
(-0.0009849160878 0.00204519933 0.04622883529)
(-0.00141532185 0.001774757465 0.04622883529)
(-0.001774757465 0.00141532185 0.04622883529)
(-0.00204519933 0.0009849160878 0.04622883529)
(-0.002213086361 0.0005051225201 0.04622883529)
(-0.00227 2.779948234e-19 0.04622883529)
(-0.002213086361 -0.0005051225201 0.04622883529)
(-0.00204519933 -0.0009849160878 0.04622883529)
(-0.001774757465 -0.00141532185 0.04622883529)
(-0.00141532185 -0.001774757465 0.04622883529)
(-0.0009849160878 -0.00204519933 0.04622883529)
(-0.0005051225201 -0.002213086361 0.04622883529)
(2.155162424e-18 -0.00227 0.04622883529)
(0.0005051225201 -0.002213086361 0.04622883529)
(0.0009849160878 -0.00204519933 0.04622883529)
(0.00141532185 -0.001774757465 0.04622883529)
(0.001774757465 -0.00141532185 0.04622883529)
(0.00204519933 -0.0009849160878 0.04622883529)
(0.002213086361 -0.0005051225201 0.04622883529)
(0.0002549783392 0.00148823152 0.04672894118)
(0.0003523407382 0.001783738617 0.04672894118)
(0.0007066344762 0.001600089729 0.04672894118)
(0.0004460517423 0.001266523339 0.04672894118)
(-3.436116456e-05 0.001407350945 0.04672894118)
(-4.500044161e-05 0.001797448385 0.04672894118)
(9.846795575e-05 0.001053538377 0.04672894118)
(-0.0002438007367 -0.001492333881 0.04672894118)
(-0.0003437086725 -0.001786388073 0.04672894118)
(-0.0006982317212 -0.001603104995 0.04672894118)
(-0.0004338947939 -0.001271435165 0.04672894118)
(4.58617183e-05 -0.001411816228 0.04672894118)
(5.278529518e-05 -0.00179973493 0.04672894118)
(-8.62642317e-05 -0.001060240977 0.04672894118)
(5.33055598e-06 -7.569654645e-06 0.04672894118)
(-0.0001706366213 0.0004238886521 0.04672894118)
(0.0002767283986 0.0006712240628 0.04672894118)
(0.0004790262607 0.0002546958768 0.04672894118)
(0.0006667435843 -0.0001953203733 0.04672894118)
(0.0001819169719 -0.0004385810476 0.04672894118)
(-0.0003116170191 0.000857307966 0.04672894118)
(-0.0006563371676 0.0001820636408 0.04672894118)
(-0.0007595572546 0.0006642510616 0.04672894118)
(-0.0004688864953 -0.0002704509558 0.04672894118)
(-0.0002640368596 -0.0006820804657 0.04672894118)
(0.0003244414692 -0.0008651390589 0.04672894118)
(0.0007703372699 -0.0006725549014 0.04672894118)
(0.001259378684 0.0001010530989 0.04672894118)
(0.001244725547 -0.0005092851124 0.04672894118)
(0.0009580369734 0.0005724914038 0.04672894118)
(0.000686355241 0.0009527389 0.04672894118)
(-0.000411913423 0.00127782731 0.04672894118)
(-0.0008252687158 0.001117838539 0.04672894118)
(-0.001236687262 0.0009697200325 0.04672894118)
(-0.001236177091 0.0005019180154 0.04672894118)
(-0.001252999921 -0.0001134184094 0.04672894118)
(-0.0009480716608 -0.0005850065929 0.04672894118)
(-0.0006748084747 -0.0009606103531 0.04672894118)
(0.0004222799531 -0.001281366524 0.04672894118)
(0.0008350443922 -0.001119937838 0.04672894118)
(0.001243190571 -0.0009705251405 0.04672894118)
(0.001790848755 -1.042056387e-05 0.04672894118)
(0.001718289332 -0.0004775459998 0.04672894118)
(0.001874758642 0.0003717980187 0.04672894118)
(0.001620340809 0.0006206920998 0.04672894118)
(0.001344907978 0.0009797899987 0.04672894118)
(0.001041334524 0.001319527007 0.04672894118)
(-0.0004740520223 0.001718341652 0.04672894118)
(-0.0008923071438 0.00156068139 0.04672894118)
(-0.001270071805 0.001372945344 0.04672894118)
(-0.001557665641 0.001231959056 0.04672894118)
(-0.001629632925 0.0009097587353 0.04672894118)
(-0.001715418137 0.0004721296419 0.04672894118)
(-0.001787356484 -2.794999909e-06 0.04672894118)
(-0.001867679875 -0.0003780765589 0.04672894118)
(-0.001618079194 -0.0006306136485 0.04672894118)
(-0.001339815484 -0.0009864499857 0.04672894118)
(-0.001033967066 -0.001324198714 0.04672894118)
(0.0004816833139 -0.001717626918 0.04672894118)
(0.0009004117588 -0.001557870179 0.04672894118)
(0.001274416725 -0.001371606765 0.04672894118)
(0.001560032184 -0.001230699977 0.04672894118)
(0.001632489972 -0.000910091278 0.04672894118)
(0.002213086361 0.0005051225201 0.04672894118)
(0.00227 0 0.04672894118)
(0.00204519933 0.0009849160878 0.04672894118)
(0.001774757465 0.00141532185 0.04672894118)
(0.00141532185 0.001774757465 0.04672894118)
(0.0009849160878 0.00204519933 0.04672894118)
(0.0005051225201 0.002213086361 0.04672894118)
(1.389974117e-19 0.00227 0.04672894118)
(-0.0005051225201 0.002213086361 0.04672894118)
(-0.0009849160878 0.00204519933 0.04672894118)
(-0.00141532185 0.001774757465 0.04672894118)
(-0.001774757465 0.00141532185 0.04672894118)
(-0.00204519933 0.0009849160878 0.04672894118)
(-0.002213086361 0.0005051225201 0.04672894118)
(-0.00227 2.779948234e-19 0.04672894118)
(-0.002213086361 -0.0005051225201 0.04672894118)
(-0.00204519933 -0.0009849160878 0.04672894118)
(-0.001774757465 -0.00141532185 0.04672894118)
(-0.00141532185 -0.001774757465 0.04672894118)
(-0.0009849160878 -0.00204519933 0.04672894118)
(-0.0005051225201 -0.002213086361 0.04672894118)
(2.155162424e-18 -0.00227 0.04672894118)
(0.0005051225201 -0.002213086361 0.04672894118)
(0.0009849160878 -0.00204519933 0.04672894118)
(0.00141532185 -0.001774757465 0.04672894118)
(0.001774757465 -0.00141532185 0.04672894118)
(0.00204519933 -0.0009849160878 0.04672894118)
(0.002213086361 -0.0005051225201 0.04672894118)
(0.0002549783392 0.00148823152 0.04722904706)
(0.0003523407382 0.001783738617 0.04722904706)
(0.0007066344762 0.001600089729 0.04722904706)
(0.0004460517423 0.001266523339 0.04722904706)
(-3.436116456e-05 0.001407350945 0.04722904706)
(-4.500044161e-05 0.001797448385 0.04722904706)
(9.846795575e-05 0.001053538377 0.04722904706)
(-0.0002438007367 -0.001492333881 0.04722904706)
(-0.0003437086725 -0.001786388073 0.04722904706)
(-0.0006982317212 -0.001603104995 0.04722904706)
(-0.0004338947939 -0.001271435165 0.04722904706)
(4.58617183e-05 -0.001411816228 0.04722904706)
(5.278529518e-05 -0.00179973493 0.04722904706)
(-8.62642317e-05 -0.001060240977 0.04722904706)
(5.33055598e-06 -7.569654645e-06 0.04722904706)
(-0.0001706366213 0.0004238886521 0.04722904706)
(0.0002767283986 0.0006712240628 0.04722904706)
(0.0004790262607 0.0002546958768 0.04722904706)
(0.0006667435843 -0.0001953203733 0.04722904706)
(0.0001819169719 -0.0004385810476 0.04722904706)
(-0.0003116170191 0.000857307966 0.04722904706)
(-0.0006563371676 0.0001820636408 0.04722904706)
(-0.0007595572546 0.0006642510616 0.04722904706)
(-0.0004688864953 -0.0002704509558 0.04722904706)
(-0.0002640368596 -0.0006820804657 0.04722904706)
(0.0003244414692 -0.0008651390589 0.04722904706)
(0.0007703372699 -0.0006725549014 0.04722904706)
(0.001259378684 0.0001010530989 0.04722904706)
(0.001244725547 -0.0005092851124 0.04722904706)
(0.0009580369734 0.0005724914038 0.04722904706)
(0.000686355241 0.0009527389 0.04722904706)
(-0.000411913423 0.00127782731 0.04722904706)
(-0.0008252687158 0.001117838539 0.04722904706)
(-0.001236687262 0.0009697200325 0.04722904706)
(-0.001236177091 0.0005019180154 0.04722904706)
(-0.001252999921 -0.0001134184094 0.04722904706)
(-0.0009480716608 -0.0005850065929 0.04722904706)
(-0.0006748084747 -0.0009606103531 0.04722904706)
(0.0004222799531 -0.001281366524 0.04722904706)
(0.0008350443922 -0.001119937838 0.04722904706)
(0.001243190571 -0.0009705251405 0.04722904706)
(0.001790848755 -1.042056387e-05 0.04722904706)
(0.001718289332 -0.0004775459998 0.04722904706)
(0.001874758642 0.0003717980187 0.04722904706)
(0.001620340809 0.0006206920998 0.04722904706)
(0.001344907978 0.0009797899987 0.04722904706)
(0.001041334524 0.001319527007 0.04722904706)
(-0.0004740520223 0.001718341652 0.04722904706)
(-0.0008923071438 0.00156068139 0.04722904706)
(-0.001270071805 0.001372945344 0.04722904706)
(-0.001557665641 0.001231959056 0.04722904706)
(-0.001629632925 0.0009097587353 0.04722904706)
(-0.001715418137 0.0004721296419 0.04722904706)
(-0.001787356484 -2.794999909e-06 0.04722904706)
(-0.001867679875 -0.0003780765589 0.04722904706)
(-0.001618079194 -0.0006306136485 0.04722904706)
(-0.001339815484 -0.0009864499857 0.04722904706)
(-0.001033967066 -0.001324198714 0.04722904706)
(0.0004816833139 -0.001717626918 0.04722904706)
(0.0009004117588 -0.001557870179 0.04722904706)
(0.001274416725 -0.001371606765 0.04722904706)
(0.001560032184 -0.001230699977 0.04722904706)
(0.001632489972 -0.000910091278 0.04722904706)
(0.002213086361 0.0005051225201 0.04722904706)
(0.00227 -2.016165013e-18 0.04722904706)
(0.00204519933 0.0009849160878 0.04722904706)
(0.001774757465 0.00141532185 0.04722904706)
(0.00141532185 0.001774757465 0.04722904706)
(0.0009849160878 0.00204519933 0.04722904706)
(0.0005051225201 0.002213086361 0.04722904706)
(4.171327437e-18 0.00227 0.04722904706)
(-0.0005051225201 0.002213086361 0.04722904706)
(-0.0009849160878 0.00204519933 0.04722904706)
(-0.00141532185 0.001774757465 0.04722904706)
(-0.001774757465 0.00141532185 0.04722904706)
(-0.00204519933 0.0009849160878 0.04722904706)
(-0.002213086361 0.0005051225201 0.04722904706)
(-0.00227 2.779948234e-19 0.04722904706)
(-0.002213086361 -0.0005051225201 0.04722904706)
(-0.00204519933 -0.0009849160878 0.04722904706)
(-0.001774757465 -0.00141532185 0.04722904706)
(-0.00141532185 -0.001774757465 0.04722904706)
(-0.0009849160878 -0.00204519933 0.04722904706)
(-0.0005051225201 -0.002213086361 0.04722904706)
(1.389974117e-19 -0.00227 0.04722904706)
(0.0005051225201 -0.002213086361 0.04722904706)
(0.0009849160878 -0.00204519933 0.04722904706)
(0.00141532185 -0.001774757465 0.04722904706)
(0.001774757465 -0.00141532185 0.04722904706)
(0.00204519933 -0.0009849160878 0.04722904706)
(0.002213086361 -0.0005051225201 0.04722904706)
(0.0002549783392 0.00148823152 0.04772915294)
(0.0003523407382 0.001783738617 0.04772915294)
(0.0007066344762 0.001600089729 0.04772915294)
(0.0004460517423 0.001266523339 0.04772915294)
(-3.436116456e-05 0.001407350945 0.04772915294)
(-4.500044161e-05 0.001797448385 0.04772915294)
(9.846795575e-05 0.001053538377 0.04772915294)
(-0.0002438007367 -0.001492333881 0.04772915294)
(-0.0003437086725 -0.001786388073 0.04772915294)
(-0.0006982317212 -0.001603104995 0.04772915294)
(-0.0004338947939 -0.001271435165 0.04772915294)
(4.58617183e-05 -0.001411816228 0.04772915294)
(5.278529518e-05 -0.00179973493 0.04772915294)
(-8.62642317e-05 -0.001060240977 0.04772915294)
(5.33055598e-06 -7.569654645e-06 0.04772915294)
(-0.0001706366213 0.0004238886521 0.04772915294)
(0.0002767283986 0.0006712240628 0.04772915294)
(0.0004790262607 0.0002546958768 0.04772915294)
(0.0006667435843 -0.0001953203733 0.04772915294)
(0.0001819169719 -0.0004385810476 0.04772915294)
(-0.0003116170191 0.000857307966 0.04772915294)
(-0.0006563371676 0.0001820636408 0.04772915294)
(-0.0007595572546 0.0006642510616 0.04772915294)
(-0.0004688864953 -0.0002704509558 0.04772915294)
(-0.0002640368596 -0.0006820804657 0.04772915294)
(0.0003244414692 -0.0008651390589 0.04772915294)
(0.0007703372699 -0.0006725549014 0.04772915294)
(0.001259378684 0.0001010530989 0.04772915294)
(0.001244725547 -0.0005092851124 0.04772915294)
(0.0009580369734 0.0005724914038 0.04772915294)
(0.000686355241 0.0009527389 0.04772915294)
(-0.000411913423 0.00127782731 0.04772915294)
(-0.0008252687158 0.001117838539 0.04772915294)
(-0.001236687262 0.0009697200325 0.04772915294)
(-0.001236177091 0.0005019180154 0.04772915294)
(-0.001252999921 -0.0001134184094 0.04772915294)
(-0.0009480716608 -0.0005850065929 0.04772915294)
(-0.0006748084747 -0.0009606103531 0.04772915294)
(0.0004222799531 -0.001281366524 0.04772915294)
(0.0008350443922 -0.001119937838 0.04772915294)
(0.001243190571 -0.0009705251405 0.04772915294)
(0.001790848755 -1.042056387e-05 0.04772915294)
(0.001718289332 -0.0004775459998 0.04772915294)
(0.001874758642 0.0003717980187 0.04772915294)
(0.001620340809 0.0006206920998 0.04772915294)
(0.001344907978 0.0009797899987 0.04772915294)
(0.001041334524 0.001319527007 0.04772915294)
(-0.0004740520223 0.001718341652 0.04772915294)
(-0.0008923071438 0.00156068139 0.04772915294)
(-0.001270071805 0.001372945344 0.04772915294)
(-0.001557665641 0.001231959056 0.04772915294)
(-0.001629632925 0.0009097587353 0.04772915294)
(-0.001715418137 0.0004721296419 0.04772915294)
(-0.001787356484 -2.794999909e-06 0.04772915294)
(-0.001867679875 -0.0003780765589 0.04772915294)
(-0.001618079194 -0.0006306136485 0.04772915294)
(-0.001339815484 -0.0009864499857 0.04772915294)
(-0.001033967066 -0.001324198714 0.04772915294)
(0.0004816833139 -0.001717626918 0.04772915294)
(0.0009004117588 -0.001557870179 0.04772915294)
(0.001274416725 -0.001371606765 0.04772915294)
(0.001560032184 -0.001230699977 0.04772915294)
(0.001632489972 -0.000910091278 0.04772915294)
(0.002213086361 0.0005051225201 0.04772915294)
(0.00227 0 0.04772915294)
(0.00204519933 0.0009849160878 0.04772915294)
(0.001774757465 0.00141532185 0.04772915294)
(0.00141532185 0.001774757465 0.04772915294)
(0.0009849160878 0.00204519933 0.04772915294)
(0.0005051225201 0.002213086361 0.04772915294)
(4.171327437e-18 0.00227 0.04772915294)
(-0.0005051225201 0.002213086361 0.04772915294)
(-0.0009849160878 0.00204519933 0.04772915294)
(-0.00141532185 0.001774757465 0.04772915294)
(-0.001774757465 0.00141532185 0.04772915294)
(-0.00204519933 0.0009849160878 0.04772915294)
(-0.002213086361 0.0005051225201 0.04772915294)
(-0.00227 2.779948234e-19 0.04772915294)
(-0.002213086361 -0.0005051225201 0.04772915294)
(-0.00204519933 -0.0009849160878 0.04772915294)
(-0.001774757465 -0.00141532185 0.04772915294)
(-0.00141532185 -0.001774757465 0.04772915294)
(-0.0009849160878 -0.00204519933 0.04772915294)
(-0.0005051225201 -0.002213086361 0.04772915294)
(-1.877167601e-18 -0.00227 0.04772915294)
(0.0005051225201 -0.002213086361 0.04772915294)
(0.0009849160878 -0.00204519933 0.04772915294)
(0.00141532185 -0.001774757465 0.04772915294)
(0.001774757465 -0.00141532185 0.04772915294)
(0.00204519933 -0.0009849160878 0.04772915294)
(0.002213086361 -0.0005051225201 0.04772915294)
(0.0002549783392 0.00148823152 0.04822925882)
(0.0003523407382 0.001783738617 0.04822925882)
(0.0007066344762 0.001600089729 0.04822925882)
(0.0004460517423 0.001266523339 0.04822925882)
(-3.436116456e-05 0.001407350945 0.04822925882)
(-4.500044161e-05 0.001797448385 0.04822925882)
(9.846795575e-05 0.001053538377 0.04822925882)
(-0.0002438007367 -0.001492333881 0.04822925882)
(-0.0003437086725 -0.001786388073 0.04822925882)
(-0.0006982317212 -0.001603104995 0.04822925882)
(-0.0004338947939 -0.001271435165 0.04822925882)
(4.58617183e-05 -0.001411816228 0.04822925882)
(5.278529518e-05 -0.00179973493 0.04822925882)
(-8.62642317e-05 -0.001060240977 0.04822925882)
(5.33055598e-06 -7.569654645e-06 0.04822925882)
(-0.0001706366213 0.0004238886521 0.04822925882)
(0.0002767283986 0.0006712240628 0.04822925882)
(0.0004790262607 0.0002546958768 0.04822925882)
(0.0006667435843 -0.0001953203733 0.04822925882)
(0.0001819169719 -0.0004385810476 0.04822925882)
(-0.0003116170191 0.000857307966 0.04822925882)
(-0.0006563371676 0.0001820636408 0.04822925882)
(-0.0007595572546 0.0006642510616 0.04822925882)
(-0.0004688864953 -0.0002704509558 0.04822925882)
(-0.0002640368596 -0.0006820804657 0.04822925882)
(0.0003244414692 -0.0008651390589 0.04822925882)
(0.0007703372699 -0.0006725549014 0.04822925882)
(0.001259378684 0.0001010530989 0.04822925882)
(0.001244725547 -0.0005092851124 0.04822925882)
(0.0009580369734 0.0005724914038 0.04822925882)
(0.000686355241 0.0009527389 0.04822925882)
(-0.000411913423 0.00127782731 0.04822925882)
(-0.0008252687158 0.001117838539 0.04822925882)
(-0.001236687262 0.0009697200325 0.04822925882)
(-0.001236177091 0.0005019180154 0.04822925882)
(-0.001252999921 -0.0001134184094 0.04822925882)
(-0.0009480716608 -0.0005850065929 0.04822925882)
(-0.0006748084747 -0.0009606103531 0.04822925882)
(0.0004222799531 -0.001281366524 0.04822925882)
(0.0008350443922 -0.001119937838 0.04822925882)
(0.001243190571 -0.0009705251405 0.04822925882)
(0.001790848755 -1.042056387e-05 0.04822925882)
(0.001718289332 -0.0004775459998 0.04822925882)
(0.001874758642 0.0003717980187 0.04822925882)
(0.001620340809 0.0006206920998 0.04822925882)
(0.001344907978 0.0009797899987 0.04822925882)
(0.001041334524 0.001319527007 0.04822925882)
(-0.0004740520223 0.001718341652 0.04822925882)
(-0.0008923071438 0.00156068139 0.04822925882)
(-0.001270071805 0.001372945344 0.04822925882)
(-0.001557665641 0.001231959056 0.04822925882)
(-0.001629632925 0.0009097587353 0.04822925882)
(-0.001715418137 0.0004721296419 0.04822925882)
(-0.001787356484 -2.794999909e-06 0.04822925882)
(-0.001867679875 -0.0003780765589 0.04822925882)
(-0.001618079194 -0.0006306136485 0.04822925882)
(-0.001339815484 -0.0009864499857 0.04822925882)
(-0.001033967066 -0.001324198714 0.04822925882)
(0.0004816833139 -0.001717626918 0.04822925882)
(0.0009004117588 -0.001557870179 0.04822925882)
(0.001274416725 -0.001371606765 0.04822925882)
(0.001560032184 -0.001230699977 0.04822925882)
(0.001632489972 -0.000910091278 0.04822925882)
(0.002213086361 0.0005051225201 0.04822925882)
(0.00227 0 0.04822925882)
(0.00204519933 0.0009849160878 0.04822925882)
(0.001774757465 0.00141532185 0.04822925882)
(0.00141532185 0.001774757465 0.04822925882)
(0.0009849160878 0.00204519933 0.04822925882)
(0.0005051225201 0.002213086361 0.04822925882)
(-3.893332614e-18 0.00227 0.04822925882)
(-0.0005051225201 0.002213086361 0.04822925882)
(-0.0009849160878 0.00204519933 0.04822925882)
(-0.00141532185 0.001774757465 0.04822925882)
(-0.001774757465 0.00141532185 0.04822925882)
(-0.00204519933 0.0009849160878 0.04822925882)
(-0.002213086361 0.0005051225201 0.04822925882)
(-0.00227 2.779948234e-19 0.04822925882)
(-0.002213086361 -0.0005051225201 0.04822925882)
(-0.00204519933 -0.0009849160878 0.04822925882)
(-0.001774757465 -0.00141532185 0.04822925882)
(-0.00141532185 -0.001774757465 0.04822925882)
(-0.0009849160878 -0.00204519933 0.04822925882)
(-0.0005051225201 -0.002213086361 0.04822925882)
(1.389974117e-19 -0.00227 0.04822925882)
(0.0005051225201 -0.002213086361 0.04822925882)
(0.0009849160878 -0.00204519933 0.04822925882)
(0.00141532185 -0.001774757465 0.04822925882)
(0.001774757465 -0.00141532185 0.04822925882)
(0.00204519933 -0.0009849160878 0.04822925882)
(0.002213086361 -0.0005051225201 0.04822925882)
(0.0002549783392 0.00148823152 0.04872936471)
(0.0003523407382 0.001783738617 0.04872936471)
(0.0007066344762 0.001600089729 0.04872936471)
(0.0004460517423 0.001266523339 0.04872936471)
(-3.436116456e-05 0.001407350945 0.04872936471)
(-4.500044161e-05 0.001797448385 0.04872936471)
(9.846795575e-05 0.001053538377 0.04872936471)
(-0.0002438007367 -0.001492333881 0.04872936471)
(-0.0003437086725 -0.001786388073 0.04872936471)
(-0.0006982317212 -0.001603104995 0.04872936471)
(-0.0004338947939 -0.001271435165 0.04872936471)
(4.58617183e-05 -0.001411816228 0.04872936471)
(5.278529518e-05 -0.00179973493 0.04872936471)
(-8.62642317e-05 -0.001060240977 0.04872936471)
(5.33055598e-06 -7.569654645e-06 0.04872936471)
(-0.0001706366213 0.0004238886521 0.04872936471)
(0.0002767283986 0.0006712240628 0.04872936471)
(0.0004790262607 0.0002546958768 0.04872936471)
(0.0006667435843 -0.0001953203733 0.04872936471)
(0.0001819169719 -0.0004385810476 0.04872936471)
(-0.0003116170191 0.000857307966 0.04872936471)
(-0.0006563371676 0.0001820636408 0.04872936471)
(-0.0007595572546 0.0006642510616 0.04872936471)
(-0.0004688864953 -0.0002704509558 0.04872936471)
(-0.0002640368596 -0.0006820804657 0.04872936471)
(0.0003244414692 -0.0008651390589 0.04872936471)
(0.0007703372699 -0.0006725549014 0.04872936471)
(0.001259378684 0.0001010530989 0.04872936471)
(0.001244725547 -0.0005092851124 0.04872936471)
(0.0009580369734 0.0005724914038 0.04872936471)
(0.000686355241 0.0009527389 0.04872936471)
(-0.000411913423 0.00127782731 0.04872936471)
(-0.0008252687158 0.001117838539 0.04872936471)
(-0.001236687262 0.0009697200325 0.04872936471)
(-0.001236177091 0.0005019180154 0.04872936471)
(-0.001252999921 -0.0001134184094 0.04872936471)
(-0.0009480716608 -0.0005850065929 0.04872936471)
(-0.0006748084747 -0.0009606103531 0.04872936471)
(0.0004222799531 -0.001281366524 0.04872936471)
(0.0008350443922 -0.001119937838 0.04872936471)
(0.001243190571 -0.0009705251405 0.04872936471)
(0.001790848755 -1.042056387e-05 0.04872936471)
(0.001718289332 -0.0004775459998 0.04872936471)
(0.001874758642 0.0003717980187 0.04872936471)
(0.001620340809 0.0006206920998 0.04872936471)
(0.001344907978 0.0009797899987 0.04872936471)
(0.001041334524 0.001319527007 0.04872936471)
(-0.0004740520223 0.001718341652 0.04872936471)
(-0.0008923071438 0.00156068139 0.04872936471)
(-0.001270071805 0.001372945344 0.04872936471)
(-0.001557665641 0.001231959056 0.04872936471)
(-0.001629632925 0.0009097587353 0.04872936471)
(-0.001715418137 0.0004721296419 0.04872936471)
(-0.001787356484 -2.794999909e-06 0.04872936471)
(-0.001867679875 -0.0003780765589 0.04872936471)
(-0.001618079194 -0.0006306136485 0.04872936471)
(-0.001339815484 -0.0009864499857 0.04872936471)
(-0.001033967066 -0.001324198714 0.04872936471)
(0.0004816833139 -0.001717626918 0.04872936471)
(0.0009004117588 -0.001557870179 0.04872936471)
(0.001274416725 -0.001371606765 0.04872936471)
(0.001560032184 -0.001230699977 0.04872936471)
(0.001632489972 -0.000910091278 0.04872936471)
(0.002213086361 0.0005051225201 0.04872936471)
(0.00227 2.016165013e-18 0.04872936471)
(0.00204519933 0.0009849160878 0.04872936471)
(0.001774757465 0.00141532185 0.04872936471)
(0.00141532185 0.001774757465 0.04872936471)
(0.0009849160878 0.00204519933 0.04872936471)
(0.0005051225201 0.002213086361 0.04872936471)
(1.389974117e-19 0.00227 0.04872936471)
(-0.0005051225201 0.002213086361 0.04872936471)
(-0.0009849160878 0.00204519933 0.04872936471)
(-0.00141532185 0.001774757465 0.04872936471)
(-0.001774757465 0.00141532185 0.04872936471)
(-0.00204519933 0.0009849160878 0.04872936471)
(-0.002213086361 0.0005051225201 0.04872936471)
(-0.00227 2.779948234e-19 0.04872936471)
(-0.002213086361 -0.0005051225201 0.04872936471)
(-0.00204519933 -0.0009849160878 0.04872936471)
(-0.001774757465 -0.00141532185 0.04872936471)
(-0.00141532185 -0.001774757465 0.04872936471)
(-0.0009849160878 -0.00204519933 0.04872936471)
(-0.0005051225201 -0.002213086361 0.04872936471)
(1.389974117e-19 -0.00227 0.04872936471)
(0.0005051225201 -0.002213086361 0.04872936471)
(0.0009849160878 -0.00204519933 0.04872936471)
(0.00141532185 -0.001774757465 0.04872936471)
(0.001774757465 -0.00141532185 0.04872936471)
(0.00204519933 -0.0009849160878 0.04872936471)
(0.002213086361 -0.0005051225201 0.04872936471)
(0.0002549783392 0.00148823152 0.04922947059)
(0.0003523407382 0.001783738617 0.04922947059)
(0.0007066344762 0.001600089729 0.04922947059)
(0.0004460517423 0.001266523339 0.04922947059)
(-3.436116456e-05 0.001407350945 0.04922947059)
(-4.500044161e-05 0.001797448385 0.04922947059)
(9.846795575e-05 0.001053538377 0.04922947059)
(-0.0002438007367 -0.001492333881 0.04922947059)
(-0.0003437086725 -0.001786388073 0.04922947059)
(-0.0006982317212 -0.001603104995 0.04922947059)
(-0.0004338947939 -0.001271435165 0.04922947059)
(4.58617183e-05 -0.001411816228 0.04922947059)
(5.278529518e-05 -0.00179973493 0.04922947059)
(-8.62642317e-05 -0.001060240977 0.04922947059)
(5.33055598e-06 -7.569654645e-06 0.04922947059)
(-0.0001706366213 0.0004238886521 0.04922947059)
(0.0002767283986 0.0006712240628 0.04922947059)
(0.0004790262607 0.0002546958768 0.04922947059)
(0.0006667435843 -0.0001953203733 0.04922947059)
(0.0001819169719 -0.0004385810476 0.04922947059)
(-0.0003116170191 0.000857307966 0.04922947059)
(-0.0006563371676 0.0001820636408 0.04922947059)
(-0.0007595572546 0.0006642510616 0.04922947059)
(-0.0004688864953 -0.0002704509558 0.04922947059)
(-0.0002640368596 -0.0006820804657 0.04922947059)
(0.0003244414692 -0.0008651390589 0.04922947059)
(0.0007703372699 -0.0006725549014 0.04922947059)
(0.001259378684 0.0001010530989 0.04922947059)
(0.001244725547 -0.0005092851124 0.04922947059)
(0.0009580369734 0.0005724914038 0.04922947059)
(0.000686355241 0.0009527389 0.04922947059)
(-0.000411913423 0.00127782731 0.04922947059)
(-0.0008252687158 0.001117838539 0.04922947059)
(-0.001236687262 0.0009697200325 0.04922947059)
(-0.001236177091 0.0005019180154 0.04922947059)
(-0.001252999921 -0.0001134184094 0.04922947059)
(-0.0009480716608 -0.0005850065929 0.04922947059)
(-0.0006748084747 -0.0009606103531 0.04922947059)
(0.0004222799531 -0.001281366524 0.04922947059)
(0.0008350443922 -0.001119937838 0.04922947059)
(0.001243190571 -0.0009705251405 0.04922947059)
(0.001790848755 -1.042056387e-05 0.04922947059)
(0.001718289332 -0.0004775459998 0.04922947059)
(0.001874758642 0.0003717980187 0.04922947059)
(0.001620340809 0.0006206920998 0.04922947059)
(0.001344907978 0.0009797899987 0.04922947059)
(0.001041334524 0.001319527007 0.04922947059)
(-0.0004740520223 0.001718341652 0.04922947059)
(-0.0008923071438 0.00156068139 0.04922947059)
(-0.001270071805 0.001372945344 0.04922947059)
(-0.001557665641 0.001231959056 0.04922947059)
(-0.001629632925 0.0009097587353 0.04922947059)
(-0.001715418137 0.0004721296419 0.04922947059)
(-0.001787356484 -2.794999909e-06 0.04922947059)
(-0.001867679875 -0.0003780765589 0.04922947059)
(-0.001618079194 -0.0006306136485 0.04922947059)
(-0.001339815484 -0.0009864499857 0.04922947059)
(-0.001033967066 -0.001324198714 0.04922947059)
(0.0004816833139 -0.001717626918 0.04922947059)
(0.0009004117588 -0.001557870179 0.04922947059)
(0.001274416725 -0.001371606765 0.04922947059)
(0.001560032184 -0.001230699977 0.04922947059)
(0.001632489972 -0.000910091278 0.04922947059)
(0.002213086361 0.0005051225201 0.04922947059)
(0.00227 0 0.04922947059)
(0.00204519933 0.0009849160878 0.04922947059)
(0.001774757465 0.00141532185 0.04922947059)
(0.00141532185 0.001774757465 0.04922947059)
(0.0009849160878 0.00204519933 0.04922947059)
(0.0005051225201 0.002213086361 0.04922947059)
(-3.893332614e-18 0.00227 0.04922947059)
(-0.0005051225201 0.002213086361 0.04922947059)
(-0.0009849160878 0.00204519933 0.04922947059)
(-0.00141532185 0.001774757465 0.04922947059)
(-0.001774757465 0.00141532185 0.04922947059)
(-0.00204519933 0.0009849160878 0.04922947059)
(-0.002213086361 0.0005051225201 0.04922947059)
(-0.00227 2.779948234e-19 0.04922947059)
(-0.002213086361 -0.0005051225201 0.04922947059)
(-0.00204519933 -0.0009849160878 0.04922947059)
(-0.001774757465 -0.00141532185 0.04922947059)
(-0.00141532185 -0.001774757465 0.04922947059)
(-0.0009849160878 -0.00204519933 0.04922947059)
(-0.0005051225201 -0.002213086361 0.04922947059)
(-1.877167601e-18 -0.00227 0.04922947059)
(0.0005051225201 -0.002213086361 0.04922947059)
(0.0009849160878 -0.00204519933 0.04922947059)
(0.00141532185 -0.001774757465 0.04922947059)
(0.001774757465 -0.00141532185 0.04922947059)
(0.00204519933 -0.0009849160878 0.04922947059)
(0.002213086361 -0.0005051225201 0.04922947059)
(0.0002549783392 0.00148823152 0.04972957647)
(0.0003523407382 0.001783738617 0.04972957647)
(0.0007066344762 0.001600089729 0.04972957647)
(0.0004460517423 0.001266523339 0.04972957647)
(-3.436116456e-05 0.001407350945 0.04972957647)
(-4.500044161e-05 0.001797448385 0.04972957647)
(9.846795575e-05 0.001053538377 0.04972957647)
(-0.0002438007367 -0.001492333881 0.04972957647)
(-0.0003437086725 -0.001786388073 0.04972957647)
(-0.0006982317212 -0.001603104995 0.04972957647)
(-0.0004338947939 -0.001271435165 0.04972957647)
(4.58617183e-05 -0.001411816228 0.04972957647)
(5.278529518e-05 -0.00179973493 0.04972957647)
(-8.62642317e-05 -0.001060240977 0.04972957647)
(5.33055598e-06 -7.569654645e-06 0.04972957647)
(-0.0001706366213 0.0004238886521 0.04972957647)
(0.0002767283986 0.0006712240628 0.04972957647)
(0.0004790262607 0.0002546958768 0.04972957647)
(0.0006667435843 -0.0001953203733 0.04972957647)
(0.0001819169719 -0.0004385810476 0.04972957647)
(-0.0003116170191 0.000857307966 0.04972957647)
(-0.0006563371676 0.0001820636408 0.04972957647)
(-0.0007595572546 0.0006642510616 0.04972957647)
(-0.0004688864953 -0.0002704509558 0.04972957647)
(-0.0002640368596 -0.0006820804657 0.04972957647)
(0.0003244414692 -0.0008651390589 0.04972957647)
(0.0007703372699 -0.0006725549014 0.04972957647)
(0.001259378684 0.0001010530989 0.04972957647)
(0.001244725547 -0.0005092851124 0.04972957647)
(0.0009580369734 0.0005724914038 0.04972957647)
(0.000686355241 0.0009527389 0.04972957647)
(-0.000411913423 0.00127782731 0.04972957647)
(-0.0008252687158 0.001117838539 0.04972957647)
(-0.001236687262 0.0009697200325 0.04972957647)
(-0.001236177091 0.0005019180154 0.04972957647)
(-0.001252999921 -0.0001134184094 0.04972957647)
(-0.0009480716608 -0.0005850065929 0.04972957647)
(-0.0006748084747 -0.0009606103531 0.04972957647)
(0.0004222799531 -0.001281366524 0.04972957647)
(0.0008350443922 -0.001119937838 0.04972957647)
(0.001243190571 -0.0009705251405 0.04972957647)
(0.001790848755 -1.042056387e-05 0.04972957647)
(0.001718289332 -0.0004775459998 0.04972957647)
(0.001874758642 0.0003717980187 0.04972957647)
(0.001620340809 0.0006206920998 0.04972957647)
(0.001344907978 0.0009797899987 0.04972957647)
(0.001041334524 0.001319527007 0.04972957647)
(-0.0004740520223 0.001718341652 0.04972957647)
(-0.0008923071438 0.00156068139 0.04972957647)
(-0.001270071805 0.001372945344 0.04972957647)
(-0.001557665641 0.001231959056 0.04972957647)
(-0.001629632925 0.0009097587353 0.04972957647)
(-0.001715418137 0.0004721296419 0.04972957647)
(-0.001787356484 -2.794999909e-06 0.04972957647)
(-0.001867679875 -0.0003780765589 0.04972957647)
(-0.001618079194 -0.0006306136485 0.04972957647)
(-0.001339815484 -0.0009864499857 0.04972957647)
(-0.001033967066 -0.001324198714 0.04972957647)
(0.0004816833139 -0.001717626918 0.04972957647)
(0.0009004117588 -0.001557870179 0.04972957647)
(0.001274416725 -0.001371606765 0.04972957647)
(0.001560032184 -0.001230699977 0.04972957647)
(0.001632489972 -0.000910091278 0.04972957647)
(0.002213086361 0.0005051225201 0.04972957647)
(0.00227 2.016165013e-18 0.04972957647)
(0.00204519933 0.0009849160878 0.04972957647)
(0.001774757465 0.00141532185 0.04972957647)
(0.00141532185 0.001774757465 0.04972957647)
(0.0009849160878 0.00204519933 0.04972957647)
(0.0005051225201 0.002213086361 0.04972957647)
(1.389974117e-19 0.00227 0.04972957647)
(-0.0005051225201 0.002213086361 0.04972957647)
(-0.0009849160878 0.00204519933 0.04972957647)
(-0.00141532185 0.001774757465 0.04972957647)
(-0.001774757465 0.00141532185 0.04972957647)
(-0.00204519933 0.0009849160878 0.04972957647)
(-0.002213086361 0.0005051225201 0.04972957647)
(-0.00227 2.779948234e-19 0.04972957647)
(-0.002213086361 -0.0005051225201 0.04972957647)
(-0.00204519933 -0.0009849160878 0.04972957647)
(-0.001774757465 -0.00141532185 0.04972957647)
(-0.00141532185 -0.001774757465 0.04972957647)
(-0.0009849160878 -0.00204519933 0.04972957647)
(-0.0005051225201 -0.002213086361 0.04972957647)
(4.171327437e-18 -0.00227 0.04972957647)
(0.0005051225201 -0.002213086361 0.04972957647)
(0.0009849160878 -0.00204519933 0.04972957647)
(0.00141532185 -0.001774757465 0.04972957647)
(0.001774757465 -0.00141532185 0.04972957647)
(0.00204519933 -0.0009849160878 0.04972957647)
(0.002213086361 -0.0005051225201 0.04972957647)
(0.0002549783392 0.00148823152 0.05022968235)
(0.0003523407382 0.001783738617 0.05022968235)
(0.0007066344762 0.001600089729 0.05022968235)
(0.0004460517423 0.001266523339 0.05022968235)
(-3.436116456e-05 0.001407350945 0.05022968235)
(-4.500044161e-05 0.001797448385 0.05022968235)
(9.846795575e-05 0.001053538377 0.05022968235)
(-0.0002438007367 -0.001492333881 0.05022968235)
(-0.0003437086725 -0.001786388073 0.05022968235)
(-0.0006982317212 -0.001603104995 0.05022968235)
(-0.0004338947939 -0.001271435165 0.05022968235)
(4.58617183e-05 -0.001411816228 0.05022968235)
(5.278529518e-05 -0.00179973493 0.05022968235)
(-8.62642317e-05 -0.001060240977 0.05022968235)
(5.33055598e-06 -7.569654645e-06 0.05022968235)
(-0.0001706366213 0.0004238886521 0.05022968235)
(0.0002767283986 0.0006712240628 0.05022968235)
(0.0004790262607 0.0002546958768 0.05022968235)
(0.0006667435843 -0.0001953203733 0.05022968235)
(0.0001819169719 -0.0004385810476 0.05022968235)
(-0.0003116170191 0.000857307966 0.05022968235)
(-0.0006563371676 0.0001820636408 0.05022968235)
(-0.0007595572546 0.0006642510616 0.05022968235)
(-0.0004688864953 -0.0002704509558 0.05022968235)
(-0.0002640368596 -0.0006820804657 0.05022968235)
(0.0003244414692 -0.0008651390589 0.05022968235)
(0.0007703372699 -0.0006725549014 0.05022968235)
(0.001259378684 0.0001010530989 0.05022968235)
(0.001244725547 -0.0005092851124 0.05022968235)
(0.0009580369734 0.0005724914038 0.05022968235)
(0.000686355241 0.0009527389 0.05022968235)
(-0.000411913423 0.00127782731 0.05022968235)
(-0.0008252687158 0.001117838539 0.05022968235)
(-0.001236687262 0.0009697200325 0.05022968235)
(-0.001236177091 0.0005019180154 0.05022968235)
(-0.001252999921 -0.0001134184094 0.05022968235)
(-0.0009480716608 -0.0005850065929 0.05022968235)
(-0.0006748084747 -0.0009606103531 0.05022968235)
(0.0004222799531 -0.001281366524 0.05022968235)
(0.0008350443922 -0.001119937838 0.05022968235)
(0.001243190571 -0.0009705251405 0.05022968235)
(0.001790848755 -1.042056387e-05 0.05022968235)
(0.001718289332 -0.0004775459998 0.05022968235)
(0.001874758642 0.0003717980187 0.05022968235)
(0.001620340809 0.0006206920998 0.05022968235)
(0.001344907978 0.0009797899987 0.05022968235)
(0.001041334524 0.001319527007 0.05022968235)
(-0.0004740520223 0.001718341652 0.05022968235)
(-0.0008923071438 0.00156068139 0.05022968235)
(-0.001270071805 0.001372945344 0.05022968235)
(-0.001557665641 0.001231959056 0.05022968235)
(-0.001629632925 0.0009097587353 0.05022968235)
(-0.001715418137 0.0004721296419 0.05022968235)
(-0.001787356484 -2.794999909e-06 0.05022968235)
(-0.001867679875 -0.0003780765589 0.05022968235)
(-0.001618079194 -0.0006306136485 0.05022968235)
(-0.001339815484 -0.0009864499857 0.05022968235)
(-0.001033967066 -0.001324198714 0.05022968235)
(0.0004816833139 -0.001717626918 0.05022968235)
(0.0009004117588 -0.001557870179 0.05022968235)
(0.001274416725 -0.001371606765 0.05022968235)
(0.001560032184 -0.001230699977 0.05022968235)
(0.001632489972 -0.000910091278 0.05022968235)
(0.002213086361 0.0005051225201 0.05022968235)
(0.00227 0 0.05022968235)
(0.00204519933 0.0009849160878 0.05022968235)
(0.001774757465 0.00141532185 0.05022968235)
(0.00141532185 0.001774757465 0.05022968235)
(0.0009849160878 0.00204519933 0.05022968235)
(0.0005051225201 0.002213086361 0.05022968235)
(1.389974117e-19 0.00227 0.05022968235)
(-0.0005051225201 0.002213086361 0.05022968235)
(-0.0009849160878 0.00204519933 0.05022968235)
(-0.00141532185 0.001774757465 0.05022968235)
(-0.001774757465 0.00141532185 0.05022968235)
(-0.00204519933 0.0009849160878 0.05022968235)
(-0.002213086361 0.0005051225201 0.05022968235)
(-0.00227 2.779948234e-19 0.05022968235)
(-0.002213086361 -0.0005051225201 0.05022968235)
(-0.00204519933 -0.0009849160878 0.05022968235)
(-0.001774757465 -0.00141532185 0.05022968235)
(-0.00141532185 -0.001774757465 0.05022968235)
(-0.0009849160878 -0.00204519933 0.05022968235)
(-0.0005051225201 -0.002213086361 0.05022968235)
(4.171327437e-18 -0.00227 0.05022968235)
(0.0005051225201 -0.002213086361 0.05022968235)
(0.0009849160878 -0.00204519933 0.05022968235)
(0.00141532185 -0.001774757465 0.05022968235)
(0.001774757465 -0.00141532185 0.05022968235)
(0.00204519933 -0.0009849160878 0.05022968235)
(0.002213086361 -0.0005051225201 0.05022968235)
(0.0002549783392 0.00148823152 0.05072978824)
(0.0003523407382 0.001783738617 0.05072978824)
(0.0007066344762 0.001600089729 0.05072978824)
(0.0004460517423 0.001266523339 0.05072978824)
(-3.436116456e-05 0.001407350945 0.05072978824)
(-4.500044161e-05 0.001797448385 0.05072978824)
(9.846795575e-05 0.001053538377 0.05072978824)
(-0.0002438007367 -0.001492333881 0.05072978824)
(-0.0003437086725 -0.001786388073 0.05072978824)
(-0.0006982317212 -0.001603104995 0.05072978824)
(-0.0004338947939 -0.001271435165 0.05072978824)
(4.58617183e-05 -0.001411816228 0.05072978824)
(5.278529518e-05 -0.00179973493 0.05072978824)
(-8.62642317e-05 -0.001060240977 0.05072978824)
(5.33055598e-06 -7.569654645e-06 0.05072978824)
(-0.0001706366213 0.0004238886521 0.05072978824)
(0.0002767283986 0.0006712240628 0.05072978824)
(0.0004790262607 0.0002546958768 0.05072978824)
(0.0006667435843 -0.0001953203733 0.05072978824)
(0.0001819169719 -0.0004385810476 0.05072978824)
(-0.0003116170191 0.000857307966 0.05072978824)
(-0.0006563371676 0.0001820636408 0.05072978824)
(-0.0007595572546 0.0006642510616 0.05072978824)
(-0.0004688864953 -0.0002704509558 0.05072978824)
(-0.0002640368596 -0.0006820804657 0.05072978824)
(0.0003244414692 -0.0008651390589 0.05072978824)
(0.0007703372699 -0.0006725549014 0.05072978824)
(0.001259378684 0.0001010530989 0.05072978824)
(0.001244725547 -0.0005092851124 0.05072978824)
(0.0009580369734 0.0005724914038 0.05072978824)
(0.000686355241 0.0009527389 0.05072978824)
(-0.000411913423 0.00127782731 0.05072978824)
(-0.0008252687158 0.001117838539 0.05072978824)
(-0.001236687262 0.0009697200325 0.05072978824)
(-0.001236177091 0.0005019180154 0.05072978824)
(-0.001252999921 -0.0001134184094 0.05072978824)
(-0.0009480716608 -0.0005850065929 0.05072978824)
(-0.0006748084747 -0.0009606103531 0.05072978824)
(0.0004222799531 -0.001281366524 0.05072978824)
(0.0008350443922 -0.001119937838 0.05072978824)
(0.001243190571 -0.0009705251405 0.05072978824)
(0.001790848755 -1.042056387e-05 0.05072978824)
(0.001718289332 -0.0004775459998 0.05072978824)
(0.001874758642 0.0003717980187 0.05072978824)
(0.001620340809 0.0006206920998 0.05072978824)
(0.001344907978 0.0009797899987 0.05072978824)
(0.001041334524 0.001319527007 0.05072978824)
(-0.0004740520223 0.001718341652 0.05072978824)
(-0.0008923071438 0.00156068139 0.05072978824)
(-0.001270071805 0.001372945344 0.05072978824)
(-0.001557665641 0.001231959056 0.05072978824)
(-0.001629632925 0.0009097587353 0.05072978824)
(-0.001715418137 0.0004721296419 0.05072978824)
(-0.001787356484 -2.794999909e-06 0.05072978824)
(-0.001867679875 -0.0003780765589 0.05072978824)
(-0.001618079194 -0.0006306136485 0.05072978824)
(-0.001339815484 -0.0009864499857 0.05072978824)
(-0.001033967066 -0.001324198714 0.05072978824)
(0.0004816833139 -0.001717626918 0.05072978824)
(0.0009004117588 -0.001557870179 0.05072978824)
(0.001274416725 -0.001371606765 0.05072978824)
(0.001560032184 -0.001230699977 0.05072978824)
(0.001632489972 -0.000910091278 0.05072978824)
(0.002213086361 0.0005051225201 0.05072978824)
(0.00227 -2.016165013e-18 0.05072978824)
(0.00204519933 0.0009849160878 0.05072978824)
(0.001774757465 0.00141532185 0.05072978824)
(0.00141532185 0.001774757465 0.05072978824)
(0.0009849160878 0.00204519933 0.05072978824)
(0.0005051225201 0.002213086361 0.05072978824)
(1.389974117e-19 0.00227 0.05072978824)
(-0.0005051225201 0.002213086361 0.05072978824)
(-0.0009849160878 0.00204519933 0.05072978824)
(-0.00141532185 0.001774757465 0.05072978824)
(-0.001774757465 0.00141532185 0.05072978824)
(-0.00204519933 0.0009849160878 0.05072978824)
(-0.002213086361 0.0005051225201 0.05072978824)
(-0.00227 2.779948234e-19 0.05072978824)
(-0.002213086361 -0.0005051225201 0.05072978824)
(-0.00204519933 -0.0009849160878 0.05072978824)
(-0.001774757465 -0.00141532185 0.05072978824)
(-0.00141532185 -0.001774757465 0.05072978824)
(-0.0009849160878 -0.00204519933 0.05072978824)
(-0.0005051225201 -0.002213086361 0.05072978824)
(1.389974117e-19 -0.00227 0.05072978824)
(0.0005051225201 -0.002213086361 0.05072978824)
(0.0009849160878 -0.00204519933 0.05072978824)
(0.00141532185 -0.001774757465 0.05072978824)
(0.001774757465 -0.00141532185 0.05072978824)
(0.00204519933 -0.0009849160878 0.05072978824)
(0.002213086361 -0.0005051225201 0.05072978824)
(0.0002549783392 0.00148823152 0.05122989412)
(0.0003523407382 0.001783738617 0.05122989412)
(0.0007066344762 0.001600089729 0.05122989412)
(0.0004460517423 0.001266523339 0.05122989412)
(-3.436116456e-05 0.001407350945 0.05122989412)
(-4.500044161e-05 0.001797448385 0.05122989412)
(9.846795575e-05 0.001053538377 0.05122989412)
(-0.0002438007367 -0.001492333881 0.05122989412)
(-0.0003437086725 -0.001786388073 0.05122989412)
(-0.0006982317212 -0.001603104995 0.05122989412)
(-0.0004338947939 -0.001271435165 0.05122989412)
(4.58617183e-05 -0.001411816228 0.05122989412)
(5.278529518e-05 -0.00179973493 0.05122989412)
(-8.62642317e-05 -0.001060240977 0.05122989412)
(5.33055598e-06 -7.569654645e-06 0.05122989412)
(-0.0001706366213 0.0004238886521 0.05122989412)
(0.0002767283986 0.0006712240628 0.05122989412)
(0.0004790262607 0.0002546958768 0.05122989412)
(0.0006667435843 -0.0001953203733 0.05122989412)
(0.0001819169719 -0.0004385810476 0.05122989412)
(-0.0003116170191 0.000857307966 0.05122989412)
(-0.0006563371676 0.0001820636408 0.05122989412)
(-0.0007595572546 0.0006642510616 0.05122989412)
(-0.0004688864953 -0.0002704509558 0.05122989412)
(-0.0002640368596 -0.0006820804657 0.05122989412)
(0.0003244414692 -0.0008651390589 0.05122989412)
(0.0007703372699 -0.0006725549014 0.05122989412)
(0.001259378684 0.0001010530989 0.05122989412)
(0.001244725547 -0.0005092851124 0.05122989412)
(0.0009580369734 0.0005724914038 0.05122989412)
(0.000686355241 0.0009527389 0.05122989412)
(-0.000411913423 0.00127782731 0.05122989412)
(-0.0008252687158 0.001117838539 0.05122989412)
(-0.001236687262 0.0009697200325 0.05122989412)
(-0.001236177091 0.0005019180154 0.05122989412)
(-0.001252999921 -0.0001134184094 0.05122989412)
(-0.0009480716608 -0.0005850065929 0.05122989412)
(-0.0006748084747 -0.0009606103531 0.05122989412)
(0.0004222799531 -0.001281366524 0.05122989412)
(0.0008350443922 -0.001119937838 0.05122989412)
(0.001243190571 -0.0009705251405 0.05122989412)
(0.001790848755 -1.042056387e-05 0.05122989412)
(0.001718289332 -0.0004775459998 0.05122989412)
(0.001874758642 0.0003717980187 0.05122989412)
(0.001620340809 0.0006206920998 0.05122989412)
(0.001344907978 0.0009797899987 0.05122989412)
(0.001041334524 0.001319527007 0.05122989412)
(-0.0004740520223 0.001718341652 0.05122989412)
(-0.0008923071438 0.00156068139 0.05122989412)
(-0.001270071805 0.001372945344 0.05122989412)
(-0.001557665641 0.001231959056 0.05122989412)
(-0.001629632925 0.0009097587353 0.05122989412)
(-0.001715418137 0.0004721296419 0.05122989412)
(-0.001787356484 -2.794999909e-06 0.05122989412)
(-0.001867679875 -0.0003780765589 0.05122989412)
(-0.001618079194 -0.0006306136485 0.05122989412)
(-0.001339815484 -0.0009864499857 0.05122989412)
(-0.001033967066 -0.001324198714 0.05122989412)
(0.0004816833139 -0.001717626918 0.05122989412)
(0.0009004117588 -0.001557870179 0.05122989412)
(0.001274416725 -0.001371606765 0.05122989412)
(0.001560032184 -0.001230699977 0.05122989412)
(0.001632489972 -0.000910091278 0.05122989412)
(0.002213086361 0.0005051225201 0.05122989412)
(0.00227 0 0.05122989412)
(0.00204519933 0.0009849160878 0.05122989412)
(0.001774757465 0.00141532185 0.05122989412)
(0.00141532185 0.001774757465 0.05122989412)
(0.0009849160878 0.00204519933 0.05122989412)
(0.0005051225201 0.002213086361 0.05122989412)
(4.171327437e-18 0.00227 0.05122989412)
(-0.0005051225201 0.002213086361 0.05122989412)
(-0.0009849160878 0.00204519933 0.05122989412)
(-0.00141532185 0.001774757465 0.05122989412)
(-0.001774757465 0.00141532185 0.05122989412)
(-0.00204519933 0.0009849160878 0.05122989412)
(-0.002213086361 0.0005051225201 0.05122989412)
(-0.00227 2.779948234e-19 0.05122989412)
(-0.002213086361 -0.0005051225201 0.05122989412)
(-0.00204519933 -0.0009849160878 0.05122989412)
(-0.001774757465 -0.00141532185 0.05122989412)
(-0.00141532185 -0.001774757465 0.05122989412)
(-0.0009849160878 -0.00204519933 0.05122989412)
(-0.0005051225201 -0.002213086361 0.05122989412)
(-1.877167601e-18 -0.00227 0.05122989412)
(0.0005051225201 -0.002213086361 0.05122989412)
(0.0009849160878 -0.00204519933 0.05122989412)
(0.00141532185 -0.001774757465 0.05122989412)
(0.001774757465 -0.00141532185 0.05122989412)
(0.00204519933 -0.0009849160878 0.05122989412)
(0.002213086361 -0.0005051225201 0.05122989412)
(0.0002549783392 0.00148823152 0.05173)
(0.0003523407382 0.001783738617 0.05173)
(0.0007066344762 0.001600089729 0.05173)
(0.0004460517423 0.001266523339 0.05173)
(-3.436116456e-05 0.001407350945 0.05173)
(-4.500044161e-05 0.001797448385 0.05173)
(9.846795575e-05 0.001053538377 0.05173)
(-0.0002438007367 -0.001492333881 0.05173)
(-0.0003437086725 -0.001786388073 0.05173)
(-0.0006982317212 -0.001603104995 0.05173)
(-0.0004338947939 -0.001271435165 0.05173)
(4.58617183e-05 -0.001411816228 0.05173)
(5.278529518e-05 -0.00179973493 0.05173)
(-8.62642317e-05 -0.001060240977 0.05173)
(5.33055598e-06 -7.569654645e-06 0.05173)
(-0.0001706366213 0.0004238886521 0.05173)
(0.0002767283986 0.0006712240628 0.05173)
(0.0004790262607 0.0002546958768 0.05173)
(0.0006667435843 -0.0001953203733 0.05173)
(0.0001819169719 -0.0004385810476 0.05173)
(-0.0003116170191 0.000857307966 0.05173)
(-0.0006563371676 0.0001820636408 0.05173)
(-0.0007595572546 0.0006642510616 0.05173)
(-0.0004688864953 -0.0002704509558 0.05173)
(-0.0002640368596 -0.0006820804657 0.05173)
(0.0003244414692 -0.0008651390589 0.05173)
(0.0007703372699 -0.0006725549014 0.05173)
(0.001259378684 0.0001010530989 0.05173)
(0.001244725547 -0.0005092851124 0.05173)
(0.0009580369734 0.0005724914038 0.05173)
(0.000686355241 0.0009527389 0.05173)
(-0.000411913423 0.00127782731 0.05173)
(-0.0008252687158 0.001117838539 0.05173)
(-0.001236687262 0.0009697200325 0.05173)
(-0.001236177091 0.0005019180154 0.05173)
(-0.001252999921 -0.0001134184094 0.05173)
(-0.0009480716608 -0.0005850065929 0.05173)
(-0.0006748084747 -0.0009606103531 0.05173)
(0.0004222799531 -0.001281366524 0.05173)
(0.0008350443922 -0.001119937838 0.05173)
(0.001243190571 -0.0009705251405 0.05173)
(0.001790848755 -1.042056387e-05 0.05173)
(0.001718289332 -0.0004775459998 0.05173)
(0.001874758642 0.0003717980187 0.05173)
(0.001620340809 0.0006206920998 0.05173)
(0.001344907978 0.0009797899987 0.05173)
(0.001041334524 0.001319527007 0.05173)
(-0.0004740520223 0.001718341652 0.05173)
(-0.0008923071438 0.00156068139 0.05173)
(-0.001270071805 0.001372945344 0.05173)
(-0.001557665641 0.001231959056 0.05173)
(-0.001629632925 0.0009097587353 0.05173)
(-0.001715418137 0.0004721296419 0.05173)
(-0.001787356484 -2.794999909e-06 0.05173)
(-0.001867679875 -0.0003780765589 0.05173)
(-0.001618079194 -0.0006306136485 0.05173)
(-0.001339815484 -0.0009864499857 0.05173)
(-0.001033967066 -0.001324198714 0.05173)
(0.0004816833139 -0.001717626918 0.05173)
(0.0009004117588 -0.001557870179 0.05173)
(0.001274416725 -0.001371606765 0.05173)
(0.001560032184 -0.001230699977 0.05173)
(0.001632489972 -0.000910091278 0.05173)
(0.002213086361 0.0005051225201 0.05173)
(0.00227 0 0.05173)
(0.00204519933 0.0009849160878 0.05173)
(0.001774757465 0.00141532185 0.05173)
(0.00141532185 0.001774757465 0.05173)
(0.0009849160878 0.00204519933 0.05173)
(0.0005051225201 0.002213086361 0.05173)
(1.389974117e-19 0.00227 0.05173)
(-0.0005051225201 0.002213086361 0.05173)
(-0.0009849160878 0.00204519933 0.05173)
(-0.00141532185 0.001774757465 0.05173)
(-0.001774757465 0.00141532185 0.05173)
(-0.00204519933 0.0009849160878 0.05173)
(-0.002213086361 0.0005051225201 0.05173)
(-0.00227 2.779948234e-19 0.05173)
(-0.002213086361 -0.0005051225201 0.05173)
(-0.00204519933 -0.0009849160878 0.05173)
(-0.001774757465 -0.00141532185 0.05173)
(-0.00141532185 -0.001774757465 0.05173)
(-0.0009849160878 -0.00204519933 0.05173)
(-0.0005051225201 -0.002213086361 0.05173)
(-4.169922351e-19 -0.00227 0.05173)
(0.0005051225201 -0.002213086361 0.05173)
(0.0009849160878 -0.00204519933 0.05173)
(0.00141532185 -0.001774757465 0.05173)
(0.001774757465 -0.00141532185 0.05173)
(0.00204519933 -0.0009849160878 0.05173)
(0.002213086361 -0.0005051225201 0.05173)
(-0.001817264428 -0.001817264428 0.002535285714)
(-0.002136876904 -0.001427815499 0.002535285714)
(-0.001817264428 -0.001817264428 0.002021)
(-0.002136876904 -0.001427815499 0.002021)
(-0.00127156855 -0.002040710989 0.002535285714)
(-0.001427815499 -0.002136876904 0.002535285714)
(-0.00127156855 -0.002040710989 0.002021)
(-0.001427815499 -0.002136876904 0.002021)
(-0.001666662595 0.001731392308 0.002535285714)
(-0.001407965891 0.001961590646 0.002535285714)
(-0.001666662595 0.001731392308 0.002021)
(-0.001407965891 0.001961590646 0.002021)
(-0.001817264428 0.001817264428 0.002535285714)
(-0.001427815499 0.002136876904 0.002535285714)
(-0.001817264428 0.001817264428 0.002021)
(-0.001427815499 0.002136876904 0.002021)
(-0.002136876904 0.001427815499 0.002535285714)
(-0.002136876904 0.001427815499 0.002021)
(-0.0005016407653 -0.00236255846 0.002535285714)
(-0.0005013821276 -0.002520618171 0.002535285714)
(-0.0009834964212 -0.002374370399 0.002535285714)
(-0.0009716041749 -0.002210502615 0.002535285714)
(-0.0005016407653 -0.00236255846 0.002021)
(-0.0005013821276 -0.002520618171 0.002021)
(-0.0009834964212 -0.002374370399 0.002021)
(-0.0009716041749 -0.002210502615 0.002021)
(1.055344535e-07 -0.002415239612 0.002535285714)
(1.573671137e-19 -0.00257 0.002535285714)
(1.055344535e-07 -0.002415239612 0.002021)
(7.280217484e-19 -0.00257 0.002021)
(5.669239455e-08 0.002415244818 0.002535285714)
(-0.0005019340781 0.002362494112 0.002535285714)
(-0.0005013821276 0.002520618171 0.002535285714)
(-2.125251425e-18 0.00257 0.002535285714)
(5.669239455e-08 0.002415244818 0.002021)
(-0.0005019340781 0.002362494112 0.002021)
(-0.0005013821276 0.002520618171 0.002021)
(-4.721013411e-19 0.00257 0.002021)
(0.001666696119 0.001731372804 0.002535285714)
(0.001408066465 0.001961532133 0.002535285714)
(0.001666696119 0.001731372804 0.002021)
(0.001408066465 0.001961532133 0.002021)
(0.001817264428 0.001817264428 0.002535285714)
(0.002136876904 0.001427815499 0.002535285714)
(0.001817264428 0.001817264428 0.002021)
(0.002136876904 0.001427815499 0.002021)
(0.001427815499 0.002136876904 0.002535285714)
(0.001427815499 0.002136876904 0.002021)
(0.0009815039898 0.002206601948 0.002535285714)
(0.0009815039898 0.002206601948 0.002021)
(0.0009834964212 0.002374370399 0.002535285714)
(0.0009834964212 0.002374370399 0.002021)
(0.001666689937 -0.001731375351 0.002535285714)
(0.001408047918 -0.001961539775 0.002535285714)
(0.001666689937 -0.001731375351 0.002021)
(0.001408047918 -0.001961539775 0.002021)
(0.001817264428 -0.001817264428 0.002535285714)
(0.001427815499 -0.002136876904 0.002535285714)
(0.001817264428 -0.001817264428 0.002021)
(0.001427815499 -0.002136876904 0.002021)
(0.002136876904 -0.001427815499 0.002535285714)
(0.002136876904 -0.001427815499 0.002021)
(0.0009815649139 -0.002206581038 0.002535285714)
(0.0009815649139 -0.002206581038 0.002021)
(0.0009834964212 -0.002374370399 0.002535285714)
(0.0009834964212 -0.002374370399 0.002021)
(-0.002374370399 0.0009834964212 0.002535285714)
(-0.002374370399 0.0009834964212 0.002021)
(-0.002520618171 0.0005013821276 0.002535285714)
(-0.002520618171 0.0005013821276 0.002021)
(-0.00257 -3.147342274e-19 0.002535285714)
(-0.00257 -1.456043497e-18 0.002021)
(-0.002520618171 -0.0005013821276 0.002535285714)
(-0.002520618171 -0.0005013821276 0.002021)
(-0.002374370399 -0.0009834964212 0.002535285714)
(-0.002374370399 -0.0009834964212 0.002021)
(0.0005022658205 -0.002362421001 0.002535285714)
(0.0005013821276 -0.002520618171 0.002535285714)
(0.0005022658205 -0.002362421001 0.002021)
(0.0005013821276 -0.002520618171 0.002021)
(-0.0009834964212 0.002374370399 0.002535285714)
(-0.0009813494296 0.002206740759 0.002535285714)
(-0.0009834964212 0.002374370399 0.002021)
(-0.0009813494296 0.002206740759 0.002021)
(0.0005021269702 0.00236245723 0.002535285714)
(0.0005021269702 0.00236245723 0.002021)
(0.0005013821276 0.002520618171 0.002535285714)
(0.0005013821276 0.002520618171 0.002021)
(0.002374370399 -0.0009834964212 0.002535285714)
(0.002374370399 -0.0009834964212 0.002021)
(0.002374370399 0.0009834964212 0.002535285714)
(0.002374370399 0.0009834964212 0.002021)
(0.002520618171 -0.0005013821276 0.002535285714)
(0.002520618171 -0.0005013821276 0.002021)
(0.002520618171 0.0005013821276 0.002535285714)
(0.002520618171 0.0005013821276 0.002021)
(0.00257 0 0.002535285714)
(0.00257 0 0.002021)
(-0.001817264428 -0.001817264428 0.003049571429)
(-0.002136876904 -0.001427815499 0.003049571429)
(-0.00127156855 -0.002040710989 0.003049571429)
(-0.001427815499 -0.002136876904 0.003049571429)
(-0.001666662595 0.001731392308 0.003049571429)
(-0.001407965891 0.001961590646 0.003049571429)
(-0.001817264428 0.001817264428 0.003049571429)
(-0.001427815499 0.002136876904 0.003049571429)
(-0.002136876904 0.001427815499 0.003049571429)
(-0.0005016407653 -0.00236255846 0.003049571429)
(-0.0005013821276 -0.002520618171 0.003049571429)
(-0.0009834964212 -0.002374370399 0.003049571429)
(-0.0009716041749 -0.002210502615 0.003049571429)
(1.055344535e-07 -0.002415239612 0.003049571429)
(1.573671137e-19 -0.00257 0.003049571429)
(5.669239455e-08 0.002415244818 0.003049571429)
(-0.0005019340781 0.002362494112 0.003049571429)
(-0.0005013821276 0.002520618171 0.003049571429)
(-2.125251425e-18 0.00257 0.003049571429)
(0.001666696119 0.001731372804 0.003049571429)
(0.001408066465 0.001961532133 0.003049571429)
(0.001817264428 0.001817264428 0.003049571429)
(0.002136876904 0.001427815499 0.003049571429)
(0.001427815499 0.002136876904 0.003049571429)
(0.0009815039898 0.002206601948 0.003049571429)
(0.0009834964212 0.002374370399 0.003049571429)
(0.001666689937 -0.001731375351 0.003049571429)
(0.001408047918 -0.001961539775 0.003049571429)
(0.001817264428 -0.001817264428 0.003049571429)
(0.001427815499 -0.002136876904 0.003049571429)
(0.002136876904 -0.001427815499 0.003049571429)
(0.0009815649139 -0.002206581038 0.003049571429)
(0.0009834964212 -0.002374370399 0.003049571429)
(-0.002374370399 0.0009834964212 0.003049571429)
(-0.002520618171 0.0005013821276 0.003049571429)
(-0.00257 -3.147342274e-19 0.003049571429)
(-0.002520618171 -0.0005013821276 0.003049571429)
(-0.002374370399 -0.0009834964212 0.003049571429)
(0.0005022658205 -0.002362421001 0.003049571429)
(0.0005013821276 -0.002520618171 0.003049571429)
(-0.0009834964212 0.002374370399 0.003049571429)
(-0.0009813494296 0.002206740759 0.003049571429)
(0.0005021269702 0.00236245723 0.003049571429)
(0.0005013821276 0.002520618171 0.003049571429)
(0.002374370399 -0.0009834964212 0.003049571429)
(0.002374370399 0.0009834964212 0.003049571429)
(0.002520618171 -0.0005013821276 0.003049571429)
(0.002520618171 0.0005013821276 0.003049571429)
(0.00257 0 0.003049571429)
(-0.001817264428 -0.001817264428 0.003563857143)
(-0.002136876904 -0.001427815499 0.003563857143)
(-0.00127156855 -0.002040710989 0.003563857143)
(-0.001427815499 -0.002136876904 0.003563857143)
(-0.001666662595 0.001731392308 0.003563857143)
(-0.001407965891 0.001961590646 0.003563857143)
(-0.001817264428 0.001817264428 0.003563857143)
(-0.001427815499 0.002136876904 0.003563857143)
(-0.002136876904 0.001427815499 0.003563857143)
(-0.0005016407653 -0.00236255846 0.003563857143)
(-0.0005013821276 -0.002520618171 0.003563857143)
(-0.0009834964212 -0.002374370399 0.003563857143)
(-0.0009716041749 -0.002210502615 0.003563857143)
(1.055344535e-07 -0.002415239612 0.003563857143)
(1.573671137e-19 -0.00257 0.003563857143)
(5.669239455e-08 0.002415244818 0.003563857143)
(-0.0005019340781 0.002362494112 0.003563857143)
(-0.0005013821276 0.002520618171 0.003563857143)
(-6.690488502e-18 0.00257 0.003563857143)
(0.001666696119 0.001731372804 0.003563857143)
(0.001408066465 0.001961532133 0.003563857143)
(0.001817264428 0.001817264428 0.003563857143)
(0.002136876904 0.001427815499 0.003563857143)
(0.001427815499 0.002136876904 0.003563857143)
(0.0009815039898 0.002206601948 0.003563857143)
(0.0009834964212 0.002374370399 0.003563857143)
(0.001666689937 -0.001731375351 0.003563857143)
(0.001408047918 -0.001961539775 0.003563857143)
(0.001817264428 -0.001817264428 0.003563857143)
(0.001427815499 -0.002136876904 0.003563857143)
(0.002136876904 -0.001427815499 0.003563857143)
(0.0009815649139 -0.002206581038 0.003563857143)
(0.0009834964212 -0.002374370399 0.003563857143)
(-0.002374370399 0.0009834964212 0.003563857143)
(-0.002520618171 0.0005013821276 0.003563857143)
(-0.00257 -3.147342274e-19 0.003563857143)
(-0.002520618171 -0.0005013821276 0.003563857143)
(-0.002374370399 -0.0009834964212 0.003563857143)
(0.0005022658205 -0.002362421001 0.003563857143)
(0.0005013821276 -0.002520618171 0.003563857143)
(-0.0009834964212 0.002374370399 0.003563857143)
(-0.0009813494296 0.002206740759 0.003563857143)
(0.0005021269702 0.00236245723 0.003563857143)
(0.0005013821276 0.002520618171 0.003563857143)
(0.002374370399 -0.0009834964212 0.003563857143)
(0.002374370399 0.0009834964212 0.003563857143)
(0.002520618171 -0.0005013821276 0.003563857143)
(0.002520618171 0.0005013821276 0.003563857143)
(0.00257 0 0.003563857143)
(-0.001817264428 -0.001817264428 0.004078142857)
(-0.002136876904 -0.001427815499 0.004078142857)
(-0.00127156855 -0.002040710989 0.004078142857)
(-0.001427815499 -0.002136876904 0.004078142857)
(-0.001666662595 0.001731392308 0.004078142857)
(-0.001407965891 0.001961590646 0.004078142857)
(-0.001817264428 0.001817264428 0.004078142857)
(-0.001427815499 0.002136876904 0.004078142857)
(-0.002136876904 0.001427815499 0.004078142857)
(-0.0005016407653 -0.00236255846 0.004078142857)
(-0.0005013821276 -0.002520618171 0.004078142857)
(-0.0009834964212 -0.002374370399 0.004078142857)
(-0.0009716041749 -0.002210502615 0.004078142857)
(1.055344535e-07 -0.002415239612 0.004078142857)
(1.573671137e-19 -0.00257 0.004078142857)
(5.669239455e-08 0.002415244818 0.004078142857)
(-0.0005019340781 0.002362494112 0.004078142857)
(-0.0005013821276 0.002520618171 0.004078142857)
(2.439985652e-18 0.00257 0.004078142857)
(0.001666696119 0.001731372804 0.004078142857)
(0.001408066465 0.001961532133 0.004078142857)
(0.001817264428 0.001817264428 0.004078142857)
(0.002136876904 0.001427815499 0.004078142857)
(0.001427815499 0.002136876904 0.004078142857)
(0.0009815039898 0.002206601948 0.004078142857)
(0.0009834964212 0.002374370399 0.004078142857)
(0.001666689937 -0.001731375351 0.004078142857)
(0.001408047918 -0.001961539775 0.004078142857)
(0.001817264428 -0.001817264428 0.004078142857)
(0.001427815499 -0.002136876904 0.004078142857)
(0.002136876904 -0.001427815499 0.004078142857)
(0.0009815649139 -0.002206581038 0.004078142857)
(0.0009834964212 -0.002374370399 0.004078142857)
(-0.002374370399 0.0009834964212 0.004078142857)
(-0.002520618171 0.0005013821276 0.004078142857)
(-0.00257 -3.147342274e-19 0.004078142857)
(-0.002520618171 -0.0005013821276 0.004078142857)
(-0.002374370399 -0.0009834964212 0.004078142857)
(0.0005022658205 -0.002362421001 0.004078142857)
(0.0005013821276 -0.002520618171 0.004078142857)
(-0.0009834964212 0.002374370399 0.004078142857)
(-0.0009813494296 0.002206740759 0.004078142857)
(0.0005021269702 0.00236245723 0.004078142857)
(0.0005013821276 0.002520618171 0.004078142857)
(0.002374370399 -0.0009834964212 0.004078142857)
(0.002374370399 0.0009834964212 0.004078142857)
(0.002520618171 -0.0005013821276 0.004078142857)
(0.002520618171 0.0005013821276 0.004078142857)
(0.00257 0 0.004078142857)
(-0.001817264428 -0.001817264428 0.004592428571)
(-0.002136876904 -0.001427815499 0.004592428571)
(-0.00127156855 -0.002040710989 0.004592428571)
(-0.001427815499 -0.002136876904 0.004592428571)
(-0.001666662595 0.001731392308 0.004592428571)
(-0.001407965891 0.001961590646 0.004592428571)
(-0.001817264428 0.001817264428 0.004592428571)
(-0.001427815499 0.002136876904 0.004592428571)
(-0.002136876904 0.001427815499 0.004592428571)
(-0.0005016407653 -0.00236255846 0.004592428571)
(-0.0005013821276 -0.002520618171 0.004592428571)
(-0.0009834964212 -0.002374370399 0.004592428571)
(-0.0009716041749 -0.002210502615 0.004592428571)
(1.055344535e-07 -0.002415239612 0.004592428571)
(2.439985652e-18 -0.00257 0.004592428571)
(5.669239455e-08 0.002415244818 0.004592428571)
(-0.0005019340781 0.002362494112 0.004592428571)
(-0.0005013821276 0.002520618171 0.004592428571)
(1.573671137e-19 0.00257 0.004592428571)
(0.001666696119 0.001731372804 0.004592428571)
(0.001408066465 0.001961532133 0.004592428571)
(0.001817264428 0.001817264428 0.004592428571)
(0.002136876904 0.001427815499 0.004592428571)
(0.001427815499 0.002136876904 0.004592428571)
(0.0009815039898 0.002206601948 0.004592428571)
(0.0009834964212 0.002374370399 0.004592428571)
(0.001666689937 -0.001731375351 0.004592428571)
(0.001408047918 -0.001961539775 0.004592428571)
(0.001817264428 -0.001817264428 0.004592428571)
(0.001427815499 -0.002136876904 0.004592428571)
(0.002136876904 -0.001427815499 0.004592428571)
(0.0009815649139 -0.002206581038 0.004592428571)
(0.0009834964212 -0.002374370399 0.004592428571)
(-0.002374370399 0.0009834964212 0.004592428571)
(-0.002520618171 0.0005013821276 0.004592428571)
(-0.00257 -4.879971305e-18 0.004592428571)
(-0.002520618171 -0.0005013821276 0.004592428571)
(-0.002374370399 -0.0009834964212 0.004592428571)
(0.0005022658205 -0.002362421001 0.004592428571)
(0.0005013821276 -0.002520618171 0.004592428571)
(-0.0009834964212 0.002374370399 0.004592428571)
(-0.0009813494296 0.002206740759 0.004592428571)
(0.0005021269702 0.00236245723 0.004592428571)
(0.0005013821276 0.002520618171 0.004592428571)
(0.002374370399 -0.0009834964212 0.004592428571)
(0.002374370399 0.0009834964212 0.004592428571)
(0.002520618171 -0.0005013821276 0.004592428571)
(0.002520618171 0.0005013821276 0.004592428571)
(0.00257 0 0.004592428571)
(-0.001817264428 -0.001817264428 0.005106714286)
(-0.002136876904 -0.001427815499 0.005106714286)
(-0.00127156855 -0.002040710989 0.005106714286)
(-0.001427815499 -0.002136876904 0.005106714286)
(-0.001666662595 0.001731392308 0.005106714286)
(-0.001407965891 0.001961590646 0.005106714286)
(-0.001817264428 0.001817264428 0.005106714286)
(-0.001427815499 0.002136876904 0.005106714286)
(-0.002136876904 0.001427815499 0.005106714286)
(-0.0005016407653 -0.00236255846 0.005106714286)
(-0.0005013821276 -0.002520618171 0.005106714286)
(-0.0009834964212 -0.002374370399 0.005106714286)
(-0.0009716041749 -0.002210502615 0.005106714286)
(1.055344535e-07 -0.002415239612 0.005106714286)
(1.573671137e-19 -0.00257 0.005106714286)
(5.669239455e-08 0.002415244818 0.005106714286)
(-0.0005019340781 0.002362494112 0.005106714286)
(-0.0005013821276 0.002520618171 0.005106714286)
(1.573671137e-19 0.00257 0.005106714286)
(0.001666696119 0.001731372804 0.005106714286)
(0.001408066465 0.001961532133 0.005106714286)
(0.001817264428 0.001817264428 0.005106714286)
(0.002136876904 0.001427815499 0.005106714286)
(0.001427815499 0.002136876904 0.005106714286)
(0.0009815039898 0.002206601948 0.005106714286)
(0.0009834964212 0.002374370399 0.005106714286)
(0.001666689937 -0.001731375351 0.005106714286)
(0.001408047918 -0.001961539775 0.005106714286)
(0.001817264428 -0.001817264428 0.005106714286)
(0.001427815499 -0.002136876904 0.005106714286)
(0.002136876904 -0.001427815499 0.005106714286)
(0.0009815649139 -0.002206581038 0.005106714286)
(0.0009834964212 -0.002374370399 0.005106714286)
(-0.002374370399 0.0009834964212 0.005106714286)
(-0.002520618171 0.0005013821276 0.005106714286)
(-0.00257 -3.147342274e-19 0.005106714286)
(-0.002520618171 -0.0005013821276 0.005106714286)
(-0.002374370399 -0.0009834964212 0.005106714286)
(0.0005022658205 -0.002362421001 0.005106714286)
(0.0005013821276 -0.002520618171 0.005106714286)
(-0.0009834964212 0.002374370399 0.005106714286)
(-0.0009813494296 0.002206740759 0.005106714286)
(0.0005021269702 0.00236245723 0.005106714286)
(0.0005013821276 0.002520618171 0.005106714286)
(0.002374370399 -0.0009834964212 0.005106714286)
(0.002374370399 0.0009834964212 0.005106714286)
(0.002520618171 -0.0005013821276 0.005106714286)
(0.002520618171 0.0005013821276 0.005106714286)
(0.00257 0 0.005106714286)
(-0.001817264428 -0.001817264428 0.005621)
(-0.002136876904 -0.001427815499 0.005621)
(-0.00127156855 -0.002040710989 0.005621)
(-0.001427815499 -0.002136876904 0.005621)
(-0.001666662595 0.001731392308 0.005621)
(-0.001407965891 0.001961590646 0.005621)
(-0.001817264428 0.001817264428 0.005621)
(-0.001427815499 0.002136876904 0.005621)
(-0.002136876904 0.001427815499 0.005621)
(-0.0005016407653 -0.00236255846 0.005621)
(-0.0005013821276 -0.002520618171 0.005621)
(-0.0009834964212 -0.002374370399 0.005621)
(-0.0009716041749 -0.002210502615 0.005621)
(1.055344535e-07 -0.002415239612 0.005621)
(2.439985652e-18 -0.00257 0.005621)
(5.669239455e-08 0.002415244818 0.005621)
(-0.0005019340781 0.002362494112 0.005621)
(-0.0005013821276 0.002520618171 0.005621)
(1.573671137e-19 0.00257 0.005621)
(0.001666696119 0.001731372804 0.005621)
(0.001408066465 0.001961532133 0.005621)
(0.001817264428 0.001817264428 0.005621)
(0.002136876904 0.001427815499 0.005621)
(0.001427815499 0.002136876904 0.005621)
(0.0009815039898 0.002206601948 0.005621)
(0.0009834964212 0.002374370399 0.005621)
(0.001666689937 -0.001731375351 0.005621)
(0.001408047918 -0.001961539775 0.005621)
(0.001817264428 -0.001817264428 0.005621)
(0.001427815499 -0.002136876904 0.005621)
(0.002136876904 -0.001427815499 0.005621)
(0.0009815649139 -0.002206581038 0.005621)
(0.0009834964212 -0.002374370399 0.005621)
(-0.002374370399 0.0009834964212 0.005621)
(-0.002520618171 0.0005013821276 0.005621)
(-0.00257 -4.879971305e-18 0.005621)
(-0.002520618171 -0.0005013821276 0.005621)
(-0.002374370399 -0.0009834964212 0.005621)
(0.0005022658205 -0.002362421001 0.005621)
(0.0005013821276 -0.002520618171 0.005621)
(-0.0009834964212 0.002374370399 0.005621)
(-0.0009813494296 0.002206740759 0.005621)
(0.0005021269702 0.00236245723 0.005621)
(0.0005013821276 0.002520618171 0.005621)
(0.002374370399 -0.0009834964212 0.005621)
(0.002374370399 0.0009834964212 0.005621)
(0.002520618171 -0.0005013821276 0.005621)
(0.002520618171 0.0005013821276 0.005621)
(0.00257 0 0.005621)
(-0.001817264428 -0.001817264428 0.006135285714)
(-0.002136876904 -0.001427815499 0.006135285714)
(-0.00127156855 -0.002040710989 0.006135285714)
(-0.001427815499 -0.002136876904 0.006135285714)
(-0.001666662595 0.001731392308 0.006135285714)
(-0.001407965891 0.001961590646 0.006135285714)
(-0.001817264428 0.001817264428 0.006135285714)
(-0.001427815499 0.002136876904 0.006135285714)
(-0.002136876904 0.001427815499 0.006135285714)
(-0.0005016407653 -0.00236255846 0.006135285714)
(-0.0005013821276 -0.002520618171 0.006135285714)
(-0.0009834964212 -0.002374370399 0.006135285714)
(-0.0009716041749 -0.002210502615 0.006135285714)
(1.055344535e-07 -0.002415239612 0.006135285714)
(1.573671137e-19 -0.00257 0.006135285714)
(5.669239455e-08 0.002415244818 0.006135285714)
(-0.0005019340781 0.002362494112 0.006135285714)
(-0.0005013821276 0.002520618171 0.006135285714)
(4.722604191e-18 0.00257 0.006135285714)
(0.001666696119 0.001731372804 0.006135285714)
(0.001408066465 0.001961532133 0.006135285714)
(0.001817264428 0.001817264428 0.006135285714)
(0.002136876904 0.001427815499 0.006135285714)
(0.001427815499 0.002136876904 0.006135285714)
(0.0009815039898 0.002206601948 0.006135285714)
(0.0009834964212 0.002374370399 0.006135285714)
(0.001666689937 -0.001731375351 0.006135285714)
(0.001408047918 -0.001961539775 0.006135285714)
(0.001817264428 -0.001817264428 0.006135285714)
(0.001427815499 -0.002136876904 0.006135285714)
(0.002136876904 -0.001427815499 0.006135285714)
(0.0009815649139 -0.002206581038 0.006135285714)
(0.0009834964212 -0.002374370399 0.006135285714)
(-0.002374370399 0.0009834964212 0.006135285714)
(-0.002520618171 0.0005013821276 0.006135285714)
(-0.00257 -3.147342274e-19 0.006135285714)
(-0.002520618171 -0.0005013821276 0.006135285714)
(-0.002374370399 -0.0009834964212 0.006135285714)
(0.0005022658205 -0.002362421001 0.006135285714)
(0.0005013821276 -0.002520618171 0.006135285714)
(-0.0009834964212 0.002374370399 0.006135285714)
(-0.0009813494296 0.002206740759 0.006135285714)
(0.0005021269702 0.00236245723 0.006135285714)
(0.0005013821276 0.002520618171 0.006135285714)
(0.002374370399 -0.0009834964212 0.006135285714)
(0.002374370399 0.0009834964212 0.006135285714)
(0.002520618171 -0.0005013821276 0.006135285714)
(0.002520618171 0.0005013821276 0.006135285714)
(0.00257 0 0.006135285714)
(-0.001817264428 -0.001817264428 0.006649571429)
(-0.002136876904 -0.001427815499 0.006649571429)
(-0.00127156855 -0.002040710989 0.006649571429)
(-0.001427815499 -0.002136876904 0.006649571429)
(-0.001666662595 0.001731392308 0.006649571429)
(-0.001407965891 0.001961590646 0.006649571429)
(-0.001817264428 0.001817264428 0.006649571429)
(-0.001427815499 0.002136876904 0.006649571429)
(-0.002136876904 0.001427815499 0.006649571429)
(-0.0005016407653 -0.00236255846 0.006649571429)
(-0.0005013821276 -0.002520618171 0.006649571429)
(-0.0009834964212 -0.002374370399 0.006649571429)
(-0.0009716041749 -0.002210502615 0.006649571429)
(1.055344535e-07 -0.002415239612 0.006649571429)
(1.573671137e-19 -0.00257 0.006649571429)
(5.669239455e-08 0.002415244818 0.006649571429)
(-0.0005019340781 0.002362494112 0.006649571429)
(-0.0005013821276 0.002520618171 0.006649571429)
(1.573671137e-19 0.00257 0.006649571429)
(0.001666696119 0.001731372804 0.006649571429)
(0.001408066465 0.001961532133 0.006649571429)
(0.001817264428 0.001817264428 0.006649571429)
(0.002136876904 0.001427815499 0.006649571429)
(0.001427815499 0.002136876904 0.006649571429)
(0.0009815039898 0.002206601948 0.006649571429)
(0.0009834964212 0.002374370399 0.006649571429)
(0.001666689937 -0.001731375351 0.006649571429)
(0.001408047918 -0.001961539775 0.006649571429)
(0.001817264428 -0.001817264428 0.006649571429)
(0.001427815499 -0.002136876904 0.006649571429)
(0.002136876904 -0.001427815499 0.006649571429)
(0.0009815649139 -0.002206581038 0.006649571429)
(0.0009834964212 -0.002374370399 0.006649571429)
(-0.002374370399 0.0009834964212 0.006649571429)
(-0.002520618171 0.0005013821276 0.006649571429)
(-0.00257 -3.147342274e-19 0.006649571429)
(-0.002520618171 -0.0005013821276 0.006649571429)
(-0.002374370399 -0.0009834964212 0.006649571429)
(0.0005022658205 -0.002362421001 0.006649571429)
(0.0005013821276 -0.002520618171 0.006649571429)
(-0.0009834964212 0.002374370399 0.006649571429)
(-0.0009813494296 0.002206740759 0.006649571429)
(0.0005021269702 0.00236245723 0.006649571429)
(0.0005013821276 0.002520618171 0.006649571429)
(0.002374370399 -0.0009834964212 0.006649571429)
(0.002374370399 0.0009834964212 0.006649571429)
(0.002520618171 -0.0005013821276 0.006649571429)
(0.002520618171 0.0005013821276 0.006649571429)
(0.00257 0 0.006649571429)
(-0.001817264428 -0.001817264428 0.007163857143)
(-0.002136876904 -0.001427815499 0.007163857143)
(-0.00127156855 -0.002040710989 0.007163857143)
(-0.001427815499 -0.002136876904 0.007163857143)
(-0.001666662595 0.001731392308 0.007163857143)
(-0.001407965891 0.001961590646 0.007163857143)
(-0.001817264428 0.001817264428 0.007163857143)
(-0.001427815499 0.002136876904 0.007163857143)
(-0.002136876904 0.001427815499 0.007163857143)
(-0.0005016407653 -0.00236255846 0.007163857143)
(-0.0005013821276 -0.002520618171 0.007163857143)
(-0.0009834964212 -0.002374370399 0.007163857143)
(-0.0009716041749 -0.002210502615 0.007163857143)
(1.055344535e-07 -0.002415239612 0.007163857143)
(1.573671137e-19 -0.00257 0.007163857143)
(5.669239455e-08 0.002415244818 0.007163857143)
(-0.0005019340781 0.002362494112 0.007163857143)
(-0.0005013821276 0.002520618171 0.007163857143)
(4.722604191e-18 0.00257 0.007163857143)
(0.001666696119 0.001731372804 0.007163857143)
(0.001408066465 0.001961532133 0.007163857143)
(0.001817264428 0.001817264428 0.007163857143)
(0.002136876904 0.001427815499 0.007163857143)
(0.001427815499 0.002136876904 0.007163857143)
(0.0009815039898 0.002206601948 0.007163857143)
(0.0009834964212 0.002374370399 0.007163857143)
(0.001666689937 -0.001731375351 0.007163857143)
(0.001408047918 -0.001961539775 0.007163857143)
(0.001817264428 -0.001817264428 0.007163857143)
(0.001427815499 -0.002136876904 0.007163857143)
(0.002136876904 -0.001427815499 0.007163857143)
(0.0009815649139 -0.002206581038 0.007163857143)
(0.0009834964212 -0.002374370399 0.007163857143)
(-0.002374370399 0.0009834964212 0.007163857143)
(-0.002520618171 0.0005013821276 0.007163857143)
(-0.00257 1.456043497e-18 0.007163857143)
(-0.002520618171 -0.0005013821276 0.007163857143)
(-0.002374370399 -0.0009834964212 0.007163857143)
(0.0005022658205 -0.002362421001 0.007163857143)
(0.0005013821276 -0.002520618171 0.007163857143)
(-0.0009834964212 0.002374370399 0.007163857143)
(-0.0009813494296 0.002206740759 0.007163857143)
(0.0005021269702 0.00236245723 0.007163857143)
(0.0005013821276 0.002520618171 0.007163857143)
(0.002374370399 -0.0009834964212 0.007163857143)
(0.002374370399 0.0009834964212 0.007163857143)
(0.002520618171 -0.0005013821276 0.007163857143)
(0.002520618171 0.0005013821276 0.007163857143)
(0.00257 0 0.007163857143)
(-0.001817264428 -0.001817264428 0.007678142857)
(-0.002136876904 -0.001427815499 0.007678142857)
(-0.00127156855 -0.002040710989 0.007678142857)
(-0.001427815499 -0.002136876904 0.007678142857)
(-0.001666662595 0.001731392308 0.007678142857)
(-0.001407965891 0.001961590646 0.007678142857)
(-0.001817264428 0.001817264428 0.007678142857)
(-0.001427815499 0.002136876904 0.007678142857)
(-0.002136876904 0.001427815499 0.007678142857)
(-0.0005016407653 -0.00236255846 0.007678142857)
(-0.0005013821276 -0.002520618171 0.007678142857)
(-0.0009834964212 -0.002374370399 0.007678142857)
(-0.0009716041749 -0.002210502615 0.007678142857)
(1.055344535e-07 -0.002415239612 0.007678142857)
(1.573671137e-19 -0.00257 0.007678142857)
(5.669239455e-08 0.002415244818 0.007678142857)
(-0.0005019340781 0.002362494112 0.007678142857)
(-0.0005013821276 0.002520618171 0.007678142857)
(1.573671137e-19 0.00257 0.007678142857)
(0.001666696119 0.001731372804 0.007678142857)
(0.001408066465 0.001961532133 0.007678142857)
(0.001817264428 0.001817264428 0.007678142857)
(0.002136876904 0.001427815499 0.007678142857)
(0.001427815499 0.002136876904 0.007678142857)
(0.0009815039898 0.002206601948 0.007678142857)
(0.0009834964212 0.002374370399 0.007678142857)
(0.001666689937 -0.001731375351 0.007678142857)
(0.001408047918 -0.001961539775 0.007678142857)
(0.001817264428 -0.001817264428 0.007678142857)
(0.001427815499 -0.002136876904 0.007678142857)
(0.002136876904 -0.001427815499 0.007678142857)
(0.0009815649139 -0.002206581038 0.007678142857)
(0.0009834964212 -0.002374370399 0.007678142857)
(-0.002374370399 0.0009834964212 0.007678142857)
(-0.002520618171 0.0005013821276 0.007678142857)
(-0.00257 2.597352766e-18 0.007678142857)
(-0.002520618171 -0.0005013821276 0.007678142857)
(-0.002374370399 -0.0009834964212 0.007678142857)
(0.0005022658205 -0.002362421001 0.007678142857)
(0.0005013821276 -0.002520618171 0.007678142857)
(-0.0009834964212 0.002374370399 0.007678142857)
(-0.0009813494296 0.002206740759 0.007678142857)
(0.0005021269702 0.00236245723 0.007678142857)
(0.0005013821276 0.002520618171 0.007678142857)
(0.002374370399 -0.0009834964212 0.007678142857)
(0.002374370399 0.0009834964212 0.007678142857)
(0.002520618171 -0.0005013821276 0.007678142857)
(0.002520618171 0.0005013821276 0.007678142857)
(0.00257 0 0.007678142857)
(-0.001817264428 -0.001817264428 0.008192428571)
(-0.002136876904 -0.001427815499 0.008192428571)
(-0.00127156855 -0.002040710989 0.008192428571)
(-0.001427815499 -0.002136876904 0.008192428571)
(-0.001666662595 0.001731392308 0.008192428571)
(-0.001407965891 0.001961590646 0.008192428571)
(-0.001817264428 0.001817264428 0.008192428571)
(-0.001427815499 0.002136876904 0.008192428571)
(-0.002136876904 0.001427815499 0.008192428571)
(-0.0005016407653 -0.00236255846 0.008192428571)
(-0.0005013821276 -0.002520618171 0.008192428571)
(-0.0009834964212 -0.002374370399 0.008192428571)
(-0.0009716041749 -0.002210502615 0.008192428571)
(1.055344535e-07 -0.002415239612 0.008192428571)
(1.573671137e-19 -0.00257 0.008192428571)
(5.669239455e-08 0.002415244818 0.008192428571)
(-0.0005019340781 0.002362494112 0.008192428571)
(-0.0005013821276 0.002520618171 0.008192428571)
(1.573671137e-19 0.00257 0.008192428571)
(0.001666696119 0.001731372804 0.008192428571)
(0.001408066465 0.001961532133 0.008192428571)
(0.001817264428 0.001817264428 0.008192428571)
(0.002136876904 0.001427815499 0.008192428571)
(0.001427815499 0.002136876904 0.008192428571)
(0.0009815039898 0.002206601948 0.008192428571)
(0.0009834964212 0.002374370399 0.008192428571)
(0.001666689937 -0.001731375351 0.008192428571)
(0.001408047918 -0.001961539775 0.008192428571)
(0.001817264428 -0.001817264428 0.008192428571)
(0.001427815499 -0.002136876904 0.008192428571)
(0.002136876904 -0.001427815499 0.008192428571)
(0.0009815649139 -0.002206581038 0.008192428571)
(0.0009834964212 -0.002374370399 0.008192428571)
(-0.002374370399 0.0009834964212 0.008192428571)
(-0.002520618171 0.0005013821276 0.008192428571)
(-0.00257 -3.147342274e-19 0.008192428571)
(-0.002520618171 -0.0005013821276 0.008192428571)
(-0.002374370399 -0.0009834964212 0.008192428571)
(0.0005022658205 -0.002362421001 0.008192428571)
(0.0005013821276 -0.002520618171 0.008192428571)
(-0.0009834964212 0.002374370399 0.008192428571)
(-0.0009813494296 0.002206740759 0.008192428571)
(0.0005021269702 0.00236245723 0.008192428571)
(0.0005013821276 0.002520618171 0.008192428571)
(0.002374370399 -0.0009834964212 0.008192428571)
(0.002374370399 0.0009834964212 0.008192428571)
(0.002520618171 -0.0005013821276 0.008192428571)
(0.002520618171 0.0005013821276 0.008192428571)
(0.00257 0 0.008192428571)
(-0.001817264428 -0.001817264428 0.008706714286)
(-0.002136876904 -0.001427815499 0.008706714286)
(-0.00127156855 -0.002040710989 0.008706714286)
(-0.001427815499 -0.002136876904 0.008706714286)
(-0.001666662595 0.001731392308 0.008706714286)
(-0.001407965891 0.001961590646 0.008706714286)
(-0.001817264428 0.001817264428 0.008706714286)
(-0.001427815499 0.002136876904 0.008706714286)
(-0.002136876904 0.001427815499 0.008706714286)
(-0.0005016407653 -0.00236255846 0.008706714286)
(-0.0005013821276 -0.002520618171 0.008706714286)
(-0.0009834964212 -0.002374370399 0.008706714286)
(-0.0009716041749 -0.002210502615 0.008706714286)
(1.055344535e-07 -0.002415239612 0.008706714286)
(1.573671137e-19 -0.00257 0.008706714286)
(5.669239455e-08 0.002415244818 0.008706714286)
(-0.0005019340781 0.002362494112 0.008706714286)
(-0.0005013821276 0.002520618171 0.008706714286)
(2.439985652e-18 0.00257 0.008706714286)
(0.001666696119 0.001731372804 0.008706714286)
(0.001408066465 0.001961532133 0.008706714286)
(0.001817264428 0.001817264428 0.008706714286)
(0.002136876904 0.001427815499 0.008706714286)
(0.001427815499 0.002136876904 0.008706714286)
(0.0009815039898 0.002206601948 0.008706714286)
(0.0009834964212 0.002374370399 0.008706714286)
(0.001666689937 -0.001731375351 0.008706714286)
(0.001408047918 -0.001961539775 0.008706714286)
(0.001817264428 -0.001817264428 0.008706714286)
(0.001427815499 -0.002136876904 0.008706714286)
(0.002136876904 -0.001427815499 0.008706714286)
(0.0009815649139 -0.002206581038 0.008706714286)
(0.0009834964212 -0.002374370399 0.008706714286)
(-0.002374370399 0.0009834964212 0.008706714286)
(-0.002520618171 0.0005013821276 0.008706714286)
(-0.00257 -3.147342274e-19 0.008706714286)
(-0.002520618171 -0.0005013821276 0.008706714286)
(-0.002374370399 -0.0009834964212 0.008706714286)
(0.0005022658205 -0.002362421001 0.008706714286)
(0.0005013821276 -0.002520618171 0.008706714286)
(-0.0009834964212 0.002374370399 0.008706714286)
(-0.0009813494296 0.002206740759 0.008706714286)
(0.0005021269702 0.00236245723 0.008706714286)
(0.0005013821276 0.002520618171 0.008706714286)
(0.002374370399 -0.0009834964212 0.008706714286)
(0.002374370399 0.0009834964212 0.008706714286)
(0.002520618171 -0.0005013821276 0.008706714286)
(0.002520618171 0.0005013821276 0.008706714286)
(0.00257 0 0.008706714286)
(-0.001817264428 -0.001817264428 0.009221)
(-0.002136876904 -0.001427815499 0.009221)
(-0.00127156855 -0.002040710989 0.009221)
(-0.001427815499 -0.002136876904 0.009221)
(-0.001666662595 0.001731392308 0.009221)
(-0.001407965891 0.001961590646 0.009221)
(-0.001817264428 0.001817264428 0.009221)
(-0.001427815499 0.002136876904 0.009221)
(-0.002136876904 0.001427815499 0.009221)
(-0.0005016407653 -0.00236255846 0.009221)
(-0.0005013821276 -0.002520618171 0.009221)
(-0.0009834964212 -0.002374370399 0.009221)
(-0.0009716041749 -0.002210502615 0.009221)
(1.055344535e-07 -0.002415239612 0.009221)
(-4.721013411e-19 -0.00257 0.009221)
(5.669239455e-08 0.002415244818 0.009221)
(-0.0005019340781 0.002362494112 0.009221)
(-0.0005013821276 0.002520618171 0.009221)
(7.280217484e-19 0.00257 0.009221)
(0.001666696119 0.001731372804 0.009221)
(0.001408066465 0.001961532133 0.009221)
(0.001817264428 0.001817264428 0.009221)
(0.002136876904 0.001427815499 0.009221)
(0.001427815499 0.002136876904 0.009221)
(0.0009815039898 0.002206601948 0.009221)
(0.0009834964212 0.002374370399 0.009221)
(0.001666689937 -0.001731375351 0.009221)
(0.001408047918 -0.001961539775 0.009221)
(0.001817264428 -0.001817264428 0.009221)
(0.001427815499 -0.002136876904 0.009221)
(0.002136876904 -0.001427815499 0.009221)
(0.0009815649139 -0.002206581038 0.009221)
(0.0009834964212 -0.002374370399 0.009221)
(-0.002374370399 0.0009834964212 0.009221)
(-0.002520618171 0.0005013821276 0.009221)
(-0.00257 1.456043497e-18 0.009221)
(-0.002520618171 -0.0005013821276 0.009221)
(-0.002374370399 -0.0009834964212 0.009221)
(0.0005022658205 -0.002362421001 0.009221)
(0.0005013821276 -0.002520618171 0.009221)
(-0.0009834964212 0.002374370399 0.009221)
(-0.0009813494296 0.002206740759 0.009221)
(0.0005021269702 0.00236245723 0.009221)
(0.0005013821276 0.002520618171 0.009221)
(0.002374370399 -0.0009834964212 0.009221)
(0.002374370399 0.0009834964212 0.009221)
(0.002520618171 -0.0005013821276 0.009221)
(0.002520618171 0.0005013821276 0.009221)
(0.00257 0 0.009221)
)


// ************************************************************************* //
