/*--------------------------------*- C++ -*----------------------------------*\
  =========                 |
  \\      /  F ield         | OpenFOAM: The Open Source CFD Toolbox
   \\    /   O peration     | Website:  https://openfoam.org
    \\  /    A nd           | Version:  9
     \\/     M anipulation  |
\*---------------------------------------------------------------------------*/
FoamFile
{
    format      ascii;
    class       vectorField;
    location    "constant/pipeFluid/polyMesh";
    object      points;
}
// * * * * * * * * * * * * * * * * * * * * * * * * * * * * * * * * * * * * * //


9464
(
(0.000254978 0.00148823 0.00050525)
(0.000352341 0.00178374 0.00050525)
(0.000706634 0.00160009 0.00050525)
(0.000446052 0.00126652 0.00050525)
(0.000254978 0.00148823 0)
(0.000352341 0.00178374 0)
(0.000706634 0.00160009 0)
(0.000446052 0.00126652 0)
(-3.43612e-05 0.00140735 0.00050525)
(-4.50004e-05 0.00179745 0.00050525)
(-3.43612e-05 0.00140735 0)
(-4.50004e-05 0.00179745 0)
(9.8468e-05 0.00105354 0.00050525)
(9.8468e-05 0.00105354 0)
(-0.000243801 -0.00149233 0.00050525)
(-0.000343709 -0.00178639 0.00050525)
(-0.000698232 -0.0016031 0.00050525)
(-0.000433895 -0.00127144 0.00050525)
(-0.000243801 -0.00149233 0)
(-0.000343709 -0.00178639 0)
(-0.000698232 -0.0016031 0)
(-0.000433895 -0.00127144 0)
(4.58617e-05 -0.00141182 0.00050525)
(5.27853e-05 -0.00179973 0.00050525)
(4.58617e-05 -0.00141182 0)
(5.27853e-05 -0.00179973 0)
(-8.62642e-05 -0.00106024 0.00050525)
(-8.62642e-05 -0.00106024 0)
(5.33056e-06 -7.56965e-06 0.00050525)
(-0.000170637 0.000423889 0.00050525)
(0.000276728 0.000671224 0.00050525)
(0.000479026 0.000254696 0.00050525)
(5.33056e-06 -7.56965e-06 0)
(-0.000170637 0.000423889 0)
(0.000276728 0.000671224 0)
(0.000479026 0.000254696 0)
(0.000666744 -0.00019532 0.00050525)
(0.000181917 -0.000438581 0.00050525)
(0.000666744 -0.00019532 0)
(0.000181917 -0.000438581 0)
(-0.000311617 0.000857308 0.00050525)
(-0.000311617 0.000857308 0)
(-0.000656337 0.000182064 0.00050525)
(-0.000759557 0.000664251 0.00050525)
(-0.000656337 0.000182064 0)
(-0.000759557 0.000664251 0)
(-0.000468886 -0.000270451 0.00050525)
(-0.000468886 -0.000270451 0)
(-0.000264037 -0.00068208 0.00050525)
(-0.000264037 -0.00068208 0)
(0.000324441 -0.000865139 0.00050525)
(0.000324441 -0.000865139 0)
(0.000770337 -0.000672555 0.00050525)
(0.000770337 -0.000672555 0)
(0.00125938 0.000101053 0.00050525)
(0.00124473 -0.000509285 0.00050525)
(0.00125938 0.000101053 0)
(0.00124473 -0.000509285 0)
(0.000958037 0.000572491 0.00050525)
(0.000958037 0.000572491 0)
(0.000686355 0.000952739 0.00050525)
(0.000686355 0.000952739 0)
(-0.000411913 0.00127783 0.00050525)
(-0.000411913 0.00127783 0)
(-0.000825269 0.00111784 0.00050525)
(-0.000825269 0.00111784 0)
(-0.00123669 0.00096972 0.00050525)
(-0.00123618 0.000501918 0.00050525)
(-0.00123669 0.00096972 0)
(-0.00123618 0.000501918 0)
(-0.001253 -0.000113418 0.00050525)
(-0.001253 -0.000113418 0)
(-0.000948072 -0.000585007 0.00050525)
(-0.000948072 -0.000585007 0)
(-0.000674808 -0.00096061 0.00050525)
(-0.000674808 -0.00096061 0)
(0.00042228 -0.00128137 0.00050525)
(0.00042228 -0.00128137 0)
(0.000835044 -0.00111994 0.00050525)
(0.000835044 -0.00111994 0)
(0.00124319 -0.000970525 0.00050525)
(0.00124319 -0.000970525 0)
(0.00179085 -1.04206e-05 0.00050525)
(0.00171829 -0.000477546 0.00050525)
(0.00179085 -1.04206e-05 0)
(0.00171829 -0.000477546 0)
(0.00187476 0.000371798 0.00050525)
(0.00162034 0.000620692 0.00050525)
(0.00187476 0.000371798 0)
(0.00162034 0.000620692 0)
(0.00134491 0.00097979 0.00050525)
(0.00134491 0.00097979 0)
(0.00104133 0.00131953 0.00050525)
(0.00104133 0.00131953 0)
(-0.000474052 0.00171834 0.00050525)
(-0.000474052 0.00171834 0)
(-0.000892307 0.00156068 0.00050525)
(-0.000892307 0.00156068 0)
(-0.00127007 0.00137295 0.00050525)
(-0.00127007 0.00137295 0)
(-0.00155767 0.00123196 0.00050525)
(-0.00162963 0.000909759 0.00050525)
(-0.00155767 0.00123196 0)
(-0.00162963 0.000909759 0)
(-0.00171542 0.00047213 0.00050525)
(-0.00171542 0.00047213 0)
(-0.00178736 -2.795e-06 0.00050525)
(-0.00178736 -2.795e-06 0)
(-0.00186768 -0.000378077 0.00050525)
(-0.00161808 -0.000630614 0.00050525)
(-0.00186768 -0.000378077 0)
(-0.00161808 -0.000630614 0)
(-0.00133982 -0.00098645 0.00050525)
(-0.00133982 -0.00098645 0)
(-0.00103397 -0.0013242 0.00050525)
(-0.00103397 -0.0013242 0)
(0.000481683 -0.00171763 0.00050525)
(0.000481683 -0.00171763 0)
(0.000900412 -0.00155787 0.00050525)
(0.000900412 -0.00155787 0)
(0.00127442 -0.00137161 0.00050525)
(0.00127442 -0.00137161 0)
(0.00156003 -0.0012307 0.00050525)
(0.00163249 -0.000910091 0.00050525)
(0.00156003 -0.0012307 0)
(0.00163249 -0.000910091 0)
(0.00221309 0.000505123 0.00050525)
(0.00227 0 0.00050525)
(0.00221309 0.000505123 0)
(0.00227 0 0)
(0.0020452 0.000984916 0.00050525)
(0.0020452 0.000984916 0)
(0.00177476 0.00141532 0.00050525)
(0.00177476 0.00141532 0)
(0.00141532 0.00177476 0.00050525)
(0.00141532 0.00177476 0)
(0.000984916 0.0020452 0.00050525)
(0.000984916 0.0020452 0)
(0.000505123 0.00221309 0.00050525)
(0.000505123 0.00221309 0)
(1.38997e-19 0.00227 0.00050525)
(-4.16992e-19 0.00227 0)
(-0.000505123 0.00221309 0.00050525)
(-0.000505123 0.00221309 0)
(-0.000984916 0.0020452 0.00050525)
(-0.000984916 0.0020452 0)
(-0.00141532 0.00177476 0.00050525)
(-0.00141532 0.00177476 0)
(-0.00177476 0.00141532 0.00050525)
(-0.00177476 0.00141532 0)
(-0.0020452 0.000984916 0.00050525)
(-0.0020452 0.000984916 0)
(-0.00221309 0.000505123 0.00050525)
(-0.00221309 0.000505123 0)
(-0.00227 -2.77995e-19 0.00050525)
(-0.00227 -2.77995e-19 0)
(-0.00221309 -0.000505123 0.00050525)
(-0.00221309 -0.000505123 0)
(-0.0020452 -0.000984916 0.00050525)
(-0.0020452 -0.000984916 0)
(-0.00177476 -0.00141532 0.00050525)
(-0.00177476 -0.00141532 0)
(-0.00141532 -0.00177476 0.00050525)
(-0.00141532 -0.00177476 0)
(-0.000984916 -0.0020452 0.00050525)
(-0.000984916 -0.0020452 0)
(-0.000505123 -0.00221309 0.00050525)
(-0.000505123 -0.00221309 0)
(1.38997e-19 -0.00227 0.00050525)
(1.38997e-19 -0.00227 0)
(0.000505123 -0.00221309 0.00050525)
(0.000505123 -0.00221309 0)
(0.000984916 -0.0020452 0.00050525)
(0.000984916 -0.0020452 0)
(0.00141532 -0.00177476 0.00050525)
(0.00141532 -0.00177476 0)
(0.00177476 -0.00141532 0.00050525)
(0.00177476 -0.00141532 0)
(0.0020452 -0.000984916 0.00050525)
(0.0020452 -0.000984916 0)
(0.00221309 -0.000505123 0.00050525)
(0.00221309 -0.000505123 0)
(0.000254978 0.00148823 0.0010105)
(0.000352341 0.00178374 0.0010105)
(0.000706634 0.00160009 0.0010105)
(0.000446052 0.00126652 0.0010105)
(-3.43612e-05 0.00140735 0.0010105)
(-4.50004e-05 0.00179745 0.0010105)
(9.8468e-05 0.00105354 0.0010105)
(-0.000243801 -0.00149233 0.0010105)
(-0.000343709 -0.00178639 0.0010105)
(-0.000698232 -0.0016031 0.0010105)
(-0.000433895 -0.00127144 0.0010105)
(4.58617e-05 -0.00141182 0.0010105)
(5.27853e-05 -0.00179973 0.0010105)
(-8.62642e-05 -0.00106024 0.0010105)
(5.33056e-06 -7.56965e-06 0.0010105)
(-0.000170637 0.000423889 0.0010105)
(0.000276728 0.000671224 0.0010105)
(0.000479026 0.000254696 0.0010105)
(0.000666744 -0.00019532 0.0010105)
(0.000181917 -0.000438581 0.0010105)
(-0.000311617 0.000857308 0.0010105)
(-0.000656337 0.000182064 0.0010105)
(-0.000759557 0.000664251 0.0010105)
(-0.000468886 -0.000270451 0.0010105)
(-0.000264037 -0.00068208 0.0010105)
(0.000324441 -0.000865139 0.0010105)
(0.000770337 -0.000672555 0.0010105)
(0.00125938 0.000101053 0.0010105)
(0.00124473 -0.000509285 0.0010105)
(0.000958037 0.000572491 0.0010105)
(0.000686355 0.000952739 0.0010105)
(-0.000411913 0.00127783 0.0010105)
(-0.000825269 0.00111784 0.0010105)
(-0.00123669 0.00096972 0.0010105)
(-0.00123618 0.000501918 0.0010105)
(-0.001253 -0.000113418 0.0010105)
(-0.000948072 -0.000585007 0.0010105)
(-0.000674808 -0.00096061 0.0010105)
(0.00042228 -0.00128137 0.0010105)
(0.000835044 -0.00111994 0.0010105)
(0.00124319 -0.000970525 0.0010105)
(0.00179085 -1.04206e-05 0.0010105)
(0.00171829 -0.000477546 0.0010105)
(0.00187476 0.000371798 0.0010105)
(0.00162034 0.000620692 0.0010105)
(0.00134491 0.00097979 0.0010105)
(0.00104133 0.00131953 0.0010105)
(-0.000474052 0.00171834 0.0010105)
(-0.000892307 0.00156068 0.0010105)
(-0.00127007 0.00137295 0.0010105)
(-0.00155767 0.00123196 0.0010105)
(-0.00162963 0.000909759 0.0010105)
(-0.00171542 0.00047213 0.0010105)
(-0.00178736 -2.795e-06 0.0010105)
(-0.00186768 -0.000378077 0.0010105)
(-0.00161808 -0.000630614 0.0010105)
(-0.00133982 -0.00098645 0.0010105)
(-0.00103397 -0.0013242 0.0010105)
(0.000481683 -0.00171763 0.0010105)
(0.000900412 -0.00155787 0.0010105)
(0.00127442 -0.00137161 0.0010105)
(0.00156003 -0.0012307 0.0010105)
(0.00163249 -0.000910091 0.0010105)
(0.00221309 0.000505123 0.0010105)
(0.00227 0 0.0010105)
(0.0020452 0.000984916 0.0010105)
(0.00177476 0.00141532 0.0010105)
(0.00141532 0.00177476 0.0010105)
(0.000984916 0.0020452 0.0010105)
(0.000505123 0.00221309 0.0010105)
(1.38997e-19 0.00227 0.0010105)
(-0.000505123 0.00221309 0.0010105)
(-0.000984916 0.0020452 0.0010105)
(-0.00141532 0.00177476 0.0010105)
(-0.00177476 0.00141532 0.0010105)
(-0.0020452 0.000984916 0.0010105)
(-0.00221309 0.000505123 0.0010105)
(-0.00227 -2.77995e-19 0.0010105)
(-0.00221309 -0.000505123 0.0010105)
(-0.0020452 -0.000984916 0.0010105)
(-0.00177476 -0.00141532 0.0010105)
(-0.00141532 -0.00177476 0.0010105)
(-0.000984916 -0.0020452 0.0010105)
(-0.000505123 -0.00221309 0.0010105)
(1.38997e-19 -0.00227 0.0010105)
(0.000505123 -0.00221309 0.0010105)
(0.000984916 -0.0020452 0.0010105)
(0.00141532 -0.00177476 0.0010105)
(0.00177476 -0.00141532 0.0010105)
(0.0020452 -0.000984916 0.0010105)
(0.00221309 -0.000505123 0.0010105)
(0.000254978 0.00148823 0.00151575)
(0.000352341 0.00178374 0.00151575)
(0.000706634 0.00160009 0.00151575)
(0.000446052 0.00126652 0.00151575)
(-3.43612e-05 0.00140735 0.00151575)
(-4.50004e-05 0.00179745 0.00151575)
(9.8468e-05 0.00105354 0.00151575)
(-0.000243801 -0.00149233 0.00151575)
(-0.000343709 -0.00178639 0.00151575)
(-0.000698232 -0.0016031 0.00151575)
(-0.000433895 -0.00127144 0.00151575)
(4.58617e-05 -0.00141182 0.00151575)
(5.27853e-05 -0.00179973 0.00151575)
(-8.62642e-05 -0.00106024 0.00151575)
(5.33056e-06 -7.56965e-06 0.00151575)
(-0.000170637 0.000423889 0.00151575)
(0.000276728 0.000671224 0.00151575)
(0.000479026 0.000254696 0.00151575)
(0.000666744 -0.00019532 0.00151575)
(0.000181917 -0.000438581 0.00151575)
(-0.000311617 0.000857308 0.00151575)
(-0.000656337 0.000182064 0.00151575)
(-0.000759557 0.000664251 0.00151575)
(-0.000468886 -0.000270451 0.00151575)
(-0.000264037 -0.00068208 0.00151575)
(0.000324441 -0.000865139 0.00151575)
(0.000770337 -0.000672555 0.00151575)
(0.00125938 0.000101053 0.00151575)
(0.00124473 -0.000509285 0.00151575)
(0.000958037 0.000572491 0.00151575)
(0.000686355 0.000952739 0.00151575)
(-0.000411913 0.00127783 0.00151575)
(-0.000825269 0.00111784 0.00151575)
(-0.00123669 0.00096972 0.00151575)
(-0.00123618 0.000501918 0.00151575)
(-0.001253 -0.000113418 0.00151575)
(-0.000948072 -0.000585007 0.00151575)
(-0.000674808 -0.00096061 0.00151575)
(0.00042228 -0.00128137 0.00151575)
(0.000835044 -0.00111994 0.00151575)
(0.00124319 -0.000970525 0.00151575)
(0.00179085 -1.04206e-05 0.00151575)
(0.00171829 -0.000477546 0.00151575)
(0.00187476 0.000371798 0.00151575)
(0.00162034 0.000620692 0.00151575)
(0.00134491 0.00097979 0.00151575)
(0.00104133 0.00131953 0.00151575)
(-0.000474052 0.00171834 0.00151575)
(-0.000892307 0.00156068 0.00151575)
(-0.00127007 0.00137295 0.00151575)
(-0.00155767 0.00123196 0.00151575)
(-0.00162963 0.000909759 0.00151575)
(-0.00171542 0.00047213 0.00151575)
(-0.00178736 -2.795e-06 0.00151575)
(-0.00186768 -0.000378077 0.00151575)
(-0.00161808 -0.000630614 0.00151575)
(-0.00133982 -0.00098645 0.00151575)
(-0.00103397 -0.0013242 0.00151575)
(0.000481683 -0.00171763 0.00151575)
(0.000900412 -0.00155787 0.00151575)
(0.00127442 -0.00137161 0.00151575)
(0.00156003 -0.0012307 0.00151575)
(0.00163249 -0.000910091 0.00151575)
(0.00221309 0.000505123 0.00151575)
(0.00227 6.30052e-19 0.00151575)
(0.0020452 0.000984916 0.00151575)
(0.00177476 0.00141532 0.00151575)
(0.00141532 0.00177476 0.00151575)
(0.000984916 0.0020452 0.00151575)
(0.000505123 0.00221309 0.00151575)
(-3.65044e-19 0.00227 0.00151575)
(-0.000505123 0.00221309 0.00151575)
(-0.000984916 0.0020452 0.00151575)
(-0.00141532 0.00177476 0.00151575)
(-0.00177476 0.00141532 0.00151575)
(-0.0020452 0.000984916 0.00151575)
(-0.00221309 0.000505123 0.00151575)
(-0.00227 -2.77995e-19 0.00151575)
(-0.00221309 -0.000505123 0.00151575)
(-0.0020452 -0.000984916 0.00151575)
(-0.00177476 -0.00141532 0.00151575)
(-0.00141532 -0.00177476 0.00151575)
(-0.000984916 -0.0020452 0.00151575)
(-0.000505123 -0.00221309 0.00151575)
(-3.65044e-19 -0.00227 0.00151575)
(0.000505123 -0.00221309 0.00151575)
(0.000984916 -0.0020452 0.00151575)
(0.00141532 -0.00177476 0.00151575)
(0.00177476 -0.00141532 0.00151575)
(0.0020452 -0.000984916 0.00151575)
(0.00221309 -0.000505123 0.00151575)
(0.000254978 0.00148823 0.002021)
(0.000352341 0.00178374 0.002021)
(0.000706634 0.00160009 0.002021)
(0.000446052 0.00126652 0.002021)
(-3.43612e-05 0.00140735 0.002021)
(-4.50004e-05 0.00179745 0.002021)
(9.8468e-05 0.00105354 0.002021)
(-0.000243801 -0.00149233 0.002021)
(-0.000343709 -0.00178639 0.002021)
(-0.000698232 -0.0016031 0.002021)
(-0.000433895 -0.00127144 0.002021)
(4.58617e-05 -0.00141182 0.002021)
(5.27853e-05 -0.00179973 0.002021)
(-8.62642e-05 -0.00106024 0.002021)
(5.33056e-06 -7.56965e-06 0.002021)
(-0.000170637 0.000423889 0.002021)
(0.000276728 0.000671224 0.002021)
(0.000479026 0.000254696 0.002021)
(0.000666744 -0.00019532 0.002021)
(0.000181917 -0.000438581 0.002021)
(-0.000311617 0.000857308 0.002021)
(-0.000656337 0.000182064 0.002021)
(-0.000759557 0.000664251 0.002021)
(-0.000468886 -0.000270451 0.002021)
(-0.000264037 -0.00068208 0.002021)
(0.000324441 -0.000865139 0.002021)
(0.000770337 -0.000672555 0.002021)
(0.00125938 0.000101053 0.002021)
(0.00124473 -0.000509285 0.002021)
(0.000958037 0.000572491 0.002021)
(0.000686355 0.000952739 0.002021)
(-0.000411913 0.00127783 0.002021)
(-0.000825269 0.00111784 0.002021)
(-0.00123669 0.00096972 0.002021)
(-0.00123618 0.000501918 0.002021)
(-0.001253 -0.000113418 0.002021)
(-0.000948072 -0.000585007 0.002021)
(-0.000674808 -0.00096061 0.002021)
(0.00042228 -0.00128137 0.002021)
(0.000835044 -0.00111994 0.002021)
(0.00124319 -0.000970525 0.002021)
(0.00179085 -1.04206e-05 0.002021)
(0.00171829 -0.000477546 0.002021)
(0.00187476 0.000371798 0.002021)
(0.00162034 0.000620692 0.002021)
(0.00134491 0.00097979 0.002021)
(0.00104133 0.00131953 0.002021)
(-0.000474052 0.00171834 0.002021)
(-0.000892307 0.00156068 0.002021)
(-0.00127007 0.00137295 0.002021)
(-0.00155767 0.00123196 0.002021)
(-0.00162963 0.000909759 0.002021)
(-0.00171542 0.00047213 0.002021)
(-0.00178736 -2.795e-06 0.002021)
(-0.00186768 -0.000378077 0.002021)
(-0.00161808 -0.000630614 0.002021)
(-0.00133982 -0.00098645 0.002021)
(-0.00103397 -0.0013242 0.002021)
(0.000481683 -0.00171763 0.002021)
(0.000900412 -0.00155787 0.002021)
(0.00127442 -0.00137161 0.002021)
(0.00156003 -0.0012307 0.002021)
(0.00163249 -0.000910091 0.002021)
(0.00221309 0.000505123 0.002021)
(0.00227 0 0.002021)
(0.0020452 0.000984916 0.002021)
(0.00177476 0.00141532 0.002021)
(0.00141532 0.00177476 0.002021)
(0.000984916 0.0020452 0.002021)
(0.000505123 0.00221309 0.002021)
(1.38997e-19 0.00227 0.002021)
(-0.000505123 0.00221309 0.002021)
(-0.000984916 0.0020452 0.002021)
(-0.00141532 0.00177476 0.002021)
(-0.00177476 0.00141532 0.002021)
(-0.0020452 0.000984916 0.002021)
(-0.00221309 0.000505123 0.002021)
(-0.00227 -2.77995e-19 0.002021)
(-0.00221309 -0.000505123 0.002021)
(-0.0020452 -0.000984916 0.002021)
(-0.00177476 -0.00141532 0.002021)
(-0.00141532 -0.00177476 0.002021)
(-0.000984916 -0.0020452 0.002021)
(-0.000505123 -0.00221309 0.002021)
(1.38997e-19 -0.00227 0.002021)
(0.000505123 -0.00221309 0.002021)
(0.000984916 -0.0020452 0.002021)
(0.00141532 -0.00177476 0.002021)
(0.00177476 -0.00141532 0.002021)
(0.0020452 -0.000984916 0.002021)
(0.00221309 -0.000505123 0.002021)
(0.000254978 0.00148823 0.00253529)
(0.000352341 0.00178374 0.00253529)
(0.000706634 0.00160009 0.00253529)
(0.000446052 0.00126652 0.00253529)
(-3.43612e-05 0.00140735 0.00253529)
(-4.50004e-05 0.00179745 0.00253529)
(9.8468e-05 0.00105354 0.00253529)
(-0.000243801 -0.00149233 0.00253529)
(-0.000343709 -0.00178639 0.00253529)
(-0.000698232 -0.0016031 0.00253529)
(-0.000433895 -0.00127144 0.00253529)
(4.58617e-05 -0.00141182 0.00253529)
(5.27853e-05 -0.00179973 0.00253529)
(-8.62642e-05 -0.00106024 0.00253529)
(5.33056e-06 -7.56965e-06 0.00253529)
(-0.000170637 0.000423889 0.00253529)
(0.000276728 0.000671224 0.00253529)
(0.000479026 0.000254696 0.00253529)
(0.000666744 -0.00019532 0.00253529)
(0.000181917 -0.000438581 0.00253529)
(-0.000311617 0.000857308 0.00253529)
(-0.000656337 0.000182064 0.00253529)
(-0.000759557 0.000664251 0.00253529)
(-0.000468886 -0.000270451 0.00253529)
(-0.000264037 -0.00068208 0.00253529)
(0.000324441 -0.000865139 0.00253529)
(0.000770337 -0.000672555 0.00253529)
(0.00125938 0.000101053 0.00253529)
(0.00124473 -0.000509285 0.00253529)
(0.000958037 0.000572491 0.00253529)
(0.000686355 0.000952739 0.00253529)
(-0.000411913 0.00127783 0.00253529)
(-0.000825269 0.00111784 0.00253529)
(-0.00123669 0.00096972 0.00253529)
(-0.00123618 0.000501918 0.00253529)
(-0.001253 -0.000113418 0.00253529)
(-0.000948072 -0.000585007 0.00253529)
(-0.000674808 -0.00096061 0.00253529)
(0.00042228 -0.00128137 0.00253529)
(0.000835044 -0.00111994 0.00253529)
(0.00124319 -0.000970525 0.00253529)
(0.00179085 -1.04206e-05 0.00253529)
(0.00171829 -0.000477546 0.00253529)
(0.00187476 0.000371798 0.00253529)
(0.00162034 0.000620692 0.00253529)
(0.00134491 0.00097979 0.00253529)
(0.00104133 0.00131953 0.00253529)
(-0.000474052 0.00171834 0.00253529)
(-0.000892307 0.00156068 0.00253529)
(-0.00127007 0.00137295 0.00253529)
(-0.00155767 0.00123196 0.00253529)
(-0.00162963 0.000909759 0.00253529)
(-0.00171542 0.00047213 0.00253529)
(-0.00178736 -2.795e-06 0.00253529)
(-0.00186768 -0.000378077 0.00253529)
(-0.00161808 -0.000630614 0.00253529)
(-0.00133982 -0.00098645 0.00253529)
(-0.00103397 -0.0013242 0.00253529)
(0.000481683 -0.00171763 0.00253529)
(0.000900412 -0.00155787 0.00253529)
(0.00127442 -0.00137161 0.00253529)
(0.00156003 -0.0012307 0.00253529)
(0.00163249 -0.000910091 0.00253529)
(0.00221309 0.000505123 0.00253529)
(0.00227 -2.01617e-18 0.00253529)
(0.0020452 0.000984916 0.00253529)
(0.00177476 0.00141532 0.00253529)
(0.00141532 0.00177476 0.00253529)
(0.000984916 0.0020452 0.00253529)
(0.000505123 0.00221309 0.00253529)
(-3.89333e-18 0.00227 0.00253529)
(-0.000505123 0.00221309 0.00253529)
(-0.000984916 0.0020452 0.00253529)
(-0.00141532 0.00177476 0.00253529)
(-0.00177476 0.00141532 0.00253529)
(-0.0020452 0.000984916 0.00253529)
(-0.00221309 0.000505123 0.00253529)
(-0.00227 -4.93038e-35 0.00253529)
(-0.00221309 -0.000505123 0.00253529)
(-0.0020452 -0.000984916 0.00253529)
(-0.00177476 -0.00141532 0.00253529)
(-0.00141532 -0.00177476 0.00253529)
(-0.000984916 -0.0020452 0.00253529)
(-0.000505123 -0.00221309 0.00253529)
(-3.89333e-18 -0.00227 0.00253529)
(0.000505123 -0.00221309 0.00253529)
(0.000984916 -0.0020452 0.00253529)
(0.00141532 -0.00177476 0.00253529)
(0.00177476 -0.00141532 0.00253529)
(0.0020452 -0.000984916 0.00253529)
(0.00221309 -0.000505123 0.00253529)
(0.000254978 0.00148823 0.00304957)
(0.000352341 0.00178374 0.00304957)
(0.000706634 0.00160009 0.00304957)
(0.000446052 0.00126652 0.00304957)
(-3.43612e-05 0.00140735 0.00304957)
(-4.50004e-05 0.00179745 0.00304957)
(9.8468e-05 0.00105354 0.00304957)
(-0.000243801 -0.00149233 0.00304957)
(-0.000343709 -0.00178639 0.00304957)
(-0.000698232 -0.0016031 0.00304957)
(-0.000433895 -0.00127144 0.00304957)
(4.58617e-05 -0.00141182 0.00304957)
(5.27853e-05 -0.00179973 0.00304957)
(-8.62642e-05 -0.00106024 0.00304957)
(5.33056e-06 -7.56965e-06 0.00304957)
(-0.000170637 0.000423889 0.00304957)
(0.000276728 0.000671224 0.00304957)
(0.000479026 0.000254696 0.00304957)
(0.000666744 -0.00019532 0.00304957)
(0.000181917 -0.000438581 0.00304957)
(-0.000311617 0.000857308 0.00304957)
(-0.000656337 0.000182064 0.00304957)
(-0.000759557 0.000664251 0.00304957)
(-0.000468886 -0.000270451 0.00304957)
(-0.000264037 -0.00068208 0.00304957)
(0.000324441 -0.000865139 0.00304957)
(0.000770337 -0.000672555 0.00304957)
(0.00125938 0.000101053 0.00304957)
(0.00124473 -0.000509285 0.00304957)
(0.000958037 0.000572491 0.00304957)
(0.000686355 0.000952739 0.00304957)
(-0.000411913 0.00127783 0.00304957)
(-0.000825269 0.00111784 0.00304957)
(-0.00123669 0.00096972 0.00304957)
(-0.00123618 0.000501918 0.00304957)
(-0.001253 -0.000113418 0.00304957)
(-0.000948072 -0.000585007 0.00304957)
(-0.000674808 -0.00096061 0.00304957)
(0.00042228 -0.00128137 0.00304957)
(0.000835044 -0.00111994 0.00304957)
(0.00124319 -0.000970525 0.00304957)
(0.00179085 -1.04206e-05 0.00304957)
(0.00171829 -0.000477546 0.00304957)
(0.00187476 0.000371798 0.00304957)
(0.00162034 0.000620692 0.00304957)
(0.00134491 0.00097979 0.00304957)
(0.00104133 0.00131953 0.00304957)
(-0.000474052 0.00171834 0.00304957)
(-0.000892307 0.00156068 0.00304957)
(-0.00127007 0.00137295 0.00304957)
(-0.00155767 0.00123196 0.00304957)
(-0.00162963 0.000909759 0.00304957)
(-0.00171542 0.00047213 0.00304957)
(-0.00178736 -2.795e-06 0.00304957)
(-0.00186768 -0.000378077 0.00304957)
(-0.00161808 -0.000630614 0.00304957)
(-0.00133982 -0.00098645 0.00304957)
(-0.00103397 -0.0013242 0.00304957)
(0.000481683 -0.00171763 0.00304957)
(0.000900412 -0.00155787 0.00304957)
(0.00127442 -0.00137161 0.00304957)
(0.00156003 -0.0012307 0.00304957)
(0.00163249 -0.000910091 0.00304957)
(0.00221309 0.000505123 0.00304957)
(0.00227 0 0.00304957)
(0.0020452 0.000984916 0.00304957)
(0.00177476 0.00141532 0.00304957)
(0.00141532 0.00177476 0.00304957)
(0.000984916 0.0020452 0.00304957)
(0.000505123 0.00221309 0.00304957)
(-3.89333e-18 0.00227 0.00304957)
(-0.000505123 0.00221309 0.00304957)
(-0.000984916 0.0020452 0.00304957)
(-0.00141532 0.00177476 0.00304957)
(-0.00177476 0.00141532 0.00304957)
(-0.0020452 0.000984916 0.00304957)
(-0.00221309 0.000505123 0.00304957)
(-0.00227 -4.93038e-35 0.00304957)
(-0.00221309 -0.000505123 0.00304957)
(-0.0020452 -0.000984916 0.00304957)
(-0.00177476 -0.00141532 0.00304957)
(-0.00141532 -0.00177476 0.00304957)
(-0.000984916 -0.0020452 0.00304957)
(-0.000505123 -0.00221309 0.00304957)
(-1.87717e-18 -0.00227 0.00304957)
(0.000505123 -0.00221309 0.00304957)
(0.000984916 -0.0020452 0.00304957)
(0.00141532 -0.00177476 0.00304957)
(0.00177476 -0.00141532 0.00304957)
(0.0020452 -0.000984916 0.00304957)
(0.00221309 -0.000505123 0.00304957)
(0.000254978 0.00148823 0.00356386)
(0.000352341 0.00178374 0.00356386)
(0.000706634 0.00160009 0.00356386)
(0.000446052 0.00126652 0.00356386)
(-3.43612e-05 0.00140735 0.00356386)
(-4.50004e-05 0.00179745 0.00356386)
(9.8468e-05 0.00105354 0.00356386)
(-0.000243801 -0.00149233 0.00356386)
(-0.000343709 -0.00178639 0.00356386)
(-0.000698232 -0.0016031 0.00356386)
(-0.000433895 -0.00127144 0.00356386)
(4.58617e-05 -0.00141182 0.00356386)
(5.27853e-05 -0.00179973 0.00356386)
(-8.62642e-05 -0.00106024 0.00356386)
(5.33056e-06 -7.56965e-06 0.00356386)
(-0.000170637 0.000423889 0.00356386)
(0.000276728 0.000671224 0.00356386)
(0.000479026 0.000254696 0.00356386)
(0.000666744 -0.00019532 0.00356386)
(0.000181917 -0.000438581 0.00356386)
(-0.000311617 0.000857308 0.00356386)
(-0.000656337 0.000182064 0.00356386)
(-0.000759557 0.000664251 0.00356386)
(-0.000468886 -0.000270451 0.00356386)
(-0.000264037 -0.00068208 0.00356386)
(0.000324441 -0.000865139 0.00356386)
(0.000770337 -0.000672555 0.00356386)
(0.00125938 0.000101053 0.00356386)
(0.00124473 -0.000509285 0.00356386)
(0.000958037 0.000572491 0.00356386)
(0.000686355 0.000952739 0.00356386)
(-0.000411913 0.00127783 0.00356386)
(-0.000825269 0.00111784 0.00356386)
(-0.00123669 0.00096972 0.00356386)
(-0.00123618 0.000501918 0.00356386)
(-0.001253 -0.000113418 0.00356386)
(-0.000948072 -0.000585007 0.00356386)
(-0.000674808 -0.00096061 0.00356386)
(0.00042228 -0.00128137 0.00356386)
(0.000835044 -0.00111994 0.00356386)
(0.00124319 -0.000970525 0.00356386)
(0.00179085 -1.04206e-05 0.00356386)
(0.00171829 -0.000477546 0.00356386)
(0.00187476 0.000371798 0.00356386)
(0.00162034 0.000620692 0.00356386)
(0.00134491 0.00097979 0.00356386)
(0.00104133 0.00131953 0.00356386)
(-0.000474052 0.00171834 0.00356386)
(-0.000892307 0.00156068 0.00356386)
(-0.00127007 0.00137295 0.00356386)
(-0.00155767 0.00123196 0.00356386)
(-0.00162963 0.000909759 0.00356386)
(-0.00171542 0.00047213 0.00356386)
(-0.00178736 -2.795e-06 0.00356386)
(-0.00186768 -0.000378077 0.00356386)
(-0.00161808 -0.000630614 0.00356386)
(-0.00133982 -0.00098645 0.00356386)
(-0.00103397 -0.0013242 0.00356386)
(0.000481683 -0.00171763 0.00356386)
(0.000900412 -0.00155787 0.00356386)
(0.00127442 -0.00137161 0.00356386)
(0.00156003 -0.0012307 0.00356386)
(0.00163249 -0.000910091 0.00356386)
(0.00221309 0.000505123 0.00356386)
(0.00227 0 0.00356386)
(0.0020452 0.000984916 0.00356386)
(0.00177476 0.00141532 0.00356386)
(0.00141532 0.00177476 0.00356386)
(0.000984916 0.0020452 0.00356386)
(0.000505123 0.00221309 0.00356386)
(4.17133e-18 0.00227 0.00356386)
(-0.000505123 0.00221309 0.00356386)
(-0.000984916 0.0020452 0.00356386)
(-0.00141532 0.00177476 0.00356386)
(-0.00177476 0.00141532 0.00356386)
(-0.0020452 0.000984916 0.00356386)
(-0.00221309 0.000505123 0.00356386)
(-0.00227 -4.93038e-35 0.00356386)
(-0.00221309 -0.000505123 0.00356386)
(-0.0020452 -0.000984916 0.00356386)
(-0.00177476 -0.00141532 0.00356386)
(-0.00141532 -0.00177476 0.00356386)
(-0.000984916 -0.0020452 0.00356386)
(-0.000505123 -0.00221309 0.00356386)
(2.15516e-18 -0.00227 0.00356386)
(0.000505123 -0.00221309 0.00356386)
(0.000984916 -0.0020452 0.00356386)
(0.00141532 -0.00177476 0.00356386)
(0.00177476 -0.00141532 0.00356386)
(0.0020452 -0.000984916 0.00356386)
(0.00221309 -0.000505123 0.00356386)
(0.000254978 0.00148823 0.00407814)
(0.000352341 0.00178374 0.00407814)
(0.000706634 0.00160009 0.00407814)
(0.000446052 0.00126652 0.00407814)
(-3.43612e-05 0.00140735 0.00407814)
(-4.50004e-05 0.00179745 0.00407814)
(9.8468e-05 0.00105354 0.00407814)
(-0.000243801 -0.00149233 0.00407814)
(-0.000343709 -0.00178639 0.00407814)
(-0.000698232 -0.0016031 0.00407814)
(-0.000433895 -0.00127144 0.00407814)
(4.58617e-05 -0.00141182 0.00407814)
(5.27853e-05 -0.00179973 0.00407814)
(-8.62642e-05 -0.00106024 0.00407814)
(5.33056e-06 -7.56965e-06 0.00407814)
(-0.000170637 0.000423889 0.00407814)
(0.000276728 0.000671224 0.00407814)
(0.000479026 0.000254696 0.00407814)
(0.000666744 -0.00019532 0.00407814)
(0.000181917 -0.000438581 0.00407814)
(-0.000311617 0.000857308 0.00407814)
(-0.000656337 0.000182064 0.00407814)
(-0.000759557 0.000664251 0.00407814)
(-0.000468886 -0.000270451 0.00407814)
(-0.000264037 -0.00068208 0.00407814)
(0.000324441 -0.000865139 0.00407814)
(0.000770337 -0.000672555 0.00407814)
(0.00125938 0.000101053 0.00407814)
(0.00124473 -0.000509285 0.00407814)
(0.000958037 0.000572491 0.00407814)
(0.000686355 0.000952739 0.00407814)
(-0.000411913 0.00127783 0.00407814)
(-0.000825269 0.00111784 0.00407814)
(-0.00123669 0.00096972 0.00407814)
(-0.00123618 0.000501918 0.00407814)
(-0.001253 -0.000113418 0.00407814)
(-0.000948072 -0.000585007 0.00407814)
(-0.000674808 -0.00096061 0.00407814)
(0.00042228 -0.00128137 0.00407814)
(0.000835044 -0.00111994 0.00407814)
(0.00124319 -0.000970525 0.00407814)
(0.00179085 -1.04206e-05 0.00407814)
(0.00171829 -0.000477546 0.00407814)
(0.00187476 0.000371798 0.00407814)
(0.00162034 0.000620692 0.00407814)
(0.00134491 0.00097979 0.00407814)
(0.00104133 0.00131953 0.00407814)
(-0.000474052 0.00171834 0.00407814)
(-0.000892307 0.00156068 0.00407814)
(-0.00127007 0.00137295 0.00407814)
(-0.00155767 0.00123196 0.00407814)
(-0.00162963 0.000909759 0.00407814)
(-0.00171542 0.00047213 0.00407814)
(-0.00178736 -2.795e-06 0.00407814)
(-0.00186768 -0.000378077 0.00407814)
(-0.00161808 -0.000630614 0.00407814)
(-0.00133982 -0.00098645 0.00407814)
(-0.00103397 -0.0013242 0.00407814)
(0.000481683 -0.00171763 0.00407814)
(0.000900412 -0.00155787 0.00407814)
(0.00127442 -0.00137161 0.00407814)
(0.00156003 -0.0012307 0.00407814)
(0.00163249 -0.000910091 0.00407814)
(0.00221309 0.000505123 0.00407814)
(0.00227 0 0.00407814)
(0.0020452 0.000984916 0.00407814)
(0.00177476 0.00141532 0.00407814)
(0.00141532 0.00177476 0.00407814)
(0.000984916 0.0020452 0.00407814)
(0.000505123 0.00221309 0.00407814)
(2.15516e-18 0.00227 0.00407814)
(-0.000505123 0.00221309 0.00407814)
(-0.000984916 0.0020452 0.00407814)
(-0.00141532 0.00177476 0.00407814)
(-0.00177476 0.00141532 0.00407814)
(-0.0020452 0.000984916 0.00407814)
(-0.00221309 0.000505123 0.00407814)
(-0.00227 -4.93038e-35 0.00407814)
(-0.00221309 -0.000505123 0.00407814)
(-0.0020452 -0.000984916 0.00407814)
(-0.00177476 -0.00141532 0.00407814)
(-0.00141532 -0.00177476 0.00407814)
(-0.000984916 -0.0020452 0.00407814)
(-0.000505123 -0.00221309 0.00407814)
(-1.87717e-18 -0.00227 0.00407814)
(0.000505123 -0.00221309 0.00407814)
(0.000984916 -0.0020452 0.00407814)
(0.00141532 -0.00177476 0.00407814)
(0.00177476 -0.00141532 0.00407814)
(0.0020452 -0.000984916 0.00407814)
(0.00221309 -0.000505123 0.00407814)
(0.000254978 0.00148823 0.00459243)
(0.000352341 0.00178374 0.00459243)
(0.000706634 0.00160009 0.00459243)
(0.000446052 0.00126652 0.00459243)
(-3.43612e-05 0.00140735 0.00459243)
(-4.50004e-05 0.00179745 0.00459243)
(9.8468e-05 0.00105354 0.00459243)
(-0.000243801 -0.00149233 0.00459243)
(-0.000343709 -0.00178639 0.00459243)
(-0.000698232 -0.0016031 0.00459243)
(-0.000433895 -0.00127144 0.00459243)
(4.58617e-05 -0.00141182 0.00459243)
(5.27853e-05 -0.00179973 0.00459243)
(-8.62642e-05 -0.00106024 0.00459243)
(5.33056e-06 -7.56965e-06 0.00459243)
(-0.000170637 0.000423889 0.00459243)
(0.000276728 0.000671224 0.00459243)
(0.000479026 0.000254696 0.00459243)
(0.000666744 -0.00019532 0.00459243)
(0.000181917 -0.000438581 0.00459243)
(-0.000311617 0.000857308 0.00459243)
(-0.000656337 0.000182064 0.00459243)
(-0.000759557 0.000664251 0.00459243)
(-0.000468886 -0.000270451 0.00459243)
(-0.000264037 -0.00068208 0.00459243)
(0.000324441 -0.000865139 0.00459243)
(0.000770337 -0.000672555 0.00459243)
(0.00125938 0.000101053 0.00459243)
(0.00124473 -0.000509285 0.00459243)
(0.000958037 0.000572491 0.00459243)
(0.000686355 0.000952739 0.00459243)
(-0.000411913 0.00127783 0.00459243)
(-0.000825269 0.00111784 0.00459243)
(-0.00123669 0.00096972 0.00459243)
(-0.00123618 0.000501918 0.00459243)
(-0.001253 -0.000113418 0.00459243)
(-0.000948072 -0.000585007 0.00459243)
(-0.000674808 -0.00096061 0.00459243)
(0.00042228 -0.00128137 0.00459243)
(0.000835044 -0.00111994 0.00459243)
(0.00124319 -0.000970525 0.00459243)
(0.00179085 -1.04206e-05 0.00459243)
(0.00171829 -0.000477546 0.00459243)
(0.00187476 0.000371798 0.00459243)
(0.00162034 0.000620692 0.00459243)
(0.00134491 0.00097979 0.00459243)
(0.00104133 0.00131953 0.00459243)
(-0.000474052 0.00171834 0.00459243)
(-0.000892307 0.00156068 0.00459243)
(-0.00127007 0.00137295 0.00459243)
(-0.00155767 0.00123196 0.00459243)
(-0.00162963 0.000909759 0.00459243)
(-0.00171542 0.00047213 0.00459243)
(-0.00178736 -2.795e-06 0.00459243)
(-0.00186768 -0.000378077 0.00459243)
(-0.00161808 -0.000630614 0.00459243)
(-0.00133982 -0.00098645 0.00459243)
(-0.00103397 -0.0013242 0.00459243)
(0.000481683 -0.00171763 0.00459243)
(0.000900412 -0.00155787 0.00459243)
(0.00127442 -0.00137161 0.00459243)
(0.00156003 -0.0012307 0.00459243)
(0.00163249 -0.000910091 0.00459243)
(0.00221309 0.000505123 0.00459243)
(0.00227 4.03233e-18 0.00459243)
(0.0020452 0.000984916 0.00459243)
(0.00177476 0.00141532 0.00459243)
(0.00141532 0.00177476 0.00459243)
(0.000984916 0.0020452 0.00459243)
(0.000505123 0.00221309 0.00459243)
(1.38997e-19 0.00227 0.00459243)
(-0.000505123 0.00221309 0.00459243)
(-0.000984916 0.0020452 0.00459243)
(-0.00141532 0.00177476 0.00459243)
(-0.00177476 0.00141532 0.00459243)
(-0.0020452 0.000984916 0.00459243)
(-0.00221309 0.000505123 0.00459243)
(-0.00227 -4.93038e-35 0.00459243)
(-0.00221309 -0.000505123 0.00459243)
(-0.0020452 -0.000984916 0.00459243)
(-0.00177476 -0.00141532 0.00459243)
(-0.00141532 -0.00177476 0.00459243)
(-0.000984916 -0.0020452 0.00459243)
(-0.000505123 -0.00221309 0.00459243)
(-1.87717e-18 -0.00227 0.00459243)
(0.000505123 -0.00221309 0.00459243)
(0.000984916 -0.0020452 0.00459243)
(0.00141532 -0.00177476 0.00459243)
(0.00177476 -0.00141532 0.00459243)
(0.0020452 -0.000984916 0.00459243)
(0.00221309 -0.000505123 0.00459243)
(0.000254978 0.00148823 0.00510671)
(0.000352341 0.00178374 0.00510671)
(0.000706634 0.00160009 0.00510671)
(0.000446052 0.00126652 0.00510671)
(-3.43612e-05 0.00140735 0.00510671)
(-4.50004e-05 0.00179745 0.00510671)
(9.8468e-05 0.00105354 0.00510671)
(-0.000243801 -0.00149233 0.00510671)
(-0.000343709 -0.00178639 0.00510671)
(-0.000698232 -0.0016031 0.00510671)
(-0.000433895 -0.00127144 0.00510671)
(4.58617e-05 -0.00141182 0.00510671)
(5.27853e-05 -0.00179973 0.00510671)
(-8.62642e-05 -0.00106024 0.00510671)
(5.33056e-06 -7.56965e-06 0.00510671)
(-0.000170637 0.000423889 0.00510671)
(0.000276728 0.000671224 0.00510671)
(0.000479026 0.000254696 0.00510671)
(0.000666744 -0.00019532 0.00510671)
(0.000181917 -0.000438581 0.00510671)
(-0.000311617 0.000857308 0.00510671)
(-0.000656337 0.000182064 0.00510671)
(-0.000759557 0.000664251 0.00510671)
(-0.000468886 -0.000270451 0.00510671)
(-0.000264037 -0.00068208 0.00510671)
(0.000324441 -0.000865139 0.00510671)
(0.000770337 -0.000672555 0.00510671)
(0.00125938 0.000101053 0.00510671)
(0.00124473 -0.000509285 0.00510671)
(0.000958037 0.000572491 0.00510671)
(0.000686355 0.000952739 0.00510671)
(-0.000411913 0.00127783 0.00510671)
(-0.000825269 0.00111784 0.00510671)
(-0.00123669 0.00096972 0.00510671)
(-0.00123618 0.000501918 0.00510671)
(-0.001253 -0.000113418 0.00510671)
(-0.000948072 -0.000585007 0.00510671)
(-0.000674808 -0.00096061 0.00510671)
(0.00042228 -0.00128137 0.00510671)
(0.000835044 -0.00111994 0.00510671)
(0.00124319 -0.000970525 0.00510671)
(0.00179085 -1.04206e-05 0.00510671)
(0.00171829 -0.000477546 0.00510671)
(0.00187476 0.000371798 0.00510671)
(0.00162034 0.000620692 0.00510671)
(0.00134491 0.00097979 0.00510671)
(0.00104133 0.00131953 0.00510671)
(-0.000474052 0.00171834 0.00510671)
(-0.000892307 0.00156068 0.00510671)
(-0.00127007 0.00137295 0.00510671)
(-0.00155767 0.00123196 0.00510671)
(-0.00162963 0.000909759 0.00510671)
(-0.00171542 0.00047213 0.00510671)
(-0.00178736 -2.795e-06 0.00510671)
(-0.00186768 -0.000378077 0.00510671)
(-0.00161808 -0.000630614 0.00510671)
(-0.00133982 -0.00098645 0.00510671)
(-0.00103397 -0.0013242 0.00510671)
(0.000481683 -0.00171763 0.00510671)
(0.000900412 -0.00155787 0.00510671)
(0.00127442 -0.00137161 0.00510671)
(0.00156003 -0.0012307 0.00510671)
(0.00163249 -0.000910091 0.00510671)
(0.00221309 0.000505123 0.00510671)
(0.00227 0 0.00510671)
(0.0020452 0.000984916 0.00510671)
(0.00177476 0.00141532 0.00510671)
(0.00141532 0.00177476 0.00510671)
(0.000984916 0.0020452 0.00510671)
(0.000505123 0.00221309 0.00510671)
(2.15516e-18 0.00227 0.00510671)
(-0.000505123 0.00221309 0.00510671)
(-0.000984916 0.0020452 0.00510671)
(-0.00141532 0.00177476 0.00510671)
(-0.00177476 0.00141532 0.00510671)
(-0.0020452 0.000984916 0.00510671)
(-0.00221309 0.000505123 0.00510671)
(-0.00227 -4.93038e-35 0.00510671)
(-0.00221309 -0.000505123 0.00510671)
(-0.0020452 -0.000984916 0.00510671)
(-0.00177476 -0.00141532 0.00510671)
(-0.00141532 -0.00177476 0.00510671)
(-0.000984916 -0.0020452 0.00510671)
(-0.000505123 -0.00221309 0.00510671)
(-3.89333e-18 -0.00227 0.00510671)
(0.000505123 -0.00221309 0.00510671)
(0.000984916 -0.0020452 0.00510671)
(0.00141532 -0.00177476 0.00510671)
(0.00177476 -0.00141532 0.00510671)
(0.0020452 -0.000984916 0.00510671)
(0.00221309 -0.000505123 0.00510671)
(0.000254978 0.00148823 0.005621)
(0.000352341 0.00178374 0.005621)
(0.000706634 0.00160009 0.005621)
(0.000446052 0.00126652 0.005621)
(-3.43612e-05 0.00140735 0.005621)
(-4.50004e-05 0.00179745 0.005621)
(9.8468e-05 0.00105354 0.005621)
(-0.000243801 -0.00149233 0.005621)
(-0.000343709 -0.00178639 0.005621)
(-0.000698232 -0.0016031 0.005621)
(-0.000433895 -0.00127144 0.005621)
(4.58617e-05 -0.00141182 0.005621)
(5.27853e-05 -0.00179973 0.005621)
(-8.62642e-05 -0.00106024 0.005621)
(5.33056e-06 -7.56965e-06 0.005621)
(-0.000170637 0.000423889 0.005621)
(0.000276728 0.000671224 0.005621)
(0.000479026 0.000254696 0.005621)
(0.000666744 -0.00019532 0.005621)
(0.000181917 -0.000438581 0.005621)
(-0.000311617 0.000857308 0.005621)
(-0.000656337 0.000182064 0.005621)
(-0.000759557 0.000664251 0.005621)
(-0.000468886 -0.000270451 0.005621)
(-0.000264037 -0.00068208 0.005621)
(0.000324441 -0.000865139 0.005621)
(0.000770337 -0.000672555 0.005621)
(0.00125938 0.000101053 0.005621)
(0.00124473 -0.000509285 0.005621)
(0.000958037 0.000572491 0.005621)
(0.000686355 0.000952739 0.005621)
(-0.000411913 0.00127783 0.005621)
(-0.000825269 0.00111784 0.005621)
(-0.00123669 0.00096972 0.005621)
(-0.00123618 0.000501918 0.005621)
(-0.001253 -0.000113418 0.005621)
(-0.000948072 -0.000585007 0.005621)
(-0.000674808 -0.00096061 0.005621)
(0.00042228 -0.00128137 0.005621)
(0.000835044 -0.00111994 0.005621)
(0.00124319 -0.000970525 0.005621)
(0.00179085 -1.04206e-05 0.005621)
(0.00171829 -0.000477546 0.005621)
(0.00187476 0.000371798 0.005621)
(0.00162034 0.000620692 0.005621)
(0.00134491 0.00097979 0.005621)
(0.00104133 0.00131953 0.005621)
(-0.000474052 0.00171834 0.005621)
(-0.000892307 0.00156068 0.005621)
(-0.00127007 0.00137295 0.005621)
(-0.00155767 0.00123196 0.005621)
(-0.00162963 0.000909759 0.005621)
(-0.00171542 0.00047213 0.005621)
(-0.00178736 -2.795e-06 0.005621)
(-0.00186768 -0.000378077 0.005621)
(-0.00161808 -0.000630614 0.005621)
(-0.00133982 -0.00098645 0.005621)
(-0.00103397 -0.0013242 0.005621)
(0.000481683 -0.00171763 0.005621)
(0.000900412 -0.00155787 0.005621)
(0.00127442 -0.00137161 0.005621)
(0.00156003 -0.0012307 0.005621)
(0.00163249 -0.000910091 0.005621)
(0.00221309 0.000505123 0.005621)
(0.00227 2.01617e-18 0.005621)
(0.0020452 0.000984916 0.005621)
(0.00177476 0.00141532 0.005621)
(0.00141532 0.00177476 0.005621)
(0.000984916 0.0020452 0.005621)
(0.000505123 0.00221309 0.005621)
(4.17133e-18 0.00227 0.005621)
(-0.000505123 0.00221309 0.005621)
(-0.000984916 0.0020452 0.005621)
(-0.00141532 0.00177476 0.005621)
(-0.00177476 0.00141532 0.005621)
(-0.0020452 0.000984916 0.005621)
(-0.00221309 0.000505123 0.005621)
(-0.00227 -4.93038e-35 0.005621)
(-0.00221309 -0.000505123 0.005621)
(-0.0020452 -0.000984916 0.005621)
(-0.00177476 -0.00141532 0.005621)
(-0.00141532 -0.00177476 0.005621)
(-0.000984916 -0.0020452 0.005621)
(-0.000505123 -0.00221309 0.005621)
(1.38997e-19 -0.00227 0.005621)
(0.000505123 -0.00221309 0.005621)
(0.000984916 -0.0020452 0.005621)
(0.00141532 -0.00177476 0.005621)
(0.00177476 -0.00141532 0.005621)
(0.0020452 -0.000984916 0.005621)
(0.00221309 -0.000505123 0.005621)
(0.000254978 0.00148823 0.00613529)
(0.000352341 0.00178374 0.00613529)
(0.000706634 0.00160009 0.00613529)
(0.000446052 0.00126652 0.00613529)
(-3.43612e-05 0.00140735 0.00613529)
(-4.50004e-05 0.00179745 0.00613529)
(9.8468e-05 0.00105354 0.00613529)
(-0.000243801 -0.00149233 0.00613529)
(-0.000343709 -0.00178639 0.00613529)
(-0.000698232 -0.0016031 0.00613529)
(-0.000433895 -0.00127144 0.00613529)
(4.58617e-05 -0.00141182 0.00613529)
(5.27853e-05 -0.00179973 0.00613529)
(-8.62642e-05 -0.00106024 0.00613529)
(5.33056e-06 -7.56965e-06 0.00613529)
(-0.000170637 0.000423889 0.00613529)
(0.000276728 0.000671224 0.00613529)
(0.000479026 0.000254696 0.00613529)
(0.000666744 -0.00019532 0.00613529)
(0.000181917 -0.000438581 0.00613529)
(-0.000311617 0.000857308 0.00613529)
(-0.000656337 0.000182064 0.00613529)
(-0.000759557 0.000664251 0.00613529)
(-0.000468886 -0.000270451 0.00613529)
(-0.000264037 -0.00068208 0.00613529)
(0.000324441 -0.000865139 0.00613529)
(0.000770337 -0.000672555 0.00613529)
(0.00125938 0.000101053 0.00613529)
(0.00124473 -0.000509285 0.00613529)
(0.000958037 0.000572491 0.00613529)
(0.000686355 0.000952739 0.00613529)
(-0.000411913 0.00127783 0.00613529)
(-0.000825269 0.00111784 0.00613529)
(-0.00123669 0.00096972 0.00613529)
(-0.00123618 0.000501918 0.00613529)
(-0.001253 -0.000113418 0.00613529)
(-0.000948072 -0.000585007 0.00613529)
(-0.000674808 -0.00096061 0.00613529)
(0.00042228 -0.00128137 0.00613529)
(0.000835044 -0.00111994 0.00613529)
(0.00124319 -0.000970525 0.00613529)
(0.00179085 -1.04206e-05 0.00613529)
(0.00171829 -0.000477546 0.00613529)
(0.00187476 0.000371798 0.00613529)
(0.00162034 0.000620692 0.00613529)
(0.00134491 0.00097979 0.00613529)
(0.00104133 0.00131953 0.00613529)
(-0.000474052 0.00171834 0.00613529)
(-0.000892307 0.00156068 0.00613529)
(-0.00127007 0.00137295 0.00613529)
(-0.00155767 0.00123196 0.00613529)
(-0.00162963 0.000909759 0.00613529)
(-0.00171542 0.00047213 0.00613529)
(-0.00178736 -2.795e-06 0.00613529)
(-0.00186768 -0.000378077 0.00613529)
(-0.00161808 -0.000630614 0.00613529)
(-0.00133982 -0.00098645 0.00613529)
(-0.00103397 -0.0013242 0.00613529)
(0.000481683 -0.00171763 0.00613529)
(0.000900412 -0.00155787 0.00613529)
(0.00127442 -0.00137161 0.00613529)
(0.00156003 -0.0012307 0.00613529)
(0.00163249 -0.000910091 0.00613529)
(0.00221309 0.000505123 0.00613529)
(0.00227 0 0.00613529)
(0.0020452 0.000984916 0.00613529)
(0.00177476 0.00141532 0.00613529)
(0.00141532 0.00177476 0.00613529)
(0.000984916 0.0020452 0.00613529)
(0.000505123 0.00221309 0.00613529)
(1.38997e-19 0.00227 0.00613529)
(-0.000505123 0.00221309 0.00613529)
(-0.000984916 0.0020452 0.00613529)
(-0.00141532 0.00177476 0.00613529)
(-0.00177476 0.00141532 0.00613529)
(-0.0020452 0.000984916 0.00613529)
(-0.00221309 0.000505123 0.00613529)
(-0.00227 -4.93038e-35 0.00613529)
(-0.00221309 -0.000505123 0.00613529)
(-0.0020452 -0.000984916 0.00613529)
(-0.00177476 -0.00141532 0.00613529)
(-0.00141532 -0.00177476 0.00613529)
(-0.000984916 -0.0020452 0.00613529)
(-0.000505123 -0.00221309 0.00613529)
(4.17133e-18 -0.00227 0.00613529)
(0.000505123 -0.00221309 0.00613529)
(0.000984916 -0.0020452 0.00613529)
(0.00141532 -0.00177476 0.00613529)
(0.00177476 -0.00141532 0.00613529)
(0.0020452 -0.000984916 0.00613529)
(0.00221309 -0.000505123 0.00613529)
(0.000254978 0.00148823 0.00664957)
(0.000352341 0.00178374 0.00664957)
(0.000706634 0.00160009 0.00664957)
(0.000446052 0.00126652 0.00664957)
(-3.43612e-05 0.00140735 0.00664957)
(-4.50004e-05 0.00179745 0.00664957)
(9.8468e-05 0.00105354 0.00664957)
(-0.000243801 -0.00149233 0.00664957)
(-0.000343709 -0.00178639 0.00664957)
(-0.000698232 -0.0016031 0.00664957)
(-0.000433895 -0.00127144 0.00664957)
(4.58617e-05 -0.00141182 0.00664957)
(5.27853e-05 -0.00179973 0.00664957)
(-8.62642e-05 -0.00106024 0.00664957)
(5.33056e-06 -7.56965e-06 0.00664957)
(-0.000170637 0.000423889 0.00664957)
(0.000276728 0.000671224 0.00664957)
(0.000479026 0.000254696 0.00664957)
(0.000666744 -0.00019532 0.00664957)
(0.000181917 -0.000438581 0.00664957)
(-0.000311617 0.000857308 0.00664957)
(-0.000656337 0.000182064 0.00664957)
(-0.000759557 0.000664251 0.00664957)
(-0.000468886 -0.000270451 0.00664957)
(-0.000264037 -0.00068208 0.00664957)
(0.000324441 -0.000865139 0.00664957)
(0.000770337 -0.000672555 0.00664957)
(0.00125938 0.000101053 0.00664957)
(0.00124473 -0.000509285 0.00664957)
(0.000958037 0.000572491 0.00664957)
(0.000686355 0.000952739 0.00664957)
(-0.000411913 0.00127783 0.00664957)
(-0.000825269 0.00111784 0.00664957)
(-0.00123669 0.00096972 0.00664957)
(-0.00123618 0.000501918 0.00664957)
(-0.001253 -0.000113418 0.00664957)
(-0.000948072 -0.000585007 0.00664957)
(-0.000674808 -0.00096061 0.00664957)
(0.00042228 -0.00128137 0.00664957)
(0.000835044 -0.00111994 0.00664957)
(0.00124319 -0.000970525 0.00664957)
(0.00179085 -1.04206e-05 0.00664957)
(0.00171829 -0.000477546 0.00664957)
(0.00187476 0.000371798 0.00664957)
(0.00162034 0.000620692 0.00664957)
(0.00134491 0.00097979 0.00664957)
(0.00104133 0.00131953 0.00664957)
(-0.000474052 0.00171834 0.00664957)
(-0.000892307 0.00156068 0.00664957)
(-0.00127007 0.00137295 0.00664957)
(-0.00155767 0.00123196 0.00664957)
(-0.00162963 0.000909759 0.00664957)
(-0.00171542 0.00047213 0.00664957)
(-0.00178736 -2.795e-06 0.00664957)
(-0.00186768 -0.000378077 0.00664957)
(-0.00161808 -0.000630614 0.00664957)
(-0.00133982 -0.00098645 0.00664957)
(-0.00103397 -0.0013242 0.00664957)
(0.000481683 -0.00171763 0.00664957)
(0.000900412 -0.00155787 0.00664957)
(0.00127442 -0.00137161 0.00664957)
(0.00156003 -0.0012307 0.00664957)
(0.00163249 -0.000910091 0.00664957)
(0.00221309 0.000505123 0.00664957)
(0.00227 0 0.00664957)
(0.0020452 0.000984916 0.00664957)
(0.00177476 0.00141532 0.00664957)
(0.00141532 0.00177476 0.00664957)
(0.000984916 0.0020452 0.00664957)
(0.000505123 0.00221309 0.00664957)
(1.38997e-19 0.00227 0.00664957)
(-0.000505123 0.00221309 0.00664957)
(-0.000984916 0.0020452 0.00664957)
(-0.00141532 0.00177476 0.00664957)
(-0.00177476 0.00141532 0.00664957)
(-0.0020452 0.000984916 0.00664957)
(-0.00221309 0.000505123 0.00664957)
(-0.00227 -4.93038e-35 0.00664957)
(-0.00221309 -0.000505123 0.00664957)
(-0.0020452 -0.000984916 0.00664957)
(-0.00177476 -0.00141532 0.00664957)
(-0.00141532 -0.00177476 0.00664957)
(-0.000984916 -0.0020452 0.00664957)
(-0.000505123 -0.00221309 0.00664957)
(-3.89333e-18 -0.00227 0.00664957)
(0.000505123 -0.00221309 0.00664957)
(0.000984916 -0.0020452 0.00664957)
(0.00141532 -0.00177476 0.00664957)
(0.00177476 -0.00141532 0.00664957)
(0.0020452 -0.000984916 0.00664957)
(0.00221309 -0.000505123 0.00664957)
(0.000254978 0.00148823 0.00716386)
(0.000352341 0.00178374 0.00716386)
(0.000706634 0.00160009 0.00716386)
(0.000446052 0.00126652 0.00716386)
(-3.43612e-05 0.00140735 0.00716386)
(-4.50004e-05 0.00179745 0.00716386)
(9.8468e-05 0.00105354 0.00716386)
(-0.000243801 -0.00149233 0.00716386)
(-0.000343709 -0.00178639 0.00716386)
(-0.000698232 -0.0016031 0.00716386)
(-0.000433895 -0.00127144 0.00716386)
(4.58617e-05 -0.00141182 0.00716386)
(5.27853e-05 -0.00179973 0.00716386)
(-8.62642e-05 -0.00106024 0.00716386)
(5.33056e-06 -7.56965e-06 0.00716386)
(-0.000170637 0.000423889 0.00716386)
(0.000276728 0.000671224 0.00716386)
(0.000479026 0.000254696 0.00716386)
(0.000666744 -0.00019532 0.00716386)
(0.000181917 -0.000438581 0.00716386)
(-0.000311617 0.000857308 0.00716386)
(-0.000656337 0.000182064 0.00716386)
(-0.000759557 0.000664251 0.00716386)
(-0.000468886 -0.000270451 0.00716386)
(-0.000264037 -0.00068208 0.00716386)
(0.000324441 -0.000865139 0.00716386)
(0.000770337 -0.000672555 0.00716386)
(0.00125938 0.000101053 0.00716386)
(0.00124473 -0.000509285 0.00716386)
(0.000958037 0.000572491 0.00716386)
(0.000686355 0.000952739 0.00716386)
(-0.000411913 0.00127783 0.00716386)
(-0.000825269 0.00111784 0.00716386)
(-0.00123669 0.00096972 0.00716386)
(-0.00123618 0.000501918 0.00716386)
(-0.001253 -0.000113418 0.00716386)
(-0.000948072 -0.000585007 0.00716386)
(-0.000674808 -0.00096061 0.00716386)
(0.00042228 -0.00128137 0.00716386)
(0.000835044 -0.00111994 0.00716386)
(0.00124319 -0.000970525 0.00716386)
(0.00179085 -1.04206e-05 0.00716386)
(0.00171829 -0.000477546 0.00716386)
(0.00187476 0.000371798 0.00716386)
(0.00162034 0.000620692 0.00716386)
(0.00134491 0.00097979 0.00716386)
(0.00104133 0.00131953 0.00716386)
(-0.000474052 0.00171834 0.00716386)
(-0.000892307 0.00156068 0.00716386)
(-0.00127007 0.00137295 0.00716386)
(-0.00155767 0.00123196 0.00716386)
(-0.00162963 0.000909759 0.00716386)
(-0.00171542 0.00047213 0.00716386)
(-0.00178736 -2.795e-06 0.00716386)
(-0.00186768 -0.000378077 0.00716386)
(-0.00161808 -0.000630614 0.00716386)
(-0.00133982 -0.00098645 0.00716386)
(-0.00103397 -0.0013242 0.00716386)
(0.000481683 -0.00171763 0.00716386)
(0.000900412 -0.00155787 0.00716386)
(0.00127442 -0.00137161 0.00716386)
(0.00156003 -0.0012307 0.00716386)
(0.00163249 -0.000910091 0.00716386)
(0.00221309 0.000505123 0.00716386)
(0.00227 0 0.00716386)
(0.0020452 0.000984916 0.00716386)
(0.00177476 0.00141532 0.00716386)
(0.00141532 0.00177476 0.00716386)
(0.000984916 0.0020452 0.00716386)
(0.000505123 0.00221309 0.00716386)
(1.38997e-19 0.00227 0.00716386)
(-0.000505123 0.00221309 0.00716386)
(-0.000984916 0.0020452 0.00716386)
(-0.00141532 0.00177476 0.00716386)
(-0.00177476 0.00141532 0.00716386)
(-0.0020452 0.000984916 0.00716386)
(-0.00221309 0.000505123 0.00716386)
(-0.00227 -4.93038e-35 0.00716386)
(-0.00221309 -0.000505123 0.00716386)
(-0.0020452 -0.000984916 0.00716386)
(-0.00177476 -0.00141532 0.00716386)
(-0.00141532 -0.00177476 0.00716386)
(-0.000984916 -0.0020452 0.00716386)
(-0.000505123 -0.00221309 0.00716386)
(-3.89333e-18 -0.00227 0.00716386)
(0.000505123 -0.00221309 0.00716386)
(0.000984916 -0.0020452 0.00716386)
(0.00141532 -0.00177476 0.00716386)
(0.00177476 -0.00141532 0.00716386)
(0.0020452 -0.000984916 0.00716386)
(0.00221309 -0.000505123 0.00716386)
(0.000254978 0.00148823 0.00767814)
(0.000352341 0.00178374 0.00767814)
(0.000706634 0.00160009 0.00767814)
(0.000446052 0.00126652 0.00767814)
(-3.43612e-05 0.00140735 0.00767814)
(-4.50004e-05 0.00179745 0.00767814)
(9.8468e-05 0.00105354 0.00767814)
(-0.000243801 -0.00149233 0.00767814)
(-0.000343709 -0.00178639 0.00767814)
(-0.000698232 -0.0016031 0.00767814)
(-0.000433895 -0.00127144 0.00767814)
(4.58617e-05 -0.00141182 0.00767814)
(5.27853e-05 -0.00179973 0.00767814)
(-8.62642e-05 -0.00106024 0.00767814)
(5.33056e-06 -7.56965e-06 0.00767814)
(-0.000170637 0.000423889 0.00767814)
(0.000276728 0.000671224 0.00767814)
(0.000479026 0.000254696 0.00767814)
(0.000666744 -0.00019532 0.00767814)
(0.000181917 -0.000438581 0.00767814)
(-0.000311617 0.000857308 0.00767814)
(-0.000656337 0.000182064 0.00767814)
(-0.000759557 0.000664251 0.00767814)
(-0.000468886 -0.000270451 0.00767814)
(-0.000264037 -0.00068208 0.00767814)
(0.000324441 -0.000865139 0.00767814)
(0.000770337 -0.000672555 0.00767814)
(0.00125938 0.000101053 0.00767814)
(0.00124473 -0.000509285 0.00767814)
(0.000958037 0.000572491 0.00767814)
(0.000686355 0.000952739 0.00767814)
(-0.000411913 0.00127783 0.00767814)
(-0.000825269 0.00111784 0.00767814)
(-0.00123669 0.00096972 0.00767814)
(-0.00123618 0.000501918 0.00767814)
(-0.001253 -0.000113418 0.00767814)
(-0.000948072 -0.000585007 0.00767814)
(-0.000674808 -0.00096061 0.00767814)
(0.00042228 -0.00128137 0.00767814)
(0.000835044 -0.00111994 0.00767814)
(0.00124319 -0.000970525 0.00767814)
(0.00179085 -1.04206e-05 0.00767814)
(0.00171829 -0.000477546 0.00767814)
(0.00187476 0.000371798 0.00767814)
(0.00162034 0.000620692 0.00767814)
(0.00134491 0.00097979 0.00767814)
(0.00104133 0.00131953 0.00767814)
(-0.000474052 0.00171834 0.00767814)
(-0.000892307 0.00156068 0.00767814)
(-0.00127007 0.00137295 0.00767814)
(-0.00155767 0.00123196 0.00767814)
(-0.00162963 0.000909759 0.00767814)
(-0.00171542 0.00047213 0.00767814)
(-0.00178736 -2.795e-06 0.00767814)
(-0.00186768 -0.000378077 0.00767814)
(-0.00161808 -0.000630614 0.00767814)
(-0.00133982 -0.00098645 0.00767814)
(-0.00103397 -0.0013242 0.00767814)
(0.000481683 -0.00171763 0.00767814)
(0.000900412 -0.00155787 0.00767814)
(0.00127442 -0.00137161 0.00767814)
(0.00156003 -0.0012307 0.00767814)
(0.00163249 -0.000910091 0.00767814)
(0.00221309 0.000505123 0.00767814)
(0.00227 2.01617e-18 0.00767814)
(0.0020452 0.000984916 0.00767814)
(0.00177476 0.00141532 0.00767814)
(0.00141532 0.00177476 0.00767814)
(0.000984916 0.0020452 0.00767814)
(0.000505123 0.00221309 0.00767814)
(4.17133e-18 0.00227 0.00767814)
(-0.000505123 0.00221309 0.00767814)
(-0.000984916 0.0020452 0.00767814)
(-0.00141532 0.00177476 0.00767814)
(-0.00177476 0.00141532 0.00767814)
(-0.0020452 0.000984916 0.00767814)
(-0.00221309 0.000505123 0.00767814)
(-0.00227 -4.93038e-35 0.00767814)
(-0.00221309 -0.000505123 0.00767814)
(-0.0020452 -0.000984916 0.00767814)
(-0.00177476 -0.00141532 0.00767814)
(-0.00141532 -0.00177476 0.00767814)
(-0.000984916 -0.0020452 0.00767814)
(-0.000505123 -0.00221309 0.00767814)
(4.17133e-18 -0.00227 0.00767814)
(0.000505123 -0.00221309 0.00767814)
(0.000984916 -0.0020452 0.00767814)
(0.00141532 -0.00177476 0.00767814)
(0.00177476 -0.00141532 0.00767814)
(0.0020452 -0.000984916 0.00767814)
(0.00221309 -0.000505123 0.00767814)
(0.000254978 0.00148823 0.00819243)
(0.000352341 0.00178374 0.00819243)
(0.000706634 0.00160009 0.00819243)
(0.000446052 0.00126652 0.00819243)
(-3.43612e-05 0.00140735 0.00819243)
(-4.50004e-05 0.00179745 0.00819243)
(9.8468e-05 0.00105354 0.00819243)
(-0.000243801 -0.00149233 0.00819243)
(-0.000343709 -0.00178639 0.00819243)
(-0.000698232 -0.0016031 0.00819243)
(-0.000433895 -0.00127144 0.00819243)
(4.58617e-05 -0.00141182 0.00819243)
(5.27853e-05 -0.00179973 0.00819243)
(-8.62642e-05 -0.00106024 0.00819243)
(5.33056e-06 -7.56965e-06 0.00819243)
(-0.000170637 0.000423889 0.00819243)
(0.000276728 0.000671224 0.00819243)
(0.000479026 0.000254696 0.00819243)
(0.000666744 -0.00019532 0.00819243)
(0.000181917 -0.000438581 0.00819243)
(-0.000311617 0.000857308 0.00819243)
(-0.000656337 0.000182064 0.00819243)
(-0.000759557 0.000664251 0.00819243)
(-0.000468886 -0.000270451 0.00819243)
(-0.000264037 -0.00068208 0.00819243)
(0.000324441 -0.000865139 0.00819243)
(0.000770337 -0.000672555 0.00819243)
(0.00125938 0.000101053 0.00819243)
(0.00124473 -0.000509285 0.00819243)
(0.000958037 0.000572491 0.00819243)
(0.000686355 0.000952739 0.00819243)
(-0.000411913 0.00127783 0.00819243)
(-0.000825269 0.00111784 0.00819243)
(-0.00123669 0.00096972 0.00819243)
(-0.00123618 0.000501918 0.00819243)
(-0.001253 -0.000113418 0.00819243)
(-0.000948072 -0.000585007 0.00819243)
(-0.000674808 -0.00096061 0.00819243)
(0.00042228 -0.00128137 0.00819243)
(0.000835044 -0.00111994 0.00819243)
(0.00124319 -0.000970525 0.00819243)
(0.00179085 -1.04206e-05 0.00819243)
(0.00171829 -0.000477546 0.00819243)
(0.00187476 0.000371798 0.00819243)
(0.00162034 0.000620692 0.00819243)
(0.00134491 0.00097979 0.00819243)
(0.00104133 0.00131953 0.00819243)
(-0.000474052 0.00171834 0.00819243)
(-0.000892307 0.00156068 0.00819243)
(-0.00127007 0.00137295 0.00819243)
(-0.00155767 0.00123196 0.00819243)
(-0.00162963 0.000909759 0.00819243)
(-0.00171542 0.00047213 0.00819243)
(-0.00178736 -2.795e-06 0.00819243)
(-0.00186768 -0.000378077 0.00819243)
(-0.00161808 -0.000630614 0.00819243)
(-0.00133982 -0.00098645 0.00819243)
(-0.00103397 -0.0013242 0.00819243)
(0.000481683 -0.00171763 0.00819243)
(0.000900412 -0.00155787 0.00819243)
(0.00127442 -0.00137161 0.00819243)
(0.00156003 -0.0012307 0.00819243)
(0.00163249 -0.000910091 0.00819243)
(0.00221309 0.000505123 0.00819243)
(0.00227 0 0.00819243)
(0.0020452 0.000984916 0.00819243)
(0.00177476 0.00141532 0.00819243)
(0.00141532 0.00177476 0.00819243)
(0.000984916 0.0020452 0.00819243)
(0.000505123 0.00221309 0.00819243)
(1.38997e-19 0.00227 0.00819243)
(-0.000505123 0.00221309 0.00819243)
(-0.000984916 0.0020452 0.00819243)
(-0.00141532 0.00177476 0.00819243)
(-0.00177476 0.00141532 0.00819243)
(-0.0020452 0.000984916 0.00819243)
(-0.00221309 0.000505123 0.00819243)
(-0.00227 -4.93038e-35 0.00819243)
(-0.00221309 -0.000505123 0.00819243)
(-0.0020452 -0.000984916 0.00819243)
(-0.00177476 -0.00141532 0.00819243)
(-0.00141532 -0.00177476 0.00819243)
(-0.000984916 -0.0020452 0.00819243)
(-0.000505123 -0.00221309 0.00819243)
(-3.89333e-18 -0.00227 0.00819243)
(0.000505123 -0.00221309 0.00819243)
(0.000984916 -0.0020452 0.00819243)
(0.00141532 -0.00177476 0.00819243)
(0.00177476 -0.00141532 0.00819243)
(0.0020452 -0.000984916 0.00819243)
(0.00221309 -0.000505123 0.00819243)
(0.000254978 0.00148823 0.00870671)
(0.000352341 0.00178374 0.00870671)
(0.000706634 0.00160009 0.00870671)
(0.000446052 0.00126652 0.00870671)
(-3.43612e-05 0.00140735 0.00870671)
(-4.50004e-05 0.00179745 0.00870671)
(9.8468e-05 0.00105354 0.00870671)
(-0.000243801 -0.00149233 0.00870671)
(-0.000343709 -0.00178639 0.00870671)
(-0.000698232 -0.0016031 0.00870671)
(-0.000433895 -0.00127144 0.00870671)
(4.58617e-05 -0.00141182 0.00870671)
(5.27853e-05 -0.00179973 0.00870671)
(-8.62642e-05 -0.00106024 0.00870671)
(5.33056e-06 -7.56965e-06 0.00870671)
(-0.000170637 0.000423889 0.00870671)
(0.000276728 0.000671224 0.00870671)
(0.000479026 0.000254696 0.00870671)
(0.000666744 -0.00019532 0.00870671)
(0.000181917 -0.000438581 0.00870671)
(-0.000311617 0.000857308 0.00870671)
(-0.000656337 0.000182064 0.00870671)
(-0.000759557 0.000664251 0.00870671)
(-0.000468886 -0.000270451 0.00870671)
(-0.000264037 -0.00068208 0.00870671)
(0.000324441 -0.000865139 0.00870671)
(0.000770337 -0.000672555 0.00870671)
(0.00125938 0.000101053 0.00870671)
(0.00124473 -0.000509285 0.00870671)
(0.000958037 0.000572491 0.00870671)
(0.000686355 0.000952739 0.00870671)
(-0.000411913 0.00127783 0.00870671)
(-0.000825269 0.00111784 0.00870671)
(-0.00123669 0.00096972 0.00870671)
(-0.00123618 0.000501918 0.00870671)
(-0.001253 -0.000113418 0.00870671)
(-0.000948072 -0.000585007 0.00870671)
(-0.000674808 -0.00096061 0.00870671)
(0.00042228 -0.00128137 0.00870671)
(0.000835044 -0.00111994 0.00870671)
(0.00124319 -0.000970525 0.00870671)
(0.00179085 -1.04206e-05 0.00870671)
(0.00171829 -0.000477546 0.00870671)
(0.00187476 0.000371798 0.00870671)
(0.00162034 0.000620692 0.00870671)
(0.00134491 0.00097979 0.00870671)
(0.00104133 0.00131953 0.00870671)
(-0.000474052 0.00171834 0.00870671)
(-0.000892307 0.00156068 0.00870671)
(-0.00127007 0.00137295 0.00870671)
(-0.00155767 0.00123196 0.00870671)
(-0.00162963 0.000909759 0.00870671)
(-0.00171542 0.00047213 0.00870671)
(-0.00178736 -2.795e-06 0.00870671)
(-0.00186768 -0.000378077 0.00870671)
(-0.00161808 -0.000630614 0.00870671)
(-0.00133982 -0.00098645 0.00870671)
(-0.00103397 -0.0013242 0.00870671)
(0.000481683 -0.00171763 0.00870671)
(0.000900412 -0.00155787 0.00870671)
(0.00127442 -0.00137161 0.00870671)
(0.00156003 -0.0012307 0.00870671)
(0.00163249 -0.000910091 0.00870671)
(0.00221309 0.000505123 0.00870671)
(0.00227 -2.01617e-18 0.00870671)
(0.0020452 0.000984916 0.00870671)
(0.00177476 0.00141532 0.00870671)
(0.00141532 0.00177476 0.00870671)
(0.000984916 0.0020452 0.00870671)
(0.000505123 0.00221309 0.00870671)
(-3.89333e-18 0.00227 0.00870671)
(-0.000505123 0.00221309 0.00870671)
(-0.000984916 0.0020452 0.00870671)
(-0.00141532 0.00177476 0.00870671)
(-0.00177476 0.00141532 0.00870671)
(-0.0020452 0.000984916 0.00870671)
(-0.00221309 0.000505123 0.00870671)
(-0.00227 -4.93038e-35 0.00870671)
(-0.00221309 -0.000505123 0.00870671)
(-0.0020452 -0.000984916 0.00870671)
(-0.00177476 -0.00141532 0.00870671)
(-0.00141532 -0.00177476 0.00870671)
(-0.000984916 -0.0020452 0.00870671)
(-0.000505123 -0.00221309 0.00870671)
(-3.89333e-18 -0.00227 0.00870671)
(0.000505123 -0.00221309 0.00870671)
(0.000984916 -0.0020452 0.00870671)
(0.00141532 -0.00177476 0.00870671)
(0.00177476 -0.00141532 0.00870671)
(0.0020452 -0.000984916 0.00870671)
(0.00221309 -0.000505123 0.00870671)
(0.000254978 0.00148823 0.009221)
(0.000352341 0.00178374 0.009221)
(0.000706634 0.00160009 0.009221)
(0.000446052 0.00126652 0.009221)
(-3.43612e-05 0.00140735 0.009221)
(-4.50004e-05 0.00179745 0.009221)
(9.8468e-05 0.00105354 0.009221)
(-0.000243801 -0.00149233 0.009221)
(-0.000343709 -0.00178639 0.009221)
(-0.000698232 -0.0016031 0.009221)
(-0.000433895 -0.00127144 0.009221)
(4.58617e-05 -0.00141182 0.009221)
(5.27853e-05 -0.00179973 0.009221)
(-8.62642e-05 -0.00106024 0.009221)
(5.33056e-06 -7.56965e-06 0.009221)
(-0.000170637 0.000423889 0.009221)
(0.000276728 0.000671224 0.009221)
(0.000479026 0.000254696 0.009221)
(0.000666744 -0.00019532 0.009221)
(0.000181917 -0.000438581 0.009221)
(-0.000311617 0.000857308 0.009221)
(-0.000656337 0.000182064 0.009221)
(-0.000759557 0.000664251 0.009221)
(-0.000468886 -0.000270451 0.009221)
(-0.000264037 -0.00068208 0.009221)
(0.000324441 -0.000865139 0.009221)
(0.000770337 -0.000672555 0.009221)
(0.00125938 0.000101053 0.009221)
(0.00124473 -0.000509285 0.009221)
(0.000958037 0.000572491 0.009221)
(0.000686355 0.000952739 0.009221)
(-0.000411913 0.00127783 0.009221)
(-0.000825269 0.00111784 0.009221)
(-0.00123669 0.00096972 0.009221)
(-0.00123618 0.000501918 0.009221)
(-0.001253 -0.000113418 0.009221)
(-0.000948072 -0.000585007 0.009221)
(-0.000674808 -0.00096061 0.009221)
(0.00042228 -0.00128137 0.009221)
(0.000835044 -0.00111994 0.009221)
(0.00124319 -0.000970525 0.009221)
(0.00179085 -1.04206e-05 0.009221)
(0.00171829 -0.000477546 0.009221)
(0.00187476 0.000371798 0.009221)
(0.00162034 0.000620692 0.009221)
(0.00134491 0.00097979 0.009221)
(0.00104133 0.00131953 0.009221)
(-0.000474052 0.00171834 0.009221)
(-0.000892307 0.00156068 0.009221)
(-0.00127007 0.00137295 0.009221)
(-0.00155767 0.00123196 0.009221)
(-0.00162963 0.000909759 0.009221)
(-0.00171542 0.00047213 0.009221)
(-0.00178736 -2.795e-06 0.009221)
(-0.00186768 -0.000378077 0.009221)
(-0.00161808 -0.000630614 0.009221)
(-0.00133982 -0.00098645 0.009221)
(-0.00103397 -0.0013242 0.009221)
(0.000481683 -0.00171763 0.009221)
(0.000900412 -0.00155787 0.009221)
(0.00127442 -0.00137161 0.009221)
(0.00156003 -0.0012307 0.009221)
(0.00163249 -0.000910091 0.009221)
(0.00221309 0.000505123 0.009221)
(0.00227 0 0.009221)
(0.0020452 0.000984916 0.009221)
(0.00177476 0.00141532 0.009221)
(0.00141532 0.00177476 0.009221)
(0.000984916 0.0020452 0.009221)
(0.000505123 0.00221309 0.009221)
(1.38997e-19 0.00227 0.009221)
(-0.000505123 0.00221309 0.009221)
(-0.000984916 0.0020452 0.009221)
(-0.00141532 0.00177476 0.009221)
(-0.00177476 0.00141532 0.009221)
(-0.0020452 0.000984916 0.009221)
(-0.00221309 0.000505123 0.009221)
(-0.00227 2.77995e-19 0.009221)
(-0.00221309 -0.000505123 0.009221)
(-0.0020452 -0.000984916 0.009221)
(-0.00177476 -0.00141532 0.009221)
(-0.00141532 -0.00177476 0.009221)
(-0.000984916 -0.0020452 0.009221)
(-0.000505123 -0.00221309 0.009221)
(1.38997e-19 -0.00227 0.009221)
(0.000505123 -0.00221309 0.009221)
(0.000984916 -0.0020452 0.009221)
(0.00141532 -0.00177476 0.009221)
(0.00177476 -0.00141532 0.009221)
(0.0020452 -0.000984916 0.009221)
(0.00221309 -0.000505123 0.009221)
(0.000254978 0.00148823 0.00972111)
(0.000352341 0.00178374 0.00972111)
(0.000706634 0.00160009 0.00972111)
(0.000446052 0.00126652 0.00972111)
(-3.43612e-05 0.00140735 0.00972111)
(-4.50004e-05 0.00179745 0.00972111)
(9.8468e-05 0.00105354 0.00972111)
(-0.000243801 -0.00149233 0.00972111)
(-0.000343709 -0.00178639 0.00972111)
(-0.000698232 -0.0016031 0.00972111)
(-0.000433895 -0.00127144 0.00972111)
(4.58617e-05 -0.00141182 0.00972111)
(5.27853e-05 -0.00179973 0.00972111)
(-8.62642e-05 -0.00106024 0.00972111)
(5.33056e-06 -7.56965e-06 0.00972111)
(-0.000170637 0.000423889 0.00972111)
(0.000276728 0.000671224 0.00972111)
(0.000479026 0.000254696 0.00972111)
(0.000666744 -0.00019532 0.00972111)
(0.000181917 -0.000438581 0.00972111)
(-0.000311617 0.000857308 0.00972111)
(-0.000656337 0.000182064 0.00972111)
(-0.000759557 0.000664251 0.00972111)
(-0.000468886 -0.000270451 0.00972111)
(-0.000264037 -0.00068208 0.00972111)
(0.000324441 -0.000865139 0.00972111)
(0.000770337 -0.000672555 0.00972111)
(0.00125938 0.000101053 0.00972111)
(0.00124473 -0.000509285 0.00972111)
(0.000958037 0.000572491 0.00972111)
(0.000686355 0.000952739 0.00972111)
(-0.000411913 0.00127783 0.00972111)
(-0.000825269 0.00111784 0.00972111)
(-0.00123669 0.00096972 0.00972111)
(-0.00123618 0.000501918 0.00972111)
(-0.001253 -0.000113418 0.00972111)
(-0.000948072 -0.000585007 0.00972111)
(-0.000674808 -0.00096061 0.00972111)
(0.00042228 -0.00128137 0.00972111)
(0.000835044 -0.00111994 0.00972111)
(0.00124319 -0.000970525 0.00972111)
(0.00179085 -1.04206e-05 0.00972111)
(0.00171829 -0.000477546 0.00972111)
(0.00187476 0.000371798 0.00972111)
(0.00162034 0.000620692 0.00972111)
(0.00134491 0.00097979 0.00972111)
(0.00104133 0.00131953 0.00972111)
(-0.000474052 0.00171834 0.00972111)
(-0.000892307 0.00156068 0.00972111)
(-0.00127007 0.00137295 0.00972111)
(-0.00155767 0.00123196 0.00972111)
(-0.00162963 0.000909759 0.00972111)
(-0.00171542 0.00047213 0.00972111)
(-0.00178736 -2.795e-06 0.00972111)
(-0.00186768 -0.000378077 0.00972111)
(-0.00161808 -0.000630614 0.00972111)
(-0.00133982 -0.00098645 0.00972111)
(-0.00103397 -0.0013242 0.00972111)
(0.000481683 -0.00171763 0.00972111)
(0.000900412 -0.00155787 0.00972111)
(0.00127442 -0.00137161 0.00972111)
(0.00156003 -0.0012307 0.00972111)
(0.00163249 -0.000910091 0.00972111)
(0.00221309 0.000505123 0.00972111)
(0.00227 -2.01617e-18 0.00972111)
(0.0020452 0.000984916 0.00972111)
(0.00177476 0.00141532 0.00972111)
(0.00141532 0.00177476 0.00972111)
(0.000984916 0.0020452 0.00972111)
(0.000505123 0.00221309 0.00972111)
(-3.89333e-18 0.00227 0.00972111)
(-0.000505123 0.00221309 0.00972111)
(-0.000984916 0.0020452 0.00972111)
(-0.00141532 0.00177476 0.00972111)
(-0.00177476 0.00141532 0.00972111)
(-0.0020452 0.000984916 0.00972111)
(-0.00221309 0.000505123 0.00972111)
(-0.00227 2.77995e-19 0.00972111)
(-0.00221309 -0.000505123 0.00972111)
(-0.0020452 -0.000984916 0.00972111)
(-0.00177476 -0.00141532 0.00972111)
(-0.00141532 -0.00177476 0.00972111)
(-0.000984916 -0.0020452 0.00972111)
(-0.000505123 -0.00221309 0.00972111)
(-1.87717e-18 -0.00227 0.00972111)
(0.000505123 -0.00221309 0.00972111)
(0.000984916 -0.0020452 0.00972111)
(0.00141532 -0.00177476 0.00972111)
(0.00177476 -0.00141532 0.00972111)
(0.0020452 -0.000984916 0.00972111)
(0.00221309 -0.000505123 0.00972111)
(0.000254978 0.00148823 0.0102212)
(0.000352341 0.00178374 0.0102212)
(0.000706634 0.00160009 0.0102212)
(0.000446052 0.00126652 0.0102212)
(-3.43612e-05 0.00140735 0.0102212)
(-4.50004e-05 0.00179745 0.0102212)
(9.8468e-05 0.00105354 0.0102212)
(-0.000243801 -0.00149233 0.0102212)
(-0.000343709 -0.00178639 0.0102212)
(-0.000698232 -0.0016031 0.0102212)
(-0.000433895 -0.00127144 0.0102212)
(4.58617e-05 -0.00141182 0.0102212)
(5.27853e-05 -0.00179973 0.0102212)
(-8.62642e-05 -0.00106024 0.0102212)
(5.33056e-06 -7.56965e-06 0.0102212)
(-0.000170637 0.000423889 0.0102212)
(0.000276728 0.000671224 0.0102212)
(0.000479026 0.000254696 0.0102212)
(0.000666744 -0.00019532 0.0102212)
(0.000181917 -0.000438581 0.0102212)
(-0.000311617 0.000857308 0.0102212)
(-0.000656337 0.000182064 0.0102212)
(-0.000759557 0.000664251 0.0102212)
(-0.000468886 -0.000270451 0.0102212)
(-0.000264037 -0.00068208 0.0102212)
(0.000324441 -0.000865139 0.0102212)
(0.000770337 -0.000672555 0.0102212)
(0.00125938 0.000101053 0.0102212)
(0.00124473 -0.000509285 0.0102212)
(0.000958037 0.000572491 0.0102212)
(0.000686355 0.000952739 0.0102212)
(-0.000411913 0.00127783 0.0102212)
(-0.000825269 0.00111784 0.0102212)
(-0.00123669 0.00096972 0.0102212)
(-0.00123618 0.000501918 0.0102212)
(-0.001253 -0.000113418 0.0102212)
(-0.000948072 -0.000585007 0.0102212)
(-0.000674808 -0.00096061 0.0102212)
(0.00042228 -0.00128137 0.0102212)
(0.000835044 -0.00111994 0.0102212)
(0.00124319 -0.000970525 0.0102212)
(0.00179085 -1.04206e-05 0.0102212)
(0.00171829 -0.000477546 0.0102212)
(0.00187476 0.000371798 0.0102212)
(0.00162034 0.000620692 0.0102212)
(0.00134491 0.00097979 0.0102212)
(0.00104133 0.00131953 0.0102212)
(-0.000474052 0.00171834 0.0102212)
(-0.000892307 0.00156068 0.0102212)
(-0.00127007 0.00137295 0.0102212)
(-0.00155767 0.00123196 0.0102212)
(-0.00162963 0.000909759 0.0102212)
(-0.00171542 0.00047213 0.0102212)
(-0.00178736 -2.795e-06 0.0102212)
(-0.00186768 -0.000378077 0.0102212)
(-0.00161808 -0.000630614 0.0102212)
(-0.00133982 -0.00098645 0.0102212)
(-0.00103397 -0.0013242 0.0102212)
(0.000481683 -0.00171763 0.0102212)
(0.000900412 -0.00155787 0.0102212)
(0.00127442 -0.00137161 0.0102212)
(0.00156003 -0.0012307 0.0102212)
(0.00163249 -0.000910091 0.0102212)
(0.00221309 0.000505123 0.0102212)
(0.00227 0 0.0102212)
(0.0020452 0.000984916 0.0102212)
(0.00177476 0.00141532 0.0102212)
(0.00141532 0.00177476 0.0102212)
(0.000984916 0.0020452 0.0102212)
(0.000505123 0.00221309 0.0102212)
(1.38997e-19 0.00227 0.0102212)
(-0.000505123 0.00221309 0.0102212)
(-0.000984916 0.0020452 0.0102212)
(-0.00141532 0.00177476 0.0102212)
(-0.00177476 0.00141532 0.0102212)
(-0.0020452 0.000984916 0.0102212)
(-0.00221309 0.000505123 0.0102212)
(-0.00227 2.77995e-19 0.0102212)
(-0.00221309 -0.000505123 0.0102212)
(-0.0020452 -0.000984916 0.0102212)
(-0.00177476 -0.00141532 0.0102212)
(-0.00141532 -0.00177476 0.0102212)
(-0.000984916 -0.0020452 0.0102212)
(-0.000505123 -0.00221309 0.0102212)
(2.15516e-18 -0.00227 0.0102212)
(0.000505123 -0.00221309 0.0102212)
(0.000984916 -0.0020452 0.0102212)
(0.00141532 -0.00177476 0.0102212)
(0.00177476 -0.00141532 0.0102212)
(0.0020452 -0.000984916 0.0102212)
(0.00221309 -0.000505123 0.0102212)
(0.000254978 0.00148823 0.0107213)
(0.000352341 0.00178374 0.0107213)
(0.000706634 0.00160009 0.0107213)
(0.000446052 0.00126652 0.0107213)
(-3.43612e-05 0.00140735 0.0107213)
(-4.50004e-05 0.00179745 0.0107213)
(9.8468e-05 0.00105354 0.0107213)
(-0.000243801 -0.00149233 0.0107213)
(-0.000343709 -0.00178639 0.0107213)
(-0.000698232 -0.0016031 0.0107213)
(-0.000433895 -0.00127144 0.0107213)
(4.58617e-05 -0.00141182 0.0107213)
(5.27853e-05 -0.00179973 0.0107213)
(-8.62642e-05 -0.00106024 0.0107213)
(5.33056e-06 -7.56965e-06 0.0107213)
(-0.000170637 0.000423889 0.0107213)
(0.000276728 0.000671224 0.0107213)
(0.000479026 0.000254696 0.0107213)
(0.000666744 -0.00019532 0.0107213)
(0.000181917 -0.000438581 0.0107213)
(-0.000311617 0.000857308 0.0107213)
(-0.000656337 0.000182064 0.0107213)
(-0.000759557 0.000664251 0.0107213)
(-0.000468886 -0.000270451 0.0107213)
(-0.000264037 -0.00068208 0.0107213)
(0.000324441 -0.000865139 0.0107213)
(0.000770337 -0.000672555 0.0107213)
(0.00125938 0.000101053 0.0107213)
(0.00124473 -0.000509285 0.0107213)
(0.000958037 0.000572491 0.0107213)
(0.000686355 0.000952739 0.0107213)
(-0.000411913 0.00127783 0.0107213)
(-0.000825269 0.00111784 0.0107213)
(-0.00123669 0.00096972 0.0107213)
(-0.00123618 0.000501918 0.0107213)
(-0.001253 -0.000113418 0.0107213)
(-0.000948072 -0.000585007 0.0107213)
(-0.000674808 -0.00096061 0.0107213)
(0.00042228 -0.00128137 0.0107213)
(0.000835044 -0.00111994 0.0107213)
(0.00124319 -0.000970525 0.0107213)
(0.00179085 -1.04206e-05 0.0107213)
(0.00171829 -0.000477546 0.0107213)
(0.00187476 0.000371798 0.0107213)
(0.00162034 0.000620692 0.0107213)
(0.00134491 0.00097979 0.0107213)
(0.00104133 0.00131953 0.0107213)
(-0.000474052 0.00171834 0.0107213)
(-0.000892307 0.00156068 0.0107213)
(-0.00127007 0.00137295 0.0107213)
(-0.00155767 0.00123196 0.0107213)
(-0.00162963 0.000909759 0.0107213)
(-0.00171542 0.00047213 0.0107213)
(-0.00178736 -2.795e-06 0.0107213)
(-0.00186768 -0.000378077 0.0107213)
(-0.00161808 -0.000630614 0.0107213)
(-0.00133982 -0.00098645 0.0107213)
(-0.00103397 -0.0013242 0.0107213)
(0.000481683 -0.00171763 0.0107213)
(0.000900412 -0.00155787 0.0107213)
(0.00127442 -0.00137161 0.0107213)
(0.00156003 -0.0012307 0.0107213)
(0.00163249 -0.000910091 0.0107213)
(0.00221309 0.000505123 0.0107213)
(0.00227 -2.01617e-18 0.0107213)
(0.0020452 0.000984916 0.0107213)
(0.00177476 0.00141532 0.0107213)
(0.00141532 0.00177476 0.0107213)
(0.000984916 0.0020452 0.0107213)
(0.000505123 0.00221309 0.0107213)
(4.17133e-18 0.00227 0.0107213)
(-0.000505123 0.00221309 0.0107213)
(-0.000984916 0.0020452 0.0107213)
(-0.00141532 0.00177476 0.0107213)
(-0.00177476 0.00141532 0.0107213)
(-0.0020452 0.000984916 0.0107213)
(-0.00221309 0.000505123 0.0107213)
(-0.00227 2.77995e-19 0.0107213)
(-0.00221309 -0.000505123 0.0107213)
(-0.0020452 -0.000984916 0.0107213)
(-0.00177476 -0.00141532 0.0107213)
(-0.00141532 -0.00177476 0.0107213)
(-0.000984916 -0.0020452 0.0107213)
(-0.000505123 -0.00221309 0.0107213)
(4.17133e-18 -0.00227 0.0107213)
(0.000505123 -0.00221309 0.0107213)
(0.000984916 -0.0020452 0.0107213)
(0.00141532 -0.00177476 0.0107213)
(0.00177476 -0.00141532 0.0107213)
(0.0020452 -0.000984916 0.0107213)
(0.00221309 -0.000505123 0.0107213)
(0.000254978 0.00148823 0.0112214)
(0.000352341 0.00178374 0.0112214)
(0.000706634 0.00160009 0.0112214)
(0.000446052 0.00126652 0.0112214)
(-3.43612e-05 0.00140735 0.0112214)
(-4.50004e-05 0.00179745 0.0112214)
(9.8468e-05 0.00105354 0.0112214)
(-0.000243801 -0.00149233 0.0112214)
(-0.000343709 -0.00178639 0.0112214)
(-0.000698232 -0.0016031 0.0112214)
(-0.000433895 -0.00127144 0.0112214)
(4.58617e-05 -0.00141182 0.0112214)
(5.27853e-05 -0.00179973 0.0112214)
(-8.62642e-05 -0.00106024 0.0112214)
(5.33056e-06 -7.56965e-06 0.0112214)
(-0.000170637 0.000423889 0.0112214)
(0.000276728 0.000671224 0.0112214)
(0.000479026 0.000254696 0.0112214)
(0.000666744 -0.00019532 0.0112214)
(0.000181917 -0.000438581 0.0112214)
(-0.000311617 0.000857308 0.0112214)
(-0.000656337 0.000182064 0.0112214)
(-0.000759557 0.000664251 0.0112214)
(-0.000468886 -0.000270451 0.0112214)
(-0.000264037 -0.00068208 0.0112214)
(0.000324441 -0.000865139 0.0112214)
(0.000770337 -0.000672555 0.0112214)
(0.00125938 0.000101053 0.0112214)
(0.00124473 -0.000509285 0.0112214)
(0.000958037 0.000572491 0.0112214)
(0.000686355 0.000952739 0.0112214)
(-0.000411913 0.00127783 0.0112214)
(-0.000825269 0.00111784 0.0112214)
(-0.00123669 0.00096972 0.0112214)
(-0.00123618 0.000501918 0.0112214)
(-0.001253 -0.000113418 0.0112214)
(-0.000948072 -0.000585007 0.0112214)
(-0.000674808 -0.00096061 0.0112214)
(0.00042228 -0.00128137 0.0112214)
(0.000835044 -0.00111994 0.0112214)
(0.00124319 -0.000970525 0.0112214)
(0.00179085 -1.04206e-05 0.0112214)
(0.00171829 -0.000477546 0.0112214)
(0.00187476 0.000371798 0.0112214)
(0.00162034 0.000620692 0.0112214)
(0.00134491 0.00097979 0.0112214)
(0.00104133 0.00131953 0.0112214)
(-0.000474052 0.00171834 0.0112214)
(-0.000892307 0.00156068 0.0112214)
(-0.00127007 0.00137295 0.0112214)
(-0.00155767 0.00123196 0.0112214)
(-0.00162963 0.000909759 0.0112214)
(-0.00171542 0.00047213 0.0112214)
(-0.00178736 -2.795e-06 0.0112214)
(-0.00186768 -0.000378077 0.0112214)
(-0.00161808 -0.000630614 0.0112214)
(-0.00133982 -0.00098645 0.0112214)
(-0.00103397 -0.0013242 0.0112214)
(0.000481683 -0.00171763 0.0112214)
(0.000900412 -0.00155787 0.0112214)
(0.00127442 -0.00137161 0.0112214)
(0.00156003 -0.0012307 0.0112214)
(0.00163249 -0.000910091 0.0112214)
(0.00221309 0.000505123 0.0112214)
(0.00227 2.01617e-18 0.0112214)
(0.0020452 0.000984916 0.0112214)
(0.00177476 0.00141532 0.0112214)
(0.00141532 0.00177476 0.0112214)
(0.000984916 0.0020452 0.0112214)
(0.000505123 0.00221309 0.0112214)
(2.15516e-18 0.00227 0.0112214)
(-0.000505123 0.00221309 0.0112214)
(-0.000984916 0.0020452 0.0112214)
(-0.00141532 0.00177476 0.0112214)
(-0.00177476 0.00141532 0.0112214)
(-0.0020452 0.000984916 0.0112214)
(-0.00221309 0.000505123 0.0112214)
(-0.00227 2.77995e-19 0.0112214)
(-0.00221309 -0.000505123 0.0112214)
(-0.0020452 -0.000984916 0.0112214)
(-0.00177476 -0.00141532 0.0112214)
(-0.00141532 -0.00177476 0.0112214)
(-0.000984916 -0.0020452 0.0112214)
(-0.000505123 -0.00221309 0.0112214)
(-5.9095e-18 -0.00227 0.0112214)
(0.000505123 -0.00221309 0.0112214)
(0.000984916 -0.0020452 0.0112214)
(0.00141532 -0.00177476 0.0112214)
(0.00177476 -0.00141532 0.0112214)
(0.0020452 -0.000984916 0.0112214)
(0.00221309 -0.000505123 0.0112214)
(0.000254978 0.00148823 0.0117215)
(0.000352341 0.00178374 0.0117215)
(0.000706634 0.00160009 0.0117215)
(0.000446052 0.00126652 0.0117215)
(-3.43612e-05 0.00140735 0.0117215)
(-4.50004e-05 0.00179745 0.0117215)
(9.8468e-05 0.00105354 0.0117215)
(-0.000243801 -0.00149233 0.0117215)
(-0.000343709 -0.00178639 0.0117215)
(-0.000698232 -0.0016031 0.0117215)
(-0.000433895 -0.00127144 0.0117215)
(4.58617e-05 -0.00141182 0.0117215)
(5.27853e-05 -0.00179973 0.0117215)
(-8.62642e-05 -0.00106024 0.0117215)
(5.33056e-06 -7.56965e-06 0.0117215)
(-0.000170637 0.000423889 0.0117215)
(0.000276728 0.000671224 0.0117215)
(0.000479026 0.000254696 0.0117215)
(0.000666744 -0.00019532 0.0117215)
(0.000181917 -0.000438581 0.0117215)
(-0.000311617 0.000857308 0.0117215)
(-0.000656337 0.000182064 0.0117215)
(-0.000759557 0.000664251 0.0117215)
(-0.000468886 -0.000270451 0.0117215)
(-0.000264037 -0.00068208 0.0117215)
(0.000324441 -0.000865139 0.0117215)
(0.000770337 -0.000672555 0.0117215)
(0.00125938 0.000101053 0.0117215)
(0.00124473 -0.000509285 0.0117215)
(0.000958037 0.000572491 0.0117215)
(0.000686355 0.000952739 0.0117215)
(-0.000411913 0.00127783 0.0117215)
(-0.000825269 0.00111784 0.0117215)
(-0.00123669 0.00096972 0.0117215)
(-0.00123618 0.000501918 0.0117215)
(-0.001253 -0.000113418 0.0117215)
(-0.000948072 -0.000585007 0.0117215)
(-0.000674808 -0.00096061 0.0117215)
(0.00042228 -0.00128137 0.0117215)
(0.000835044 -0.00111994 0.0117215)
(0.00124319 -0.000970525 0.0117215)
(0.00179085 -1.04206e-05 0.0117215)
(0.00171829 -0.000477546 0.0117215)
(0.00187476 0.000371798 0.0117215)
(0.00162034 0.000620692 0.0117215)
(0.00134491 0.00097979 0.0117215)
(0.00104133 0.00131953 0.0117215)
(-0.000474052 0.00171834 0.0117215)
(-0.000892307 0.00156068 0.0117215)
(-0.00127007 0.00137295 0.0117215)
(-0.00155767 0.00123196 0.0117215)
(-0.00162963 0.000909759 0.0117215)
(-0.00171542 0.00047213 0.0117215)
(-0.00178736 -2.795e-06 0.0117215)
(-0.00186768 -0.000378077 0.0117215)
(-0.00161808 -0.000630614 0.0117215)
(-0.00133982 -0.00098645 0.0117215)
(-0.00103397 -0.0013242 0.0117215)
(0.000481683 -0.00171763 0.0117215)
(0.000900412 -0.00155787 0.0117215)
(0.00127442 -0.00137161 0.0117215)
(0.00156003 -0.0012307 0.0117215)
(0.00163249 -0.000910091 0.0117215)
(0.00221309 0.000505123 0.0117215)
(0.00227 -2.01617e-18 0.0117215)
(0.0020452 0.000984916 0.0117215)
(0.00177476 0.00141532 0.0117215)
(0.00141532 0.00177476 0.0117215)
(0.000984916 0.0020452 0.0117215)
(0.000505123 0.00221309 0.0117215)
(1.38997e-19 0.00227 0.0117215)
(-0.000505123 0.00221309 0.0117215)
(-0.000984916 0.0020452 0.0117215)
(-0.00141532 0.00177476 0.0117215)
(-0.00177476 0.00141532 0.0117215)
(-0.0020452 0.000984916 0.0117215)
(-0.00221309 0.000505123 0.0117215)
(-0.00227 2.77995e-19 0.0117215)
(-0.00221309 -0.000505123 0.0117215)
(-0.0020452 -0.000984916 0.0117215)
(-0.00177476 -0.00141532 0.0117215)
(-0.00141532 -0.00177476 0.0117215)
(-0.000984916 -0.0020452 0.0117215)
(-0.000505123 -0.00221309 0.0117215)
(1.38997e-19 -0.00227 0.0117215)
(0.000505123 -0.00221309 0.0117215)
(0.000984916 -0.0020452 0.0117215)
(0.00141532 -0.00177476 0.0117215)
(0.00177476 -0.00141532 0.0117215)
(0.0020452 -0.000984916 0.0117215)
(0.00221309 -0.000505123 0.0117215)
(0.000254978 0.00148823 0.0122216)
(0.000352341 0.00178374 0.0122216)
(0.000706634 0.00160009 0.0122216)
(0.000446052 0.00126652 0.0122216)
(-3.43612e-05 0.00140735 0.0122216)
(-4.50004e-05 0.00179745 0.0122216)
(9.8468e-05 0.00105354 0.0122216)
(-0.000243801 -0.00149233 0.0122216)
(-0.000343709 -0.00178639 0.0122216)
(-0.000698232 -0.0016031 0.0122216)
(-0.000433895 -0.00127144 0.0122216)
(4.58617e-05 -0.00141182 0.0122216)
(5.27853e-05 -0.00179973 0.0122216)
(-8.62642e-05 -0.00106024 0.0122216)
(5.33056e-06 -7.56965e-06 0.0122216)
(-0.000170637 0.000423889 0.0122216)
(0.000276728 0.000671224 0.0122216)
(0.000479026 0.000254696 0.0122216)
(0.000666744 -0.00019532 0.0122216)
(0.000181917 -0.000438581 0.0122216)
(-0.000311617 0.000857308 0.0122216)
(-0.000656337 0.000182064 0.0122216)
(-0.000759557 0.000664251 0.0122216)
(-0.000468886 -0.000270451 0.0122216)
(-0.000264037 -0.00068208 0.0122216)
(0.000324441 -0.000865139 0.0122216)
(0.000770337 -0.000672555 0.0122216)
(0.00125938 0.000101053 0.0122216)
(0.00124473 -0.000509285 0.0122216)
(0.000958037 0.000572491 0.0122216)
(0.000686355 0.000952739 0.0122216)
(-0.000411913 0.00127783 0.0122216)
(-0.000825269 0.00111784 0.0122216)
(-0.00123669 0.00096972 0.0122216)
(-0.00123618 0.000501918 0.0122216)
(-0.001253 -0.000113418 0.0122216)
(-0.000948072 -0.000585007 0.0122216)
(-0.000674808 -0.00096061 0.0122216)
(0.00042228 -0.00128137 0.0122216)
(0.000835044 -0.00111994 0.0122216)
(0.00124319 -0.000970525 0.0122216)
(0.00179085 -1.04206e-05 0.0122216)
(0.00171829 -0.000477546 0.0122216)
(0.00187476 0.000371798 0.0122216)
(0.00162034 0.000620692 0.0122216)
(0.00134491 0.00097979 0.0122216)
(0.00104133 0.00131953 0.0122216)
(-0.000474052 0.00171834 0.0122216)
(-0.000892307 0.00156068 0.0122216)
(-0.00127007 0.00137295 0.0122216)
(-0.00155767 0.00123196 0.0122216)
(-0.00162963 0.000909759 0.0122216)
(-0.00171542 0.00047213 0.0122216)
(-0.00178736 -2.795e-06 0.0122216)
(-0.00186768 -0.000378077 0.0122216)
(-0.00161808 -0.000630614 0.0122216)
(-0.00133982 -0.00098645 0.0122216)
(-0.00103397 -0.0013242 0.0122216)
(0.000481683 -0.00171763 0.0122216)
(0.000900412 -0.00155787 0.0122216)
(0.00127442 -0.00137161 0.0122216)
(0.00156003 -0.0012307 0.0122216)
(0.00163249 -0.000910091 0.0122216)
(0.00221309 0.000505123 0.0122216)
(0.00227 0 0.0122216)
(0.0020452 0.000984916 0.0122216)
(0.00177476 0.00141532 0.0122216)
(0.00141532 0.00177476 0.0122216)
(0.000984916 0.0020452 0.0122216)
(0.000505123 0.00221309 0.0122216)
(-3.89333e-18 0.00227 0.0122216)
(-0.000505123 0.00221309 0.0122216)
(-0.000984916 0.0020452 0.0122216)
(-0.00141532 0.00177476 0.0122216)
(-0.00177476 0.00141532 0.0122216)
(-0.0020452 0.000984916 0.0122216)
(-0.00221309 0.000505123 0.0122216)
(-0.00227 2.77995e-19 0.0122216)
(-0.00221309 -0.000505123 0.0122216)
(-0.0020452 -0.000984916 0.0122216)
(-0.00177476 -0.00141532 0.0122216)
(-0.00141532 -0.00177476 0.0122216)
(-0.000984916 -0.0020452 0.0122216)
(-0.000505123 -0.00221309 0.0122216)
(1.38997e-19 -0.00227 0.0122216)
(0.000505123 -0.00221309 0.0122216)
(0.000984916 -0.0020452 0.0122216)
(0.00141532 -0.00177476 0.0122216)
(0.00177476 -0.00141532 0.0122216)
(0.0020452 -0.000984916 0.0122216)
(0.00221309 -0.000505123 0.0122216)
(0.000254978 0.00148823 0.0127217)
(0.000352341 0.00178374 0.0127217)
(0.000706634 0.00160009 0.0127217)
(0.000446052 0.00126652 0.0127217)
(-3.43612e-05 0.00140735 0.0127217)
(-4.50004e-05 0.00179745 0.0127217)
(9.8468e-05 0.00105354 0.0127217)
(-0.000243801 -0.00149233 0.0127217)
(-0.000343709 -0.00178639 0.0127217)
(-0.000698232 -0.0016031 0.0127217)
(-0.000433895 -0.00127144 0.0127217)
(4.58617e-05 -0.00141182 0.0127217)
(5.27853e-05 -0.00179973 0.0127217)
(-8.62642e-05 -0.00106024 0.0127217)
(5.33056e-06 -7.56965e-06 0.0127217)
(-0.000170637 0.000423889 0.0127217)
(0.000276728 0.000671224 0.0127217)
(0.000479026 0.000254696 0.0127217)
(0.000666744 -0.00019532 0.0127217)
(0.000181917 -0.000438581 0.0127217)
(-0.000311617 0.000857308 0.0127217)
(-0.000656337 0.000182064 0.0127217)
(-0.000759557 0.000664251 0.0127217)
(-0.000468886 -0.000270451 0.0127217)
(-0.000264037 -0.00068208 0.0127217)
(0.000324441 -0.000865139 0.0127217)
(0.000770337 -0.000672555 0.0127217)
(0.00125938 0.000101053 0.0127217)
(0.00124473 -0.000509285 0.0127217)
(0.000958037 0.000572491 0.0127217)
(0.000686355 0.000952739 0.0127217)
(-0.000411913 0.00127783 0.0127217)
(-0.000825269 0.00111784 0.0127217)
(-0.00123669 0.00096972 0.0127217)
(-0.00123618 0.000501918 0.0127217)
(-0.001253 -0.000113418 0.0127217)
(-0.000948072 -0.000585007 0.0127217)
(-0.000674808 -0.00096061 0.0127217)
(0.00042228 -0.00128137 0.0127217)
(0.000835044 -0.00111994 0.0127217)
(0.00124319 -0.000970525 0.0127217)
(0.00179085 -1.04206e-05 0.0127217)
(0.00171829 -0.000477546 0.0127217)
(0.00187476 0.000371798 0.0127217)
(0.00162034 0.000620692 0.0127217)
(0.00134491 0.00097979 0.0127217)
(0.00104133 0.00131953 0.0127217)
(-0.000474052 0.00171834 0.0127217)
(-0.000892307 0.00156068 0.0127217)
(-0.00127007 0.00137295 0.0127217)
(-0.00155767 0.00123196 0.0127217)
(-0.00162963 0.000909759 0.0127217)
(-0.00171542 0.00047213 0.0127217)
(-0.00178736 -2.795e-06 0.0127217)
(-0.00186768 -0.000378077 0.0127217)
(-0.00161808 -0.000630614 0.0127217)
(-0.00133982 -0.00098645 0.0127217)
(-0.00103397 -0.0013242 0.0127217)
(0.000481683 -0.00171763 0.0127217)
(0.000900412 -0.00155787 0.0127217)
(0.00127442 -0.00137161 0.0127217)
(0.00156003 -0.0012307 0.0127217)
(0.00163249 -0.000910091 0.0127217)
(0.00221309 0.000505123 0.0127217)
(0.00227 -2.01617e-18 0.0127217)
(0.0020452 0.000984916 0.0127217)
(0.00177476 0.00141532 0.0127217)
(0.00141532 0.00177476 0.0127217)
(0.000984916 0.0020452 0.0127217)
(0.000505123 0.00221309 0.0127217)
(1.38997e-19 0.00227 0.0127217)
(-0.000505123 0.00221309 0.0127217)
(-0.000984916 0.0020452 0.0127217)
(-0.00141532 0.00177476 0.0127217)
(-0.00177476 0.00141532 0.0127217)
(-0.0020452 0.000984916 0.0127217)
(-0.00221309 0.000505123 0.0127217)
(-0.00227 2.77995e-19 0.0127217)
(-0.00221309 -0.000505123 0.0127217)
(-0.0020452 -0.000984916 0.0127217)
(-0.00177476 -0.00141532 0.0127217)
(-0.00141532 -0.00177476 0.0127217)
(-0.000984916 -0.0020452 0.0127217)
(-0.000505123 -0.00221309 0.0127217)
(2.15516e-18 -0.00227 0.0127217)
(0.000505123 -0.00221309 0.0127217)
(0.000984916 -0.0020452 0.0127217)
(0.00141532 -0.00177476 0.0127217)
(0.00177476 -0.00141532 0.0127217)
(0.0020452 -0.000984916 0.0127217)
(0.00221309 -0.000505123 0.0127217)
(0.000254978 0.00148823 0.0132218)
(0.000352341 0.00178374 0.0132218)
(0.000706634 0.00160009 0.0132218)
(0.000446052 0.00126652 0.0132218)
(-3.43612e-05 0.00140735 0.0132218)
(-4.50004e-05 0.00179745 0.0132218)
(9.8468e-05 0.00105354 0.0132218)
(-0.000243801 -0.00149233 0.0132218)
(-0.000343709 -0.00178639 0.0132218)
(-0.000698232 -0.0016031 0.0132218)
(-0.000433895 -0.00127144 0.0132218)
(4.58617e-05 -0.00141182 0.0132218)
(5.27853e-05 -0.00179973 0.0132218)
(-8.62642e-05 -0.00106024 0.0132218)
(5.33056e-06 -7.56965e-06 0.0132218)
(-0.000170637 0.000423889 0.0132218)
(0.000276728 0.000671224 0.0132218)
(0.000479026 0.000254696 0.0132218)
(0.000666744 -0.00019532 0.0132218)
(0.000181917 -0.000438581 0.0132218)
(-0.000311617 0.000857308 0.0132218)
(-0.000656337 0.000182064 0.0132218)
(-0.000759557 0.000664251 0.0132218)
(-0.000468886 -0.000270451 0.0132218)
(-0.000264037 -0.00068208 0.0132218)
(0.000324441 -0.000865139 0.0132218)
(0.000770337 -0.000672555 0.0132218)
(0.00125938 0.000101053 0.0132218)
(0.00124473 -0.000509285 0.0132218)
(0.000958037 0.000572491 0.0132218)
(0.000686355 0.000952739 0.0132218)
(-0.000411913 0.00127783 0.0132218)
(-0.000825269 0.00111784 0.0132218)
(-0.00123669 0.00096972 0.0132218)
(-0.00123618 0.000501918 0.0132218)
(-0.001253 -0.000113418 0.0132218)
(-0.000948072 -0.000585007 0.0132218)
(-0.000674808 -0.00096061 0.0132218)
(0.00042228 -0.00128137 0.0132218)
(0.000835044 -0.00111994 0.0132218)
(0.00124319 -0.000970525 0.0132218)
(0.00179085 -1.04206e-05 0.0132218)
(0.00171829 -0.000477546 0.0132218)
(0.00187476 0.000371798 0.0132218)
(0.00162034 0.000620692 0.0132218)
(0.00134491 0.00097979 0.0132218)
(0.00104133 0.00131953 0.0132218)
(-0.000474052 0.00171834 0.0132218)
(-0.000892307 0.00156068 0.0132218)
(-0.00127007 0.00137295 0.0132218)
(-0.00155767 0.00123196 0.0132218)
(-0.00162963 0.000909759 0.0132218)
(-0.00171542 0.00047213 0.0132218)
(-0.00178736 -2.795e-06 0.0132218)
(-0.00186768 -0.000378077 0.0132218)
(-0.00161808 -0.000630614 0.0132218)
(-0.00133982 -0.00098645 0.0132218)
(-0.00103397 -0.0013242 0.0132218)
(0.000481683 -0.00171763 0.0132218)
(0.000900412 -0.00155787 0.0132218)
(0.00127442 -0.00137161 0.0132218)
(0.00156003 -0.0012307 0.0132218)
(0.00163249 -0.000910091 0.0132218)
(0.00221309 0.000505123 0.0132218)
(0.00227 0 0.0132218)
(0.0020452 0.000984916 0.0132218)
(0.00177476 0.00141532 0.0132218)
(0.00141532 0.00177476 0.0132218)
(0.000984916 0.0020452 0.0132218)
(0.000505123 0.00221309 0.0132218)
(4.17133e-18 0.00227 0.0132218)
(-0.000505123 0.00221309 0.0132218)
(-0.000984916 0.0020452 0.0132218)
(-0.00141532 0.00177476 0.0132218)
(-0.00177476 0.00141532 0.0132218)
(-0.0020452 0.000984916 0.0132218)
(-0.00221309 0.000505123 0.0132218)
(-0.00227 2.77995e-19 0.0132218)
(-0.00221309 -0.000505123 0.0132218)
(-0.0020452 -0.000984916 0.0132218)
(-0.00177476 -0.00141532 0.0132218)
(-0.00141532 -0.00177476 0.0132218)
(-0.000984916 -0.0020452 0.0132218)
(-0.000505123 -0.00221309 0.0132218)
(1.38997e-19 -0.00227 0.0132218)
(0.000505123 -0.00221309 0.0132218)
(0.000984916 -0.0020452 0.0132218)
(0.00141532 -0.00177476 0.0132218)
(0.00177476 -0.00141532 0.0132218)
(0.0020452 -0.000984916 0.0132218)
(0.00221309 -0.000505123 0.0132218)
(0.000254978 0.00148823 0.013722)
(0.000352341 0.00178374 0.013722)
(0.000706634 0.00160009 0.013722)
(0.000446052 0.00126652 0.013722)
(-3.43612e-05 0.00140735 0.013722)
(-4.50004e-05 0.00179745 0.013722)
(9.8468e-05 0.00105354 0.013722)
(-0.000243801 -0.00149233 0.013722)
(-0.000343709 -0.00178639 0.013722)
(-0.000698232 -0.0016031 0.013722)
(-0.000433895 -0.00127144 0.013722)
(4.58617e-05 -0.00141182 0.013722)
(5.27853e-05 -0.00179973 0.013722)
(-8.62642e-05 -0.00106024 0.013722)
(5.33056e-06 -7.56965e-06 0.013722)
(-0.000170637 0.000423889 0.013722)
(0.000276728 0.000671224 0.013722)
(0.000479026 0.000254696 0.013722)
(0.000666744 -0.00019532 0.013722)
(0.000181917 -0.000438581 0.013722)
(-0.000311617 0.000857308 0.013722)
(-0.000656337 0.000182064 0.013722)
(-0.000759557 0.000664251 0.013722)
(-0.000468886 -0.000270451 0.013722)
(-0.000264037 -0.00068208 0.013722)
(0.000324441 -0.000865139 0.013722)
(0.000770337 -0.000672555 0.013722)
(0.00125938 0.000101053 0.013722)
(0.00124473 -0.000509285 0.013722)
(0.000958037 0.000572491 0.013722)
(0.000686355 0.000952739 0.013722)
(-0.000411913 0.00127783 0.013722)
(-0.000825269 0.00111784 0.013722)
(-0.00123669 0.00096972 0.013722)
(-0.00123618 0.000501918 0.013722)
(-0.001253 -0.000113418 0.013722)
(-0.000948072 -0.000585007 0.013722)
(-0.000674808 -0.00096061 0.013722)
(0.00042228 -0.00128137 0.013722)
(0.000835044 -0.00111994 0.013722)
(0.00124319 -0.000970525 0.013722)
(0.00179085 -1.04206e-05 0.013722)
(0.00171829 -0.000477546 0.013722)
(0.00187476 0.000371798 0.013722)
(0.00162034 0.000620692 0.013722)
(0.00134491 0.00097979 0.013722)
(0.00104133 0.00131953 0.013722)
(-0.000474052 0.00171834 0.013722)
(-0.000892307 0.00156068 0.013722)
(-0.00127007 0.00137295 0.013722)
(-0.00155767 0.00123196 0.013722)
(-0.00162963 0.000909759 0.013722)
(-0.00171542 0.00047213 0.013722)
(-0.00178736 -2.795e-06 0.013722)
(-0.00186768 -0.000378077 0.013722)
(-0.00161808 -0.000630614 0.013722)
(-0.00133982 -0.00098645 0.013722)
(-0.00103397 -0.0013242 0.013722)
(0.000481683 -0.00171763 0.013722)
(0.000900412 -0.00155787 0.013722)
(0.00127442 -0.00137161 0.013722)
(0.00156003 -0.0012307 0.013722)
(0.00163249 -0.000910091 0.013722)
(0.00221309 0.000505123 0.013722)
(0.00227 -2.01617e-18 0.013722)
(0.0020452 0.000984916 0.013722)
(0.00177476 0.00141532 0.013722)
(0.00141532 0.00177476 0.013722)
(0.000984916 0.0020452 0.013722)
(0.000505123 0.00221309 0.013722)
(1.38997e-19 0.00227 0.013722)
(-0.000505123 0.00221309 0.013722)
(-0.000984916 0.0020452 0.013722)
(-0.00141532 0.00177476 0.013722)
(-0.00177476 0.00141532 0.013722)
(-0.0020452 0.000984916 0.013722)
(-0.00221309 0.000505123 0.013722)
(-0.00227 2.77995e-19 0.013722)
(-0.00221309 -0.000505123 0.013722)
(-0.0020452 -0.000984916 0.013722)
(-0.00177476 -0.00141532 0.013722)
(-0.00141532 -0.00177476 0.013722)
(-0.000984916 -0.0020452 0.013722)
(-0.000505123 -0.00221309 0.013722)
(1.38997e-19 -0.00227 0.013722)
(0.000505123 -0.00221309 0.013722)
(0.000984916 -0.0020452 0.013722)
(0.00141532 -0.00177476 0.013722)
(0.00177476 -0.00141532 0.013722)
(0.0020452 -0.000984916 0.013722)
(0.00221309 -0.000505123 0.013722)
(0.000254978 0.00148823 0.0142221)
(0.000352341 0.00178374 0.0142221)
(0.000706634 0.00160009 0.0142221)
(0.000446052 0.00126652 0.0142221)
(-3.43612e-05 0.00140735 0.0142221)
(-4.50004e-05 0.00179745 0.0142221)
(9.8468e-05 0.00105354 0.0142221)
(-0.000243801 -0.00149233 0.0142221)
(-0.000343709 -0.00178639 0.0142221)
(-0.000698232 -0.0016031 0.0142221)
(-0.000433895 -0.00127144 0.0142221)
(4.58617e-05 -0.00141182 0.0142221)
(5.27853e-05 -0.00179973 0.0142221)
(-8.62642e-05 -0.00106024 0.0142221)
(5.33056e-06 -7.56965e-06 0.0142221)
(-0.000170637 0.000423889 0.0142221)
(0.000276728 0.000671224 0.0142221)
(0.000479026 0.000254696 0.0142221)
(0.000666744 -0.00019532 0.0142221)
(0.000181917 -0.000438581 0.0142221)
(-0.000311617 0.000857308 0.0142221)
(-0.000656337 0.000182064 0.0142221)
(-0.000759557 0.000664251 0.0142221)
(-0.000468886 -0.000270451 0.0142221)
(-0.000264037 -0.00068208 0.0142221)
(0.000324441 -0.000865139 0.0142221)
(0.000770337 -0.000672555 0.0142221)
(0.00125938 0.000101053 0.0142221)
(0.00124473 -0.000509285 0.0142221)
(0.000958037 0.000572491 0.0142221)
(0.000686355 0.000952739 0.0142221)
(-0.000411913 0.00127783 0.0142221)
(-0.000825269 0.00111784 0.0142221)
(-0.00123669 0.00096972 0.0142221)
(-0.00123618 0.000501918 0.0142221)
(-0.001253 -0.000113418 0.0142221)
(-0.000948072 -0.000585007 0.0142221)
(-0.000674808 -0.00096061 0.0142221)
(0.00042228 -0.00128137 0.0142221)
(0.000835044 -0.00111994 0.0142221)
(0.00124319 -0.000970525 0.0142221)
(0.00179085 -1.04206e-05 0.0142221)
(0.00171829 -0.000477546 0.0142221)
(0.00187476 0.000371798 0.0142221)
(0.00162034 0.000620692 0.0142221)
(0.00134491 0.00097979 0.0142221)
(0.00104133 0.00131953 0.0142221)
(-0.000474052 0.00171834 0.0142221)
(-0.000892307 0.00156068 0.0142221)
(-0.00127007 0.00137295 0.0142221)
(-0.00155767 0.00123196 0.0142221)
(-0.00162963 0.000909759 0.0142221)
(-0.00171542 0.00047213 0.0142221)
(-0.00178736 -2.795e-06 0.0142221)
(-0.00186768 -0.000378077 0.0142221)
(-0.00161808 -0.000630614 0.0142221)
(-0.00133982 -0.00098645 0.0142221)
(-0.00103397 -0.0013242 0.0142221)
(0.000481683 -0.00171763 0.0142221)
(0.000900412 -0.00155787 0.0142221)
(0.00127442 -0.00137161 0.0142221)
(0.00156003 -0.0012307 0.0142221)
(0.00163249 -0.000910091 0.0142221)
(0.00221309 0.000505123 0.0142221)
(0.00227 4.03233e-18 0.0142221)
(0.0020452 0.000984916 0.0142221)
(0.00177476 0.00141532 0.0142221)
(0.00141532 0.00177476 0.0142221)
(0.000984916 0.0020452 0.0142221)
(0.000505123 0.00221309 0.0142221)
(-3.89333e-18 0.00227 0.0142221)
(-0.000505123 0.00221309 0.0142221)
(-0.000984916 0.0020452 0.0142221)
(-0.00141532 0.00177476 0.0142221)
(-0.00177476 0.00141532 0.0142221)
(-0.0020452 0.000984916 0.0142221)
(-0.00221309 0.000505123 0.0142221)
(-0.00227 2.77995e-19 0.0142221)
(-0.00221309 -0.000505123 0.0142221)
(-0.0020452 -0.000984916 0.0142221)
(-0.00177476 -0.00141532 0.0142221)
(-0.00141532 -0.00177476 0.0142221)
(-0.000984916 -0.0020452 0.0142221)
(-0.000505123 -0.00221309 0.0142221)
(2.15516e-18 -0.00227 0.0142221)
(0.000505123 -0.00221309 0.0142221)
(0.000984916 -0.0020452 0.0142221)
(0.00141532 -0.00177476 0.0142221)
(0.00177476 -0.00141532 0.0142221)
(0.0020452 -0.000984916 0.0142221)
(0.00221309 -0.000505123 0.0142221)
(0.000254978 0.00148823 0.0147222)
(0.000352341 0.00178374 0.0147222)
(0.000706634 0.00160009 0.0147222)
(0.000446052 0.00126652 0.0147222)
(-3.43612e-05 0.00140735 0.0147222)
(-4.50004e-05 0.00179745 0.0147222)
(9.8468e-05 0.00105354 0.0147222)
(-0.000243801 -0.00149233 0.0147222)
(-0.000343709 -0.00178639 0.0147222)
(-0.000698232 -0.0016031 0.0147222)
(-0.000433895 -0.00127144 0.0147222)
(4.58617e-05 -0.00141182 0.0147222)
(5.27853e-05 -0.00179973 0.0147222)
(-8.62642e-05 -0.00106024 0.0147222)
(5.33056e-06 -7.56965e-06 0.0147222)
(-0.000170637 0.000423889 0.0147222)
(0.000276728 0.000671224 0.0147222)
(0.000479026 0.000254696 0.0147222)
(0.000666744 -0.00019532 0.0147222)
(0.000181917 -0.000438581 0.0147222)
(-0.000311617 0.000857308 0.0147222)
(-0.000656337 0.000182064 0.0147222)
(-0.000759557 0.000664251 0.0147222)
(-0.000468886 -0.000270451 0.0147222)
(-0.000264037 -0.00068208 0.0147222)
(0.000324441 -0.000865139 0.0147222)
(0.000770337 -0.000672555 0.0147222)
(0.00125938 0.000101053 0.0147222)
(0.00124473 -0.000509285 0.0147222)
(0.000958037 0.000572491 0.0147222)
(0.000686355 0.000952739 0.0147222)
(-0.000411913 0.00127783 0.0147222)
(-0.000825269 0.00111784 0.0147222)
(-0.00123669 0.00096972 0.0147222)
(-0.00123618 0.000501918 0.0147222)
(-0.001253 -0.000113418 0.0147222)
(-0.000948072 -0.000585007 0.0147222)
(-0.000674808 -0.00096061 0.0147222)
(0.00042228 -0.00128137 0.0147222)
(0.000835044 -0.00111994 0.0147222)
(0.00124319 -0.000970525 0.0147222)
(0.00179085 -1.04206e-05 0.0147222)
(0.00171829 -0.000477546 0.0147222)
(0.00187476 0.000371798 0.0147222)
(0.00162034 0.000620692 0.0147222)
(0.00134491 0.00097979 0.0147222)
(0.00104133 0.00131953 0.0147222)
(-0.000474052 0.00171834 0.0147222)
(-0.000892307 0.00156068 0.0147222)
(-0.00127007 0.00137295 0.0147222)
(-0.00155767 0.00123196 0.0147222)
(-0.00162963 0.000909759 0.0147222)
(-0.00171542 0.00047213 0.0147222)
(-0.00178736 -2.795e-06 0.0147222)
(-0.00186768 -0.000378077 0.0147222)
(-0.00161808 -0.000630614 0.0147222)
(-0.00133982 -0.00098645 0.0147222)
(-0.00103397 -0.0013242 0.0147222)
(0.000481683 -0.00171763 0.0147222)
(0.000900412 -0.00155787 0.0147222)
(0.00127442 -0.00137161 0.0147222)
(0.00156003 -0.0012307 0.0147222)
(0.00163249 -0.000910091 0.0147222)
(0.00221309 0.000505123 0.0147222)
(0.00227 -2.01617e-18 0.0147222)
(0.0020452 0.000984916 0.0147222)
(0.00177476 0.00141532 0.0147222)
(0.00141532 0.00177476 0.0147222)
(0.000984916 0.0020452 0.0147222)
(0.000505123 0.00221309 0.0147222)
(1.38997e-19 0.00227 0.0147222)
(-0.000505123 0.00221309 0.0147222)
(-0.000984916 0.0020452 0.0147222)
(-0.00141532 0.00177476 0.0147222)
(-0.00177476 0.00141532 0.0147222)
(-0.0020452 0.000984916 0.0147222)
(-0.00221309 0.000505123 0.0147222)
(-0.00227 2.77995e-19 0.0147222)
(-0.00221309 -0.000505123 0.0147222)
(-0.0020452 -0.000984916 0.0147222)
(-0.00177476 -0.00141532 0.0147222)
(-0.00141532 -0.00177476 0.0147222)
(-0.000984916 -0.0020452 0.0147222)
(-0.000505123 -0.00221309 0.0147222)
(1.38997e-19 -0.00227 0.0147222)
(0.000505123 -0.00221309 0.0147222)
(0.000984916 -0.0020452 0.0147222)
(0.00141532 -0.00177476 0.0147222)
(0.00177476 -0.00141532 0.0147222)
(0.0020452 -0.000984916 0.0147222)
(0.00221309 -0.000505123 0.0147222)
(0.000254978 0.00148823 0.0152223)
(0.000352341 0.00178374 0.0152223)
(0.000706634 0.00160009 0.0152223)
(0.000446052 0.00126652 0.0152223)
(-3.43612e-05 0.00140735 0.0152223)
(-4.50004e-05 0.00179745 0.0152223)
(9.8468e-05 0.00105354 0.0152223)
(-0.000243801 -0.00149233 0.0152223)
(-0.000343709 -0.00178639 0.0152223)
(-0.000698232 -0.0016031 0.0152223)
(-0.000433895 -0.00127144 0.0152223)
(4.58617e-05 -0.00141182 0.0152223)
(5.27853e-05 -0.00179973 0.0152223)
(-8.62642e-05 -0.00106024 0.0152223)
(5.33056e-06 -7.56965e-06 0.0152223)
(-0.000170637 0.000423889 0.0152223)
(0.000276728 0.000671224 0.0152223)
(0.000479026 0.000254696 0.0152223)
(0.000666744 -0.00019532 0.0152223)
(0.000181917 -0.000438581 0.0152223)
(-0.000311617 0.000857308 0.0152223)
(-0.000656337 0.000182064 0.0152223)
(-0.000759557 0.000664251 0.0152223)
(-0.000468886 -0.000270451 0.0152223)
(-0.000264037 -0.00068208 0.0152223)
(0.000324441 -0.000865139 0.0152223)
(0.000770337 -0.000672555 0.0152223)
(0.00125938 0.000101053 0.0152223)
(0.00124473 -0.000509285 0.0152223)
(0.000958037 0.000572491 0.0152223)
(0.000686355 0.000952739 0.0152223)
(-0.000411913 0.00127783 0.0152223)
(-0.000825269 0.00111784 0.0152223)
(-0.00123669 0.00096972 0.0152223)
(-0.00123618 0.000501918 0.0152223)
(-0.001253 -0.000113418 0.0152223)
(-0.000948072 -0.000585007 0.0152223)
(-0.000674808 -0.00096061 0.0152223)
(0.00042228 -0.00128137 0.0152223)
(0.000835044 -0.00111994 0.0152223)
(0.00124319 -0.000970525 0.0152223)
(0.00179085 -1.04206e-05 0.0152223)
(0.00171829 -0.000477546 0.0152223)
(0.00187476 0.000371798 0.0152223)
(0.00162034 0.000620692 0.0152223)
(0.00134491 0.00097979 0.0152223)
(0.00104133 0.00131953 0.0152223)
(-0.000474052 0.00171834 0.0152223)
(-0.000892307 0.00156068 0.0152223)
(-0.00127007 0.00137295 0.0152223)
(-0.00155767 0.00123196 0.0152223)
(-0.00162963 0.000909759 0.0152223)
(-0.00171542 0.00047213 0.0152223)
(-0.00178736 -2.795e-06 0.0152223)
(-0.00186768 -0.000378077 0.0152223)
(-0.00161808 -0.000630614 0.0152223)
(-0.00133982 -0.00098645 0.0152223)
(-0.00103397 -0.0013242 0.0152223)
(0.000481683 -0.00171763 0.0152223)
(0.000900412 -0.00155787 0.0152223)
(0.00127442 -0.00137161 0.0152223)
(0.00156003 -0.0012307 0.0152223)
(0.00163249 -0.000910091 0.0152223)
(0.00221309 0.000505123 0.0152223)
(0.00227 0 0.0152223)
(0.0020452 0.000984916 0.0152223)
(0.00177476 0.00141532 0.0152223)
(0.00141532 0.00177476 0.0152223)
(0.000984916 0.0020452 0.0152223)
(0.000505123 0.00221309 0.0152223)
(4.17133e-18 0.00227 0.0152223)
(-0.000505123 0.00221309 0.0152223)
(-0.000984916 0.0020452 0.0152223)
(-0.00141532 0.00177476 0.0152223)
(-0.00177476 0.00141532 0.0152223)
(-0.0020452 0.000984916 0.0152223)
(-0.00221309 0.000505123 0.0152223)
(-0.00227 2.77995e-19 0.0152223)
(-0.00221309 -0.000505123 0.0152223)
(-0.0020452 -0.000984916 0.0152223)
(-0.00177476 -0.00141532 0.0152223)
(-0.00141532 -0.00177476 0.0152223)
(-0.000984916 -0.0020452 0.0152223)
(-0.000505123 -0.00221309 0.0152223)
(1.38997e-19 -0.00227 0.0152223)
(0.000505123 -0.00221309 0.0152223)
(0.000984916 -0.0020452 0.0152223)
(0.00141532 -0.00177476 0.0152223)
(0.00177476 -0.00141532 0.0152223)
(0.0020452 -0.000984916 0.0152223)
(0.00221309 -0.000505123 0.0152223)
(0.000254978 0.00148823 0.0157224)
(0.000352341 0.00178374 0.0157224)
(0.000706634 0.00160009 0.0157224)
(0.000446052 0.00126652 0.0157224)
(-3.43612e-05 0.00140735 0.0157224)
(-4.50004e-05 0.00179745 0.0157224)
(9.8468e-05 0.00105354 0.0157224)
(-0.000243801 -0.00149233 0.0157224)
(-0.000343709 -0.00178639 0.0157224)
(-0.000698232 -0.0016031 0.0157224)
(-0.000433895 -0.00127144 0.0157224)
(4.58617e-05 -0.00141182 0.0157224)
(5.27853e-05 -0.00179973 0.0157224)
(-8.62642e-05 -0.00106024 0.0157224)
(5.33056e-06 -7.56965e-06 0.0157224)
(-0.000170637 0.000423889 0.0157224)
(0.000276728 0.000671224 0.0157224)
(0.000479026 0.000254696 0.0157224)
(0.000666744 -0.00019532 0.0157224)
(0.000181917 -0.000438581 0.0157224)
(-0.000311617 0.000857308 0.0157224)
(-0.000656337 0.000182064 0.0157224)
(-0.000759557 0.000664251 0.0157224)
(-0.000468886 -0.000270451 0.0157224)
(-0.000264037 -0.00068208 0.0157224)
(0.000324441 -0.000865139 0.0157224)
(0.000770337 -0.000672555 0.0157224)
(0.00125938 0.000101053 0.0157224)
(0.00124473 -0.000509285 0.0157224)
(0.000958037 0.000572491 0.0157224)
(0.000686355 0.000952739 0.0157224)
(-0.000411913 0.00127783 0.0157224)
(-0.000825269 0.00111784 0.0157224)
(-0.00123669 0.00096972 0.0157224)
(-0.00123618 0.000501918 0.0157224)
(-0.001253 -0.000113418 0.0157224)
(-0.000948072 -0.000585007 0.0157224)
(-0.000674808 -0.00096061 0.0157224)
(0.00042228 -0.00128137 0.0157224)
(0.000835044 -0.00111994 0.0157224)
(0.00124319 -0.000970525 0.0157224)
(0.00179085 -1.04206e-05 0.0157224)
(0.00171829 -0.000477546 0.0157224)
(0.00187476 0.000371798 0.0157224)
(0.00162034 0.000620692 0.0157224)
(0.00134491 0.00097979 0.0157224)
(0.00104133 0.00131953 0.0157224)
(-0.000474052 0.00171834 0.0157224)
(-0.000892307 0.00156068 0.0157224)
(-0.00127007 0.00137295 0.0157224)
(-0.00155767 0.00123196 0.0157224)
(-0.00162963 0.000909759 0.0157224)
(-0.00171542 0.00047213 0.0157224)
(-0.00178736 -2.795e-06 0.0157224)
(-0.00186768 -0.000378077 0.0157224)
(-0.00161808 -0.000630614 0.0157224)
(-0.00133982 -0.00098645 0.0157224)
(-0.00103397 -0.0013242 0.0157224)
(0.000481683 -0.00171763 0.0157224)
(0.000900412 -0.00155787 0.0157224)
(0.00127442 -0.00137161 0.0157224)
(0.00156003 -0.0012307 0.0157224)
(0.00163249 -0.000910091 0.0157224)
(0.00221309 0.000505123 0.0157224)
(0.00227 0 0.0157224)
(0.0020452 0.000984916 0.0157224)
(0.00177476 0.00141532 0.0157224)
(0.00141532 0.00177476 0.0157224)
(0.000984916 0.0020452 0.0157224)
(0.000505123 0.00221309 0.0157224)
(4.17133e-18 0.00227 0.0157224)
(-0.000505123 0.00221309 0.0157224)
(-0.000984916 0.0020452 0.0157224)
(-0.00141532 0.00177476 0.0157224)
(-0.00177476 0.00141532 0.0157224)
(-0.0020452 0.000984916 0.0157224)
(-0.00221309 0.000505123 0.0157224)
(-0.00227 2.77995e-19 0.0157224)
(-0.00221309 -0.000505123 0.0157224)
(-0.0020452 -0.000984916 0.0157224)
(-0.00177476 -0.00141532 0.0157224)
(-0.00141532 -0.00177476 0.0157224)
(-0.000984916 -0.0020452 0.0157224)
(-0.000505123 -0.00221309 0.0157224)
(1.38997e-19 -0.00227 0.0157224)
(0.000505123 -0.00221309 0.0157224)
(0.000984916 -0.0020452 0.0157224)
(0.00141532 -0.00177476 0.0157224)
(0.00177476 -0.00141532 0.0157224)
(0.0020452 -0.000984916 0.0157224)
(0.00221309 -0.000505123 0.0157224)
(0.000254978 0.00148823 0.0162225)
(0.000352341 0.00178374 0.0162225)
(0.000706634 0.00160009 0.0162225)
(0.000446052 0.00126652 0.0162225)
(-3.43612e-05 0.00140735 0.0162225)
(-4.50004e-05 0.00179745 0.0162225)
(9.8468e-05 0.00105354 0.0162225)
(-0.000243801 -0.00149233 0.0162225)
(-0.000343709 -0.00178639 0.0162225)
(-0.000698232 -0.0016031 0.0162225)
(-0.000433895 -0.00127144 0.0162225)
(4.58617e-05 -0.00141182 0.0162225)
(5.27853e-05 -0.00179973 0.0162225)
(-8.62642e-05 -0.00106024 0.0162225)
(5.33056e-06 -7.56965e-06 0.0162225)
(-0.000170637 0.000423889 0.0162225)
(0.000276728 0.000671224 0.0162225)
(0.000479026 0.000254696 0.0162225)
(0.000666744 -0.00019532 0.0162225)
(0.000181917 -0.000438581 0.0162225)
(-0.000311617 0.000857308 0.0162225)
(-0.000656337 0.000182064 0.0162225)
(-0.000759557 0.000664251 0.0162225)
(-0.000468886 -0.000270451 0.0162225)
(-0.000264037 -0.00068208 0.0162225)
(0.000324441 -0.000865139 0.0162225)
(0.000770337 -0.000672555 0.0162225)
(0.00125938 0.000101053 0.0162225)
(0.00124473 -0.000509285 0.0162225)
(0.000958037 0.000572491 0.0162225)
(0.000686355 0.000952739 0.0162225)
(-0.000411913 0.00127783 0.0162225)
(-0.000825269 0.00111784 0.0162225)
(-0.00123669 0.00096972 0.0162225)
(-0.00123618 0.000501918 0.0162225)
(-0.001253 -0.000113418 0.0162225)
(-0.000948072 -0.000585007 0.0162225)
(-0.000674808 -0.00096061 0.0162225)
(0.00042228 -0.00128137 0.0162225)
(0.000835044 -0.00111994 0.0162225)
(0.00124319 -0.000970525 0.0162225)
(0.00179085 -1.04206e-05 0.0162225)
(0.00171829 -0.000477546 0.0162225)
(0.00187476 0.000371798 0.0162225)
(0.00162034 0.000620692 0.0162225)
(0.00134491 0.00097979 0.0162225)
(0.00104133 0.00131953 0.0162225)
(-0.000474052 0.00171834 0.0162225)
(-0.000892307 0.00156068 0.0162225)
(-0.00127007 0.00137295 0.0162225)
(-0.00155767 0.00123196 0.0162225)
(-0.00162963 0.000909759 0.0162225)
(-0.00171542 0.00047213 0.0162225)
(-0.00178736 -2.795e-06 0.0162225)
(-0.00186768 -0.000378077 0.0162225)
(-0.00161808 -0.000630614 0.0162225)
(-0.00133982 -0.00098645 0.0162225)
(-0.00103397 -0.0013242 0.0162225)
(0.000481683 -0.00171763 0.0162225)
(0.000900412 -0.00155787 0.0162225)
(0.00127442 -0.00137161 0.0162225)
(0.00156003 -0.0012307 0.0162225)
(0.00163249 -0.000910091 0.0162225)
(0.00221309 0.000505123 0.0162225)
(0.00227 2.01617e-18 0.0162225)
(0.0020452 0.000984916 0.0162225)
(0.00177476 0.00141532 0.0162225)
(0.00141532 0.00177476 0.0162225)
(0.000984916 0.0020452 0.0162225)
(0.000505123 0.00221309 0.0162225)
(1.38997e-19 0.00227 0.0162225)
(-0.000505123 0.00221309 0.0162225)
(-0.000984916 0.0020452 0.0162225)
(-0.00141532 0.00177476 0.0162225)
(-0.00177476 0.00141532 0.0162225)
(-0.0020452 0.000984916 0.0162225)
(-0.00221309 0.000505123 0.0162225)
(-0.00227 2.77995e-19 0.0162225)
(-0.00221309 -0.000505123 0.0162225)
(-0.0020452 -0.000984916 0.0162225)
(-0.00177476 -0.00141532 0.0162225)
(-0.00141532 -0.00177476 0.0162225)
(-0.000984916 -0.0020452 0.0162225)
(-0.000505123 -0.00221309 0.0162225)
(1.38997e-19 -0.00227 0.0162225)
(0.000505123 -0.00221309 0.0162225)
(0.000984916 -0.0020452 0.0162225)
(0.00141532 -0.00177476 0.0162225)
(0.00177476 -0.00141532 0.0162225)
(0.0020452 -0.000984916 0.0162225)
(0.00221309 -0.000505123 0.0162225)
(0.000254978 0.00148823 0.0167226)
(0.000352341 0.00178374 0.0167226)
(0.000706634 0.00160009 0.0167226)
(0.000446052 0.00126652 0.0167226)
(-3.43612e-05 0.00140735 0.0167226)
(-4.50004e-05 0.00179745 0.0167226)
(9.8468e-05 0.00105354 0.0167226)
(-0.000243801 -0.00149233 0.0167226)
(-0.000343709 -0.00178639 0.0167226)
(-0.000698232 -0.0016031 0.0167226)
(-0.000433895 -0.00127144 0.0167226)
(4.58617e-05 -0.00141182 0.0167226)
(5.27853e-05 -0.00179973 0.0167226)
(-8.62642e-05 -0.00106024 0.0167226)
(5.33056e-06 -7.56965e-06 0.0167226)
(-0.000170637 0.000423889 0.0167226)
(0.000276728 0.000671224 0.0167226)
(0.000479026 0.000254696 0.0167226)
(0.000666744 -0.00019532 0.0167226)
(0.000181917 -0.000438581 0.0167226)
(-0.000311617 0.000857308 0.0167226)
(-0.000656337 0.000182064 0.0167226)
(-0.000759557 0.000664251 0.0167226)
(-0.000468886 -0.000270451 0.0167226)
(-0.000264037 -0.00068208 0.0167226)
(0.000324441 -0.000865139 0.0167226)
(0.000770337 -0.000672555 0.0167226)
(0.00125938 0.000101053 0.0167226)
(0.00124473 -0.000509285 0.0167226)
(0.000958037 0.000572491 0.0167226)
(0.000686355 0.000952739 0.0167226)
(-0.000411913 0.00127783 0.0167226)
(-0.000825269 0.00111784 0.0167226)
(-0.00123669 0.00096972 0.0167226)
(-0.00123618 0.000501918 0.0167226)
(-0.001253 -0.000113418 0.0167226)
(-0.000948072 -0.000585007 0.0167226)
(-0.000674808 -0.00096061 0.0167226)
(0.00042228 -0.00128137 0.0167226)
(0.000835044 -0.00111994 0.0167226)
(0.00124319 -0.000970525 0.0167226)
(0.00179085 -1.04206e-05 0.0167226)
(0.00171829 -0.000477546 0.0167226)
(0.00187476 0.000371798 0.0167226)
(0.00162034 0.000620692 0.0167226)
(0.00134491 0.00097979 0.0167226)
(0.00104133 0.00131953 0.0167226)
(-0.000474052 0.00171834 0.0167226)
(-0.000892307 0.00156068 0.0167226)
(-0.00127007 0.00137295 0.0167226)
(-0.00155767 0.00123196 0.0167226)
(-0.00162963 0.000909759 0.0167226)
(-0.00171542 0.00047213 0.0167226)
(-0.00178736 -2.795e-06 0.0167226)
(-0.00186768 -0.000378077 0.0167226)
(-0.00161808 -0.000630614 0.0167226)
(-0.00133982 -0.00098645 0.0167226)
(-0.00103397 -0.0013242 0.0167226)
(0.000481683 -0.00171763 0.0167226)
(0.000900412 -0.00155787 0.0167226)
(0.00127442 -0.00137161 0.0167226)
(0.00156003 -0.0012307 0.0167226)
(0.00163249 -0.000910091 0.0167226)
(0.00221309 0.000505123 0.0167226)
(0.00227 -2.01617e-18 0.0167226)
(0.0020452 0.000984916 0.0167226)
(0.00177476 0.00141532 0.0167226)
(0.00141532 0.00177476 0.0167226)
(0.000984916 0.0020452 0.0167226)
(0.000505123 0.00221309 0.0167226)
(1.38997e-19 0.00227 0.0167226)
(-0.000505123 0.00221309 0.0167226)
(-0.000984916 0.0020452 0.0167226)
(-0.00141532 0.00177476 0.0167226)
(-0.00177476 0.00141532 0.0167226)
(-0.0020452 0.000984916 0.0167226)
(-0.00221309 0.000505123 0.0167226)
(-0.00227 2.77995e-19 0.0167226)
(-0.00221309 -0.000505123 0.0167226)
(-0.0020452 -0.000984916 0.0167226)
(-0.00177476 -0.00141532 0.0167226)
(-0.00141532 -0.00177476 0.0167226)
(-0.000984916 -0.0020452 0.0167226)
(-0.000505123 -0.00221309 0.0167226)
(6.18749e-18 -0.00227 0.0167226)
(0.000505123 -0.00221309 0.0167226)
(0.000984916 -0.0020452 0.0167226)
(0.00141532 -0.00177476 0.0167226)
(0.00177476 -0.00141532 0.0167226)
(0.0020452 -0.000984916 0.0167226)
(0.00221309 -0.000505123 0.0167226)
(0.000254978 0.00148823 0.0172227)
(0.000352341 0.00178374 0.0172227)
(0.000706634 0.00160009 0.0172227)
(0.000446052 0.00126652 0.0172227)
(-3.43612e-05 0.00140735 0.0172227)
(-4.50004e-05 0.00179745 0.0172227)
(9.8468e-05 0.00105354 0.0172227)
(-0.000243801 -0.00149233 0.0172227)
(-0.000343709 -0.00178639 0.0172227)
(-0.000698232 -0.0016031 0.0172227)
(-0.000433895 -0.00127144 0.0172227)
(4.58617e-05 -0.00141182 0.0172227)
(5.27853e-05 -0.00179973 0.0172227)
(-8.62642e-05 -0.00106024 0.0172227)
(5.33056e-06 -7.56965e-06 0.0172227)
(-0.000170637 0.000423889 0.0172227)
(0.000276728 0.000671224 0.0172227)
(0.000479026 0.000254696 0.0172227)
(0.000666744 -0.00019532 0.0172227)
(0.000181917 -0.000438581 0.0172227)
(-0.000311617 0.000857308 0.0172227)
(-0.000656337 0.000182064 0.0172227)
(-0.000759557 0.000664251 0.0172227)
(-0.000468886 -0.000270451 0.0172227)
(-0.000264037 -0.00068208 0.0172227)
(0.000324441 -0.000865139 0.0172227)
(0.000770337 -0.000672555 0.0172227)
(0.00125938 0.000101053 0.0172227)
(0.00124473 -0.000509285 0.0172227)
(0.000958037 0.000572491 0.0172227)
(0.000686355 0.000952739 0.0172227)
(-0.000411913 0.00127783 0.0172227)
(-0.000825269 0.00111784 0.0172227)
(-0.00123669 0.00096972 0.0172227)
(-0.00123618 0.000501918 0.0172227)
(-0.001253 -0.000113418 0.0172227)
(-0.000948072 -0.000585007 0.0172227)
(-0.000674808 -0.00096061 0.0172227)
(0.00042228 -0.00128137 0.0172227)
(0.000835044 -0.00111994 0.0172227)
(0.00124319 -0.000970525 0.0172227)
(0.00179085 -1.04206e-05 0.0172227)
(0.00171829 -0.000477546 0.0172227)
(0.00187476 0.000371798 0.0172227)
(0.00162034 0.000620692 0.0172227)
(0.00134491 0.00097979 0.0172227)
(0.00104133 0.00131953 0.0172227)
(-0.000474052 0.00171834 0.0172227)
(-0.000892307 0.00156068 0.0172227)
(-0.00127007 0.00137295 0.0172227)
(-0.00155767 0.00123196 0.0172227)
(-0.00162963 0.000909759 0.0172227)
(-0.00171542 0.00047213 0.0172227)
(-0.00178736 -2.795e-06 0.0172227)
(-0.00186768 -0.000378077 0.0172227)
(-0.00161808 -0.000630614 0.0172227)
(-0.00133982 -0.00098645 0.0172227)
(-0.00103397 -0.0013242 0.0172227)
(0.000481683 -0.00171763 0.0172227)
(0.000900412 -0.00155787 0.0172227)
(0.00127442 -0.00137161 0.0172227)
(0.00156003 -0.0012307 0.0172227)
(0.00163249 -0.000910091 0.0172227)
(0.00221309 0.000505123 0.0172227)
(0.00227 2.01617e-18 0.0172227)
(0.0020452 0.000984916 0.0172227)
(0.00177476 0.00141532 0.0172227)
(0.00141532 0.00177476 0.0172227)
(0.000984916 0.0020452 0.0172227)
(0.000505123 0.00221309 0.0172227)
(1.38997e-19 0.00227 0.0172227)
(-0.000505123 0.00221309 0.0172227)
(-0.000984916 0.0020452 0.0172227)
(-0.00141532 0.00177476 0.0172227)
(-0.00177476 0.00141532 0.0172227)
(-0.0020452 0.000984916 0.0172227)
(-0.00221309 0.000505123 0.0172227)
(-0.00227 2.77995e-19 0.0172227)
(-0.00221309 -0.000505123 0.0172227)
(-0.0020452 -0.000984916 0.0172227)
(-0.00177476 -0.00141532 0.0172227)
(-0.00141532 -0.00177476 0.0172227)
(-0.000984916 -0.0020452 0.0172227)
(-0.000505123 -0.00221309 0.0172227)
(-5.9095e-18 -0.00227 0.0172227)
(0.000505123 -0.00221309 0.0172227)
(0.000984916 -0.0020452 0.0172227)
(0.00141532 -0.00177476 0.0172227)
(0.00177476 -0.00141532 0.0172227)
(0.0020452 -0.000984916 0.0172227)
(0.00221309 -0.000505123 0.0172227)
(0.000254978 0.00148823 0.0177228)
(0.000352341 0.00178374 0.0177228)
(0.000706634 0.00160009 0.0177228)
(0.000446052 0.00126652 0.0177228)
(-3.43612e-05 0.00140735 0.0177228)
(-4.50004e-05 0.00179745 0.0177228)
(9.8468e-05 0.00105354 0.0177228)
(-0.000243801 -0.00149233 0.0177228)
(-0.000343709 -0.00178639 0.0177228)
(-0.000698232 -0.0016031 0.0177228)
(-0.000433895 -0.00127144 0.0177228)
(4.58617e-05 -0.00141182 0.0177228)
(5.27853e-05 -0.00179973 0.0177228)
(-8.62642e-05 -0.00106024 0.0177228)
(5.33056e-06 -7.56965e-06 0.0177228)
(-0.000170637 0.000423889 0.0177228)
(0.000276728 0.000671224 0.0177228)
(0.000479026 0.000254696 0.0177228)
(0.000666744 -0.00019532 0.0177228)
(0.000181917 -0.000438581 0.0177228)
(-0.000311617 0.000857308 0.0177228)
(-0.000656337 0.000182064 0.0177228)
(-0.000759557 0.000664251 0.0177228)
(-0.000468886 -0.000270451 0.0177228)
(-0.000264037 -0.00068208 0.0177228)
(0.000324441 -0.000865139 0.0177228)
(0.000770337 -0.000672555 0.0177228)
(0.00125938 0.000101053 0.0177228)
(0.00124473 -0.000509285 0.0177228)
(0.000958037 0.000572491 0.0177228)
(0.000686355 0.000952739 0.0177228)
(-0.000411913 0.00127783 0.0177228)
(-0.000825269 0.00111784 0.0177228)
(-0.00123669 0.00096972 0.0177228)
(-0.00123618 0.000501918 0.0177228)
(-0.001253 -0.000113418 0.0177228)
(-0.000948072 -0.000585007 0.0177228)
(-0.000674808 -0.00096061 0.0177228)
(0.00042228 -0.00128137 0.0177228)
(0.000835044 -0.00111994 0.0177228)
(0.00124319 -0.000970525 0.0177228)
(0.00179085 -1.04206e-05 0.0177228)
(0.00171829 -0.000477546 0.0177228)
(0.00187476 0.000371798 0.0177228)
(0.00162034 0.000620692 0.0177228)
(0.00134491 0.00097979 0.0177228)
(0.00104133 0.00131953 0.0177228)
(-0.000474052 0.00171834 0.0177228)
(-0.000892307 0.00156068 0.0177228)
(-0.00127007 0.00137295 0.0177228)
(-0.00155767 0.00123196 0.0177228)
(-0.00162963 0.000909759 0.0177228)
(-0.00171542 0.00047213 0.0177228)
(-0.00178736 -2.795e-06 0.0177228)
(-0.00186768 -0.000378077 0.0177228)
(-0.00161808 -0.000630614 0.0177228)
(-0.00133982 -0.00098645 0.0177228)
(-0.00103397 -0.0013242 0.0177228)
(0.000481683 -0.00171763 0.0177228)
(0.000900412 -0.00155787 0.0177228)
(0.00127442 -0.00137161 0.0177228)
(0.00156003 -0.0012307 0.0177228)
(0.00163249 -0.000910091 0.0177228)
(0.00221309 0.000505123 0.0177228)
(0.00227 0 0.0177228)
(0.0020452 0.000984916 0.0177228)
(0.00177476 0.00141532 0.0177228)
(0.00141532 0.00177476 0.0177228)
(0.000984916 0.0020452 0.0177228)
(0.000505123 0.00221309 0.0177228)
(4.17133e-18 0.00227 0.0177228)
(-0.000505123 0.00221309 0.0177228)
(-0.000984916 0.0020452 0.0177228)
(-0.00141532 0.00177476 0.0177228)
(-0.00177476 0.00141532 0.0177228)
(-0.0020452 0.000984916 0.0177228)
(-0.00221309 0.000505123 0.0177228)
(-0.00227 2.77995e-19 0.0177228)
(-0.00221309 -0.000505123 0.0177228)
(-0.0020452 -0.000984916 0.0177228)
(-0.00177476 -0.00141532 0.0177228)
(-0.00141532 -0.00177476 0.0177228)
(-0.000984916 -0.0020452 0.0177228)
(-0.000505123 -0.00221309 0.0177228)
(-3.89333e-18 -0.00227 0.0177228)
(0.000505123 -0.00221309 0.0177228)
(0.000984916 -0.0020452 0.0177228)
(0.00141532 -0.00177476 0.0177228)
(0.00177476 -0.00141532 0.0177228)
(0.0020452 -0.000984916 0.0177228)
(0.00221309 -0.000505123 0.0177228)
(0.000254978 0.00148823 0.0182229)
(0.000352341 0.00178374 0.0182229)
(0.000706634 0.00160009 0.0182229)
(0.000446052 0.00126652 0.0182229)
(-3.43612e-05 0.00140735 0.0182229)
(-4.50004e-05 0.00179745 0.0182229)
(9.8468e-05 0.00105354 0.0182229)
(-0.000243801 -0.00149233 0.0182229)
(-0.000343709 -0.00178639 0.0182229)
(-0.000698232 -0.0016031 0.0182229)
(-0.000433895 -0.00127144 0.0182229)
(4.58617e-05 -0.00141182 0.0182229)
(5.27853e-05 -0.00179973 0.0182229)
(-8.62642e-05 -0.00106024 0.0182229)
(5.33056e-06 -7.56965e-06 0.0182229)
(-0.000170637 0.000423889 0.0182229)
(0.000276728 0.000671224 0.0182229)
(0.000479026 0.000254696 0.0182229)
(0.000666744 -0.00019532 0.0182229)
(0.000181917 -0.000438581 0.0182229)
(-0.000311617 0.000857308 0.0182229)
(-0.000656337 0.000182064 0.0182229)
(-0.000759557 0.000664251 0.0182229)
(-0.000468886 -0.000270451 0.0182229)
(-0.000264037 -0.00068208 0.0182229)
(0.000324441 -0.000865139 0.0182229)
(0.000770337 -0.000672555 0.0182229)
(0.00125938 0.000101053 0.0182229)
(0.00124473 -0.000509285 0.0182229)
(0.000958037 0.000572491 0.0182229)
(0.000686355 0.000952739 0.0182229)
(-0.000411913 0.00127783 0.0182229)
(-0.000825269 0.00111784 0.0182229)
(-0.00123669 0.00096972 0.0182229)
(-0.00123618 0.000501918 0.0182229)
(-0.001253 -0.000113418 0.0182229)
(-0.000948072 -0.000585007 0.0182229)
(-0.000674808 -0.00096061 0.0182229)
(0.00042228 -0.00128137 0.0182229)
(0.000835044 -0.00111994 0.0182229)
(0.00124319 -0.000970525 0.0182229)
(0.00179085 -1.04206e-05 0.0182229)
(0.00171829 -0.000477546 0.0182229)
(0.00187476 0.000371798 0.0182229)
(0.00162034 0.000620692 0.0182229)
(0.00134491 0.00097979 0.0182229)
(0.00104133 0.00131953 0.0182229)
(-0.000474052 0.00171834 0.0182229)
(-0.000892307 0.00156068 0.0182229)
(-0.00127007 0.00137295 0.0182229)
(-0.00155767 0.00123196 0.0182229)
(-0.00162963 0.000909759 0.0182229)
(-0.00171542 0.00047213 0.0182229)
(-0.00178736 -2.795e-06 0.0182229)
(-0.00186768 -0.000378077 0.0182229)
(-0.00161808 -0.000630614 0.0182229)
(-0.00133982 -0.00098645 0.0182229)
(-0.00103397 -0.0013242 0.0182229)
(0.000481683 -0.00171763 0.0182229)
(0.000900412 -0.00155787 0.0182229)
(0.00127442 -0.00137161 0.0182229)
(0.00156003 -0.0012307 0.0182229)
(0.00163249 -0.000910091 0.0182229)
(0.00221309 0.000505123 0.0182229)
(0.00227 2.01617e-18 0.0182229)
(0.0020452 0.000984916 0.0182229)
(0.00177476 0.00141532 0.0182229)
(0.00141532 0.00177476 0.0182229)
(0.000984916 0.0020452 0.0182229)
(0.000505123 0.00221309 0.0182229)
(1.38997e-19 0.00227 0.0182229)
(-0.000505123 0.00221309 0.0182229)
(-0.000984916 0.0020452 0.0182229)
(-0.00141532 0.00177476 0.0182229)
(-0.00177476 0.00141532 0.0182229)
(-0.0020452 0.000984916 0.0182229)
(-0.00221309 0.000505123 0.0182229)
(-0.00227 2.77995e-19 0.0182229)
(-0.00221309 -0.000505123 0.0182229)
(-0.0020452 -0.000984916 0.0182229)
(-0.00177476 -0.00141532 0.0182229)
(-0.00141532 -0.00177476 0.0182229)
(-0.000984916 -0.0020452 0.0182229)
(-0.000505123 -0.00221309 0.0182229)
(8.20366e-18 -0.00227 0.0182229)
(0.000505123 -0.00221309 0.0182229)
(0.000984916 -0.0020452 0.0182229)
(0.00141532 -0.00177476 0.0182229)
(0.00177476 -0.00141532 0.0182229)
(0.0020452 -0.000984916 0.0182229)
(0.00221309 -0.000505123 0.0182229)
(0.000254978 0.00148823 0.018723)
(0.000352341 0.00178374 0.018723)
(0.000706634 0.00160009 0.018723)
(0.000446052 0.00126652 0.018723)
(-3.43612e-05 0.00140735 0.018723)
(-4.50004e-05 0.00179745 0.018723)
(9.8468e-05 0.00105354 0.018723)
(-0.000243801 -0.00149233 0.018723)
(-0.000343709 -0.00178639 0.018723)
(-0.000698232 -0.0016031 0.018723)
(-0.000433895 -0.00127144 0.018723)
(4.58617e-05 -0.00141182 0.018723)
(5.27853e-05 -0.00179973 0.018723)
(-8.62642e-05 -0.00106024 0.018723)
(5.33056e-06 -7.56965e-06 0.018723)
(-0.000170637 0.000423889 0.018723)
(0.000276728 0.000671224 0.018723)
(0.000479026 0.000254696 0.018723)
(0.000666744 -0.00019532 0.018723)
(0.000181917 -0.000438581 0.018723)
(-0.000311617 0.000857308 0.018723)
(-0.000656337 0.000182064 0.018723)
(-0.000759557 0.000664251 0.018723)
(-0.000468886 -0.000270451 0.018723)
(-0.000264037 -0.00068208 0.018723)
(0.000324441 -0.000865139 0.018723)
(0.000770337 -0.000672555 0.018723)
(0.00125938 0.000101053 0.018723)
(0.00124473 -0.000509285 0.018723)
(0.000958037 0.000572491 0.018723)
(0.000686355 0.000952739 0.018723)
(-0.000411913 0.00127783 0.018723)
(-0.000825269 0.00111784 0.018723)
(-0.00123669 0.00096972 0.018723)
(-0.00123618 0.000501918 0.018723)
(-0.001253 -0.000113418 0.018723)
(-0.000948072 -0.000585007 0.018723)
(-0.000674808 -0.00096061 0.018723)
(0.00042228 -0.00128137 0.018723)
(0.000835044 -0.00111994 0.018723)
(0.00124319 -0.000970525 0.018723)
(0.00179085 -1.04206e-05 0.018723)
(0.00171829 -0.000477546 0.018723)
(0.00187476 0.000371798 0.018723)
(0.00162034 0.000620692 0.018723)
(0.00134491 0.00097979 0.018723)
(0.00104133 0.00131953 0.018723)
(-0.000474052 0.00171834 0.018723)
(-0.000892307 0.00156068 0.018723)
(-0.00127007 0.00137295 0.018723)
(-0.00155767 0.00123196 0.018723)
(-0.00162963 0.000909759 0.018723)
(-0.00171542 0.00047213 0.018723)
(-0.00178736 -2.795e-06 0.018723)
(-0.00186768 -0.000378077 0.018723)
(-0.00161808 -0.000630614 0.018723)
(-0.00133982 -0.00098645 0.018723)
(-0.00103397 -0.0013242 0.018723)
(0.000481683 -0.00171763 0.018723)
(0.000900412 -0.00155787 0.018723)
(0.00127442 -0.00137161 0.018723)
(0.00156003 -0.0012307 0.018723)
(0.00163249 -0.000910091 0.018723)
(0.00221309 0.000505123 0.018723)
(0.00227 0 0.018723)
(0.0020452 0.000984916 0.018723)
(0.00177476 0.00141532 0.018723)
(0.00141532 0.00177476 0.018723)
(0.000984916 0.0020452 0.018723)
(0.000505123 0.00221309 0.018723)
(1.38997e-19 0.00227 0.018723)
(-0.000505123 0.00221309 0.018723)
(-0.000984916 0.0020452 0.018723)
(-0.00141532 0.00177476 0.018723)
(-0.00177476 0.00141532 0.018723)
(-0.0020452 0.000984916 0.018723)
(-0.00221309 0.000505123 0.018723)
(-0.00227 2.77995e-19 0.018723)
(-0.00221309 -0.000505123 0.018723)
(-0.0020452 -0.000984916 0.018723)
(-0.00177476 -0.00141532 0.018723)
(-0.00141532 -0.00177476 0.018723)
(-0.000984916 -0.0020452 0.018723)
(-0.000505123 -0.00221309 0.018723)
(2.15516e-18 -0.00227 0.018723)
(0.000505123 -0.00221309 0.018723)
(0.000984916 -0.0020452 0.018723)
(0.00141532 -0.00177476 0.018723)
(0.00177476 -0.00141532 0.018723)
(0.0020452 -0.000984916 0.018723)
(0.00221309 -0.000505123 0.018723)
(0.000254978 0.00148823 0.0192231)
(0.000352341 0.00178374 0.0192231)
(0.000706634 0.00160009 0.0192231)
(0.000446052 0.00126652 0.0192231)
(-3.43612e-05 0.00140735 0.0192231)
(-4.50004e-05 0.00179745 0.0192231)
(9.8468e-05 0.00105354 0.0192231)
(-0.000243801 -0.00149233 0.0192231)
(-0.000343709 -0.00178639 0.0192231)
(-0.000698232 -0.0016031 0.0192231)
(-0.000433895 -0.00127144 0.0192231)
(4.58617e-05 -0.00141182 0.0192231)
(5.27853e-05 -0.00179973 0.0192231)
(-8.62642e-05 -0.00106024 0.0192231)
(5.33056e-06 -7.56965e-06 0.0192231)
(-0.000170637 0.000423889 0.0192231)
(0.000276728 0.000671224 0.0192231)
(0.000479026 0.000254696 0.0192231)
(0.000666744 -0.00019532 0.0192231)
(0.000181917 -0.000438581 0.0192231)
(-0.000311617 0.000857308 0.0192231)
(-0.000656337 0.000182064 0.0192231)
(-0.000759557 0.000664251 0.0192231)
(-0.000468886 -0.000270451 0.0192231)
(-0.000264037 -0.00068208 0.0192231)
(0.000324441 -0.000865139 0.0192231)
(0.000770337 -0.000672555 0.0192231)
(0.00125938 0.000101053 0.0192231)
(0.00124473 -0.000509285 0.0192231)
(0.000958037 0.000572491 0.0192231)
(0.000686355 0.000952739 0.0192231)
(-0.000411913 0.00127783 0.0192231)
(-0.000825269 0.00111784 0.0192231)
(-0.00123669 0.00096972 0.0192231)
(-0.00123618 0.000501918 0.0192231)
(-0.001253 -0.000113418 0.0192231)
(-0.000948072 -0.000585007 0.0192231)
(-0.000674808 -0.00096061 0.0192231)
(0.00042228 -0.00128137 0.0192231)
(0.000835044 -0.00111994 0.0192231)
(0.00124319 -0.000970525 0.0192231)
(0.00179085 -1.04206e-05 0.0192231)
(0.00171829 -0.000477546 0.0192231)
(0.00187476 0.000371798 0.0192231)
(0.00162034 0.000620692 0.0192231)
(0.00134491 0.00097979 0.0192231)
(0.00104133 0.00131953 0.0192231)
(-0.000474052 0.00171834 0.0192231)
(-0.000892307 0.00156068 0.0192231)
(-0.00127007 0.00137295 0.0192231)
(-0.00155767 0.00123196 0.0192231)
(-0.00162963 0.000909759 0.0192231)
(-0.00171542 0.00047213 0.0192231)
(-0.00178736 -2.795e-06 0.0192231)
(-0.00186768 -0.000378077 0.0192231)
(-0.00161808 -0.000630614 0.0192231)
(-0.00133982 -0.00098645 0.0192231)
(-0.00103397 -0.0013242 0.0192231)
(0.000481683 -0.00171763 0.0192231)
(0.000900412 -0.00155787 0.0192231)
(0.00127442 -0.00137161 0.0192231)
(0.00156003 -0.0012307 0.0192231)
(0.00163249 -0.000910091 0.0192231)
(0.00221309 0.000505123 0.0192231)
(0.00227 0 0.0192231)
(0.0020452 0.000984916 0.0192231)
(0.00177476 0.00141532 0.0192231)
(0.00141532 0.00177476 0.0192231)
(0.000984916 0.0020452 0.0192231)
(0.000505123 0.00221309 0.0192231)
(1.38997e-19 0.00227 0.0192231)
(-0.000505123 0.00221309 0.0192231)
(-0.000984916 0.0020452 0.0192231)
(-0.00141532 0.00177476 0.0192231)
(-0.00177476 0.00141532 0.0192231)
(-0.0020452 0.000984916 0.0192231)
(-0.00221309 0.000505123 0.0192231)
(-0.00227 2.77995e-19 0.0192231)
(-0.00221309 -0.000505123 0.0192231)
(-0.0020452 -0.000984916 0.0192231)
(-0.00177476 -0.00141532 0.0192231)
(-0.00141532 -0.00177476 0.0192231)
(-0.000984916 -0.0020452 0.0192231)
(-0.000505123 -0.00221309 0.0192231)
(1.38997e-19 -0.00227 0.0192231)
(0.000505123 -0.00221309 0.0192231)
(0.000984916 -0.0020452 0.0192231)
(0.00141532 -0.00177476 0.0192231)
(0.00177476 -0.00141532 0.0192231)
(0.0020452 -0.000984916 0.0192231)
(0.00221309 -0.000505123 0.0192231)
(0.000254978 0.00148823 0.0197232)
(0.000352341 0.00178374 0.0197232)
(0.000706634 0.00160009 0.0197232)
(0.000446052 0.00126652 0.0197232)
(-3.43612e-05 0.00140735 0.0197232)
(-4.50004e-05 0.00179745 0.0197232)
(9.8468e-05 0.00105354 0.0197232)
(-0.000243801 -0.00149233 0.0197232)
(-0.000343709 -0.00178639 0.0197232)
(-0.000698232 -0.0016031 0.0197232)
(-0.000433895 -0.00127144 0.0197232)
(4.58617e-05 -0.00141182 0.0197232)
(5.27853e-05 -0.00179973 0.0197232)
(-8.62642e-05 -0.00106024 0.0197232)
(5.33056e-06 -7.56965e-06 0.0197232)
(-0.000170637 0.000423889 0.0197232)
(0.000276728 0.000671224 0.0197232)
(0.000479026 0.000254696 0.0197232)
(0.000666744 -0.00019532 0.0197232)
(0.000181917 -0.000438581 0.0197232)
(-0.000311617 0.000857308 0.0197232)
(-0.000656337 0.000182064 0.0197232)
(-0.000759557 0.000664251 0.0197232)
(-0.000468886 -0.000270451 0.0197232)
(-0.000264037 -0.00068208 0.0197232)
(0.000324441 -0.000865139 0.0197232)
(0.000770337 -0.000672555 0.0197232)
(0.00125938 0.000101053 0.0197232)
(0.00124473 -0.000509285 0.0197232)
(0.000958037 0.000572491 0.0197232)
(0.000686355 0.000952739 0.0197232)
(-0.000411913 0.00127783 0.0197232)
(-0.000825269 0.00111784 0.0197232)
(-0.00123669 0.00096972 0.0197232)
(-0.00123618 0.000501918 0.0197232)
(-0.001253 -0.000113418 0.0197232)
(-0.000948072 -0.000585007 0.0197232)
(-0.000674808 -0.00096061 0.0197232)
(0.00042228 -0.00128137 0.0197232)
(0.000835044 -0.00111994 0.0197232)
(0.00124319 -0.000970525 0.0197232)
(0.00179085 -1.04206e-05 0.0197232)
(0.00171829 -0.000477546 0.0197232)
(0.00187476 0.000371798 0.0197232)
(0.00162034 0.000620692 0.0197232)
(0.00134491 0.00097979 0.0197232)
(0.00104133 0.00131953 0.0197232)
(-0.000474052 0.00171834 0.0197232)
(-0.000892307 0.00156068 0.0197232)
(-0.00127007 0.00137295 0.0197232)
(-0.00155767 0.00123196 0.0197232)
(-0.00162963 0.000909759 0.0197232)
(-0.00171542 0.00047213 0.0197232)
(-0.00178736 -2.795e-06 0.0197232)
(-0.00186768 -0.000378077 0.0197232)
(-0.00161808 -0.000630614 0.0197232)
(-0.00133982 -0.00098645 0.0197232)
(-0.00103397 -0.0013242 0.0197232)
(0.000481683 -0.00171763 0.0197232)
(0.000900412 -0.00155787 0.0197232)
(0.00127442 -0.00137161 0.0197232)
(0.00156003 -0.0012307 0.0197232)
(0.00163249 -0.000910091 0.0197232)
(0.00221309 0.000505123 0.0197232)
(0.00227 0 0.0197232)
(0.0020452 0.000984916 0.0197232)
(0.00177476 0.00141532 0.0197232)
(0.00141532 0.00177476 0.0197232)
(0.000984916 0.0020452 0.0197232)
(0.000505123 0.00221309 0.0197232)
(1.38997e-19 0.00227 0.0197232)
(-0.000505123 0.00221309 0.0197232)
(-0.000984916 0.0020452 0.0197232)
(-0.00141532 0.00177476 0.0197232)
(-0.00177476 0.00141532 0.0197232)
(-0.0020452 0.000984916 0.0197232)
(-0.00221309 0.000505123 0.0197232)
(-0.00227 2.77995e-19 0.0197232)
(-0.00221309 -0.000505123 0.0197232)
(-0.0020452 -0.000984916 0.0197232)
(-0.00177476 -0.00141532 0.0197232)
(-0.00141532 -0.00177476 0.0197232)
(-0.000984916 -0.0020452 0.0197232)
(-0.000505123 -0.00221309 0.0197232)
(-1.87717e-18 -0.00227 0.0197232)
(0.000505123 -0.00221309 0.0197232)
(0.000984916 -0.0020452 0.0197232)
(0.00141532 -0.00177476 0.0197232)
(0.00177476 -0.00141532 0.0197232)
(0.0020452 -0.000984916 0.0197232)
(0.00221309 -0.000505123 0.0197232)
(0.000254978 0.00148823 0.0202233)
(0.000352341 0.00178374 0.0202233)
(0.000706634 0.00160009 0.0202233)
(0.000446052 0.00126652 0.0202233)
(-3.43612e-05 0.00140735 0.0202233)
(-4.50004e-05 0.00179745 0.0202233)
(9.8468e-05 0.00105354 0.0202233)
(-0.000243801 -0.00149233 0.0202233)
(-0.000343709 -0.00178639 0.0202233)
(-0.000698232 -0.0016031 0.0202233)
(-0.000433895 -0.00127144 0.0202233)
(4.58617e-05 -0.00141182 0.0202233)
(5.27853e-05 -0.00179973 0.0202233)
(-8.62642e-05 -0.00106024 0.0202233)
(5.33056e-06 -7.56965e-06 0.0202233)
(-0.000170637 0.000423889 0.0202233)
(0.000276728 0.000671224 0.0202233)
(0.000479026 0.000254696 0.0202233)
(0.000666744 -0.00019532 0.0202233)
(0.000181917 -0.000438581 0.0202233)
(-0.000311617 0.000857308 0.0202233)
(-0.000656337 0.000182064 0.0202233)
(-0.000759557 0.000664251 0.0202233)
(-0.000468886 -0.000270451 0.0202233)
(-0.000264037 -0.00068208 0.0202233)
(0.000324441 -0.000865139 0.0202233)
(0.000770337 -0.000672555 0.0202233)
(0.00125938 0.000101053 0.0202233)
(0.00124473 -0.000509285 0.0202233)
(0.000958037 0.000572491 0.0202233)
(0.000686355 0.000952739 0.0202233)
(-0.000411913 0.00127783 0.0202233)
(-0.000825269 0.00111784 0.0202233)
(-0.00123669 0.00096972 0.0202233)
(-0.00123618 0.000501918 0.0202233)
(-0.001253 -0.000113418 0.0202233)
(-0.000948072 -0.000585007 0.0202233)
(-0.000674808 -0.00096061 0.0202233)
(0.00042228 -0.00128137 0.0202233)
(0.000835044 -0.00111994 0.0202233)
(0.00124319 -0.000970525 0.0202233)
(0.00179085 -1.04206e-05 0.0202233)
(0.00171829 -0.000477546 0.0202233)
(0.00187476 0.000371798 0.0202233)
(0.00162034 0.000620692 0.0202233)
(0.00134491 0.00097979 0.0202233)
(0.00104133 0.00131953 0.0202233)
(-0.000474052 0.00171834 0.0202233)
(-0.000892307 0.00156068 0.0202233)
(-0.00127007 0.00137295 0.0202233)
(-0.00155767 0.00123196 0.0202233)
(-0.00162963 0.000909759 0.0202233)
(-0.00171542 0.00047213 0.0202233)
(-0.00178736 -2.795e-06 0.0202233)
(-0.00186768 -0.000378077 0.0202233)
(-0.00161808 -0.000630614 0.0202233)
(-0.00133982 -0.00098645 0.0202233)
(-0.00103397 -0.0013242 0.0202233)
(0.000481683 -0.00171763 0.0202233)
(0.000900412 -0.00155787 0.0202233)
(0.00127442 -0.00137161 0.0202233)
(0.00156003 -0.0012307 0.0202233)
(0.00163249 -0.000910091 0.0202233)
(0.00221309 0.000505123 0.0202233)
(0.00227 4.03233e-18 0.0202233)
(0.0020452 0.000984916 0.0202233)
(0.00177476 0.00141532 0.0202233)
(0.00141532 0.00177476 0.0202233)
(0.000984916 0.0020452 0.0202233)
(0.000505123 0.00221309 0.0202233)
(1.38997e-19 0.00227 0.0202233)
(-0.000505123 0.00221309 0.0202233)
(-0.000984916 0.0020452 0.0202233)
(-0.00141532 0.00177476 0.0202233)
(-0.00177476 0.00141532 0.0202233)
(-0.0020452 0.000984916 0.0202233)
(-0.00221309 0.000505123 0.0202233)
(-0.00227 2.77995e-19 0.0202233)
(-0.00221309 -0.000505123 0.0202233)
(-0.0020452 -0.000984916 0.0202233)
(-0.00177476 -0.00141532 0.0202233)
(-0.00141532 -0.00177476 0.0202233)
(-0.000984916 -0.0020452 0.0202233)
(-0.000505123 -0.00221309 0.0202233)
(4.17133e-18 -0.00227 0.0202233)
(0.000505123 -0.00221309 0.0202233)
(0.000984916 -0.0020452 0.0202233)
(0.00141532 -0.00177476 0.0202233)
(0.00177476 -0.00141532 0.0202233)
(0.0020452 -0.000984916 0.0202233)
(0.00221309 -0.000505123 0.0202233)
(0.000254978 0.00148823 0.0207234)
(0.000352341 0.00178374 0.0207234)
(0.000706634 0.00160009 0.0207234)
(0.000446052 0.00126652 0.0207234)
(-3.43612e-05 0.00140735 0.0207234)
(-4.50004e-05 0.00179745 0.0207234)
(9.8468e-05 0.00105354 0.0207234)
(-0.000243801 -0.00149233 0.0207234)
(-0.000343709 -0.00178639 0.0207234)
(-0.000698232 -0.0016031 0.0207234)
(-0.000433895 -0.00127144 0.0207234)
(4.58617e-05 -0.00141182 0.0207234)
(5.27853e-05 -0.00179973 0.0207234)
(-8.62642e-05 -0.00106024 0.0207234)
(5.33056e-06 -7.56965e-06 0.0207234)
(-0.000170637 0.000423889 0.0207234)
(0.000276728 0.000671224 0.0207234)
(0.000479026 0.000254696 0.0207234)
(0.000666744 -0.00019532 0.0207234)
(0.000181917 -0.000438581 0.0207234)
(-0.000311617 0.000857308 0.0207234)
(-0.000656337 0.000182064 0.0207234)
(-0.000759557 0.000664251 0.0207234)
(-0.000468886 -0.000270451 0.0207234)
(-0.000264037 -0.00068208 0.0207234)
(0.000324441 -0.000865139 0.0207234)
(0.000770337 -0.000672555 0.0207234)
(0.00125938 0.000101053 0.0207234)
(0.00124473 -0.000509285 0.0207234)
(0.000958037 0.000572491 0.0207234)
(0.000686355 0.000952739 0.0207234)
(-0.000411913 0.00127783 0.0207234)
(-0.000825269 0.00111784 0.0207234)
(-0.00123669 0.00096972 0.0207234)
(-0.00123618 0.000501918 0.0207234)
(-0.001253 -0.000113418 0.0207234)
(-0.000948072 -0.000585007 0.0207234)
(-0.000674808 -0.00096061 0.0207234)
(0.00042228 -0.00128137 0.0207234)
(0.000835044 -0.00111994 0.0207234)
(0.00124319 -0.000970525 0.0207234)
(0.00179085 -1.04206e-05 0.0207234)
(0.00171829 -0.000477546 0.0207234)
(0.00187476 0.000371798 0.0207234)
(0.00162034 0.000620692 0.0207234)
(0.00134491 0.00097979 0.0207234)
(0.00104133 0.00131953 0.0207234)
(-0.000474052 0.00171834 0.0207234)
(-0.000892307 0.00156068 0.0207234)
(-0.00127007 0.00137295 0.0207234)
(-0.00155767 0.00123196 0.0207234)
(-0.00162963 0.000909759 0.0207234)
(-0.00171542 0.00047213 0.0207234)
(-0.00178736 -2.795e-06 0.0207234)
(-0.00186768 -0.000378077 0.0207234)
(-0.00161808 -0.000630614 0.0207234)
(-0.00133982 -0.00098645 0.0207234)
(-0.00103397 -0.0013242 0.0207234)
(0.000481683 -0.00171763 0.0207234)
(0.000900412 -0.00155787 0.0207234)
(0.00127442 -0.00137161 0.0207234)
(0.00156003 -0.0012307 0.0207234)
(0.00163249 -0.000910091 0.0207234)
(0.00221309 0.000505123 0.0207234)
(0.00227 0 0.0207234)
(0.0020452 0.000984916 0.0207234)
(0.00177476 0.00141532 0.0207234)
(0.00141532 0.00177476 0.0207234)
(0.000984916 0.0020452 0.0207234)
(0.000505123 0.00221309 0.0207234)
(1.38997e-19 0.00227 0.0207234)
(-0.000505123 0.00221309 0.0207234)
(-0.000984916 0.0020452 0.0207234)
(-0.00141532 0.00177476 0.0207234)
(-0.00177476 0.00141532 0.0207234)
(-0.0020452 0.000984916 0.0207234)
(-0.00221309 0.000505123 0.0207234)
(-0.00227 2.77995e-19 0.0207234)
(-0.00221309 -0.000505123 0.0207234)
(-0.0020452 -0.000984916 0.0207234)
(-0.00177476 -0.00141532 0.0207234)
(-0.00141532 -0.00177476 0.0207234)
(-0.000984916 -0.0020452 0.0207234)
(-0.000505123 -0.00221309 0.0207234)
(-3.89333e-18 -0.00227 0.0207234)
(0.000505123 -0.00221309 0.0207234)
(0.000984916 -0.0020452 0.0207234)
(0.00141532 -0.00177476 0.0207234)
(0.00177476 -0.00141532 0.0207234)
(0.0020452 -0.000984916 0.0207234)
(0.00221309 -0.000505123 0.0207234)
(0.000254978 0.00148823 0.0212235)
(0.000352341 0.00178374 0.0212235)
(0.000706634 0.00160009 0.0212235)
(0.000446052 0.00126652 0.0212235)
(-3.43612e-05 0.00140735 0.0212235)
(-4.50004e-05 0.00179745 0.0212235)
(9.8468e-05 0.00105354 0.0212235)
(-0.000243801 -0.00149233 0.0212235)
(-0.000343709 -0.00178639 0.0212235)
(-0.000698232 -0.0016031 0.0212235)
(-0.000433895 -0.00127144 0.0212235)
(4.58617e-05 -0.00141182 0.0212235)
(5.27853e-05 -0.00179973 0.0212235)
(-8.62642e-05 -0.00106024 0.0212235)
(5.33056e-06 -7.56965e-06 0.0212235)
(-0.000170637 0.000423889 0.0212235)
(0.000276728 0.000671224 0.0212235)
(0.000479026 0.000254696 0.0212235)
(0.000666744 -0.00019532 0.0212235)
(0.000181917 -0.000438581 0.0212235)
(-0.000311617 0.000857308 0.0212235)
(-0.000656337 0.000182064 0.0212235)
(-0.000759557 0.000664251 0.0212235)
(-0.000468886 -0.000270451 0.0212235)
(-0.000264037 -0.00068208 0.0212235)
(0.000324441 -0.000865139 0.0212235)
(0.000770337 -0.000672555 0.0212235)
(0.00125938 0.000101053 0.0212235)
(0.00124473 -0.000509285 0.0212235)
(0.000958037 0.000572491 0.0212235)
(0.000686355 0.000952739 0.0212235)
(-0.000411913 0.00127783 0.0212235)
(-0.000825269 0.00111784 0.0212235)
(-0.00123669 0.00096972 0.0212235)
(-0.00123618 0.000501918 0.0212235)
(-0.001253 -0.000113418 0.0212235)
(-0.000948072 -0.000585007 0.0212235)
(-0.000674808 -0.00096061 0.0212235)
(0.00042228 -0.00128137 0.0212235)
(0.000835044 -0.00111994 0.0212235)
(0.00124319 -0.000970525 0.0212235)
(0.00179085 -1.04206e-05 0.0212235)
(0.00171829 -0.000477546 0.0212235)
(0.00187476 0.000371798 0.0212235)
(0.00162034 0.000620692 0.0212235)
(0.00134491 0.00097979 0.0212235)
(0.00104133 0.00131953 0.0212235)
(-0.000474052 0.00171834 0.0212235)
(-0.000892307 0.00156068 0.0212235)
(-0.00127007 0.00137295 0.0212235)
(-0.00155767 0.00123196 0.0212235)
(-0.00162963 0.000909759 0.0212235)
(-0.00171542 0.00047213 0.0212235)
(-0.00178736 -2.795e-06 0.0212235)
(-0.00186768 -0.000378077 0.0212235)
(-0.00161808 -0.000630614 0.0212235)
(-0.00133982 -0.00098645 0.0212235)
(-0.00103397 -0.0013242 0.0212235)
(0.000481683 -0.00171763 0.0212235)
(0.000900412 -0.00155787 0.0212235)
(0.00127442 -0.00137161 0.0212235)
(0.00156003 -0.0012307 0.0212235)
(0.00163249 -0.000910091 0.0212235)
(0.00221309 0.000505123 0.0212235)
(0.00227 -2.01617e-18 0.0212235)
(0.0020452 0.000984916 0.0212235)
(0.00177476 0.00141532 0.0212235)
(0.00141532 0.00177476 0.0212235)
(0.000984916 0.0020452 0.0212235)
(0.000505123 0.00221309 0.0212235)
(1.38997e-19 0.00227 0.0212235)
(-0.000505123 0.00221309 0.0212235)
(-0.000984916 0.0020452 0.0212235)
(-0.00141532 0.00177476 0.0212235)
(-0.00177476 0.00141532 0.0212235)
(-0.0020452 0.000984916 0.0212235)
(-0.00221309 0.000505123 0.0212235)
(-0.00227 2.77995e-19 0.0212235)
(-0.00221309 -0.000505123 0.0212235)
(-0.0020452 -0.000984916 0.0212235)
(-0.00177476 -0.00141532 0.0212235)
(-0.00141532 -0.00177476 0.0212235)
(-0.000984916 -0.0020452 0.0212235)
(-0.000505123 -0.00221309 0.0212235)
(1.38997e-19 -0.00227 0.0212235)
(0.000505123 -0.00221309 0.0212235)
(0.000984916 -0.0020452 0.0212235)
(0.00141532 -0.00177476 0.0212235)
(0.00177476 -0.00141532 0.0212235)
(0.0020452 -0.000984916 0.0212235)
(0.00221309 -0.000505123 0.0212235)
(0.000254978 0.00148823 0.0217236)
(0.000352341 0.00178374 0.0217236)
(0.000706634 0.00160009 0.0217236)
(0.000446052 0.00126652 0.0217236)
(-3.43612e-05 0.00140735 0.0217236)
(-4.50004e-05 0.00179745 0.0217236)
(9.8468e-05 0.00105354 0.0217236)
(-0.000243801 -0.00149233 0.0217236)
(-0.000343709 -0.00178639 0.0217236)
(-0.000698232 -0.0016031 0.0217236)
(-0.000433895 -0.00127144 0.0217236)
(4.58617e-05 -0.00141182 0.0217236)
(5.27853e-05 -0.00179973 0.0217236)
(-8.62642e-05 -0.00106024 0.0217236)
(5.33056e-06 -7.56965e-06 0.0217236)
(-0.000170637 0.000423889 0.0217236)
(0.000276728 0.000671224 0.0217236)
(0.000479026 0.000254696 0.0217236)
(0.000666744 -0.00019532 0.0217236)
(0.000181917 -0.000438581 0.0217236)
(-0.000311617 0.000857308 0.0217236)
(-0.000656337 0.000182064 0.0217236)
(-0.000759557 0.000664251 0.0217236)
(-0.000468886 -0.000270451 0.0217236)
(-0.000264037 -0.00068208 0.0217236)
(0.000324441 -0.000865139 0.0217236)
(0.000770337 -0.000672555 0.0217236)
(0.00125938 0.000101053 0.0217236)
(0.00124473 -0.000509285 0.0217236)
(0.000958037 0.000572491 0.0217236)
(0.000686355 0.000952739 0.0217236)
(-0.000411913 0.00127783 0.0217236)
(-0.000825269 0.00111784 0.0217236)
(-0.00123669 0.00096972 0.0217236)
(-0.00123618 0.000501918 0.0217236)
(-0.001253 -0.000113418 0.0217236)
(-0.000948072 -0.000585007 0.0217236)
(-0.000674808 -0.00096061 0.0217236)
(0.00042228 -0.00128137 0.0217236)
(0.000835044 -0.00111994 0.0217236)
(0.00124319 -0.000970525 0.0217236)
(0.00179085 -1.04206e-05 0.0217236)
(0.00171829 -0.000477546 0.0217236)
(0.00187476 0.000371798 0.0217236)
(0.00162034 0.000620692 0.0217236)
(0.00134491 0.00097979 0.0217236)
(0.00104133 0.00131953 0.0217236)
(-0.000474052 0.00171834 0.0217236)
(-0.000892307 0.00156068 0.0217236)
(-0.00127007 0.00137295 0.0217236)
(-0.00155767 0.00123196 0.0217236)
(-0.00162963 0.000909759 0.0217236)
(-0.00171542 0.00047213 0.0217236)
(-0.00178736 -2.795e-06 0.0217236)
(-0.00186768 -0.000378077 0.0217236)
(-0.00161808 -0.000630614 0.0217236)
(-0.00133982 -0.00098645 0.0217236)
(-0.00103397 -0.0013242 0.0217236)
(0.000481683 -0.00171763 0.0217236)
(0.000900412 -0.00155787 0.0217236)
(0.00127442 -0.00137161 0.0217236)
(0.00156003 -0.0012307 0.0217236)
(0.00163249 -0.000910091 0.0217236)
(0.00221309 0.000505123 0.0217236)
(0.00227 0 0.0217236)
(0.0020452 0.000984916 0.0217236)
(0.00177476 0.00141532 0.0217236)
(0.00141532 0.00177476 0.0217236)
(0.000984916 0.0020452 0.0217236)
(0.000505123 0.00221309 0.0217236)
(1.38997e-19 0.00227 0.0217236)
(-0.000505123 0.00221309 0.0217236)
(-0.000984916 0.0020452 0.0217236)
(-0.00141532 0.00177476 0.0217236)
(-0.00177476 0.00141532 0.0217236)
(-0.0020452 0.000984916 0.0217236)
(-0.00221309 0.000505123 0.0217236)
(-0.00227 2.77995e-19 0.0217236)
(-0.00221309 -0.000505123 0.0217236)
(-0.0020452 -0.000984916 0.0217236)
(-0.00177476 -0.00141532 0.0217236)
(-0.00141532 -0.00177476 0.0217236)
(-0.000984916 -0.0020452 0.0217236)
(-0.000505123 -0.00221309 0.0217236)
(4.17133e-18 -0.00227 0.0217236)
(0.000505123 -0.00221309 0.0217236)
(0.000984916 -0.0020452 0.0217236)
(0.00141532 -0.00177476 0.0217236)
(0.00177476 -0.00141532 0.0217236)
(0.0020452 -0.000984916 0.0217236)
(0.00221309 -0.000505123 0.0217236)
(0.000254978 0.00148823 0.0222238)
(0.000352341 0.00178374 0.0222238)
(0.000706634 0.00160009 0.0222238)
(0.000446052 0.00126652 0.0222238)
(-3.43612e-05 0.00140735 0.0222238)
(-4.50004e-05 0.00179745 0.0222238)
(9.8468e-05 0.00105354 0.0222238)
(-0.000243801 -0.00149233 0.0222238)
(-0.000343709 -0.00178639 0.0222238)
(-0.000698232 -0.0016031 0.0222238)
(-0.000433895 -0.00127144 0.0222238)
(4.58617e-05 -0.00141182 0.0222238)
(5.27853e-05 -0.00179973 0.0222238)
(-8.62642e-05 -0.00106024 0.0222238)
(5.33056e-06 -7.56965e-06 0.0222238)
(-0.000170637 0.000423889 0.0222238)
(0.000276728 0.000671224 0.0222238)
(0.000479026 0.000254696 0.0222238)
(0.000666744 -0.00019532 0.0222238)
(0.000181917 -0.000438581 0.0222238)
(-0.000311617 0.000857308 0.0222238)
(-0.000656337 0.000182064 0.0222238)
(-0.000759557 0.000664251 0.0222238)
(-0.000468886 -0.000270451 0.0222238)
(-0.000264037 -0.00068208 0.0222238)
(0.000324441 -0.000865139 0.0222238)
(0.000770337 -0.000672555 0.0222238)
(0.00125938 0.000101053 0.0222238)
(0.00124473 -0.000509285 0.0222238)
(0.000958037 0.000572491 0.0222238)
(0.000686355 0.000952739 0.0222238)
(-0.000411913 0.00127783 0.0222238)
(-0.000825269 0.00111784 0.0222238)
(-0.00123669 0.00096972 0.0222238)
(-0.00123618 0.000501918 0.0222238)
(-0.001253 -0.000113418 0.0222238)
(-0.000948072 -0.000585007 0.0222238)
(-0.000674808 -0.00096061 0.0222238)
(0.00042228 -0.00128137 0.0222238)
(0.000835044 -0.00111994 0.0222238)
(0.00124319 -0.000970525 0.0222238)
(0.00179085 -1.04206e-05 0.0222238)
(0.00171829 -0.000477546 0.0222238)
(0.00187476 0.000371798 0.0222238)
(0.00162034 0.000620692 0.0222238)
(0.00134491 0.00097979 0.0222238)
(0.00104133 0.00131953 0.0222238)
(-0.000474052 0.00171834 0.0222238)
(-0.000892307 0.00156068 0.0222238)
(-0.00127007 0.00137295 0.0222238)
(-0.00155767 0.00123196 0.0222238)
(-0.00162963 0.000909759 0.0222238)
(-0.00171542 0.00047213 0.0222238)
(-0.00178736 -2.795e-06 0.0222238)
(-0.00186768 -0.000378077 0.0222238)
(-0.00161808 -0.000630614 0.0222238)
(-0.00133982 -0.00098645 0.0222238)
(-0.00103397 -0.0013242 0.0222238)
(0.000481683 -0.00171763 0.0222238)
(0.000900412 -0.00155787 0.0222238)
(0.00127442 -0.00137161 0.0222238)
(0.00156003 -0.0012307 0.0222238)
(0.00163249 -0.000910091 0.0222238)
(0.00221309 0.000505123 0.0222238)
(0.00227 -4.03233e-18 0.0222238)
(0.0020452 0.000984916 0.0222238)
(0.00177476 0.00141532 0.0222238)
(0.00141532 0.00177476 0.0222238)
(0.000984916 0.0020452 0.0222238)
(0.000505123 0.00221309 0.0222238)
(1.38997e-19 0.00227 0.0222238)
(-0.000505123 0.00221309 0.0222238)
(-0.000984916 0.0020452 0.0222238)
(-0.00141532 0.00177476 0.0222238)
(-0.00177476 0.00141532 0.0222238)
(-0.0020452 0.000984916 0.0222238)
(-0.00221309 0.000505123 0.0222238)
(-0.00227 2.77995e-19 0.0222238)
(-0.00221309 -0.000505123 0.0222238)
(-0.0020452 -0.000984916 0.0222238)
(-0.00177476 -0.00141532 0.0222238)
(-0.00141532 -0.00177476 0.0222238)
(-0.000984916 -0.0020452 0.0222238)
(-0.000505123 -0.00221309 0.0222238)
(6.18749e-18 -0.00227 0.0222238)
(0.000505123 -0.00221309 0.0222238)
(0.000984916 -0.0020452 0.0222238)
(0.00141532 -0.00177476 0.0222238)
(0.00177476 -0.00141532 0.0222238)
(0.0020452 -0.000984916 0.0222238)
(0.00221309 -0.000505123 0.0222238)
(0.000254978 0.00148823 0.0227239)
(0.000352341 0.00178374 0.0227239)
(0.000706634 0.00160009 0.0227239)
(0.000446052 0.00126652 0.0227239)
(-3.43612e-05 0.00140735 0.0227239)
(-4.50004e-05 0.00179745 0.0227239)
(9.8468e-05 0.00105354 0.0227239)
(-0.000243801 -0.00149233 0.0227239)
(-0.000343709 -0.00178639 0.0227239)
(-0.000698232 -0.0016031 0.0227239)
(-0.000433895 -0.00127144 0.0227239)
(4.58617e-05 -0.00141182 0.0227239)
(5.27853e-05 -0.00179973 0.0227239)
(-8.62642e-05 -0.00106024 0.0227239)
(5.33056e-06 -7.56965e-06 0.0227239)
(-0.000170637 0.000423889 0.0227239)
(0.000276728 0.000671224 0.0227239)
(0.000479026 0.000254696 0.0227239)
(0.000666744 -0.00019532 0.0227239)
(0.000181917 -0.000438581 0.0227239)
(-0.000311617 0.000857308 0.0227239)
(-0.000656337 0.000182064 0.0227239)
(-0.000759557 0.000664251 0.0227239)
(-0.000468886 -0.000270451 0.0227239)
(-0.000264037 -0.00068208 0.0227239)
(0.000324441 -0.000865139 0.0227239)
(0.000770337 -0.000672555 0.0227239)
(0.00125938 0.000101053 0.0227239)
(0.00124473 -0.000509285 0.0227239)
(0.000958037 0.000572491 0.0227239)
(0.000686355 0.000952739 0.0227239)
(-0.000411913 0.00127783 0.0227239)
(-0.000825269 0.00111784 0.0227239)
(-0.00123669 0.00096972 0.0227239)
(-0.00123618 0.000501918 0.0227239)
(-0.001253 -0.000113418 0.0227239)
(-0.000948072 -0.000585007 0.0227239)
(-0.000674808 -0.00096061 0.0227239)
(0.00042228 -0.00128137 0.0227239)
(0.000835044 -0.00111994 0.0227239)
(0.00124319 -0.000970525 0.0227239)
(0.00179085 -1.04206e-05 0.0227239)
(0.00171829 -0.000477546 0.0227239)
(0.00187476 0.000371798 0.0227239)
(0.00162034 0.000620692 0.0227239)
(0.00134491 0.00097979 0.0227239)
(0.00104133 0.00131953 0.0227239)
(-0.000474052 0.00171834 0.0227239)
(-0.000892307 0.00156068 0.0227239)
(-0.00127007 0.00137295 0.0227239)
(-0.00155767 0.00123196 0.0227239)
(-0.00162963 0.000909759 0.0227239)
(-0.00171542 0.00047213 0.0227239)
(-0.00178736 -2.795e-06 0.0227239)
(-0.00186768 -0.000378077 0.0227239)
(-0.00161808 -0.000630614 0.0227239)
(-0.00133982 -0.00098645 0.0227239)
(-0.00103397 -0.0013242 0.0227239)
(0.000481683 -0.00171763 0.0227239)
(0.000900412 -0.00155787 0.0227239)
(0.00127442 -0.00137161 0.0227239)
(0.00156003 -0.0012307 0.0227239)
(0.00163249 -0.000910091 0.0227239)
(0.00221309 0.000505123 0.0227239)
(0.00227 -6.0485e-18 0.0227239)
(0.0020452 0.000984916 0.0227239)
(0.00177476 0.00141532 0.0227239)
(0.00141532 0.00177476 0.0227239)
(0.000984916 0.0020452 0.0227239)
(0.000505123 0.00221309 0.0227239)
(1.38997e-19 0.00227 0.0227239)
(-0.000505123 0.00221309 0.0227239)
(-0.000984916 0.0020452 0.0227239)
(-0.00141532 0.00177476 0.0227239)
(-0.00177476 0.00141532 0.0227239)
(-0.0020452 0.000984916 0.0227239)
(-0.00221309 0.000505123 0.0227239)
(-0.00227 2.77995e-19 0.0227239)
(-0.00221309 -0.000505123 0.0227239)
(-0.0020452 -0.000984916 0.0227239)
(-0.00177476 -0.00141532 0.0227239)
(-0.00141532 -0.00177476 0.0227239)
(-0.000984916 -0.0020452 0.0227239)
(-0.000505123 -0.00221309 0.0227239)
(1.38997e-19 -0.00227 0.0227239)
(0.000505123 -0.00221309 0.0227239)
(0.000984916 -0.0020452 0.0227239)
(0.00141532 -0.00177476 0.0227239)
(0.00177476 -0.00141532 0.0227239)
(0.0020452 -0.000984916 0.0227239)
(0.00221309 -0.000505123 0.0227239)
(0.000254978 0.00148823 0.023224)
(0.000352341 0.00178374 0.023224)
(0.000706634 0.00160009 0.023224)
(0.000446052 0.00126652 0.023224)
(-3.43612e-05 0.00140735 0.023224)
(-4.50004e-05 0.00179745 0.023224)
(9.8468e-05 0.00105354 0.023224)
(-0.000243801 -0.00149233 0.023224)
(-0.000343709 -0.00178639 0.023224)
(-0.000698232 -0.0016031 0.023224)
(-0.000433895 -0.00127144 0.023224)
(4.58617e-05 -0.00141182 0.023224)
(5.27853e-05 -0.00179973 0.023224)
(-8.62642e-05 -0.00106024 0.023224)
(5.33056e-06 -7.56965e-06 0.023224)
(-0.000170637 0.000423889 0.023224)
(0.000276728 0.000671224 0.023224)
(0.000479026 0.000254696 0.023224)
(0.000666744 -0.00019532 0.023224)
(0.000181917 -0.000438581 0.023224)
(-0.000311617 0.000857308 0.023224)
(-0.000656337 0.000182064 0.023224)
(-0.000759557 0.000664251 0.023224)
(-0.000468886 -0.000270451 0.023224)
(-0.000264037 -0.00068208 0.023224)
(0.000324441 -0.000865139 0.023224)
(0.000770337 -0.000672555 0.023224)
(0.00125938 0.000101053 0.023224)
(0.00124473 -0.000509285 0.023224)
(0.000958037 0.000572491 0.023224)
(0.000686355 0.000952739 0.023224)
(-0.000411913 0.00127783 0.023224)
(-0.000825269 0.00111784 0.023224)
(-0.00123669 0.00096972 0.023224)
(-0.00123618 0.000501918 0.023224)
(-0.001253 -0.000113418 0.023224)
(-0.000948072 -0.000585007 0.023224)
(-0.000674808 -0.00096061 0.023224)
(0.00042228 -0.00128137 0.023224)
(0.000835044 -0.00111994 0.023224)
(0.00124319 -0.000970525 0.023224)
(0.00179085 -1.04206e-05 0.023224)
(0.00171829 -0.000477546 0.023224)
(0.00187476 0.000371798 0.023224)
(0.00162034 0.000620692 0.023224)
(0.00134491 0.00097979 0.023224)
(0.00104133 0.00131953 0.023224)
(-0.000474052 0.00171834 0.023224)
(-0.000892307 0.00156068 0.023224)
(-0.00127007 0.00137295 0.023224)
(-0.00155767 0.00123196 0.023224)
(-0.00162963 0.000909759 0.023224)
(-0.00171542 0.00047213 0.023224)
(-0.00178736 -2.795e-06 0.023224)
(-0.00186768 -0.000378077 0.023224)
(-0.00161808 -0.000630614 0.023224)
(-0.00133982 -0.00098645 0.023224)
(-0.00103397 -0.0013242 0.023224)
(0.000481683 -0.00171763 0.023224)
(0.000900412 -0.00155787 0.023224)
(0.00127442 -0.00137161 0.023224)
(0.00156003 -0.0012307 0.023224)
(0.00163249 -0.000910091 0.023224)
(0.00221309 0.000505123 0.023224)
(0.00227 -6.0485e-18 0.023224)
(0.0020452 0.000984916 0.023224)
(0.00177476 0.00141532 0.023224)
(0.00141532 0.00177476 0.023224)
(0.000984916 0.0020452 0.023224)
(0.000505123 0.00221309 0.023224)
(1.38997e-19 0.00227 0.023224)
(-0.000505123 0.00221309 0.023224)
(-0.000984916 0.0020452 0.023224)
(-0.00141532 0.00177476 0.023224)
(-0.00177476 0.00141532 0.023224)
(-0.0020452 0.000984916 0.023224)
(-0.00221309 0.000505123 0.023224)
(-0.00227 2.77995e-19 0.023224)
(-0.00221309 -0.000505123 0.023224)
(-0.0020452 -0.000984916 0.023224)
(-0.00177476 -0.00141532 0.023224)
(-0.00141532 -0.00177476 0.023224)
(-0.000984916 -0.0020452 0.023224)
(-0.000505123 -0.00221309 0.023224)
(-7.92566e-18 -0.00227 0.023224)
(0.000505123 -0.00221309 0.023224)
(0.000984916 -0.0020452 0.023224)
(0.00141532 -0.00177476 0.023224)
(0.00177476 -0.00141532 0.023224)
(0.0020452 -0.000984916 0.023224)
(0.00221309 -0.000505123 0.023224)
(0.000254978 0.00148823 0.0237241)
(0.000352341 0.00178374 0.0237241)
(0.000706634 0.00160009 0.0237241)
(0.000446052 0.00126652 0.0237241)
(-3.43612e-05 0.00140735 0.0237241)
(-4.50004e-05 0.00179745 0.0237241)
(9.8468e-05 0.00105354 0.0237241)
(-0.000243801 -0.00149233 0.0237241)
(-0.000343709 -0.00178639 0.0237241)
(-0.000698232 -0.0016031 0.0237241)
(-0.000433895 -0.00127144 0.0237241)
(4.58617e-05 -0.00141182 0.0237241)
(5.27853e-05 -0.00179973 0.0237241)
(-8.62642e-05 -0.00106024 0.0237241)
(5.33056e-06 -7.56965e-06 0.0237241)
(-0.000170637 0.000423889 0.0237241)
(0.000276728 0.000671224 0.0237241)
(0.000479026 0.000254696 0.0237241)
(0.000666744 -0.00019532 0.0237241)
(0.000181917 -0.000438581 0.0237241)
(-0.000311617 0.000857308 0.0237241)
(-0.000656337 0.000182064 0.0237241)
(-0.000759557 0.000664251 0.0237241)
(-0.000468886 -0.000270451 0.0237241)
(-0.000264037 -0.00068208 0.0237241)
(0.000324441 -0.000865139 0.0237241)
(0.000770337 -0.000672555 0.0237241)
(0.00125938 0.000101053 0.0237241)
(0.00124473 -0.000509285 0.0237241)
(0.000958037 0.000572491 0.0237241)
(0.000686355 0.000952739 0.0237241)
(-0.000411913 0.00127783 0.0237241)
(-0.000825269 0.00111784 0.0237241)
(-0.00123669 0.00096972 0.0237241)
(-0.00123618 0.000501918 0.0237241)
(-0.001253 -0.000113418 0.0237241)
(-0.000948072 -0.000585007 0.0237241)
(-0.000674808 -0.00096061 0.0237241)
(0.00042228 -0.00128137 0.0237241)
(0.000835044 -0.00111994 0.0237241)
(0.00124319 -0.000970525 0.0237241)
(0.00179085 -1.04206e-05 0.0237241)
(0.00171829 -0.000477546 0.0237241)
(0.00187476 0.000371798 0.0237241)
(0.00162034 0.000620692 0.0237241)
(0.00134491 0.00097979 0.0237241)
(0.00104133 0.00131953 0.0237241)
(-0.000474052 0.00171834 0.0237241)
(-0.000892307 0.00156068 0.0237241)
(-0.00127007 0.00137295 0.0237241)
(-0.00155767 0.00123196 0.0237241)
(-0.00162963 0.000909759 0.0237241)
(-0.00171542 0.00047213 0.0237241)
(-0.00178736 -2.795e-06 0.0237241)
(-0.00186768 -0.000378077 0.0237241)
(-0.00161808 -0.000630614 0.0237241)
(-0.00133982 -0.00098645 0.0237241)
(-0.00103397 -0.0013242 0.0237241)
(0.000481683 -0.00171763 0.0237241)
(0.000900412 -0.00155787 0.0237241)
(0.00127442 -0.00137161 0.0237241)
(0.00156003 -0.0012307 0.0237241)
(0.00163249 -0.000910091 0.0237241)
(0.00221309 0.000505123 0.0237241)
(0.00227 -2.01617e-18 0.0237241)
(0.0020452 0.000984916 0.0237241)
(0.00177476 0.00141532 0.0237241)
(0.00141532 0.00177476 0.0237241)
(0.000984916 0.0020452 0.0237241)
(0.000505123 0.00221309 0.0237241)
(-3.89333e-18 0.00227 0.0237241)
(-0.000505123 0.00221309 0.0237241)
(-0.000984916 0.0020452 0.0237241)
(-0.00141532 0.00177476 0.0237241)
(-0.00177476 0.00141532 0.0237241)
(-0.0020452 0.000984916 0.0237241)
(-0.00221309 0.000505123 0.0237241)
(-0.00227 2.77995e-19 0.0237241)
(-0.00221309 -0.000505123 0.0237241)
(-0.0020452 -0.000984916 0.0237241)
(-0.00177476 -0.00141532 0.0237241)
(-0.00141532 -0.00177476 0.0237241)
(-0.000984916 -0.0020452 0.0237241)
(-0.000505123 -0.00221309 0.0237241)
(4.17133e-18 -0.00227 0.0237241)
(0.000505123 -0.00221309 0.0237241)
(0.000984916 -0.0020452 0.0237241)
(0.00141532 -0.00177476 0.0237241)
(0.00177476 -0.00141532 0.0237241)
(0.0020452 -0.000984916 0.0237241)
(0.00221309 -0.000505123 0.0237241)
(0.000254978 0.00148823 0.0242242)
(0.000352341 0.00178374 0.0242242)
(0.000706634 0.00160009 0.0242242)
(0.000446052 0.00126652 0.0242242)
(-3.43612e-05 0.00140735 0.0242242)
(-4.50004e-05 0.00179745 0.0242242)
(9.8468e-05 0.00105354 0.0242242)
(-0.000243801 -0.00149233 0.0242242)
(-0.000343709 -0.00178639 0.0242242)
(-0.000698232 -0.0016031 0.0242242)
(-0.000433895 -0.00127144 0.0242242)
(4.58617e-05 -0.00141182 0.0242242)
(5.27853e-05 -0.00179973 0.0242242)
(-8.62642e-05 -0.00106024 0.0242242)
(5.33056e-06 -7.56965e-06 0.0242242)
(-0.000170637 0.000423889 0.0242242)
(0.000276728 0.000671224 0.0242242)
(0.000479026 0.000254696 0.0242242)
(0.000666744 -0.00019532 0.0242242)
(0.000181917 -0.000438581 0.0242242)
(-0.000311617 0.000857308 0.0242242)
(-0.000656337 0.000182064 0.0242242)
(-0.000759557 0.000664251 0.0242242)
(-0.000468886 -0.000270451 0.0242242)
(-0.000264037 -0.00068208 0.0242242)
(0.000324441 -0.000865139 0.0242242)
(0.000770337 -0.000672555 0.0242242)
(0.00125938 0.000101053 0.0242242)
(0.00124473 -0.000509285 0.0242242)
(0.000958037 0.000572491 0.0242242)
(0.000686355 0.000952739 0.0242242)
(-0.000411913 0.00127783 0.0242242)
(-0.000825269 0.00111784 0.0242242)
(-0.00123669 0.00096972 0.0242242)
(-0.00123618 0.000501918 0.0242242)
(-0.001253 -0.000113418 0.0242242)
(-0.000948072 -0.000585007 0.0242242)
(-0.000674808 -0.00096061 0.0242242)
(0.00042228 -0.00128137 0.0242242)
(0.000835044 -0.00111994 0.0242242)
(0.00124319 -0.000970525 0.0242242)
(0.00179085 -1.04206e-05 0.0242242)
(0.00171829 -0.000477546 0.0242242)
(0.00187476 0.000371798 0.0242242)
(0.00162034 0.000620692 0.0242242)
(0.00134491 0.00097979 0.0242242)
(0.00104133 0.00131953 0.0242242)
(-0.000474052 0.00171834 0.0242242)
(-0.000892307 0.00156068 0.0242242)
(-0.00127007 0.00137295 0.0242242)
(-0.00155767 0.00123196 0.0242242)
(-0.00162963 0.000909759 0.0242242)
(-0.00171542 0.00047213 0.0242242)
(-0.00178736 -2.795e-06 0.0242242)
(-0.00186768 -0.000378077 0.0242242)
(-0.00161808 -0.000630614 0.0242242)
(-0.00133982 -0.00098645 0.0242242)
(-0.00103397 -0.0013242 0.0242242)
(0.000481683 -0.00171763 0.0242242)
(0.000900412 -0.00155787 0.0242242)
(0.00127442 -0.00137161 0.0242242)
(0.00156003 -0.0012307 0.0242242)
(0.00163249 -0.000910091 0.0242242)
(0.00221309 0.000505123 0.0242242)
(0.00227 0 0.0242242)
(0.0020452 0.000984916 0.0242242)
(0.00177476 0.00141532 0.0242242)
(0.00141532 0.00177476 0.0242242)
(0.000984916 0.0020452 0.0242242)
(0.000505123 0.00221309 0.0242242)
(1.38997e-19 0.00227 0.0242242)
(-0.000505123 0.00221309 0.0242242)
(-0.000984916 0.0020452 0.0242242)
(-0.00141532 0.00177476 0.0242242)
(-0.00177476 0.00141532 0.0242242)
(-0.0020452 0.000984916 0.0242242)
(-0.00221309 0.000505123 0.0242242)
(-0.00227 2.77995e-19 0.0242242)
(-0.00221309 -0.000505123 0.0242242)
(-0.0020452 -0.000984916 0.0242242)
(-0.00177476 -0.00141532 0.0242242)
(-0.00141532 -0.00177476 0.0242242)
(-0.000984916 -0.0020452 0.0242242)
(-0.000505123 -0.00221309 0.0242242)
(1.38997e-19 -0.00227 0.0242242)
(0.000505123 -0.00221309 0.0242242)
(0.000984916 -0.0020452 0.0242242)
(0.00141532 -0.00177476 0.0242242)
(0.00177476 -0.00141532 0.0242242)
(0.0020452 -0.000984916 0.0242242)
(0.00221309 -0.000505123 0.0242242)
(0.000254978 0.00148823 0.0247243)
(0.000352341 0.00178374 0.0247243)
(0.000706634 0.00160009 0.0247243)
(0.000446052 0.00126652 0.0247243)
(-3.43612e-05 0.00140735 0.0247243)
(-4.50004e-05 0.00179745 0.0247243)
(9.8468e-05 0.00105354 0.0247243)
(-0.000243801 -0.00149233 0.0247243)
(-0.000343709 -0.00178639 0.0247243)
(-0.000698232 -0.0016031 0.0247243)
(-0.000433895 -0.00127144 0.0247243)
(4.58617e-05 -0.00141182 0.0247243)
(5.27853e-05 -0.00179973 0.0247243)
(-8.62642e-05 -0.00106024 0.0247243)
(5.33056e-06 -7.56965e-06 0.0247243)
(-0.000170637 0.000423889 0.0247243)
(0.000276728 0.000671224 0.0247243)
(0.000479026 0.000254696 0.0247243)
(0.000666744 -0.00019532 0.0247243)
(0.000181917 -0.000438581 0.0247243)
(-0.000311617 0.000857308 0.0247243)
(-0.000656337 0.000182064 0.0247243)
(-0.000759557 0.000664251 0.0247243)
(-0.000468886 -0.000270451 0.0247243)
(-0.000264037 -0.00068208 0.0247243)
(0.000324441 -0.000865139 0.0247243)
(0.000770337 -0.000672555 0.0247243)
(0.00125938 0.000101053 0.0247243)
(0.00124473 -0.000509285 0.0247243)
(0.000958037 0.000572491 0.0247243)
(0.000686355 0.000952739 0.0247243)
(-0.000411913 0.00127783 0.0247243)
(-0.000825269 0.00111784 0.0247243)
(-0.00123669 0.00096972 0.0247243)
(-0.00123618 0.000501918 0.0247243)
(-0.001253 -0.000113418 0.0247243)
(-0.000948072 -0.000585007 0.0247243)
(-0.000674808 -0.00096061 0.0247243)
(0.00042228 -0.00128137 0.0247243)
(0.000835044 -0.00111994 0.0247243)
(0.00124319 -0.000970525 0.0247243)
(0.00179085 -1.04206e-05 0.0247243)
(0.00171829 -0.000477546 0.0247243)
(0.00187476 0.000371798 0.0247243)
(0.00162034 0.000620692 0.0247243)
(0.00134491 0.00097979 0.0247243)
(0.00104133 0.00131953 0.0247243)
(-0.000474052 0.00171834 0.0247243)
(-0.000892307 0.00156068 0.0247243)
(-0.00127007 0.00137295 0.0247243)
(-0.00155767 0.00123196 0.0247243)
(-0.00162963 0.000909759 0.0247243)
(-0.00171542 0.00047213 0.0247243)
(-0.00178736 -2.795e-06 0.0247243)
(-0.00186768 -0.000378077 0.0247243)
(-0.00161808 -0.000630614 0.0247243)
(-0.00133982 -0.00098645 0.0247243)
(-0.00103397 -0.0013242 0.0247243)
(0.000481683 -0.00171763 0.0247243)
(0.000900412 -0.00155787 0.0247243)
(0.00127442 -0.00137161 0.0247243)
(0.00156003 -0.0012307 0.0247243)
(0.00163249 -0.000910091 0.0247243)
(0.00221309 0.000505123 0.0247243)
(0.00227 0 0.0247243)
(0.0020452 0.000984916 0.0247243)
(0.00177476 0.00141532 0.0247243)
(0.00141532 0.00177476 0.0247243)
(0.000984916 0.0020452 0.0247243)
(0.000505123 0.00221309 0.0247243)
(1.38997e-19 0.00227 0.0247243)
(-0.000505123 0.00221309 0.0247243)
(-0.000984916 0.0020452 0.0247243)
(-0.00141532 0.00177476 0.0247243)
(-0.00177476 0.00141532 0.0247243)
(-0.0020452 0.000984916 0.0247243)
(-0.00221309 0.000505123 0.0247243)
(-0.00227 2.77995e-19 0.0247243)
(-0.00221309 -0.000505123 0.0247243)
(-0.0020452 -0.000984916 0.0247243)
(-0.00177476 -0.00141532 0.0247243)
(-0.00141532 -0.00177476 0.0247243)
(-0.000984916 -0.0020452 0.0247243)
(-0.000505123 -0.00221309 0.0247243)
(-1.87717e-18 -0.00227 0.0247243)
(0.000505123 -0.00221309 0.0247243)
(0.000984916 -0.0020452 0.0247243)
(0.00141532 -0.00177476 0.0247243)
(0.00177476 -0.00141532 0.0247243)
(0.0020452 -0.000984916 0.0247243)
(0.00221309 -0.000505123 0.0247243)
(0.000254978 0.00148823 0.0252244)
(0.000352341 0.00178374 0.0252244)
(0.000706634 0.00160009 0.0252244)
(0.000446052 0.00126652 0.0252244)
(-3.43612e-05 0.00140735 0.0252244)
(-4.50004e-05 0.00179745 0.0252244)
(9.8468e-05 0.00105354 0.0252244)
(-0.000243801 -0.00149233 0.0252244)
(-0.000343709 -0.00178639 0.0252244)
(-0.000698232 -0.0016031 0.0252244)
(-0.000433895 -0.00127144 0.0252244)
(4.58617e-05 -0.00141182 0.0252244)
(5.27853e-05 -0.00179973 0.0252244)
(-8.62642e-05 -0.00106024 0.0252244)
(5.33056e-06 -7.56965e-06 0.0252244)
(-0.000170637 0.000423889 0.0252244)
(0.000276728 0.000671224 0.0252244)
(0.000479026 0.000254696 0.0252244)
(0.000666744 -0.00019532 0.0252244)
(0.000181917 -0.000438581 0.0252244)
(-0.000311617 0.000857308 0.0252244)
(-0.000656337 0.000182064 0.0252244)
(-0.000759557 0.000664251 0.0252244)
(-0.000468886 -0.000270451 0.0252244)
(-0.000264037 -0.00068208 0.0252244)
(0.000324441 -0.000865139 0.0252244)
(0.000770337 -0.000672555 0.0252244)
(0.00125938 0.000101053 0.0252244)
(0.00124473 -0.000509285 0.0252244)
(0.000958037 0.000572491 0.0252244)
(0.000686355 0.000952739 0.0252244)
(-0.000411913 0.00127783 0.0252244)
(-0.000825269 0.00111784 0.0252244)
(-0.00123669 0.00096972 0.0252244)
(-0.00123618 0.000501918 0.0252244)
(-0.001253 -0.000113418 0.0252244)
(-0.000948072 -0.000585007 0.0252244)
(-0.000674808 -0.00096061 0.0252244)
(0.00042228 -0.00128137 0.0252244)
(0.000835044 -0.00111994 0.0252244)
(0.00124319 -0.000970525 0.0252244)
(0.00179085 -1.04206e-05 0.0252244)
(0.00171829 -0.000477546 0.0252244)
(0.00187476 0.000371798 0.0252244)
(0.00162034 0.000620692 0.0252244)
(0.00134491 0.00097979 0.0252244)
(0.00104133 0.00131953 0.0252244)
(-0.000474052 0.00171834 0.0252244)
(-0.000892307 0.00156068 0.0252244)
(-0.00127007 0.00137295 0.0252244)
(-0.00155767 0.00123196 0.0252244)
(-0.00162963 0.000909759 0.0252244)
(-0.00171542 0.00047213 0.0252244)
(-0.00178736 -2.795e-06 0.0252244)
(-0.00186768 -0.000378077 0.0252244)
(-0.00161808 -0.000630614 0.0252244)
(-0.00133982 -0.00098645 0.0252244)
(-0.00103397 -0.0013242 0.0252244)
(0.000481683 -0.00171763 0.0252244)
(0.000900412 -0.00155787 0.0252244)
(0.00127442 -0.00137161 0.0252244)
(0.00156003 -0.0012307 0.0252244)
(0.00163249 -0.000910091 0.0252244)
(0.00221309 0.000505123 0.0252244)
(0.00227 -2.01617e-18 0.0252244)
(0.0020452 0.000984916 0.0252244)
(0.00177476 0.00141532 0.0252244)
(0.00141532 0.00177476 0.0252244)
(0.000984916 0.0020452 0.0252244)
(0.000505123 0.00221309 0.0252244)
(4.17133e-18 0.00227 0.0252244)
(-0.000505123 0.00221309 0.0252244)
(-0.000984916 0.0020452 0.0252244)
(-0.00141532 0.00177476 0.0252244)
(-0.00177476 0.00141532 0.0252244)
(-0.0020452 0.000984916 0.0252244)
(-0.00221309 0.000505123 0.0252244)
(-0.00227 2.77995e-19 0.0252244)
(-0.00221309 -0.000505123 0.0252244)
(-0.0020452 -0.000984916 0.0252244)
(-0.00177476 -0.00141532 0.0252244)
(-0.00141532 -0.00177476 0.0252244)
(-0.000984916 -0.0020452 0.0252244)
(-0.000505123 -0.00221309 0.0252244)
(-3.89333e-18 -0.00227 0.0252244)
(0.000505123 -0.00221309 0.0252244)
(0.000984916 -0.0020452 0.0252244)
(0.00141532 -0.00177476 0.0252244)
(0.00177476 -0.00141532 0.0252244)
(0.0020452 -0.000984916 0.0252244)
(0.00221309 -0.000505123 0.0252244)
(0.000254978 0.00148823 0.0257245)
(0.000352341 0.00178374 0.0257245)
(0.000706634 0.00160009 0.0257245)
(0.000446052 0.00126652 0.0257245)
(-3.43612e-05 0.00140735 0.0257245)
(-4.50004e-05 0.00179745 0.0257245)
(9.8468e-05 0.00105354 0.0257245)
(-0.000243801 -0.00149233 0.0257245)
(-0.000343709 -0.00178639 0.0257245)
(-0.000698232 -0.0016031 0.0257245)
(-0.000433895 -0.00127144 0.0257245)
(4.58617e-05 -0.00141182 0.0257245)
(5.27853e-05 -0.00179973 0.0257245)
(-8.62642e-05 -0.00106024 0.0257245)
(5.33056e-06 -7.56965e-06 0.0257245)
(-0.000170637 0.000423889 0.0257245)
(0.000276728 0.000671224 0.0257245)
(0.000479026 0.000254696 0.0257245)
(0.000666744 -0.00019532 0.0257245)
(0.000181917 -0.000438581 0.0257245)
(-0.000311617 0.000857308 0.0257245)
(-0.000656337 0.000182064 0.0257245)
(-0.000759557 0.000664251 0.0257245)
(-0.000468886 -0.000270451 0.0257245)
(-0.000264037 -0.00068208 0.0257245)
(0.000324441 -0.000865139 0.0257245)
(0.000770337 -0.000672555 0.0257245)
(0.00125938 0.000101053 0.0257245)
(0.00124473 -0.000509285 0.0257245)
(0.000958037 0.000572491 0.0257245)
(0.000686355 0.000952739 0.0257245)
(-0.000411913 0.00127783 0.0257245)
(-0.000825269 0.00111784 0.0257245)
(-0.00123669 0.00096972 0.0257245)
(-0.00123618 0.000501918 0.0257245)
(-0.001253 -0.000113418 0.0257245)
(-0.000948072 -0.000585007 0.0257245)
(-0.000674808 -0.00096061 0.0257245)
(0.00042228 -0.00128137 0.0257245)
(0.000835044 -0.00111994 0.0257245)
(0.00124319 -0.000970525 0.0257245)
(0.00179085 -1.04206e-05 0.0257245)
(0.00171829 -0.000477546 0.0257245)
(0.00187476 0.000371798 0.0257245)
(0.00162034 0.000620692 0.0257245)
(0.00134491 0.00097979 0.0257245)
(0.00104133 0.00131953 0.0257245)
(-0.000474052 0.00171834 0.0257245)
(-0.000892307 0.00156068 0.0257245)
(-0.00127007 0.00137295 0.0257245)
(-0.00155767 0.00123196 0.0257245)
(-0.00162963 0.000909759 0.0257245)
(-0.00171542 0.00047213 0.0257245)
(-0.00178736 -2.795e-06 0.0257245)
(-0.00186768 -0.000378077 0.0257245)
(-0.00161808 -0.000630614 0.0257245)
(-0.00133982 -0.00098645 0.0257245)
(-0.00103397 -0.0013242 0.0257245)
(0.000481683 -0.00171763 0.0257245)
(0.000900412 -0.00155787 0.0257245)
(0.00127442 -0.00137161 0.0257245)
(0.00156003 -0.0012307 0.0257245)
(0.00163249 -0.000910091 0.0257245)
(0.00221309 0.000505123 0.0257245)
(0.00227 0 0.0257245)
(0.0020452 0.000984916 0.0257245)
(0.00177476 0.00141532 0.0257245)
(0.00141532 0.00177476 0.0257245)
(0.000984916 0.0020452 0.0257245)
(0.000505123 0.00221309 0.0257245)
(1.38997e-19 0.00227 0.0257245)
(-0.000505123 0.00221309 0.0257245)
(-0.000984916 0.0020452 0.0257245)
(-0.00141532 0.00177476 0.0257245)
(-0.00177476 0.00141532 0.0257245)
(-0.0020452 0.000984916 0.0257245)
(-0.00221309 0.000505123 0.0257245)
(-0.00227 2.77995e-19 0.0257245)
(-0.00221309 -0.000505123 0.0257245)
(-0.0020452 -0.000984916 0.0257245)
(-0.00177476 -0.00141532 0.0257245)
(-0.00141532 -0.00177476 0.0257245)
(-0.000984916 -0.0020452 0.0257245)
(-0.000505123 -0.00221309 0.0257245)
(2.15516e-18 -0.00227 0.0257245)
(0.000505123 -0.00221309 0.0257245)
(0.000984916 -0.0020452 0.0257245)
(0.00141532 -0.00177476 0.0257245)
(0.00177476 -0.00141532 0.0257245)
(0.0020452 -0.000984916 0.0257245)
(0.00221309 -0.000505123 0.0257245)
(0.000254978 0.00148823 0.0262246)
(0.000352341 0.00178374 0.0262246)
(0.000706634 0.00160009 0.0262246)
(0.000446052 0.00126652 0.0262246)
(-3.43612e-05 0.00140735 0.0262246)
(-4.50004e-05 0.00179745 0.0262246)
(9.8468e-05 0.00105354 0.0262246)
(-0.000243801 -0.00149233 0.0262246)
(-0.000343709 -0.00178639 0.0262246)
(-0.000698232 -0.0016031 0.0262246)
(-0.000433895 -0.00127144 0.0262246)
(4.58617e-05 -0.00141182 0.0262246)
(5.27853e-05 -0.00179973 0.0262246)
(-8.62642e-05 -0.00106024 0.0262246)
(5.33056e-06 -7.56965e-06 0.0262246)
(-0.000170637 0.000423889 0.0262246)
(0.000276728 0.000671224 0.0262246)
(0.000479026 0.000254696 0.0262246)
(0.000666744 -0.00019532 0.0262246)
(0.000181917 -0.000438581 0.0262246)
(-0.000311617 0.000857308 0.0262246)
(-0.000656337 0.000182064 0.0262246)
(-0.000759557 0.000664251 0.0262246)
(-0.000468886 -0.000270451 0.0262246)
(-0.000264037 -0.00068208 0.0262246)
(0.000324441 -0.000865139 0.0262246)
(0.000770337 -0.000672555 0.0262246)
(0.00125938 0.000101053 0.0262246)
(0.00124473 -0.000509285 0.0262246)
(0.000958037 0.000572491 0.0262246)
(0.000686355 0.000952739 0.0262246)
(-0.000411913 0.00127783 0.0262246)
(-0.000825269 0.00111784 0.0262246)
(-0.00123669 0.00096972 0.0262246)
(-0.00123618 0.000501918 0.0262246)
(-0.001253 -0.000113418 0.0262246)
(-0.000948072 -0.000585007 0.0262246)
(-0.000674808 -0.00096061 0.0262246)
(0.00042228 -0.00128137 0.0262246)
(0.000835044 -0.00111994 0.0262246)
(0.00124319 -0.000970525 0.0262246)
(0.00179085 -1.04206e-05 0.0262246)
(0.00171829 -0.000477546 0.0262246)
(0.00187476 0.000371798 0.0262246)
(0.00162034 0.000620692 0.0262246)
(0.00134491 0.00097979 0.0262246)
(0.00104133 0.00131953 0.0262246)
(-0.000474052 0.00171834 0.0262246)
(-0.000892307 0.00156068 0.0262246)
(-0.00127007 0.00137295 0.0262246)
(-0.00155767 0.00123196 0.0262246)
(-0.00162963 0.000909759 0.0262246)
(-0.00171542 0.00047213 0.0262246)
(-0.00178736 -2.795e-06 0.0262246)
(-0.00186768 -0.000378077 0.0262246)
(-0.00161808 -0.000630614 0.0262246)
(-0.00133982 -0.00098645 0.0262246)
(-0.00103397 -0.0013242 0.0262246)
(0.000481683 -0.00171763 0.0262246)
(0.000900412 -0.00155787 0.0262246)
(0.00127442 -0.00137161 0.0262246)
(0.00156003 -0.0012307 0.0262246)
(0.00163249 -0.000910091 0.0262246)
(0.00221309 0.000505123 0.0262246)
(0.00227 0 0.0262246)
(0.0020452 0.000984916 0.0262246)
(0.00177476 0.00141532 0.0262246)
(0.00141532 0.00177476 0.0262246)
(0.000984916 0.0020452 0.0262246)
(0.000505123 0.00221309 0.0262246)
(-1.87717e-18 0.00227 0.0262246)
(-0.000505123 0.00221309 0.0262246)
(-0.000984916 0.0020452 0.0262246)
(-0.00141532 0.00177476 0.0262246)
(-0.00177476 0.00141532 0.0262246)
(-0.0020452 0.000984916 0.0262246)
(-0.00221309 0.000505123 0.0262246)
(-0.00227 2.77995e-19 0.0262246)
(-0.00221309 -0.000505123 0.0262246)
(-0.0020452 -0.000984916 0.0262246)
(-0.00177476 -0.00141532 0.0262246)
(-0.00141532 -0.00177476 0.0262246)
(-0.000984916 -0.0020452 0.0262246)
(-0.000505123 -0.00221309 0.0262246)
(4.17133e-18 -0.00227 0.0262246)
(0.000505123 -0.00221309 0.0262246)
(0.000984916 -0.0020452 0.0262246)
(0.00141532 -0.00177476 0.0262246)
(0.00177476 -0.00141532 0.0262246)
(0.0020452 -0.000984916 0.0262246)
(0.00221309 -0.000505123 0.0262246)
(0.000254978 0.00148823 0.0267247)
(0.000352341 0.00178374 0.0267247)
(0.000706634 0.00160009 0.0267247)
(0.000446052 0.00126652 0.0267247)
(-3.43612e-05 0.00140735 0.0267247)
(-4.50004e-05 0.00179745 0.0267247)
(9.8468e-05 0.00105354 0.0267247)
(-0.000243801 -0.00149233 0.0267247)
(-0.000343709 -0.00178639 0.0267247)
(-0.000698232 -0.0016031 0.0267247)
(-0.000433895 -0.00127144 0.0267247)
(4.58617e-05 -0.00141182 0.0267247)
(5.27853e-05 -0.00179973 0.0267247)
(-8.62642e-05 -0.00106024 0.0267247)
(5.33056e-06 -7.56965e-06 0.0267247)
(-0.000170637 0.000423889 0.0267247)
(0.000276728 0.000671224 0.0267247)
(0.000479026 0.000254696 0.0267247)
(0.000666744 -0.00019532 0.0267247)
(0.000181917 -0.000438581 0.0267247)
(-0.000311617 0.000857308 0.0267247)
(-0.000656337 0.000182064 0.0267247)
(-0.000759557 0.000664251 0.0267247)
(-0.000468886 -0.000270451 0.0267247)
(-0.000264037 -0.00068208 0.0267247)
(0.000324441 -0.000865139 0.0267247)
(0.000770337 -0.000672555 0.0267247)
(0.00125938 0.000101053 0.0267247)
(0.00124473 -0.000509285 0.0267247)
(0.000958037 0.000572491 0.0267247)
(0.000686355 0.000952739 0.0267247)
(-0.000411913 0.00127783 0.0267247)
(-0.000825269 0.00111784 0.0267247)
(-0.00123669 0.00096972 0.0267247)
(-0.00123618 0.000501918 0.0267247)
(-0.001253 -0.000113418 0.0267247)
(-0.000948072 -0.000585007 0.0267247)
(-0.000674808 -0.00096061 0.0267247)
(0.00042228 -0.00128137 0.0267247)
(0.000835044 -0.00111994 0.0267247)
(0.00124319 -0.000970525 0.0267247)
(0.00179085 -1.04206e-05 0.0267247)
(0.00171829 -0.000477546 0.0267247)
(0.00187476 0.000371798 0.0267247)
(0.00162034 0.000620692 0.0267247)
(0.00134491 0.00097979 0.0267247)
(0.00104133 0.00131953 0.0267247)
(-0.000474052 0.00171834 0.0267247)
(-0.000892307 0.00156068 0.0267247)
(-0.00127007 0.00137295 0.0267247)
(-0.00155767 0.00123196 0.0267247)
(-0.00162963 0.000909759 0.0267247)
(-0.00171542 0.00047213 0.0267247)
(-0.00178736 -2.795e-06 0.0267247)
(-0.00186768 -0.000378077 0.0267247)
(-0.00161808 -0.000630614 0.0267247)
(-0.00133982 -0.00098645 0.0267247)
(-0.00103397 -0.0013242 0.0267247)
(0.000481683 -0.00171763 0.0267247)
(0.000900412 -0.00155787 0.0267247)
(0.00127442 -0.00137161 0.0267247)
(0.00156003 -0.0012307 0.0267247)
(0.00163249 -0.000910091 0.0267247)
(0.00221309 0.000505123 0.0267247)
(0.00227 -2.01617e-18 0.0267247)
(0.0020452 0.000984916 0.0267247)
(0.00177476 0.00141532 0.0267247)
(0.00141532 0.00177476 0.0267247)
(0.000984916 0.0020452 0.0267247)
(0.000505123 0.00221309 0.0267247)
(-1.87717e-18 0.00227 0.0267247)
(-0.000505123 0.00221309 0.0267247)
(-0.000984916 0.0020452 0.0267247)
(-0.00141532 0.00177476 0.0267247)
(-0.00177476 0.00141532 0.0267247)
(-0.0020452 0.000984916 0.0267247)
(-0.00221309 0.000505123 0.0267247)
(-0.00227 2.77995e-19 0.0267247)
(-0.00221309 -0.000505123 0.0267247)
(-0.0020452 -0.000984916 0.0267247)
(-0.00177476 -0.00141532 0.0267247)
(-0.00141532 -0.00177476 0.0267247)
(-0.000984916 -0.0020452 0.0267247)
(-0.000505123 -0.00221309 0.0267247)
(-1.87717e-18 -0.00227 0.0267247)
(0.000505123 -0.00221309 0.0267247)
(0.000984916 -0.0020452 0.0267247)
(0.00141532 -0.00177476 0.0267247)
(0.00177476 -0.00141532 0.0267247)
(0.0020452 -0.000984916 0.0267247)
(0.00221309 -0.000505123 0.0267247)
(0.000254978 0.00148823 0.0272248)
(0.000352341 0.00178374 0.0272248)
(0.000706634 0.00160009 0.0272248)
(0.000446052 0.00126652 0.0272248)
(-3.43612e-05 0.00140735 0.0272248)
(-4.50004e-05 0.00179745 0.0272248)
(9.8468e-05 0.00105354 0.0272248)
(-0.000243801 -0.00149233 0.0272248)
(-0.000343709 -0.00178639 0.0272248)
(-0.000698232 -0.0016031 0.0272248)
(-0.000433895 -0.00127144 0.0272248)
(4.58617e-05 -0.00141182 0.0272248)
(5.27853e-05 -0.00179973 0.0272248)
(-8.62642e-05 -0.00106024 0.0272248)
(5.33056e-06 -7.56965e-06 0.0272248)
(-0.000170637 0.000423889 0.0272248)
(0.000276728 0.000671224 0.0272248)
(0.000479026 0.000254696 0.0272248)
(0.000666744 -0.00019532 0.0272248)
(0.000181917 -0.000438581 0.0272248)
(-0.000311617 0.000857308 0.0272248)
(-0.000656337 0.000182064 0.0272248)
(-0.000759557 0.000664251 0.0272248)
(-0.000468886 -0.000270451 0.0272248)
(-0.000264037 -0.00068208 0.0272248)
(0.000324441 -0.000865139 0.0272248)
(0.000770337 -0.000672555 0.0272248)
(0.00125938 0.000101053 0.0272248)
(0.00124473 -0.000509285 0.0272248)
(0.000958037 0.000572491 0.0272248)
(0.000686355 0.000952739 0.0272248)
(-0.000411913 0.00127783 0.0272248)
(-0.000825269 0.00111784 0.0272248)
(-0.00123669 0.00096972 0.0272248)
(-0.00123618 0.000501918 0.0272248)
(-0.001253 -0.000113418 0.0272248)
(-0.000948072 -0.000585007 0.0272248)
(-0.000674808 -0.00096061 0.0272248)
(0.00042228 -0.00128137 0.0272248)
(0.000835044 -0.00111994 0.0272248)
(0.00124319 -0.000970525 0.0272248)
(0.00179085 -1.04206e-05 0.0272248)
(0.00171829 -0.000477546 0.0272248)
(0.00187476 0.000371798 0.0272248)
(0.00162034 0.000620692 0.0272248)
(0.00134491 0.00097979 0.0272248)
(0.00104133 0.00131953 0.0272248)
(-0.000474052 0.00171834 0.0272248)
(-0.000892307 0.00156068 0.0272248)
(-0.00127007 0.00137295 0.0272248)
(-0.00155767 0.00123196 0.0272248)
(-0.00162963 0.000909759 0.0272248)
(-0.00171542 0.00047213 0.0272248)
(-0.00178736 -2.795e-06 0.0272248)
(-0.00186768 -0.000378077 0.0272248)
(-0.00161808 -0.000630614 0.0272248)
(-0.00133982 -0.00098645 0.0272248)
(-0.00103397 -0.0013242 0.0272248)
(0.000481683 -0.00171763 0.0272248)
(0.000900412 -0.00155787 0.0272248)
(0.00127442 -0.00137161 0.0272248)
(0.00156003 -0.0012307 0.0272248)
(0.00163249 -0.000910091 0.0272248)
(0.00221309 0.000505123 0.0272248)
(0.00227 0 0.0272248)
(0.0020452 0.000984916 0.0272248)
(0.00177476 0.00141532 0.0272248)
(0.00141532 0.00177476 0.0272248)
(0.000984916 0.0020452 0.0272248)
(0.000505123 0.00221309 0.0272248)
(1.38997e-19 0.00227 0.0272248)
(-0.000505123 0.00221309 0.0272248)
(-0.000984916 0.0020452 0.0272248)
(-0.00141532 0.00177476 0.0272248)
(-0.00177476 0.00141532 0.0272248)
(-0.0020452 0.000984916 0.0272248)
(-0.00221309 0.000505123 0.0272248)
(-0.00227 2.77995e-19 0.0272248)
(-0.00221309 -0.000505123 0.0272248)
(-0.0020452 -0.000984916 0.0272248)
(-0.00177476 -0.00141532 0.0272248)
(-0.00141532 -0.00177476 0.0272248)
(-0.000984916 -0.0020452 0.0272248)
(-0.000505123 -0.00221309 0.0272248)
(4.17133e-18 -0.00227 0.0272248)
(0.000505123 -0.00221309 0.0272248)
(0.000984916 -0.0020452 0.0272248)
(0.00141532 -0.00177476 0.0272248)
(0.00177476 -0.00141532 0.0272248)
(0.0020452 -0.000984916 0.0272248)
(0.00221309 -0.000505123 0.0272248)
(0.000254978 0.00148823 0.0277249)
(0.000352341 0.00178374 0.0277249)
(0.000706634 0.00160009 0.0277249)
(0.000446052 0.00126652 0.0277249)
(-3.43612e-05 0.00140735 0.0277249)
(-4.50004e-05 0.00179745 0.0277249)
(9.8468e-05 0.00105354 0.0277249)
(-0.000243801 -0.00149233 0.0277249)
(-0.000343709 -0.00178639 0.0277249)
(-0.000698232 -0.0016031 0.0277249)
(-0.000433895 -0.00127144 0.0277249)
(4.58617e-05 -0.00141182 0.0277249)
(5.27853e-05 -0.00179973 0.0277249)
(-8.62642e-05 -0.00106024 0.0277249)
(5.33056e-06 -7.56965e-06 0.0277249)
(-0.000170637 0.000423889 0.0277249)
(0.000276728 0.000671224 0.0277249)
(0.000479026 0.000254696 0.0277249)
(0.000666744 -0.00019532 0.0277249)
(0.000181917 -0.000438581 0.0277249)
(-0.000311617 0.000857308 0.0277249)
(-0.000656337 0.000182064 0.0277249)
(-0.000759557 0.000664251 0.0277249)
(-0.000468886 -0.000270451 0.0277249)
(-0.000264037 -0.00068208 0.0277249)
(0.000324441 -0.000865139 0.0277249)
(0.000770337 -0.000672555 0.0277249)
(0.00125938 0.000101053 0.0277249)
(0.00124473 -0.000509285 0.0277249)
(0.000958037 0.000572491 0.0277249)
(0.000686355 0.000952739 0.0277249)
(-0.000411913 0.00127783 0.0277249)
(-0.000825269 0.00111784 0.0277249)
(-0.00123669 0.00096972 0.0277249)
(-0.00123618 0.000501918 0.0277249)
(-0.001253 -0.000113418 0.0277249)
(-0.000948072 -0.000585007 0.0277249)
(-0.000674808 -0.00096061 0.0277249)
(0.00042228 -0.00128137 0.0277249)
(0.000835044 -0.00111994 0.0277249)
(0.00124319 -0.000970525 0.0277249)
(0.00179085 -1.04206e-05 0.0277249)
(0.00171829 -0.000477546 0.0277249)
(0.00187476 0.000371798 0.0277249)
(0.00162034 0.000620692 0.0277249)
(0.00134491 0.00097979 0.0277249)
(0.00104133 0.00131953 0.0277249)
(-0.000474052 0.00171834 0.0277249)
(-0.000892307 0.00156068 0.0277249)
(-0.00127007 0.00137295 0.0277249)
(-0.00155767 0.00123196 0.0277249)
(-0.00162963 0.000909759 0.0277249)
(-0.00171542 0.00047213 0.0277249)
(-0.00178736 -2.795e-06 0.0277249)
(-0.00186768 -0.000378077 0.0277249)
(-0.00161808 -0.000630614 0.0277249)
(-0.00133982 -0.00098645 0.0277249)
(-0.00103397 -0.0013242 0.0277249)
(0.000481683 -0.00171763 0.0277249)
(0.000900412 -0.00155787 0.0277249)
(0.00127442 -0.00137161 0.0277249)
(0.00156003 -0.0012307 0.0277249)
(0.00163249 -0.000910091 0.0277249)
(0.00221309 0.000505123 0.0277249)
(0.00227 2.01617e-18 0.0277249)
(0.0020452 0.000984916 0.0277249)
(0.00177476 0.00141532 0.0277249)
(0.00141532 0.00177476 0.0277249)
(0.000984916 0.0020452 0.0277249)
(0.000505123 0.00221309 0.0277249)
(4.17133e-18 0.00227 0.0277249)
(-0.000505123 0.00221309 0.0277249)
(-0.000984916 0.0020452 0.0277249)
(-0.00141532 0.00177476 0.0277249)
(-0.00177476 0.00141532 0.0277249)
(-0.0020452 0.000984916 0.0277249)
(-0.00221309 0.000505123 0.0277249)
(-0.00227 2.77995e-19 0.0277249)
(-0.00221309 -0.000505123 0.0277249)
(-0.0020452 -0.000984916 0.0277249)
(-0.00177476 -0.00141532 0.0277249)
(-0.00141532 -0.00177476 0.0277249)
(-0.000984916 -0.0020452 0.0277249)
(-0.000505123 -0.00221309 0.0277249)
(4.17133e-18 -0.00227 0.0277249)
(0.000505123 -0.00221309 0.0277249)
(0.000984916 -0.0020452 0.0277249)
(0.00141532 -0.00177476 0.0277249)
(0.00177476 -0.00141532 0.0277249)
(0.0020452 -0.000984916 0.0277249)
(0.00221309 -0.000505123 0.0277249)
(0.000254978 0.00148823 0.028225)
(0.000352341 0.00178374 0.028225)
(0.000706634 0.00160009 0.028225)
(0.000446052 0.00126652 0.028225)
(-3.43612e-05 0.00140735 0.028225)
(-4.50004e-05 0.00179745 0.028225)
(9.8468e-05 0.00105354 0.028225)
(-0.000243801 -0.00149233 0.028225)
(-0.000343709 -0.00178639 0.028225)
(-0.000698232 -0.0016031 0.028225)
(-0.000433895 -0.00127144 0.028225)
(4.58617e-05 -0.00141182 0.028225)
(5.27853e-05 -0.00179973 0.028225)
(-8.62642e-05 -0.00106024 0.028225)
(5.33056e-06 -7.56965e-06 0.028225)
(-0.000170637 0.000423889 0.028225)
(0.000276728 0.000671224 0.028225)
(0.000479026 0.000254696 0.028225)
(0.000666744 -0.00019532 0.028225)
(0.000181917 -0.000438581 0.028225)
(-0.000311617 0.000857308 0.028225)
(-0.000656337 0.000182064 0.028225)
(-0.000759557 0.000664251 0.028225)
(-0.000468886 -0.000270451 0.028225)
(-0.000264037 -0.00068208 0.028225)
(0.000324441 -0.000865139 0.028225)
(0.000770337 -0.000672555 0.028225)
(0.00125938 0.000101053 0.028225)
(0.00124473 -0.000509285 0.028225)
(0.000958037 0.000572491 0.028225)
(0.000686355 0.000952739 0.028225)
(-0.000411913 0.00127783 0.028225)
(-0.000825269 0.00111784 0.028225)
(-0.00123669 0.00096972 0.028225)
(-0.00123618 0.000501918 0.028225)
(-0.001253 -0.000113418 0.028225)
(-0.000948072 -0.000585007 0.028225)
(-0.000674808 -0.00096061 0.028225)
(0.00042228 -0.00128137 0.028225)
(0.000835044 -0.00111994 0.028225)
(0.00124319 -0.000970525 0.028225)
(0.00179085 -1.04206e-05 0.028225)
(0.00171829 -0.000477546 0.028225)
(0.00187476 0.000371798 0.028225)
(0.00162034 0.000620692 0.028225)
(0.00134491 0.00097979 0.028225)
(0.00104133 0.00131953 0.028225)
(-0.000474052 0.00171834 0.028225)
(-0.000892307 0.00156068 0.028225)
(-0.00127007 0.00137295 0.028225)
(-0.00155767 0.00123196 0.028225)
(-0.00162963 0.000909759 0.028225)
(-0.00171542 0.00047213 0.028225)
(-0.00178736 -2.795e-06 0.028225)
(-0.00186768 -0.000378077 0.028225)
(-0.00161808 -0.000630614 0.028225)
(-0.00133982 -0.00098645 0.028225)
(-0.00103397 -0.0013242 0.028225)
(0.000481683 -0.00171763 0.028225)
(0.000900412 -0.00155787 0.028225)
(0.00127442 -0.00137161 0.028225)
(0.00156003 -0.0012307 0.028225)
(0.00163249 -0.000910091 0.028225)
(0.00221309 0.000505123 0.028225)
(0.00227 0 0.028225)
(0.0020452 0.000984916 0.028225)
(0.00177476 0.00141532 0.028225)
(0.00141532 0.00177476 0.028225)
(0.000984916 0.0020452 0.028225)
(0.000505123 0.00221309 0.028225)
(2.15516e-18 0.00227 0.028225)
(-0.000505123 0.00221309 0.028225)
(-0.000984916 0.0020452 0.028225)
(-0.00141532 0.00177476 0.028225)
(-0.00177476 0.00141532 0.028225)
(-0.0020452 0.000984916 0.028225)
(-0.00221309 0.000505123 0.028225)
(-0.00227 2.77995e-19 0.028225)
(-0.00221309 -0.000505123 0.028225)
(-0.0020452 -0.000984916 0.028225)
(-0.00177476 -0.00141532 0.028225)
(-0.00141532 -0.00177476 0.028225)
(-0.000984916 -0.0020452 0.028225)
(-0.000505123 -0.00221309 0.028225)
(-3.89333e-18 -0.00227 0.028225)
(0.000505123 -0.00221309 0.028225)
(0.000984916 -0.0020452 0.028225)
(0.00141532 -0.00177476 0.028225)
(0.00177476 -0.00141532 0.028225)
(0.0020452 -0.000984916 0.028225)
(0.00221309 -0.000505123 0.028225)
(0.000254978 0.00148823 0.0287251)
(0.000352341 0.00178374 0.0287251)
(0.000706634 0.00160009 0.0287251)
(0.000446052 0.00126652 0.0287251)
(-3.43612e-05 0.00140735 0.0287251)
(-4.50004e-05 0.00179745 0.0287251)
(9.8468e-05 0.00105354 0.0287251)
(-0.000243801 -0.00149233 0.0287251)
(-0.000343709 -0.00178639 0.0287251)
(-0.000698232 -0.0016031 0.0287251)
(-0.000433895 -0.00127144 0.0287251)
(4.58617e-05 -0.00141182 0.0287251)
(5.27853e-05 -0.00179973 0.0287251)
(-8.62642e-05 -0.00106024 0.0287251)
(5.33056e-06 -7.56965e-06 0.0287251)
(-0.000170637 0.000423889 0.0287251)
(0.000276728 0.000671224 0.0287251)
(0.000479026 0.000254696 0.0287251)
(0.000666744 -0.00019532 0.0287251)
(0.000181917 -0.000438581 0.0287251)
(-0.000311617 0.000857308 0.0287251)
(-0.000656337 0.000182064 0.0287251)
(-0.000759557 0.000664251 0.0287251)
(-0.000468886 -0.000270451 0.0287251)
(-0.000264037 -0.00068208 0.0287251)
(0.000324441 -0.000865139 0.0287251)
(0.000770337 -0.000672555 0.0287251)
(0.00125938 0.000101053 0.0287251)
(0.00124473 -0.000509285 0.0287251)
(0.000958037 0.000572491 0.0287251)
(0.000686355 0.000952739 0.0287251)
(-0.000411913 0.00127783 0.0287251)
(-0.000825269 0.00111784 0.0287251)
(-0.00123669 0.00096972 0.0287251)
(-0.00123618 0.000501918 0.0287251)
(-0.001253 -0.000113418 0.0287251)
(-0.000948072 -0.000585007 0.0287251)
(-0.000674808 -0.00096061 0.0287251)
(0.00042228 -0.00128137 0.0287251)
(0.000835044 -0.00111994 0.0287251)
(0.00124319 -0.000970525 0.0287251)
(0.00179085 -1.04206e-05 0.0287251)
(0.00171829 -0.000477546 0.0287251)
(0.00187476 0.000371798 0.0287251)
(0.00162034 0.000620692 0.0287251)
(0.00134491 0.00097979 0.0287251)
(0.00104133 0.00131953 0.0287251)
(-0.000474052 0.00171834 0.0287251)
(-0.000892307 0.00156068 0.0287251)
(-0.00127007 0.00137295 0.0287251)
(-0.00155767 0.00123196 0.0287251)
(-0.00162963 0.000909759 0.0287251)
(-0.00171542 0.00047213 0.0287251)
(-0.00178736 -2.795e-06 0.0287251)
(-0.00186768 -0.000378077 0.0287251)
(-0.00161808 -0.000630614 0.0287251)
(-0.00133982 -0.00098645 0.0287251)
(-0.00103397 -0.0013242 0.0287251)
(0.000481683 -0.00171763 0.0287251)
(0.000900412 -0.00155787 0.0287251)
(0.00127442 -0.00137161 0.0287251)
(0.00156003 -0.0012307 0.0287251)
(0.00163249 -0.000910091 0.0287251)
(0.00221309 0.000505123 0.0287251)
(0.00227 -2.01617e-18 0.0287251)
(0.0020452 0.000984916 0.0287251)
(0.00177476 0.00141532 0.0287251)
(0.00141532 0.00177476 0.0287251)
(0.000984916 0.0020452 0.0287251)
(0.000505123 0.00221309 0.0287251)
(-3.89333e-18 0.00227 0.0287251)
(-0.000505123 0.00221309 0.0287251)
(-0.000984916 0.0020452 0.0287251)
(-0.00141532 0.00177476 0.0287251)
(-0.00177476 0.00141532 0.0287251)
(-0.0020452 0.000984916 0.0287251)
(-0.00221309 0.000505123 0.0287251)
(-0.00227 2.77995e-19 0.0287251)
(-0.00221309 -0.000505123 0.0287251)
(-0.0020452 -0.000984916 0.0287251)
(-0.00177476 -0.00141532 0.0287251)
(-0.00141532 -0.00177476 0.0287251)
(-0.000984916 -0.0020452 0.0287251)
(-0.000505123 -0.00221309 0.0287251)
(-1.87717e-18 -0.00227 0.0287251)
(0.000505123 -0.00221309 0.0287251)
(0.000984916 -0.0020452 0.0287251)
(0.00141532 -0.00177476 0.0287251)
(0.00177476 -0.00141532 0.0287251)
(0.0020452 -0.000984916 0.0287251)
(0.00221309 -0.000505123 0.0287251)
(0.000254978 0.00148823 0.0292252)
(0.000352341 0.00178374 0.0292252)
(0.000706634 0.00160009 0.0292252)
(0.000446052 0.00126652 0.0292252)
(-3.43612e-05 0.00140735 0.0292252)
(-4.50004e-05 0.00179745 0.0292252)
(9.8468e-05 0.00105354 0.0292252)
(-0.000243801 -0.00149233 0.0292252)
(-0.000343709 -0.00178639 0.0292252)
(-0.000698232 -0.0016031 0.0292252)
(-0.000433895 -0.00127144 0.0292252)
(4.58617e-05 -0.00141182 0.0292252)
(5.27853e-05 -0.00179973 0.0292252)
(-8.62642e-05 -0.00106024 0.0292252)
(5.33056e-06 -7.56965e-06 0.0292252)
(-0.000170637 0.000423889 0.0292252)
(0.000276728 0.000671224 0.0292252)
(0.000479026 0.000254696 0.0292252)
(0.000666744 -0.00019532 0.0292252)
(0.000181917 -0.000438581 0.0292252)
(-0.000311617 0.000857308 0.0292252)
(-0.000656337 0.000182064 0.0292252)
(-0.000759557 0.000664251 0.0292252)
(-0.000468886 -0.000270451 0.0292252)
(-0.000264037 -0.00068208 0.0292252)
(0.000324441 -0.000865139 0.0292252)
(0.000770337 -0.000672555 0.0292252)
(0.00125938 0.000101053 0.0292252)
(0.00124473 -0.000509285 0.0292252)
(0.000958037 0.000572491 0.0292252)
(0.000686355 0.000952739 0.0292252)
(-0.000411913 0.00127783 0.0292252)
(-0.000825269 0.00111784 0.0292252)
(-0.00123669 0.00096972 0.0292252)
(-0.00123618 0.000501918 0.0292252)
(-0.001253 -0.000113418 0.0292252)
(-0.000948072 -0.000585007 0.0292252)
(-0.000674808 -0.00096061 0.0292252)
(0.00042228 -0.00128137 0.0292252)
(0.000835044 -0.00111994 0.0292252)
(0.00124319 -0.000970525 0.0292252)
(0.00179085 -1.04206e-05 0.0292252)
(0.00171829 -0.000477546 0.0292252)
(0.00187476 0.000371798 0.0292252)
(0.00162034 0.000620692 0.0292252)
(0.00134491 0.00097979 0.0292252)
(0.00104133 0.00131953 0.0292252)
(-0.000474052 0.00171834 0.0292252)
(-0.000892307 0.00156068 0.0292252)
(-0.00127007 0.00137295 0.0292252)
(-0.00155767 0.00123196 0.0292252)
(-0.00162963 0.000909759 0.0292252)
(-0.00171542 0.00047213 0.0292252)
(-0.00178736 -2.795e-06 0.0292252)
(-0.00186768 -0.000378077 0.0292252)
(-0.00161808 -0.000630614 0.0292252)
(-0.00133982 -0.00098645 0.0292252)
(-0.00103397 -0.0013242 0.0292252)
(0.000481683 -0.00171763 0.0292252)
(0.000900412 -0.00155787 0.0292252)
(0.00127442 -0.00137161 0.0292252)
(0.00156003 -0.0012307 0.0292252)
(0.00163249 -0.000910091 0.0292252)
(0.00221309 0.000505123 0.0292252)
(0.00227 2.01617e-18 0.0292252)
(0.0020452 0.000984916 0.0292252)
(0.00177476 0.00141532 0.0292252)
(0.00141532 0.00177476 0.0292252)
(0.000984916 0.0020452 0.0292252)
(0.000505123 0.00221309 0.0292252)
(-1.87717e-18 0.00227 0.0292252)
(-0.000505123 0.00221309 0.0292252)
(-0.000984916 0.0020452 0.0292252)
(-0.00141532 0.00177476 0.0292252)
(-0.00177476 0.00141532 0.0292252)
(-0.0020452 0.000984916 0.0292252)
(-0.00221309 0.000505123 0.0292252)
(-0.00227 2.77995e-19 0.0292252)
(-0.00221309 -0.000505123 0.0292252)
(-0.0020452 -0.000984916 0.0292252)
(-0.00177476 -0.00141532 0.0292252)
(-0.00141532 -0.00177476 0.0292252)
(-0.000984916 -0.0020452 0.0292252)
(-0.000505123 -0.00221309 0.0292252)
(4.17133e-18 -0.00227 0.0292252)
(0.000505123 -0.00221309 0.0292252)
(0.000984916 -0.0020452 0.0292252)
(0.00141532 -0.00177476 0.0292252)
(0.00177476 -0.00141532 0.0292252)
(0.0020452 -0.000984916 0.0292252)
(0.00221309 -0.000505123 0.0292252)
(0.000254978 0.00148823 0.0297253)
(0.000352341 0.00178374 0.0297253)
(0.000706634 0.00160009 0.0297253)
(0.000446052 0.00126652 0.0297253)
(-3.43612e-05 0.00140735 0.0297253)
(-4.50004e-05 0.00179745 0.0297253)
(9.8468e-05 0.00105354 0.0297253)
(-0.000243801 -0.00149233 0.0297253)
(-0.000343709 -0.00178639 0.0297253)
(-0.000698232 -0.0016031 0.0297253)
(-0.000433895 -0.00127144 0.0297253)
(4.58617e-05 -0.00141182 0.0297253)
(5.27853e-05 -0.00179973 0.0297253)
(-8.62642e-05 -0.00106024 0.0297253)
(5.33056e-06 -7.56965e-06 0.0297253)
(-0.000170637 0.000423889 0.0297253)
(0.000276728 0.000671224 0.0297253)
(0.000479026 0.000254696 0.0297253)
(0.000666744 -0.00019532 0.0297253)
(0.000181917 -0.000438581 0.0297253)
(-0.000311617 0.000857308 0.0297253)
(-0.000656337 0.000182064 0.0297253)
(-0.000759557 0.000664251 0.0297253)
(-0.000468886 -0.000270451 0.0297253)
(-0.000264037 -0.00068208 0.0297253)
(0.000324441 -0.000865139 0.0297253)
(0.000770337 -0.000672555 0.0297253)
(0.00125938 0.000101053 0.0297253)
(0.00124473 -0.000509285 0.0297253)
(0.000958037 0.000572491 0.0297253)
(0.000686355 0.000952739 0.0297253)
(-0.000411913 0.00127783 0.0297253)
(-0.000825269 0.00111784 0.0297253)
(-0.00123669 0.00096972 0.0297253)
(-0.00123618 0.000501918 0.0297253)
(-0.001253 -0.000113418 0.0297253)
(-0.000948072 -0.000585007 0.0297253)
(-0.000674808 -0.00096061 0.0297253)
(0.00042228 -0.00128137 0.0297253)
(0.000835044 -0.00111994 0.0297253)
(0.00124319 -0.000970525 0.0297253)
(0.00179085 -1.04206e-05 0.0297253)
(0.00171829 -0.000477546 0.0297253)
(0.00187476 0.000371798 0.0297253)
(0.00162034 0.000620692 0.0297253)
(0.00134491 0.00097979 0.0297253)
(0.00104133 0.00131953 0.0297253)
(-0.000474052 0.00171834 0.0297253)
(-0.000892307 0.00156068 0.0297253)
(-0.00127007 0.00137295 0.0297253)
(-0.00155767 0.00123196 0.0297253)
(-0.00162963 0.000909759 0.0297253)
(-0.00171542 0.00047213 0.0297253)
(-0.00178736 -2.795e-06 0.0297253)
(-0.00186768 -0.000378077 0.0297253)
(-0.00161808 -0.000630614 0.0297253)
(-0.00133982 -0.00098645 0.0297253)
(-0.00103397 -0.0013242 0.0297253)
(0.000481683 -0.00171763 0.0297253)
(0.000900412 -0.00155787 0.0297253)
(0.00127442 -0.00137161 0.0297253)
(0.00156003 -0.0012307 0.0297253)
(0.00163249 -0.000910091 0.0297253)
(0.00221309 0.000505123 0.0297253)
(0.00227 0 0.0297253)
(0.0020452 0.000984916 0.0297253)
(0.00177476 0.00141532 0.0297253)
(0.00141532 0.00177476 0.0297253)
(0.000984916 0.0020452 0.0297253)
(0.000505123 0.00221309 0.0297253)
(1.38997e-19 0.00227 0.0297253)
(-0.000505123 0.00221309 0.0297253)
(-0.000984916 0.0020452 0.0297253)
(-0.00141532 0.00177476 0.0297253)
(-0.00177476 0.00141532 0.0297253)
(-0.0020452 0.000984916 0.0297253)
(-0.00221309 0.000505123 0.0297253)
(-0.00227 2.77995e-19 0.0297253)
(-0.00221309 -0.000505123 0.0297253)
(-0.0020452 -0.000984916 0.0297253)
(-0.00177476 -0.00141532 0.0297253)
(-0.00141532 -0.00177476 0.0297253)
(-0.000984916 -0.0020452 0.0297253)
(-0.000505123 -0.00221309 0.0297253)
(1.38997e-19 -0.00227 0.0297253)
(0.000505123 -0.00221309 0.0297253)
(0.000984916 -0.0020452 0.0297253)
(0.00141532 -0.00177476 0.0297253)
(0.00177476 -0.00141532 0.0297253)
(0.0020452 -0.000984916 0.0297253)
(0.00221309 -0.000505123 0.0297253)
(0.000254978 0.00148823 0.0302254)
(0.000352341 0.00178374 0.0302254)
(0.000706634 0.00160009 0.0302254)
(0.000446052 0.00126652 0.0302254)
(-3.43612e-05 0.00140735 0.0302254)
(-4.50004e-05 0.00179745 0.0302254)
(9.8468e-05 0.00105354 0.0302254)
(-0.000243801 -0.00149233 0.0302254)
(-0.000343709 -0.00178639 0.0302254)
(-0.000698232 -0.0016031 0.0302254)
(-0.000433895 -0.00127144 0.0302254)
(4.58617e-05 -0.00141182 0.0302254)
(5.27853e-05 -0.00179973 0.0302254)
(-8.62642e-05 -0.00106024 0.0302254)
(5.33056e-06 -7.56965e-06 0.0302254)
(-0.000170637 0.000423889 0.0302254)
(0.000276728 0.000671224 0.0302254)
(0.000479026 0.000254696 0.0302254)
(0.000666744 -0.00019532 0.0302254)
(0.000181917 -0.000438581 0.0302254)
(-0.000311617 0.000857308 0.0302254)
(-0.000656337 0.000182064 0.0302254)
(-0.000759557 0.000664251 0.0302254)
(-0.000468886 -0.000270451 0.0302254)
(-0.000264037 -0.00068208 0.0302254)
(0.000324441 -0.000865139 0.0302254)
(0.000770337 -0.000672555 0.0302254)
(0.00125938 0.000101053 0.0302254)
(0.00124473 -0.000509285 0.0302254)
(0.000958037 0.000572491 0.0302254)
(0.000686355 0.000952739 0.0302254)
(-0.000411913 0.00127783 0.0302254)
(-0.000825269 0.00111784 0.0302254)
(-0.00123669 0.00096972 0.0302254)
(-0.00123618 0.000501918 0.0302254)
(-0.001253 -0.000113418 0.0302254)
(-0.000948072 -0.000585007 0.0302254)
(-0.000674808 -0.00096061 0.0302254)
(0.00042228 -0.00128137 0.0302254)
(0.000835044 -0.00111994 0.0302254)
(0.00124319 -0.000970525 0.0302254)
(0.00179085 -1.04206e-05 0.0302254)
(0.00171829 -0.000477546 0.0302254)
(0.00187476 0.000371798 0.0302254)
(0.00162034 0.000620692 0.0302254)
(0.00134491 0.00097979 0.0302254)
(0.00104133 0.00131953 0.0302254)
(-0.000474052 0.00171834 0.0302254)
(-0.000892307 0.00156068 0.0302254)
(-0.00127007 0.00137295 0.0302254)
(-0.00155767 0.00123196 0.0302254)
(-0.00162963 0.000909759 0.0302254)
(-0.00171542 0.00047213 0.0302254)
(-0.00178736 -2.795e-06 0.0302254)
(-0.00186768 -0.000378077 0.0302254)
(-0.00161808 -0.000630614 0.0302254)
(-0.00133982 -0.00098645 0.0302254)
(-0.00103397 -0.0013242 0.0302254)
(0.000481683 -0.00171763 0.0302254)
(0.000900412 -0.00155787 0.0302254)
(0.00127442 -0.00137161 0.0302254)
(0.00156003 -0.0012307 0.0302254)
(0.00163249 -0.000910091 0.0302254)
(0.00221309 0.000505123 0.0302254)
(0.00227 -2.01617e-18 0.0302254)
(0.0020452 0.000984916 0.0302254)
(0.00177476 0.00141532 0.0302254)
(0.00141532 0.00177476 0.0302254)
(0.000984916 0.0020452 0.0302254)
(0.000505123 0.00221309 0.0302254)
(4.17133e-18 0.00227 0.0302254)
(-0.000505123 0.00221309 0.0302254)
(-0.000984916 0.0020452 0.0302254)
(-0.00141532 0.00177476 0.0302254)
(-0.00177476 0.00141532 0.0302254)
(-0.0020452 0.000984916 0.0302254)
(-0.00221309 0.000505123 0.0302254)
(-0.00227 2.77995e-19 0.0302254)
(-0.00221309 -0.000505123 0.0302254)
(-0.0020452 -0.000984916 0.0302254)
(-0.00177476 -0.00141532 0.0302254)
(-0.00141532 -0.00177476 0.0302254)
(-0.000984916 -0.0020452 0.0302254)
(-0.000505123 -0.00221309 0.0302254)
(-3.89333e-18 -0.00227 0.0302254)
(0.000505123 -0.00221309 0.0302254)
(0.000984916 -0.0020452 0.0302254)
(0.00141532 -0.00177476 0.0302254)
(0.00177476 -0.00141532 0.0302254)
(0.0020452 -0.000984916 0.0302254)
(0.00221309 -0.000505123 0.0302254)
(0.000254978 0.00148823 0.0307256)
(0.000352341 0.00178374 0.0307256)
(0.000706634 0.00160009 0.0307256)
(0.000446052 0.00126652 0.0307256)
(-3.43612e-05 0.00140735 0.0307256)
(-4.50004e-05 0.00179745 0.0307256)
(9.8468e-05 0.00105354 0.0307256)
(-0.000243801 -0.00149233 0.0307256)
(-0.000343709 -0.00178639 0.0307256)
(-0.000698232 -0.0016031 0.0307256)
(-0.000433895 -0.00127144 0.0307256)
(4.58617e-05 -0.00141182 0.0307256)
(5.27853e-05 -0.00179973 0.0307256)
(-8.62642e-05 -0.00106024 0.0307256)
(5.33056e-06 -7.56965e-06 0.0307256)
(-0.000170637 0.000423889 0.0307256)
(0.000276728 0.000671224 0.0307256)
(0.000479026 0.000254696 0.0307256)
(0.000666744 -0.00019532 0.0307256)
(0.000181917 -0.000438581 0.0307256)
(-0.000311617 0.000857308 0.0307256)
(-0.000656337 0.000182064 0.0307256)
(-0.000759557 0.000664251 0.0307256)
(-0.000468886 -0.000270451 0.0307256)
(-0.000264037 -0.00068208 0.0307256)
(0.000324441 -0.000865139 0.0307256)
(0.000770337 -0.000672555 0.0307256)
(0.00125938 0.000101053 0.0307256)
(0.00124473 -0.000509285 0.0307256)
(0.000958037 0.000572491 0.0307256)
(0.000686355 0.000952739 0.0307256)
(-0.000411913 0.00127783 0.0307256)
(-0.000825269 0.00111784 0.0307256)
(-0.00123669 0.00096972 0.0307256)
(-0.00123618 0.000501918 0.0307256)
(-0.001253 -0.000113418 0.0307256)
(-0.000948072 -0.000585007 0.0307256)
(-0.000674808 -0.00096061 0.0307256)
(0.00042228 -0.00128137 0.0307256)
(0.000835044 -0.00111994 0.0307256)
(0.00124319 -0.000970525 0.0307256)
(0.00179085 -1.04206e-05 0.0307256)
(0.00171829 -0.000477546 0.0307256)
(0.00187476 0.000371798 0.0307256)
(0.00162034 0.000620692 0.0307256)
(0.00134491 0.00097979 0.0307256)
(0.00104133 0.00131953 0.0307256)
(-0.000474052 0.00171834 0.0307256)
(-0.000892307 0.00156068 0.0307256)
(-0.00127007 0.00137295 0.0307256)
(-0.00155767 0.00123196 0.0307256)
(-0.00162963 0.000909759 0.0307256)
(-0.00171542 0.00047213 0.0307256)
(-0.00178736 -2.795e-06 0.0307256)
(-0.00186768 -0.000378077 0.0307256)
(-0.00161808 -0.000630614 0.0307256)
(-0.00133982 -0.00098645 0.0307256)
(-0.00103397 -0.0013242 0.0307256)
(0.000481683 -0.00171763 0.0307256)
(0.000900412 -0.00155787 0.0307256)
(0.00127442 -0.00137161 0.0307256)
(0.00156003 -0.0012307 0.0307256)
(0.00163249 -0.000910091 0.0307256)
(0.00221309 0.000505123 0.0307256)
(0.00227 0 0.0307256)
(0.0020452 0.000984916 0.0307256)
(0.00177476 0.00141532 0.0307256)
(0.00141532 0.00177476 0.0307256)
(0.000984916 0.0020452 0.0307256)
(0.000505123 0.00221309 0.0307256)
(-1.87717e-18 0.00227 0.0307256)
(-0.000505123 0.00221309 0.0307256)
(-0.000984916 0.0020452 0.0307256)
(-0.00141532 0.00177476 0.0307256)
(-0.00177476 0.00141532 0.0307256)
(-0.0020452 0.000984916 0.0307256)
(-0.00221309 0.000505123 0.0307256)
(-0.00227 2.77995e-19 0.0307256)
(-0.00221309 -0.000505123 0.0307256)
(-0.0020452 -0.000984916 0.0307256)
(-0.00177476 -0.00141532 0.0307256)
(-0.00141532 -0.00177476 0.0307256)
(-0.000984916 -0.0020452 0.0307256)
(-0.000505123 -0.00221309 0.0307256)
(-3.89333e-18 -0.00227 0.0307256)
(0.000505123 -0.00221309 0.0307256)
(0.000984916 -0.0020452 0.0307256)
(0.00141532 -0.00177476 0.0307256)
(0.00177476 -0.00141532 0.0307256)
(0.0020452 -0.000984916 0.0307256)
(0.00221309 -0.000505123 0.0307256)
(0.000254978 0.00148823 0.0312257)
(0.000352341 0.00178374 0.0312257)
(0.000706634 0.00160009 0.0312257)
(0.000446052 0.00126652 0.0312257)
(-3.43612e-05 0.00140735 0.0312257)
(-4.50004e-05 0.00179745 0.0312257)
(9.8468e-05 0.00105354 0.0312257)
(-0.000243801 -0.00149233 0.0312257)
(-0.000343709 -0.00178639 0.0312257)
(-0.000698232 -0.0016031 0.0312257)
(-0.000433895 -0.00127144 0.0312257)
(4.58617e-05 -0.00141182 0.0312257)
(5.27853e-05 -0.00179973 0.0312257)
(-8.62642e-05 -0.00106024 0.0312257)
(5.33056e-06 -7.56965e-06 0.0312257)
(-0.000170637 0.000423889 0.0312257)
(0.000276728 0.000671224 0.0312257)
(0.000479026 0.000254696 0.0312257)
(0.000666744 -0.00019532 0.0312257)
(0.000181917 -0.000438581 0.0312257)
(-0.000311617 0.000857308 0.0312257)
(-0.000656337 0.000182064 0.0312257)
(-0.000759557 0.000664251 0.0312257)
(-0.000468886 -0.000270451 0.0312257)
(-0.000264037 -0.00068208 0.0312257)
(0.000324441 -0.000865139 0.0312257)
(0.000770337 -0.000672555 0.0312257)
(0.00125938 0.000101053 0.0312257)
(0.00124473 -0.000509285 0.0312257)
(0.000958037 0.000572491 0.0312257)
(0.000686355 0.000952739 0.0312257)
(-0.000411913 0.00127783 0.0312257)
(-0.000825269 0.00111784 0.0312257)
(-0.00123669 0.00096972 0.0312257)
(-0.00123618 0.000501918 0.0312257)
(-0.001253 -0.000113418 0.0312257)
(-0.000948072 -0.000585007 0.0312257)
(-0.000674808 -0.00096061 0.0312257)
(0.00042228 -0.00128137 0.0312257)
(0.000835044 -0.00111994 0.0312257)
(0.00124319 -0.000970525 0.0312257)
(0.00179085 -1.04206e-05 0.0312257)
(0.00171829 -0.000477546 0.0312257)
(0.00187476 0.000371798 0.0312257)
(0.00162034 0.000620692 0.0312257)
(0.00134491 0.00097979 0.0312257)
(0.00104133 0.00131953 0.0312257)
(-0.000474052 0.00171834 0.0312257)
(-0.000892307 0.00156068 0.0312257)
(-0.00127007 0.00137295 0.0312257)
(-0.00155767 0.00123196 0.0312257)
(-0.00162963 0.000909759 0.0312257)
(-0.00171542 0.00047213 0.0312257)
(-0.00178736 -2.795e-06 0.0312257)
(-0.00186768 -0.000378077 0.0312257)
(-0.00161808 -0.000630614 0.0312257)
(-0.00133982 -0.00098645 0.0312257)
(-0.00103397 -0.0013242 0.0312257)
(0.000481683 -0.00171763 0.0312257)
(0.000900412 -0.00155787 0.0312257)
(0.00127442 -0.00137161 0.0312257)
(0.00156003 -0.0012307 0.0312257)
(0.00163249 -0.000910091 0.0312257)
(0.00221309 0.000505123 0.0312257)
(0.00227 0 0.0312257)
(0.0020452 0.000984916 0.0312257)
(0.00177476 0.00141532 0.0312257)
(0.00141532 0.00177476 0.0312257)
(0.000984916 0.0020452 0.0312257)
(0.000505123 0.00221309 0.0312257)
(-1.87717e-18 0.00227 0.0312257)
(-0.000505123 0.00221309 0.0312257)
(-0.000984916 0.0020452 0.0312257)
(-0.00141532 0.00177476 0.0312257)
(-0.00177476 0.00141532 0.0312257)
(-0.0020452 0.000984916 0.0312257)
(-0.00221309 0.000505123 0.0312257)
(-0.00227 2.77995e-19 0.0312257)
(-0.00221309 -0.000505123 0.0312257)
(-0.0020452 -0.000984916 0.0312257)
(-0.00177476 -0.00141532 0.0312257)
(-0.00141532 -0.00177476 0.0312257)
(-0.000984916 -0.0020452 0.0312257)
(-0.000505123 -0.00221309 0.0312257)
(1.38997e-19 -0.00227 0.0312257)
(0.000505123 -0.00221309 0.0312257)
(0.000984916 -0.0020452 0.0312257)
(0.00141532 -0.00177476 0.0312257)
(0.00177476 -0.00141532 0.0312257)
(0.0020452 -0.000984916 0.0312257)
(0.00221309 -0.000505123 0.0312257)
(0.000254978 0.00148823 0.0317258)
(0.000352341 0.00178374 0.0317258)
(0.000706634 0.00160009 0.0317258)
(0.000446052 0.00126652 0.0317258)
(-3.43612e-05 0.00140735 0.0317258)
(-4.50004e-05 0.00179745 0.0317258)
(9.8468e-05 0.00105354 0.0317258)
(-0.000243801 -0.00149233 0.0317258)
(-0.000343709 -0.00178639 0.0317258)
(-0.000698232 -0.0016031 0.0317258)
(-0.000433895 -0.00127144 0.0317258)
(4.58617e-05 -0.00141182 0.0317258)
(5.27853e-05 -0.00179973 0.0317258)
(-8.62642e-05 -0.00106024 0.0317258)
(5.33056e-06 -7.56965e-06 0.0317258)
(-0.000170637 0.000423889 0.0317258)
(0.000276728 0.000671224 0.0317258)
(0.000479026 0.000254696 0.0317258)
(0.000666744 -0.00019532 0.0317258)
(0.000181917 -0.000438581 0.0317258)
(-0.000311617 0.000857308 0.0317258)
(-0.000656337 0.000182064 0.0317258)
(-0.000759557 0.000664251 0.0317258)
(-0.000468886 -0.000270451 0.0317258)
(-0.000264037 -0.00068208 0.0317258)
(0.000324441 -0.000865139 0.0317258)
(0.000770337 -0.000672555 0.0317258)
(0.00125938 0.000101053 0.0317258)
(0.00124473 -0.000509285 0.0317258)
(0.000958037 0.000572491 0.0317258)
(0.000686355 0.000952739 0.0317258)
(-0.000411913 0.00127783 0.0317258)
(-0.000825269 0.00111784 0.0317258)
(-0.00123669 0.00096972 0.0317258)
(-0.00123618 0.000501918 0.0317258)
(-0.001253 -0.000113418 0.0317258)
(-0.000948072 -0.000585007 0.0317258)
(-0.000674808 -0.00096061 0.0317258)
(0.00042228 -0.00128137 0.0317258)
(0.000835044 -0.00111994 0.0317258)
(0.00124319 -0.000970525 0.0317258)
(0.00179085 -1.04206e-05 0.0317258)
(0.00171829 -0.000477546 0.0317258)
(0.00187476 0.000371798 0.0317258)
(0.00162034 0.000620692 0.0317258)
(0.00134491 0.00097979 0.0317258)
(0.00104133 0.00131953 0.0317258)
(-0.000474052 0.00171834 0.0317258)
(-0.000892307 0.00156068 0.0317258)
(-0.00127007 0.00137295 0.0317258)
(-0.00155767 0.00123196 0.0317258)
(-0.00162963 0.000909759 0.0317258)
(-0.00171542 0.00047213 0.0317258)
(-0.00178736 -2.795e-06 0.0317258)
(-0.00186768 -0.000378077 0.0317258)
(-0.00161808 -0.000630614 0.0317258)
(-0.00133982 -0.00098645 0.0317258)
(-0.00103397 -0.0013242 0.0317258)
(0.000481683 -0.00171763 0.0317258)
(0.000900412 -0.00155787 0.0317258)
(0.00127442 -0.00137161 0.0317258)
(0.00156003 -0.0012307 0.0317258)
(0.00163249 -0.000910091 0.0317258)
(0.00221309 0.000505123 0.0317258)
(0.00227 0 0.0317258)
(0.0020452 0.000984916 0.0317258)
(0.00177476 0.00141532 0.0317258)
(0.00141532 0.00177476 0.0317258)
(0.000984916 0.0020452 0.0317258)
(0.000505123 0.00221309 0.0317258)
(1.38997e-19 0.00227 0.0317258)
(-0.000505123 0.00221309 0.0317258)
(-0.000984916 0.0020452 0.0317258)
(-0.00141532 0.00177476 0.0317258)
(-0.00177476 0.00141532 0.0317258)
(-0.0020452 0.000984916 0.0317258)
(-0.00221309 0.000505123 0.0317258)
(-0.00227 2.77995e-19 0.0317258)
(-0.00221309 -0.000505123 0.0317258)
(-0.0020452 -0.000984916 0.0317258)
(-0.00177476 -0.00141532 0.0317258)
(-0.00141532 -0.00177476 0.0317258)
(-0.000984916 -0.0020452 0.0317258)
(-0.000505123 -0.00221309 0.0317258)
(2.15516e-18 -0.00227 0.0317258)
(0.000505123 -0.00221309 0.0317258)
(0.000984916 -0.0020452 0.0317258)
(0.00141532 -0.00177476 0.0317258)
(0.00177476 -0.00141532 0.0317258)
(0.0020452 -0.000984916 0.0317258)
(0.00221309 -0.000505123 0.0317258)
(0.000254978 0.00148823 0.0322259)
(0.000352341 0.00178374 0.0322259)
(0.000706634 0.00160009 0.0322259)
(0.000446052 0.00126652 0.0322259)
(-3.43612e-05 0.00140735 0.0322259)
(-4.50004e-05 0.00179745 0.0322259)
(9.8468e-05 0.00105354 0.0322259)
(-0.000243801 -0.00149233 0.0322259)
(-0.000343709 -0.00178639 0.0322259)
(-0.000698232 -0.0016031 0.0322259)
(-0.000433895 -0.00127144 0.0322259)
(4.58617e-05 -0.00141182 0.0322259)
(5.27853e-05 -0.00179973 0.0322259)
(-8.62642e-05 -0.00106024 0.0322259)
(5.33056e-06 -7.56965e-06 0.0322259)
(-0.000170637 0.000423889 0.0322259)
(0.000276728 0.000671224 0.0322259)
(0.000479026 0.000254696 0.0322259)
(0.000666744 -0.00019532 0.0322259)
(0.000181917 -0.000438581 0.0322259)
(-0.000311617 0.000857308 0.0322259)
(-0.000656337 0.000182064 0.0322259)
(-0.000759557 0.000664251 0.0322259)
(-0.000468886 -0.000270451 0.0322259)
(-0.000264037 -0.00068208 0.0322259)
(0.000324441 -0.000865139 0.0322259)
(0.000770337 -0.000672555 0.0322259)
(0.00125938 0.000101053 0.0322259)
(0.00124473 -0.000509285 0.0322259)
(0.000958037 0.000572491 0.0322259)
(0.000686355 0.000952739 0.0322259)
(-0.000411913 0.00127783 0.0322259)
(-0.000825269 0.00111784 0.0322259)
(-0.00123669 0.00096972 0.0322259)
(-0.00123618 0.000501918 0.0322259)
(-0.001253 -0.000113418 0.0322259)
(-0.000948072 -0.000585007 0.0322259)
(-0.000674808 -0.00096061 0.0322259)
(0.00042228 -0.00128137 0.0322259)
(0.000835044 -0.00111994 0.0322259)
(0.00124319 -0.000970525 0.0322259)
(0.00179085 -1.04206e-05 0.0322259)
(0.00171829 -0.000477546 0.0322259)
(0.00187476 0.000371798 0.0322259)
(0.00162034 0.000620692 0.0322259)
(0.00134491 0.00097979 0.0322259)
(0.00104133 0.00131953 0.0322259)
(-0.000474052 0.00171834 0.0322259)
(-0.000892307 0.00156068 0.0322259)
(-0.00127007 0.00137295 0.0322259)
(-0.00155767 0.00123196 0.0322259)
(-0.00162963 0.000909759 0.0322259)
(-0.00171542 0.00047213 0.0322259)
(-0.00178736 -2.795e-06 0.0322259)
(-0.00186768 -0.000378077 0.0322259)
(-0.00161808 -0.000630614 0.0322259)
(-0.00133982 -0.00098645 0.0322259)
(-0.00103397 -0.0013242 0.0322259)
(0.000481683 -0.00171763 0.0322259)
(0.000900412 -0.00155787 0.0322259)
(0.00127442 -0.00137161 0.0322259)
(0.00156003 -0.0012307 0.0322259)
(0.00163249 -0.000910091 0.0322259)
(0.00221309 0.000505123 0.0322259)
(0.00227 0 0.0322259)
(0.0020452 0.000984916 0.0322259)
(0.00177476 0.00141532 0.0322259)
(0.00141532 0.00177476 0.0322259)
(0.000984916 0.0020452 0.0322259)
(0.000505123 0.00221309 0.0322259)
(1.38997e-19 0.00227 0.0322259)
(-0.000505123 0.00221309 0.0322259)
(-0.000984916 0.0020452 0.0322259)
(-0.00141532 0.00177476 0.0322259)
(-0.00177476 0.00141532 0.0322259)
(-0.0020452 0.000984916 0.0322259)
(-0.00221309 0.000505123 0.0322259)
(-0.00227 2.77995e-19 0.0322259)
(-0.00221309 -0.000505123 0.0322259)
(-0.0020452 -0.000984916 0.0322259)
(-0.00177476 -0.00141532 0.0322259)
(-0.00141532 -0.00177476 0.0322259)
(-0.000984916 -0.0020452 0.0322259)
(-0.000505123 -0.00221309 0.0322259)
(-3.89333e-18 -0.00227 0.0322259)
(0.000505123 -0.00221309 0.0322259)
(0.000984916 -0.0020452 0.0322259)
(0.00141532 -0.00177476 0.0322259)
(0.00177476 -0.00141532 0.0322259)
(0.0020452 -0.000984916 0.0322259)
(0.00221309 -0.000505123 0.0322259)
(0.000254978 0.00148823 0.032726)
(0.000352341 0.00178374 0.032726)
(0.000706634 0.00160009 0.032726)
(0.000446052 0.00126652 0.032726)
(-3.43612e-05 0.00140735 0.032726)
(-4.50004e-05 0.00179745 0.032726)
(9.8468e-05 0.00105354 0.032726)
(-0.000243801 -0.00149233 0.032726)
(-0.000343709 -0.00178639 0.032726)
(-0.000698232 -0.0016031 0.032726)
(-0.000433895 -0.00127144 0.032726)
(4.58617e-05 -0.00141182 0.032726)
(5.27853e-05 -0.00179973 0.032726)
(-8.62642e-05 -0.00106024 0.032726)
(5.33056e-06 -7.56965e-06 0.032726)
(-0.000170637 0.000423889 0.032726)
(0.000276728 0.000671224 0.032726)
(0.000479026 0.000254696 0.032726)
(0.000666744 -0.00019532 0.032726)
(0.000181917 -0.000438581 0.032726)
(-0.000311617 0.000857308 0.032726)
(-0.000656337 0.000182064 0.032726)
(-0.000759557 0.000664251 0.032726)
(-0.000468886 -0.000270451 0.032726)
(-0.000264037 -0.00068208 0.032726)
(0.000324441 -0.000865139 0.032726)
(0.000770337 -0.000672555 0.032726)
(0.00125938 0.000101053 0.032726)
(0.00124473 -0.000509285 0.032726)
(0.000958037 0.000572491 0.032726)
(0.000686355 0.000952739 0.032726)
(-0.000411913 0.00127783 0.032726)
(-0.000825269 0.00111784 0.032726)
(-0.00123669 0.00096972 0.032726)
(-0.00123618 0.000501918 0.032726)
(-0.001253 -0.000113418 0.032726)
(-0.000948072 -0.000585007 0.032726)
(-0.000674808 -0.00096061 0.032726)
(0.00042228 -0.00128137 0.032726)
(0.000835044 -0.00111994 0.032726)
(0.00124319 -0.000970525 0.032726)
(0.00179085 -1.04206e-05 0.032726)
(0.00171829 -0.000477546 0.032726)
(0.00187476 0.000371798 0.032726)
(0.00162034 0.000620692 0.032726)
(0.00134491 0.00097979 0.032726)
(0.00104133 0.00131953 0.032726)
(-0.000474052 0.00171834 0.032726)
(-0.000892307 0.00156068 0.032726)
(-0.00127007 0.00137295 0.032726)
(-0.00155767 0.00123196 0.032726)
(-0.00162963 0.000909759 0.032726)
(-0.00171542 0.00047213 0.032726)
(-0.00178736 -2.795e-06 0.032726)
(-0.00186768 -0.000378077 0.032726)
(-0.00161808 -0.000630614 0.032726)
(-0.00133982 -0.00098645 0.032726)
(-0.00103397 -0.0013242 0.032726)
(0.000481683 -0.00171763 0.032726)
(0.000900412 -0.00155787 0.032726)
(0.00127442 -0.00137161 0.032726)
(0.00156003 -0.0012307 0.032726)
(0.00163249 -0.000910091 0.032726)
(0.00221309 0.000505123 0.032726)
(0.00227 0 0.032726)
(0.0020452 0.000984916 0.032726)
(0.00177476 0.00141532 0.032726)
(0.00141532 0.00177476 0.032726)
(0.000984916 0.0020452 0.032726)
(0.000505123 0.00221309 0.032726)
(4.17133e-18 0.00227 0.032726)
(-0.000505123 0.00221309 0.032726)
(-0.000984916 0.0020452 0.032726)
(-0.00141532 0.00177476 0.032726)
(-0.00177476 0.00141532 0.032726)
(-0.0020452 0.000984916 0.032726)
(-0.00221309 0.000505123 0.032726)
(-0.00227 2.77995e-19 0.032726)
(-0.00221309 -0.000505123 0.032726)
(-0.0020452 -0.000984916 0.032726)
(-0.00177476 -0.00141532 0.032726)
(-0.00141532 -0.00177476 0.032726)
(-0.000984916 -0.0020452 0.032726)
(-0.000505123 -0.00221309 0.032726)
(-3.89333e-18 -0.00227 0.032726)
(0.000505123 -0.00221309 0.032726)
(0.000984916 -0.0020452 0.032726)
(0.00141532 -0.00177476 0.032726)
(0.00177476 -0.00141532 0.032726)
(0.0020452 -0.000984916 0.032726)
(0.00221309 -0.000505123 0.032726)
(0.000254978 0.00148823 0.0332261)
(0.000352341 0.00178374 0.0332261)
(0.000706634 0.00160009 0.0332261)
(0.000446052 0.00126652 0.0332261)
(-3.43612e-05 0.00140735 0.0332261)
(-4.50004e-05 0.00179745 0.0332261)
(9.8468e-05 0.00105354 0.0332261)
(-0.000243801 -0.00149233 0.0332261)
(-0.000343709 -0.00178639 0.0332261)
(-0.000698232 -0.0016031 0.0332261)
(-0.000433895 -0.00127144 0.0332261)
(4.58617e-05 -0.00141182 0.0332261)
(5.27853e-05 -0.00179973 0.0332261)
(-8.62642e-05 -0.00106024 0.0332261)
(5.33056e-06 -7.56965e-06 0.0332261)
(-0.000170637 0.000423889 0.0332261)
(0.000276728 0.000671224 0.0332261)
(0.000479026 0.000254696 0.0332261)
(0.000666744 -0.00019532 0.0332261)
(0.000181917 -0.000438581 0.0332261)
(-0.000311617 0.000857308 0.0332261)
(-0.000656337 0.000182064 0.0332261)
(-0.000759557 0.000664251 0.0332261)
(-0.000468886 -0.000270451 0.0332261)
(-0.000264037 -0.00068208 0.0332261)
(0.000324441 -0.000865139 0.0332261)
(0.000770337 -0.000672555 0.0332261)
(0.00125938 0.000101053 0.0332261)
(0.00124473 -0.000509285 0.0332261)
(0.000958037 0.000572491 0.0332261)
(0.000686355 0.000952739 0.0332261)
(-0.000411913 0.00127783 0.0332261)
(-0.000825269 0.00111784 0.0332261)
(-0.00123669 0.00096972 0.0332261)
(-0.00123618 0.000501918 0.0332261)
(-0.001253 -0.000113418 0.0332261)
(-0.000948072 -0.000585007 0.0332261)
(-0.000674808 -0.00096061 0.0332261)
(0.00042228 -0.00128137 0.0332261)
(0.000835044 -0.00111994 0.0332261)
(0.00124319 -0.000970525 0.0332261)
(0.00179085 -1.04206e-05 0.0332261)
(0.00171829 -0.000477546 0.0332261)
(0.00187476 0.000371798 0.0332261)
(0.00162034 0.000620692 0.0332261)
(0.00134491 0.00097979 0.0332261)
(0.00104133 0.00131953 0.0332261)
(-0.000474052 0.00171834 0.0332261)
(-0.000892307 0.00156068 0.0332261)
(-0.00127007 0.00137295 0.0332261)
(-0.00155767 0.00123196 0.0332261)
(-0.00162963 0.000909759 0.0332261)
(-0.00171542 0.00047213 0.0332261)
(-0.00178736 -2.795e-06 0.0332261)
(-0.00186768 -0.000378077 0.0332261)
(-0.00161808 -0.000630614 0.0332261)
(-0.00133982 -0.00098645 0.0332261)
(-0.00103397 -0.0013242 0.0332261)
(0.000481683 -0.00171763 0.0332261)
(0.000900412 -0.00155787 0.0332261)
(0.00127442 -0.00137161 0.0332261)
(0.00156003 -0.0012307 0.0332261)
(0.00163249 -0.000910091 0.0332261)
(0.00221309 0.000505123 0.0332261)
(0.00227 0 0.0332261)
(0.0020452 0.000984916 0.0332261)
(0.00177476 0.00141532 0.0332261)
(0.00141532 0.00177476 0.0332261)
(0.000984916 0.0020452 0.0332261)
(0.000505123 0.00221309 0.0332261)
(2.15516e-18 0.00227 0.0332261)
(-0.000505123 0.00221309 0.0332261)
(-0.000984916 0.0020452 0.0332261)
(-0.00141532 0.00177476 0.0332261)
(-0.00177476 0.00141532 0.0332261)
(-0.0020452 0.000984916 0.0332261)
(-0.00221309 0.000505123 0.0332261)
(-0.00227 2.77995e-19 0.0332261)
(-0.00221309 -0.000505123 0.0332261)
(-0.0020452 -0.000984916 0.0332261)
(-0.00177476 -0.00141532 0.0332261)
(-0.00141532 -0.00177476 0.0332261)
(-0.000984916 -0.0020452 0.0332261)
(-0.000505123 -0.00221309 0.0332261)
(2.15516e-18 -0.00227 0.0332261)
(0.000505123 -0.00221309 0.0332261)
(0.000984916 -0.0020452 0.0332261)
(0.00141532 -0.00177476 0.0332261)
(0.00177476 -0.00141532 0.0332261)
(0.0020452 -0.000984916 0.0332261)
(0.00221309 -0.000505123 0.0332261)
(0.000254978 0.00148823 0.0337262)
(0.000352341 0.00178374 0.0337262)
(0.000706634 0.00160009 0.0337262)
(0.000446052 0.00126652 0.0337262)
(-3.43612e-05 0.00140735 0.0337262)
(-4.50004e-05 0.00179745 0.0337262)
(9.8468e-05 0.00105354 0.0337262)
(-0.000243801 -0.00149233 0.0337262)
(-0.000343709 -0.00178639 0.0337262)
(-0.000698232 -0.0016031 0.0337262)
(-0.000433895 -0.00127144 0.0337262)
(4.58617e-05 -0.00141182 0.0337262)
(5.27853e-05 -0.00179973 0.0337262)
(-8.62642e-05 -0.00106024 0.0337262)
(5.33056e-06 -7.56965e-06 0.0337262)
(-0.000170637 0.000423889 0.0337262)
(0.000276728 0.000671224 0.0337262)
(0.000479026 0.000254696 0.0337262)
(0.000666744 -0.00019532 0.0337262)
(0.000181917 -0.000438581 0.0337262)
(-0.000311617 0.000857308 0.0337262)
(-0.000656337 0.000182064 0.0337262)
(-0.000759557 0.000664251 0.0337262)
(-0.000468886 -0.000270451 0.0337262)
(-0.000264037 -0.00068208 0.0337262)
(0.000324441 -0.000865139 0.0337262)
(0.000770337 -0.000672555 0.0337262)
(0.00125938 0.000101053 0.0337262)
(0.00124473 -0.000509285 0.0337262)
(0.000958037 0.000572491 0.0337262)
(0.000686355 0.000952739 0.0337262)
(-0.000411913 0.00127783 0.0337262)
(-0.000825269 0.00111784 0.0337262)
(-0.00123669 0.00096972 0.0337262)
(-0.00123618 0.000501918 0.0337262)
(-0.001253 -0.000113418 0.0337262)
(-0.000948072 -0.000585007 0.0337262)
(-0.000674808 -0.00096061 0.0337262)
(0.00042228 -0.00128137 0.0337262)
(0.000835044 -0.00111994 0.0337262)
(0.00124319 -0.000970525 0.0337262)
(0.00179085 -1.04206e-05 0.0337262)
(0.00171829 -0.000477546 0.0337262)
(0.00187476 0.000371798 0.0337262)
(0.00162034 0.000620692 0.0337262)
(0.00134491 0.00097979 0.0337262)
(0.00104133 0.00131953 0.0337262)
(-0.000474052 0.00171834 0.0337262)
(-0.000892307 0.00156068 0.0337262)
(-0.00127007 0.00137295 0.0337262)
(-0.00155767 0.00123196 0.0337262)
(-0.00162963 0.000909759 0.0337262)
(-0.00171542 0.00047213 0.0337262)
(-0.00178736 -2.795e-06 0.0337262)
(-0.00186768 -0.000378077 0.0337262)
(-0.00161808 -0.000630614 0.0337262)
(-0.00133982 -0.00098645 0.0337262)
(-0.00103397 -0.0013242 0.0337262)
(0.000481683 -0.00171763 0.0337262)
(0.000900412 -0.00155787 0.0337262)
(0.00127442 -0.00137161 0.0337262)
(0.00156003 -0.0012307 0.0337262)
(0.00163249 -0.000910091 0.0337262)
(0.00221309 0.000505123 0.0337262)
(0.00227 0 0.0337262)
(0.0020452 0.000984916 0.0337262)
(0.00177476 0.00141532 0.0337262)
(0.00141532 0.00177476 0.0337262)
(0.000984916 0.0020452 0.0337262)
(0.000505123 0.00221309 0.0337262)
(-1.87717e-18 0.00227 0.0337262)
(-0.000505123 0.00221309 0.0337262)
(-0.000984916 0.0020452 0.0337262)
(-0.00141532 0.00177476 0.0337262)
(-0.00177476 0.00141532 0.0337262)
(-0.0020452 0.000984916 0.0337262)
(-0.00221309 0.000505123 0.0337262)
(-0.00227 2.77995e-19 0.0337262)
(-0.00221309 -0.000505123 0.0337262)
(-0.0020452 -0.000984916 0.0337262)
(-0.00177476 -0.00141532 0.0337262)
(-0.00141532 -0.00177476 0.0337262)
(-0.000984916 -0.0020452 0.0337262)
(-0.000505123 -0.00221309 0.0337262)
(4.17133e-18 -0.00227 0.0337262)
(0.000505123 -0.00221309 0.0337262)
(0.000984916 -0.0020452 0.0337262)
(0.00141532 -0.00177476 0.0337262)
(0.00177476 -0.00141532 0.0337262)
(0.0020452 -0.000984916 0.0337262)
(0.00221309 -0.000505123 0.0337262)
(0.000254978 0.00148823 0.0342263)
(0.000352341 0.00178374 0.0342263)
(0.000706634 0.00160009 0.0342263)
(0.000446052 0.00126652 0.0342263)
(-3.43612e-05 0.00140735 0.0342263)
(-4.50004e-05 0.00179745 0.0342263)
(9.8468e-05 0.00105354 0.0342263)
(-0.000243801 -0.00149233 0.0342263)
(-0.000343709 -0.00178639 0.0342263)
(-0.000698232 -0.0016031 0.0342263)
(-0.000433895 -0.00127144 0.0342263)
(4.58617e-05 -0.00141182 0.0342263)
(5.27853e-05 -0.00179973 0.0342263)
(-8.62642e-05 -0.00106024 0.0342263)
(5.33056e-06 -7.56965e-06 0.0342263)
(-0.000170637 0.000423889 0.0342263)
(0.000276728 0.000671224 0.0342263)
(0.000479026 0.000254696 0.0342263)
(0.000666744 -0.00019532 0.0342263)
(0.000181917 -0.000438581 0.0342263)
(-0.000311617 0.000857308 0.0342263)
(-0.000656337 0.000182064 0.0342263)
(-0.000759557 0.000664251 0.0342263)
(-0.000468886 -0.000270451 0.0342263)
(-0.000264037 -0.00068208 0.0342263)
(0.000324441 -0.000865139 0.0342263)
(0.000770337 -0.000672555 0.0342263)
(0.00125938 0.000101053 0.0342263)
(0.00124473 -0.000509285 0.0342263)
(0.000958037 0.000572491 0.0342263)
(0.000686355 0.000952739 0.0342263)
(-0.000411913 0.00127783 0.0342263)
(-0.000825269 0.00111784 0.0342263)
(-0.00123669 0.00096972 0.0342263)
(-0.00123618 0.000501918 0.0342263)
(-0.001253 -0.000113418 0.0342263)
(-0.000948072 -0.000585007 0.0342263)
(-0.000674808 -0.00096061 0.0342263)
(0.00042228 -0.00128137 0.0342263)
(0.000835044 -0.00111994 0.0342263)
(0.00124319 -0.000970525 0.0342263)
(0.00179085 -1.04206e-05 0.0342263)
(0.00171829 -0.000477546 0.0342263)
(0.00187476 0.000371798 0.0342263)
(0.00162034 0.000620692 0.0342263)
(0.00134491 0.00097979 0.0342263)
(0.00104133 0.00131953 0.0342263)
(-0.000474052 0.00171834 0.0342263)
(-0.000892307 0.00156068 0.0342263)
(-0.00127007 0.00137295 0.0342263)
(-0.00155767 0.00123196 0.0342263)
(-0.00162963 0.000909759 0.0342263)
(-0.00171542 0.00047213 0.0342263)
(-0.00178736 -2.795e-06 0.0342263)
(-0.00186768 -0.000378077 0.0342263)
(-0.00161808 -0.000630614 0.0342263)
(-0.00133982 -0.00098645 0.0342263)
(-0.00103397 -0.0013242 0.0342263)
(0.000481683 -0.00171763 0.0342263)
(0.000900412 -0.00155787 0.0342263)
(0.00127442 -0.00137161 0.0342263)
(0.00156003 -0.0012307 0.0342263)
(0.00163249 -0.000910091 0.0342263)
(0.00221309 0.000505123 0.0342263)
(0.00227 0 0.0342263)
(0.0020452 0.000984916 0.0342263)
(0.00177476 0.00141532 0.0342263)
(0.00141532 0.00177476 0.0342263)
(0.000984916 0.0020452 0.0342263)
(0.000505123 0.00221309 0.0342263)
(1.38997e-19 0.00227 0.0342263)
(-0.000505123 0.00221309 0.0342263)
(-0.000984916 0.0020452 0.0342263)
(-0.00141532 0.00177476 0.0342263)
(-0.00177476 0.00141532 0.0342263)
(-0.0020452 0.000984916 0.0342263)
(-0.00221309 0.000505123 0.0342263)
(-0.00227 2.77995e-19 0.0342263)
(-0.00221309 -0.000505123 0.0342263)
(-0.0020452 -0.000984916 0.0342263)
(-0.00177476 -0.00141532 0.0342263)
(-0.00141532 -0.00177476 0.0342263)
(-0.000984916 -0.0020452 0.0342263)
(-0.000505123 -0.00221309 0.0342263)
(-3.89333e-18 -0.00227 0.0342263)
(0.000505123 -0.00221309 0.0342263)
(0.000984916 -0.0020452 0.0342263)
(0.00141532 -0.00177476 0.0342263)
(0.00177476 -0.00141532 0.0342263)
(0.0020452 -0.000984916 0.0342263)
(0.00221309 -0.000505123 0.0342263)
(0.000254978 0.00148823 0.0347264)
(0.000352341 0.00178374 0.0347264)
(0.000706634 0.00160009 0.0347264)
(0.000446052 0.00126652 0.0347264)
(-3.43612e-05 0.00140735 0.0347264)
(-4.50004e-05 0.00179745 0.0347264)
(9.8468e-05 0.00105354 0.0347264)
(-0.000243801 -0.00149233 0.0347264)
(-0.000343709 -0.00178639 0.0347264)
(-0.000698232 -0.0016031 0.0347264)
(-0.000433895 -0.00127144 0.0347264)
(4.58617e-05 -0.00141182 0.0347264)
(5.27853e-05 -0.00179973 0.0347264)
(-8.62642e-05 -0.00106024 0.0347264)
(5.33056e-06 -7.56965e-06 0.0347264)
(-0.000170637 0.000423889 0.0347264)
(0.000276728 0.000671224 0.0347264)
(0.000479026 0.000254696 0.0347264)
(0.000666744 -0.00019532 0.0347264)
(0.000181917 -0.000438581 0.0347264)
(-0.000311617 0.000857308 0.0347264)
(-0.000656337 0.000182064 0.0347264)
(-0.000759557 0.000664251 0.0347264)
(-0.000468886 -0.000270451 0.0347264)
(-0.000264037 -0.00068208 0.0347264)
(0.000324441 -0.000865139 0.0347264)
(0.000770337 -0.000672555 0.0347264)
(0.00125938 0.000101053 0.0347264)
(0.00124473 -0.000509285 0.0347264)
(0.000958037 0.000572491 0.0347264)
(0.000686355 0.000952739 0.0347264)
(-0.000411913 0.00127783 0.0347264)
(-0.000825269 0.00111784 0.0347264)
(-0.00123669 0.00096972 0.0347264)
(-0.00123618 0.000501918 0.0347264)
(-0.001253 -0.000113418 0.0347264)
(-0.000948072 -0.000585007 0.0347264)
(-0.000674808 -0.00096061 0.0347264)
(0.00042228 -0.00128137 0.0347264)
(0.000835044 -0.00111994 0.0347264)
(0.00124319 -0.000970525 0.0347264)
(0.00179085 -1.04206e-05 0.0347264)
(0.00171829 -0.000477546 0.0347264)
(0.00187476 0.000371798 0.0347264)
(0.00162034 0.000620692 0.0347264)
(0.00134491 0.00097979 0.0347264)
(0.00104133 0.00131953 0.0347264)
(-0.000474052 0.00171834 0.0347264)
(-0.000892307 0.00156068 0.0347264)
(-0.00127007 0.00137295 0.0347264)
(-0.00155767 0.00123196 0.0347264)
(-0.00162963 0.000909759 0.0347264)
(-0.00171542 0.00047213 0.0347264)
(-0.00178736 -2.795e-06 0.0347264)
(-0.00186768 -0.000378077 0.0347264)
(-0.00161808 -0.000630614 0.0347264)
(-0.00133982 -0.00098645 0.0347264)
(-0.00103397 -0.0013242 0.0347264)
(0.000481683 -0.00171763 0.0347264)
(0.000900412 -0.00155787 0.0347264)
(0.00127442 -0.00137161 0.0347264)
(0.00156003 -0.0012307 0.0347264)
(0.00163249 -0.000910091 0.0347264)
(0.00221309 0.000505123 0.0347264)
(0.00227 0 0.0347264)
(0.0020452 0.000984916 0.0347264)
(0.00177476 0.00141532 0.0347264)
(0.00141532 0.00177476 0.0347264)
(0.000984916 0.0020452 0.0347264)
(0.000505123 0.00221309 0.0347264)
(1.38997e-19 0.00227 0.0347264)
(-0.000505123 0.00221309 0.0347264)
(-0.000984916 0.0020452 0.0347264)
(-0.00141532 0.00177476 0.0347264)
(-0.00177476 0.00141532 0.0347264)
(-0.0020452 0.000984916 0.0347264)
(-0.00221309 0.000505123 0.0347264)
(-0.00227 2.77995e-19 0.0347264)
(-0.00221309 -0.000505123 0.0347264)
(-0.0020452 -0.000984916 0.0347264)
(-0.00177476 -0.00141532 0.0347264)
(-0.00141532 -0.00177476 0.0347264)
(-0.000984916 -0.0020452 0.0347264)
(-0.000505123 -0.00221309 0.0347264)
(4.17133e-18 -0.00227 0.0347264)
(0.000505123 -0.00221309 0.0347264)
(0.000984916 -0.0020452 0.0347264)
(0.00141532 -0.00177476 0.0347264)
(0.00177476 -0.00141532 0.0347264)
(0.0020452 -0.000984916 0.0347264)
(0.00221309 -0.000505123 0.0347264)
(0.000254978 0.00148823 0.0352265)
(0.000352341 0.00178374 0.0352265)
(0.000706634 0.00160009 0.0352265)
(0.000446052 0.00126652 0.0352265)
(-3.43612e-05 0.00140735 0.0352265)
(-4.50004e-05 0.00179745 0.0352265)
(9.8468e-05 0.00105354 0.0352265)
(-0.000243801 -0.00149233 0.0352265)
(-0.000343709 -0.00178639 0.0352265)
(-0.000698232 -0.0016031 0.0352265)
(-0.000433895 -0.00127144 0.0352265)
(4.58617e-05 -0.00141182 0.0352265)
(5.27853e-05 -0.00179973 0.0352265)
(-8.62642e-05 -0.00106024 0.0352265)
(5.33056e-06 -7.56965e-06 0.0352265)
(-0.000170637 0.000423889 0.0352265)
(0.000276728 0.000671224 0.0352265)
(0.000479026 0.000254696 0.0352265)
(0.000666744 -0.00019532 0.0352265)
(0.000181917 -0.000438581 0.0352265)
(-0.000311617 0.000857308 0.0352265)
(-0.000656337 0.000182064 0.0352265)
(-0.000759557 0.000664251 0.0352265)
(-0.000468886 -0.000270451 0.0352265)
(-0.000264037 -0.00068208 0.0352265)
(0.000324441 -0.000865139 0.0352265)
(0.000770337 -0.000672555 0.0352265)
(0.00125938 0.000101053 0.0352265)
(0.00124473 -0.000509285 0.0352265)
(0.000958037 0.000572491 0.0352265)
(0.000686355 0.000952739 0.0352265)
(-0.000411913 0.00127783 0.0352265)
(-0.000825269 0.00111784 0.0352265)
(-0.00123669 0.00096972 0.0352265)
(-0.00123618 0.000501918 0.0352265)
(-0.001253 -0.000113418 0.0352265)
(-0.000948072 -0.000585007 0.0352265)
(-0.000674808 -0.00096061 0.0352265)
(0.00042228 -0.00128137 0.0352265)
(0.000835044 -0.00111994 0.0352265)
(0.00124319 -0.000970525 0.0352265)
(0.00179085 -1.04206e-05 0.0352265)
(0.00171829 -0.000477546 0.0352265)
(0.00187476 0.000371798 0.0352265)
(0.00162034 0.000620692 0.0352265)
(0.00134491 0.00097979 0.0352265)
(0.00104133 0.00131953 0.0352265)
(-0.000474052 0.00171834 0.0352265)
(-0.000892307 0.00156068 0.0352265)
(-0.00127007 0.00137295 0.0352265)
(-0.00155767 0.00123196 0.0352265)
(-0.00162963 0.000909759 0.0352265)
(-0.00171542 0.00047213 0.0352265)
(-0.00178736 -2.795e-06 0.0352265)
(-0.00186768 -0.000378077 0.0352265)
(-0.00161808 -0.000630614 0.0352265)
(-0.00133982 -0.00098645 0.0352265)
(-0.00103397 -0.0013242 0.0352265)
(0.000481683 -0.00171763 0.0352265)
(0.000900412 -0.00155787 0.0352265)
(0.00127442 -0.00137161 0.0352265)
(0.00156003 -0.0012307 0.0352265)
(0.00163249 -0.000910091 0.0352265)
(0.00221309 0.000505123 0.0352265)
(0.00227 0 0.0352265)
(0.0020452 0.000984916 0.0352265)
(0.00177476 0.00141532 0.0352265)
(0.00141532 0.00177476 0.0352265)
(0.000984916 0.0020452 0.0352265)
(0.000505123 0.00221309 0.0352265)
(1.38997e-19 0.00227 0.0352265)
(-0.000505123 0.00221309 0.0352265)
(-0.000984916 0.0020452 0.0352265)
(-0.00141532 0.00177476 0.0352265)
(-0.00177476 0.00141532 0.0352265)
(-0.0020452 0.000984916 0.0352265)
(-0.00221309 0.000505123 0.0352265)
(-0.00227 2.77995e-19 0.0352265)
(-0.00221309 -0.000505123 0.0352265)
(-0.0020452 -0.000984916 0.0352265)
(-0.00177476 -0.00141532 0.0352265)
(-0.00141532 -0.00177476 0.0352265)
(-0.000984916 -0.0020452 0.0352265)
(-0.000505123 -0.00221309 0.0352265)
(4.17133e-18 -0.00227 0.0352265)
(0.000505123 -0.00221309 0.0352265)
(0.000984916 -0.0020452 0.0352265)
(0.00141532 -0.00177476 0.0352265)
(0.00177476 -0.00141532 0.0352265)
(0.0020452 -0.000984916 0.0352265)
(0.00221309 -0.000505123 0.0352265)
(0.000254978 0.00148823 0.0357266)
(0.000352341 0.00178374 0.0357266)
(0.000706634 0.00160009 0.0357266)
(0.000446052 0.00126652 0.0357266)
(-3.43612e-05 0.00140735 0.0357266)
(-4.50004e-05 0.00179745 0.0357266)
(9.8468e-05 0.00105354 0.0357266)
(-0.000243801 -0.00149233 0.0357266)
(-0.000343709 -0.00178639 0.0357266)
(-0.000698232 -0.0016031 0.0357266)
(-0.000433895 -0.00127144 0.0357266)
(4.58617e-05 -0.00141182 0.0357266)
(5.27853e-05 -0.00179973 0.0357266)
(-8.62642e-05 -0.00106024 0.0357266)
(5.33056e-06 -7.56965e-06 0.0357266)
(-0.000170637 0.000423889 0.0357266)
(0.000276728 0.000671224 0.0357266)
(0.000479026 0.000254696 0.0357266)
(0.000666744 -0.00019532 0.0357266)
(0.000181917 -0.000438581 0.0357266)
(-0.000311617 0.000857308 0.0357266)
(-0.000656337 0.000182064 0.0357266)
(-0.000759557 0.000664251 0.0357266)
(-0.000468886 -0.000270451 0.0357266)
(-0.000264037 -0.00068208 0.0357266)
(0.000324441 -0.000865139 0.0357266)
(0.000770337 -0.000672555 0.0357266)
(0.00125938 0.000101053 0.0357266)
(0.00124473 -0.000509285 0.0357266)
(0.000958037 0.000572491 0.0357266)
(0.000686355 0.000952739 0.0357266)
(-0.000411913 0.00127783 0.0357266)
(-0.000825269 0.00111784 0.0357266)
(-0.00123669 0.00096972 0.0357266)
(-0.00123618 0.000501918 0.0357266)
(-0.001253 -0.000113418 0.0357266)
(-0.000948072 -0.000585007 0.0357266)
(-0.000674808 -0.00096061 0.0357266)
(0.00042228 -0.00128137 0.0357266)
(0.000835044 -0.00111994 0.0357266)
(0.00124319 -0.000970525 0.0357266)
(0.00179085 -1.04206e-05 0.0357266)
(0.00171829 -0.000477546 0.0357266)
(0.00187476 0.000371798 0.0357266)
(0.00162034 0.000620692 0.0357266)
(0.00134491 0.00097979 0.0357266)
(0.00104133 0.00131953 0.0357266)
(-0.000474052 0.00171834 0.0357266)
(-0.000892307 0.00156068 0.0357266)
(-0.00127007 0.00137295 0.0357266)
(-0.00155767 0.00123196 0.0357266)
(-0.00162963 0.000909759 0.0357266)
(-0.00171542 0.00047213 0.0357266)
(-0.00178736 -2.795e-06 0.0357266)
(-0.00186768 -0.000378077 0.0357266)
(-0.00161808 -0.000630614 0.0357266)
(-0.00133982 -0.00098645 0.0357266)
(-0.00103397 -0.0013242 0.0357266)
(0.000481683 -0.00171763 0.0357266)
(0.000900412 -0.00155787 0.0357266)
(0.00127442 -0.00137161 0.0357266)
(0.00156003 -0.0012307 0.0357266)
(0.00163249 -0.000910091 0.0357266)
(0.00221309 0.000505123 0.0357266)
(0.00227 0 0.0357266)
(0.0020452 0.000984916 0.0357266)
(0.00177476 0.00141532 0.0357266)
(0.00141532 0.00177476 0.0357266)
(0.000984916 0.0020452 0.0357266)
(0.000505123 0.00221309 0.0357266)
(-1.87717e-18 0.00227 0.0357266)
(-0.000505123 0.00221309 0.0357266)
(-0.000984916 0.0020452 0.0357266)
(-0.00141532 0.00177476 0.0357266)
(-0.00177476 0.00141532 0.0357266)
(-0.0020452 0.000984916 0.0357266)
(-0.00221309 0.000505123 0.0357266)
(-0.00227 2.77995e-19 0.0357266)
(-0.00221309 -0.000505123 0.0357266)
(-0.0020452 -0.000984916 0.0357266)
(-0.00177476 -0.00141532 0.0357266)
(-0.00141532 -0.00177476 0.0357266)
(-0.000984916 -0.0020452 0.0357266)
(-0.000505123 -0.00221309 0.0357266)
(-1.87717e-18 -0.00227 0.0357266)
(0.000505123 -0.00221309 0.0357266)
(0.000984916 -0.0020452 0.0357266)
(0.00141532 -0.00177476 0.0357266)
(0.00177476 -0.00141532 0.0357266)
(0.0020452 -0.000984916 0.0357266)
(0.00221309 -0.000505123 0.0357266)
(0.000254978 0.00148823 0.0362267)
(0.000352341 0.00178374 0.0362267)
(0.000706634 0.00160009 0.0362267)
(0.000446052 0.00126652 0.0362267)
(-3.43612e-05 0.00140735 0.0362267)
(-4.50004e-05 0.00179745 0.0362267)
(9.8468e-05 0.00105354 0.0362267)
(-0.000243801 -0.00149233 0.0362267)
(-0.000343709 -0.00178639 0.0362267)
(-0.000698232 -0.0016031 0.0362267)
(-0.000433895 -0.00127144 0.0362267)
(4.58617e-05 -0.00141182 0.0362267)
(5.27853e-05 -0.00179973 0.0362267)
(-8.62642e-05 -0.00106024 0.0362267)
(5.33056e-06 -7.56965e-06 0.0362267)
(-0.000170637 0.000423889 0.0362267)
(0.000276728 0.000671224 0.0362267)
(0.000479026 0.000254696 0.0362267)
(0.000666744 -0.00019532 0.0362267)
(0.000181917 -0.000438581 0.0362267)
(-0.000311617 0.000857308 0.0362267)
(-0.000656337 0.000182064 0.0362267)
(-0.000759557 0.000664251 0.0362267)
(-0.000468886 -0.000270451 0.0362267)
(-0.000264037 -0.00068208 0.0362267)
(0.000324441 -0.000865139 0.0362267)
(0.000770337 -0.000672555 0.0362267)
(0.00125938 0.000101053 0.0362267)
(0.00124473 -0.000509285 0.0362267)
(0.000958037 0.000572491 0.0362267)
(0.000686355 0.000952739 0.0362267)
(-0.000411913 0.00127783 0.0362267)
(-0.000825269 0.00111784 0.0362267)
(-0.00123669 0.00096972 0.0362267)
(-0.00123618 0.000501918 0.0362267)
(-0.001253 -0.000113418 0.0362267)
(-0.000948072 -0.000585007 0.0362267)
(-0.000674808 -0.00096061 0.0362267)
(0.00042228 -0.00128137 0.0362267)
(0.000835044 -0.00111994 0.0362267)
(0.00124319 -0.000970525 0.0362267)
(0.00179085 -1.04206e-05 0.0362267)
(0.00171829 -0.000477546 0.0362267)
(0.00187476 0.000371798 0.0362267)
(0.00162034 0.000620692 0.0362267)
(0.00134491 0.00097979 0.0362267)
(0.00104133 0.00131953 0.0362267)
(-0.000474052 0.00171834 0.0362267)
(-0.000892307 0.00156068 0.0362267)
(-0.00127007 0.00137295 0.0362267)
(-0.00155767 0.00123196 0.0362267)
(-0.00162963 0.000909759 0.0362267)
(-0.00171542 0.00047213 0.0362267)
(-0.00178736 -2.795e-06 0.0362267)
(-0.00186768 -0.000378077 0.0362267)
(-0.00161808 -0.000630614 0.0362267)
(-0.00133982 -0.00098645 0.0362267)
(-0.00103397 -0.0013242 0.0362267)
(0.000481683 -0.00171763 0.0362267)
(0.000900412 -0.00155787 0.0362267)
(0.00127442 -0.00137161 0.0362267)
(0.00156003 -0.0012307 0.0362267)
(0.00163249 -0.000910091 0.0362267)
(0.00221309 0.000505123 0.0362267)
(0.00227 0 0.0362267)
(0.0020452 0.000984916 0.0362267)
(0.00177476 0.00141532 0.0362267)
(0.00141532 0.00177476 0.0362267)
(0.000984916 0.0020452 0.0362267)
(0.000505123 0.00221309 0.0362267)
(1.38997e-19 0.00227 0.0362267)
(-0.000505123 0.00221309 0.0362267)
(-0.000984916 0.0020452 0.0362267)
(-0.00141532 0.00177476 0.0362267)
(-0.00177476 0.00141532 0.0362267)
(-0.0020452 0.000984916 0.0362267)
(-0.00221309 0.000505123 0.0362267)
(-0.00227 2.77995e-19 0.0362267)
(-0.00221309 -0.000505123 0.0362267)
(-0.0020452 -0.000984916 0.0362267)
(-0.00177476 -0.00141532 0.0362267)
(-0.00141532 -0.00177476 0.0362267)
(-0.000984916 -0.0020452 0.0362267)
(-0.000505123 -0.00221309 0.0362267)
(-1.87717e-18 -0.00227 0.0362267)
(0.000505123 -0.00221309 0.0362267)
(0.000984916 -0.0020452 0.0362267)
(0.00141532 -0.00177476 0.0362267)
(0.00177476 -0.00141532 0.0362267)
(0.0020452 -0.000984916 0.0362267)
(0.00221309 -0.000505123 0.0362267)
(0.000254978 0.00148823 0.0367268)
(0.000352341 0.00178374 0.0367268)
(0.000706634 0.00160009 0.0367268)
(0.000446052 0.00126652 0.0367268)
(-3.43612e-05 0.00140735 0.0367268)
(-4.50004e-05 0.00179745 0.0367268)
(9.8468e-05 0.00105354 0.0367268)
(-0.000243801 -0.00149233 0.0367268)
(-0.000343709 -0.00178639 0.0367268)
(-0.000698232 -0.0016031 0.0367268)
(-0.000433895 -0.00127144 0.0367268)
(4.58617e-05 -0.00141182 0.0367268)
(5.27853e-05 -0.00179973 0.0367268)
(-8.62642e-05 -0.00106024 0.0367268)
(5.33056e-06 -7.56965e-06 0.0367268)
(-0.000170637 0.000423889 0.0367268)
(0.000276728 0.000671224 0.0367268)
(0.000479026 0.000254696 0.0367268)
(0.000666744 -0.00019532 0.0367268)
(0.000181917 -0.000438581 0.0367268)
(-0.000311617 0.000857308 0.0367268)
(-0.000656337 0.000182064 0.0367268)
(-0.000759557 0.000664251 0.0367268)
(-0.000468886 -0.000270451 0.0367268)
(-0.000264037 -0.00068208 0.0367268)
(0.000324441 -0.000865139 0.0367268)
(0.000770337 -0.000672555 0.0367268)
(0.00125938 0.000101053 0.0367268)
(0.00124473 -0.000509285 0.0367268)
(0.000958037 0.000572491 0.0367268)
(0.000686355 0.000952739 0.0367268)
(-0.000411913 0.00127783 0.0367268)
(-0.000825269 0.00111784 0.0367268)
(-0.00123669 0.00096972 0.0367268)
(-0.00123618 0.000501918 0.0367268)
(-0.001253 -0.000113418 0.0367268)
(-0.000948072 -0.000585007 0.0367268)
(-0.000674808 -0.00096061 0.0367268)
(0.00042228 -0.00128137 0.0367268)
(0.000835044 -0.00111994 0.0367268)
(0.00124319 -0.000970525 0.0367268)
(0.00179085 -1.04206e-05 0.0367268)
(0.00171829 -0.000477546 0.0367268)
(0.00187476 0.000371798 0.0367268)
(0.00162034 0.000620692 0.0367268)
(0.00134491 0.00097979 0.0367268)
(0.00104133 0.00131953 0.0367268)
(-0.000474052 0.00171834 0.0367268)
(-0.000892307 0.00156068 0.0367268)
(-0.00127007 0.00137295 0.0367268)
(-0.00155767 0.00123196 0.0367268)
(-0.00162963 0.000909759 0.0367268)
(-0.00171542 0.00047213 0.0367268)
(-0.00178736 -2.795e-06 0.0367268)
(-0.00186768 -0.000378077 0.0367268)
(-0.00161808 -0.000630614 0.0367268)
(-0.00133982 -0.00098645 0.0367268)
(-0.00103397 -0.0013242 0.0367268)
(0.000481683 -0.00171763 0.0367268)
(0.000900412 -0.00155787 0.0367268)
(0.00127442 -0.00137161 0.0367268)
(0.00156003 -0.0012307 0.0367268)
(0.00163249 -0.000910091 0.0367268)
(0.00221309 0.000505123 0.0367268)
(0.00227 0 0.0367268)
(0.0020452 0.000984916 0.0367268)
(0.00177476 0.00141532 0.0367268)
(0.00141532 0.00177476 0.0367268)
(0.000984916 0.0020452 0.0367268)
(0.000505123 0.00221309 0.0367268)
(1.38997e-19 0.00227 0.0367268)
(-0.000505123 0.00221309 0.0367268)
(-0.000984916 0.0020452 0.0367268)
(-0.00141532 0.00177476 0.0367268)
(-0.00177476 0.00141532 0.0367268)
(-0.0020452 0.000984916 0.0367268)
(-0.00221309 0.000505123 0.0367268)
(-0.00227 2.77995e-19 0.0367268)
(-0.00221309 -0.000505123 0.0367268)
(-0.0020452 -0.000984916 0.0367268)
(-0.00177476 -0.00141532 0.0367268)
(-0.00141532 -0.00177476 0.0367268)
(-0.000984916 -0.0020452 0.0367268)
(-0.000505123 -0.00221309 0.0367268)
(2.15516e-18 -0.00227 0.0367268)
(0.000505123 -0.00221309 0.0367268)
(0.000984916 -0.0020452 0.0367268)
(0.00141532 -0.00177476 0.0367268)
(0.00177476 -0.00141532 0.0367268)
(0.0020452 -0.000984916 0.0367268)
(0.00221309 -0.000505123 0.0367268)
(0.000254978 0.00148823 0.0372269)
(0.000352341 0.00178374 0.0372269)
(0.000706634 0.00160009 0.0372269)
(0.000446052 0.00126652 0.0372269)
(-3.43612e-05 0.00140735 0.0372269)
(-4.50004e-05 0.00179745 0.0372269)
(9.8468e-05 0.00105354 0.0372269)
(-0.000243801 -0.00149233 0.0372269)
(-0.000343709 -0.00178639 0.0372269)
(-0.000698232 -0.0016031 0.0372269)
(-0.000433895 -0.00127144 0.0372269)
(4.58617e-05 -0.00141182 0.0372269)
(5.27853e-05 -0.00179973 0.0372269)
(-8.62642e-05 -0.00106024 0.0372269)
(5.33056e-06 -7.56965e-06 0.0372269)
(-0.000170637 0.000423889 0.0372269)
(0.000276728 0.000671224 0.0372269)
(0.000479026 0.000254696 0.0372269)
(0.000666744 -0.00019532 0.0372269)
(0.000181917 -0.000438581 0.0372269)
(-0.000311617 0.000857308 0.0372269)
(-0.000656337 0.000182064 0.0372269)
(-0.000759557 0.000664251 0.0372269)
(-0.000468886 -0.000270451 0.0372269)
(-0.000264037 -0.00068208 0.0372269)
(0.000324441 -0.000865139 0.0372269)
(0.000770337 -0.000672555 0.0372269)
(0.00125938 0.000101053 0.0372269)
(0.00124473 -0.000509285 0.0372269)
(0.000958037 0.000572491 0.0372269)
(0.000686355 0.000952739 0.0372269)
(-0.000411913 0.00127783 0.0372269)
(-0.000825269 0.00111784 0.0372269)
(-0.00123669 0.00096972 0.0372269)
(-0.00123618 0.000501918 0.0372269)
(-0.001253 -0.000113418 0.0372269)
(-0.000948072 -0.000585007 0.0372269)
(-0.000674808 -0.00096061 0.0372269)
(0.00042228 -0.00128137 0.0372269)
(0.000835044 -0.00111994 0.0372269)
(0.00124319 -0.000970525 0.0372269)
(0.00179085 -1.04206e-05 0.0372269)
(0.00171829 -0.000477546 0.0372269)
(0.00187476 0.000371798 0.0372269)
(0.00162034 0.000620692 0.0372269)
(0.00134491 0.00097979 0.0372269)
(0.00104133 0.00131953 0.0372269)
(-0.000474052 0.00171834 0.0372269)
(-0.000892307 0.00156068 0.0372269)
(-0.00127007 0.00137295 0.0372269)
(-0.00155767 0.00123196 0.0372269)
(-0.00162963 0.000909759 0.0372269)
(-0.00171542 0.00047213 0.0372269)
(-0.00178736 -2.795e-06 0.0372269)
(-0.00186768 -0.000378077 0.0372269)
(-0.00161808 -0.000630614 0.0372269)
(-0.00133982 -0.00098645 0.0372269)
(-0.00103397 -0.0013242 0.0372269)
(0.000481683 -0.00171763 0.0372269)
(0.000900412 -0.00155787 0.0372269)
(0.00127442 -0.00137161 0.0372269)
(0.00156003 -0.0012307 0.0372269)
(0.00163249 -0.000910091 0.0372269)
(0.00221309 0.000505123 0.0372269)
(0.00227 -6.0485e-18 0.0372269)
(0.0020452 0.000984916 0.0372269)
(0.00177476 0.00141532 0.0372269)
(0.00141532 0.00177476 0.0372269)
(0.000984916 0.0020452 0.0372269)
(0.000505123 0.00221309 0.0372269)
(4.17133e-18 0.00227 0.0372269)
(-0.000505123 0.00221309 0.0372269)
(-0.000984916 0.0020452 0.0372269)
(-0.00141532 0.00177476 0.0372269)
(-0.00177476 0.00141532 0.0372269)
(-0.0020452 0.000984916 0.0372269)
(-0.00221309 0.000505123 0.0372269)
(-0.00227 2.77995e-19 0.0372269)
(-0.00221309 -0.000505123 0.0372269)
(-0.0020452 -0.000984916 0.0372269)
(-0.00177476 -0.00141532 0.0372269)
(-0.00141532 -0.00177476 0.0372269)
(-0.000984916 -0.0020452 0.0372269)
(-0.000505123 -0.00221309 0.0372269)
(4.17133e-18 -0.00227 0.0372269)
(0.000505123 -0.00221309 0.0372269)
(0.000984916 -0.0020452 0.0372269)
(0.00141532 -0.00177476 0.0372269)
(0.00177476 -0.00141532 0.0372269)
(0.0020452 -0.000984916 0.0372269)
(0.00221309 -0.000505123 0.0372269)
(0.000254978 0.00148823 0.037727)
(0.000352341 0.00178374 0.037727)
(0.000706634 0.00160009 0.037727)
(0.000446052 0.00126652 0.037727)
(-3.43612e-05 0.00140735 0.037727)
(-4.50004e-05 0.00179745 0.037727)
(9.8468e-05 0.00105354 0.037727)
(-0.000243801 -0.00149233 0.037727)
(-0.000343709 -0.00178639 0.037727)
(-0.000698232 -0.0016031 0.037727)
(-0.000433895 -0.00127144 0.037727)
(4.58617e-05 -0.00141182 0.037727)
(5.27853e-05 -0.00179973 0.037727)
(-8.62642e-05 -0.00106024 0.037727)
(5.33056e-06 -7.56965e-06 0.037727)
(-0.000170637 0.000423889 0.037727)
(0.000276728 0.000671224 0.037727)
(0.000479026 0.000254696 0.037727)
(0.000666744 -0.00019532 0.037727)
(0.000181917 -0.000438581 0.037727)
(-0.000311617 0.000857308 0.037727)
(-0.000656337 0.000182064 0.037727)
(-0.000759557 0.000664251 0.037727)
(-0.000468886 -0.000270451 0.037727)
(-0.000264037 -0.00068208 0.037727)
(0.000324441 -0.000865139 0.037727)
(0.000770337 -0.000672555 0.037727)
(0.00125938 0.000101053 0.037727)
(0.00124473 -0.000509285 0.037727)
(0.000958037 0.000572491 0.037727)
(0.000686355 0.000952739 0.037727)
(-0.000411913 0.00127783 0.037727)
(-0.000825269 0.00111784 0.037727)
(-0.00123669 0.00096972 0.037727)
(-0.00123618 0.000501918 0.037727)
(-0.001253 -0.000113418 0.037727)
(-0.000948072 -0.000585007 0.037727)
(-0.000674808 -0.00096061 0.037727)
(0.00042228 -0.00128137 0.037727)
(0.000835044 -0.00111994 0.037727)
(0.00124319 -0.000970525 0.037727)
(0.00179085 -1.04206e-05 0.037727)
(0.00171829 -0.000477546 0.037727)
(0.00187476 0.000371798 0.037727)
(0.00162034 0.000620692 0.037727)
(0.00134491 0.00097979 0.037727)
(0.00104133 0.00131953 0.037727)
(-0.000474052 0.00171834 0.037727)
(-0.000892307 0.00156068 0.037727)
(-0.00127007 0.00137295 0.037727)
(-0.00155767 0.00123196 0.037727)
(-0.00162963 0.000909759 0.037727)
(-0.00171542 0.00047213 0.037727)
(-0.00178736 -2.795e-06 0.037727)
(-0.00186768 -0.000378077 0.037727)
(-0.00161808 -0.000630614 0.037727)
(-0.00133982 -0.00098645 0.037727)
(-0.00103397 -0.0013242 0.037727)
(0.000481683 -0.00171763 0.037727)
(0.000900412 -0.00155787 0.037727)
(0.00127442 -0.00137161 0.037727)
(0.00156003 -0.0012307 0.037727)
(0.00163249 -0.000910091 0.037727)
(0.00221309 0.000505123 0.037727)
(0.00227 0 0.037727)
(0.0020452 0.000984916 0.037727)
(0.00177476 0.00141532 0.037727)
(0.00141532 0.00177476 0.037727)
(0.000984916 0.0020452 0.037727)
(0.000505123 0.00221309 0.037727)
(2.15516e-18 0.00227 0.037727)
(-0.000505123 0.00221309 0.037727)
(-0.000984916 0.0020452 0.037727)
(-0.00141532 0.00177476 0.037727)
(-0.00177476 0.00141532 0.037727)
(-0.0020452 0.000984916 0.037727)
(-0.00221309 0.000505123 0.037727)
(-0.00227 2.77995e-19 0.037727)
(-0.00221309 -0.000505123 0.037727)
(-0.0020452 -0.000984916 0.037727)
(-0.00177476 -0.00141532 0.037727)
(-0.00141532 -0.00177476 0.037727)
(-0.000984916 -0.0020452 0.037727)
(-0.000505123 -0.00221309 0.037727)
(-1.87717e-18 -0.00227 0.037727)
(0.000505123 -0.00221309 0.037727)
(0.000984916 -0.0020452 0.037727)
(0.00141532 -0.00177476 0.037727)
(0.00177476 -0.00141532 0.037727)
(0.0020452 -0.000984916 0.037727)
(0.00221309 -0.000505123 0.037727)
(0.000254978 0.00148823 0.0382271)
(0.000352341 0.00178374 0.0382271)
(0.000706634 0.00160009 0.0382271)
(0.000446052 0.00126652 0.0382271)
(-3.43612e-05 0.00140735 0.0382271)
(-4.50004e-05 0.00179745 0.0382271)
(9.8468e-05 0.00105354 0.0382271)
(-0.000243801 -0.00149233 0.0382271)
(-0.000343709 -0.00178639 0.0382271)
(-0.000698232 -0.0016031 0.0382271)
(-0.000433895 -0.00127144 0.0382271)
(4.58617e-05 -0.00141182 0.0382271)
(5.27853e-05 -0.00179973 0.0382271)
(-8.62642e-05 -0.00106024 0.0382271)
(5.33056e-06 -7.56965e-06 0.0382271)
(-0.000170637 0.000423889 0.0382271)
(0.000276728 0.000671224 0.0382271)
(0.000479026 0.000254696 0.0382271)
(0.000666744 -0.00019532 0.0382271)
(0.000181917 -0.000438581 0.0382271)
(-0.000311617 0.000857308 0.0382271)
(-0.000656337 0.000182064 0.0382271)
(-0.000759557 0.000664251 0.0382271)
(-0.000468886 -0.000270451 0.0382271)
(-0.000264037 -0.00068208 0.0382271)
(0.000324441 -0.000865139 0.0382271)
(0.000770337 -0.000672555 0.0382271)
(0.00125938 0.000101053 0.0382271)
(0.00124473 -0.000509285 0.0382271)
(0.000958037 0.000572491 0.0382271)
(0.000686355 0.000952739 0.0382271)
(-0.000411913 0.00127783 0.0382271)
(-0.000825269 0.00111784 0.0382271)
(-0.00123669 0.00096972 0.0382271)
(-0.00123618 0.000501918 0.0382271)
(-0.001253 -0.000113418 0.0382271)
(-0.000948072 -0.000585007 0.0382271)
(-0.000674808 -0.00096061 0.0382271)
(0.00042228 -0.00128137 0.0382271)
(0.000835044 -0.00111994 0.0382271)
(0.00124319 -0.000970525 0.0382271)
(0.00179085 -1.04206e-05 0.0382271)
(0.00171829 -0.000477546 0.0382271)
(0.00187476 0.000371798 0.0382271)
(0.00162034 0.000620692 0.0382271)
(0.00134491 0.00097979 0.0382271)
(0.00104133 0.00131953 0.0382271)
(-0.000474052 0.00171834 0.0382271)
(-0.000892307 0.00156068 0.0382271)
(-0.00127007 0.00137295 0.0382271)
(-0.00155767 0.00123196 0.0382271)
(-0.00162963 0.000909759 0.0382271)
(-0.00171542 0.00047213 0.0382271)
(-0.00178736 -2.795e-06 0.0382271)
(-0.00186768 -0.000378077 0.0382271)
(-0.00161808 -0.000630614 0.0382271)
(-0.00133982 -0.00098645 0.0382271)
(-0.00103397 -0.0013242 0.0382271)
(0.000481683 -0.00171763 0.0382271)
(0.000900412 -0.00155787 0.0382271)
(0.00127442 -0.00137161 0.0382271)
(0.00156003 -0.0012307 0.0382271)
(0.00163249 -0.000910091 0.0382271)
(0.00221309 0.000505123 0.0382271)
(0.00227 0 0.0382271)
(0.0020452 0.000984916 0.0382271)
(0.00177476 0.00141532 0.0382271)
(0.00141532 0.00177476 0.0382271)
(0.000984916 0.0020452 0.0382271)
(0.000505123 0.00221309 0.0382271)
(2.15516e-18 0.00227 0.0382271)
(-0.000505123 0.00221309 0.0382271)
(-0.000984916 0.0020452 0.0382271)
(-0.00141532 0.00177476 0.0382271)
(-0.00177476 0.00141532 0.0382271)
(-0.0020452 0.000984916 0.0382271)
(-0.00221309 0.000505123 0.0382271)
(-0.00227 2.77995e-19 0.0382271)
(-0.00221309 -0.000505123 0.0382271)
(-0.0020452 -0.000984916 0.0382271)
(-0.00177476 -0.00141532 0.0382271)
(-0.00141532 -0.00177476 0.0382271)
(-0.000984916 -0.0020452 0.0382271)
(-0.000505123 -0.00221309 0.0382271)
(-1.87717e-18 -0.00227 0.0382271)
(0.000505123 -0.00221309 0.0382271)
(0.000984916 -0.0020452 0.0382271)
(0.00141532 -0.00177476 0.0382271)
(0.00177476 -0.00141532 0.0382271)
(0.0020452 -0.000984916 0.0382271)
(0.00221309 -0.000505123 0.0382271)
(0.000254978 0.00148823 0.0387272)
(0.000352341 0.00178374 0.0387272)
(0.000706634 0.00160009 0.0387272)
(0.000446052 0.00126652 0.0387272)
(-3.43612e-05 0.00140735 0.0387272)
(-4.50004e-05 0.00179745 0.0387272)
(9.8468e-05 0.00105354 0.0387272)
(-0.000243801 -0.00149233 0.0387272)
(-0.000343709 -0.00178639 0.0387272)
(-0.000698232 -0.0016031 0.0387272)
(-0.000433895 -0.00127144 0.0387272)
(4.58617e-05 -0.00141182 0.0387272)
(5.27853e-05 -0.00179973 0.0387272)
(-8.62642e-05 -0.00106024 0.0387272)
(5.33056e-06 -7.56965e-06 0.0387272)
(-0.000170637 0.000423889 0.0387272)
(0.000276728 0.000671224 0.0387272)
(0.000479026 0.000254696 0.0387272)
(0.000666744 -0.00019532 0.0387272)
(0.000181917 -0.000438581 0.0387272)
(-0.000311617 0.000857308 0.0387272)
(-0.000656337 0.000182064 0.0387272)
(-0.000759557 0.000664251 0.0387272)
(-0.000468886 -0.000270451 0.0387272)
(-0.000264037 -0.00068208 0.0387272)
(0.000324441 -0.000865139 0.0387272)
(0.000770337 -0.000672555 0.0387272)
(0.00125938 0.000101053 0.0387272)
(0.00124473 -0.000509285 0.0387272)
(0.000958037 0.000572491 0.0387272)
(0.000686355 0.000952739 0.0387272)
(-0.000411913 0.00127783 0.0387272)
(-0.000825269 0.00111784 0.0387272)
(-0.00123669 0.00096972 0.0387272)
(-0.00123618 0.000501918 0.0387272)
(-0.001253 -0.000113418 0.0387272)
(-0.000948072 -0.000585007 0.0387272)
(-0.000674808 -0.00096061 0.0387272)
(0.00042228 -0.00128137 0.0387272)
(0.000835044 -0.00111994 0.0387272)
(0.00124319 -0.000970525 0.0387272)
(0.00179085 -1.04206e-05 0.0387272)
(0.00171829 -0.000477546 0.0387272)
(0.00187476 0.000371798 0.0387272)
(0.00162034 0.000620692 0.0387272)
(0.00134491 0.00097979 0.0387272)
(0.00104133 0.00131953 0.0387272)
(-0.000474052 0.00171834 0.0387272)
(-0.000892307 0.00156068 0.0387272)
(-0.00127007 0.00137295 0.0387272)
(-0.00155767 0.00123196 0.0387272)
(-0.00162963 0.000909759 0.0387272)
(-0.00171542 0.00047213 0.0387272)
(-0.00178736 -2.795e-06 0.0387272)
(-0.00186768 -0.000378077 0.0387272)
(-0.00161808 -0.000630614 0.0387272)
(-0.00133982 -0.00098645 0.0387272)
(-0.00103397 -0.0013242 0.0387272)
(0.000481683 -0.00171763 0.0387272)
(0.000900412 -0.00155787 0.0387272)
(0.00127442 -0.00137161 0.0387272)
(0.00156003 -0.0012307 0.0387272)
(0.00163249 -0.000910091 0.0387272)
(0.00221309 0.000505123 0.0387272)
(0.00227 0 0.0387272)
(0.0020452 0.000984916 0.0387272)
(0.00177476 0.00141532 0.0387272)
(0.00141532 0.00177476 0.0387272)
(0.000984916 0.0020452 0.0387272)
(0.000505123 0.00221309 0.0387272)
(1.38997e-19 0.00227 0.0387272)
(-0.000505123 0.00221309 0.0387272)
(-0.000984916 0.0020452 0.0387272)
(-0.00141532 0.00177476 0.0387272)
(-0.00177476 0.00141532 0.0387272)
(-0.0020452 0.000984916 0.0387272)
(-0.00221309 0.000505123 0.0387272)
(-0.00227 2.77995e-19 0.0387272)
(-0.00221309 -0.000505123 0.0387272)
(-0.0020452 -0.000984916 0.0387272)
(-0.00177476 -0.00141532 0.0387272)
(-0.00141532 -0.00177476 0.0387272)
(-0.000984916 -0.0020452 0.0387272)
(-0.000505123 -0.00221309 0.0387272)
(1.38997e-19 -0.00227 0.0387272)
(0.000505123 -0.00221309 0.0387272)
(0.000984916 -0.0020452 0.0387272)
(0.00141532 -0.00177476 0.0387272)
(0.00177476 -0.00141532 0.0387272)
(0.0020452 -0.000984916 0.0387272)
(0.00221309 -0.000505123 0.0387272)
(0.000254978 0.00148823 0.0392274)
(0.000352341 0.00178374 0.0392274)
(0.000706634 0.00160009 0.0392274)
(0.000446052 0.00126652 0.0392274)
(-3.43612e-05 0.00140735 0.0392274)
(-4.50004e-05 0.00179745 0.0392274)
(9.8468e-05 0.00105354 0.0392274)
(-0.000243801 -0.00149233 0.0392274)
(-0.000343709 -0.00178639 0.0392274)
(-0.000698232 -0.0016031 0.0392274)
(-0.000433895 -0.00127144 0.0392274)
(4.58617e-05 -0.00141182 0.0392274)
(5.27853e-05 -0.00179973 0.0392274)
(-8.62642e-05 -0.00106024 0.0392274)
(5.33056e-06 -7.56965e-06 0.0392274)
(-0.000170637 0.000423889 0.0392274)
(0.000276728 0.000671224 0.0392274)
(0.000479026 0.000254696 0.0392274)
(0.000666744 -0.00019532 0.0392274)
(0.000181917 -0.000438581 0.0392274)
(-0.000311617 0.000857308 0.0392274)
(-0.000656337 0.000182064 0.0392274)
(-0.000759557 0.000664251 0.0392274)
(-0.000468886 -0.000270451 0.0392274)
(-0.000264037 -0.00068208 0.0392274)
(0.000324441 -0.000865139 0.0392274)
(0.000770337 -0.000672555 0.0392274)
(0.00125938 0.000101053 0.0392274)
(0.00124473 -0.000509285 0.0392274)
(0.000958037 0.000572491 0.0392274)
(0.000686355 0.000952739 0.0392274)
(-0.000411913 0.00127783 0.0392274)
(-0.000825269 0.00111784 0.0392274)
(-0.00123669 0.00096972 0.0392274)
(-0.00123618 0.000501918 0.0392274)
(-0.001253 -0.000113418 0.0392274)
(-0.000948072 -0.000585007 0.0392274)
(-0.000674808 -0.00096061 0.0392274)
(0.00042228 -0.00128137 0.0392274)
(0.000835044 -0.00111994 0.0392274)
(0.00124319 -0.000970525 0.0392274)
(0.00179085 -1.04206e-05 0.0392274)
(0.00171829 -0.000477546 0.0392274)
(0.00187476 0.000371798 0.0392274)
(0.00162034 0.000620692 0.0392274)
(0.00134491 0.00097979 0.0392274)
(0.00104133 0.00131953 0.0392274)
(-0.000474052 0.00171834 0.0392274)
(-0.000892307 0.00156068 0.0392274)
(-0.00127007 0.00137295 0.0392274)
(-0.00155767 0.00123196 0.0392274)
(-0.00162963 0.000909759 0.0392274)
(-0.00171542 0.00047213 0.0392274)
(-0.00178736 -2.795e-06 0.0392274)
(-0.00186768 -0.000378077 0.0392274)
(-0.00161808 -0.000630614 0.0392274)
(-0.00133982 -0.00098645 0.0392274)
(-0.00103397 -0.0013242 0.0392274)
(0.000481683 -0.00171763 0.0392274)
(0.000900412 -0.00155787 0.0392274)
(0.00127442 -0.00137161 0.0392274)
(0.00156003 -0.0012307 0.0392274)
(0.00163249 -0.000910091 0.0392274)
(0.00221309 0.000505123 0.0392274)
(0.00227 2.01617e-18 0.0392274)
(0.0020452 0.000984916 0.0392274)
(0.00177476 0.00141532 0.0392274)
(0.00141532 0.00177476 0.0392274)
(0.000984916 0.0020452 0.0392274)
(0.000505123 0.00221309 0.0392274)
(1.38997e-19 0.00227 0.0392274)
(-0.000505123 0.00221309 0.0392274)
(-0.000984916 0.0020452 0.0392274)
(-0.00141532 0.00177476 0.0392274)
(-0.00177476 0.00141532 0.0392274)
(-0.0020452 0.000984916 0.0392274)
(-0.00221309 0.000505123 0.0392274)
(-0.00227 2.77995e-19 0.0392274)
(-0.00221309 -0.000505123 0.0392274)
(-0.0020452 -0.000984916 0.0392274)
(-0.00177476 -0.00141532 0.0392274)
(-0.00141532 -0.00177476 0.0392274)
(-0.000984916 -0.0020452 0.0392274)
(-0.000505123 -0.00221309 0.0392274)
(2.15516e-18 -0.00227 0.0392274)
(0.000505123 -0.00221309 0.0392274)
(0.000984916 -0.0020452 0.0392274)
(0.00141532 -0.00177476 0.0392274)
(0.00177476 -0.00141532 0.0392274)
(0.0020452 -0.000984916 0.0392274)
(0.00221309 -0.000505123 0.0392274)
(0.000254978 0.00148823 0.0397275)
(0.000352341 0.00178374 0.0397275)
(0.000706634 0.00160009 0.0397275)
(0.000446052 0.00126652 0.0397275)
(-3.43612e-05 0.00140735 0.0397275)
(-4.50004e-05 0.00179745 0.0397275)
(9.8468e-05 0.00105354 0.0397275)
(-0.000243801 -0.00149233 0.0397275)
(-0.000343709 -0.00178639 0.0397275)
(-0.000698232 -0.0016031 0.0397275)
(-0.000433895 -0.00127144 0.0397275)
(4.58617e-05 -0.00141182 0.0397275)
(5.27853e-05 -0.00179973 0.0397275)
(-8.62642e-05 -0.00106024 0.0397275)
(5.33056e-06 -7.56965e-06 0.0397275)
(-0.000170637 0.000423889 0.0397275)
(0.000276728 0.000671224 0.0397275)
(0.000479026 0.000254696 0.0397275)
(0.000666744 -0.00019532 0.0397275)
(0.000181917 -0.000438581 0.0397275)
(-0.000311617 0.000857308 0.0397275)
(-0.000656337 0.000182064 0.0397275)
(-0.000759557 0.000664251 0.0397275)
(-0.000468886 -0.000270451 0.0397275)
(-0.000264037 -0.00068208 0.0397275)
(0.000324441 -0.000865139 0.0397275)
(0.000770337 -0.000672555 0.0397275)
(0.00125938 0.000101053 0.0397275)
(0.00124473 -0.000509285 0.0397275)
(0.000958037 0.000572491 0.0397275)
(0.000686355 0.000952739 0.0397275)
(-0.000411913 0.00127783 0.0397275)
(-0.000825269 0.00111784 0.0397275)
(-0.00123669 0.00096972 0.0397275)
(-0.00123618 0.000501918 0.0397275)
(-0.001253 -0.000113418 0.0397275)
(-0.000948072 -0.000585007 0.0397275)
(-0.000674808 -0.00096061 0.0397275)
(0.00042228 -0.00128137 0.0397275)
(0.000835044 -0.00111994 0.0397275)
(0.00124319 -0.000970525 0.0397275)
(0.00179085 -1.04206e-05 0.0397275)
(0.00171829 -0.000477546 0.0397275)
(0.00187476 0.000371798 0.0397275)
(0.00162034 0.000620692 0.0397275)
(0.00134491 0.00097979 0.0397275)
(0.00104133 0.00131953 0.0397275)
(-0.000474052 0.00171834 0.0397275)
(-0.000892307 0.00156068 0.0397275)
(-0.00127007 0.00137295 0.0397275)
(-0.00155767 0.00123196 0.0397275)
(-0.00162963 0.000909759 0.0397275)
(-0.00171542 0.00047213 0.0397275)
(-0.00178736 -2.795e-06 0.0397275)
(-0.00186768 -0.000378077 0.0397275)
(-0.00161808 -0.000630614 0.0397275)
(-0.00133982 -0.00098645 0.0397275)
(-0.00103397 -0.0013242 0.0397275)
(0.000481683 -0.00171763 0.0397275)
(0.000900412 -0.00155787 0.0397275)
(0.00127442 -0.00137161 0.0397275)
(0.00156003 -0.0012307 0.0397275)
(0.00163249 -0.000910091 0.0397275)
(0.00221309 0.000505123 0.0397275)
(0.00227 0 0.0397275)
(0.0020452 0.000984916 0.0397275)
(0.00177476 0.00141532 0.0397275)
(0.00141532 0.00177476 0.0397275)
(0.000984916 0.0020452 0.0397275)
(0.000505123 0.00221309 0.0397275)
(1.38997e-19 0.00227 0.0397275)
(-0.000505123 0.00221309 0.0397275)
(-0.000984916 0.0020452 0.0397275)
(-0.00141532 0.00177476 0.0397275)
(-0.00177476 0.00141532 0.0397275)
(-0.0020452 0.000984916 0.0397275)
(-0.00221309 0.000505123 0.0397275)
(-0.00227 2.77995e-19 0.0397275)
(-0.00221309 -0.000505123 0.0397275)
(-0.0020452 -0.000984916 0.0397275)
(-0.00177476 -0.00141532 0.0397275)
(-0.00141532 -0.00177476 0.0397275)
(-0.000984916 -0.0020452 0.0397275)
(-0.000505123 -0.00221309 0.0397275)
(1.38997e-19 -0.00227 0.0397275)
(0.000505123 -0.00221309 0.0397275)
(0.000984916 -0.0020452 0.0397275)
(0.00141532 -0.00177476 0.0397275)
(0.00177476 -0.00141532 0.0397275)
(0.0020452 -0.000984916 0.0397275)
(0.00221309 -0.000505123 0.0397275)
(0.000254978 0.00148823 0.0402276)
(0.000352341 0.00178374 0.0402276)
(0.000706634 0.00160009 0.0402276)
(0.000446052 0.00126652 0.0402276)
(-3.43612e-05 0.00140735 0.0402276)
(-4.50004e-05 0.00179745 0.0402276)
(9.8468e-05 0.00105354 0.0402276)
(-0.000243801 -0.00149233 0.0402276)
(-0.000343709 -0.00178639 0.0402276)
(-0.000698232 -0.0016031 0.0402276)
(-0.000433895 -0.00127144 0.0402276)
(4.58617e-05 -0.00141182 0.0402276)
(5.27853e-05 -0.00179973 0.0402276)
(-8.62642e-05 -0.00106024 0.0402276)
(5.33056e-06 -7.56965e-06 0.0402276)
(-0.000170637 0.000423889 0.0402276)
(0.000276728 0.000671224 0.0402276)
(0.000479026 0.000254696 0.0402276)
(0.000666744 -0.00019532 0.0402276)
(0.000181917 -0.000438581 0.0402276)
(-0.000311617 0.000857308 0.0402276)
(-0.000656337 0.000182064 0.0402276)
(-0.000759557 0.000664251 0.0402276)
(-0.000468886 -0.000270451 0.0402276)
(-0.000264037 -0.00068208 0.0402276)
(0.000324441 -0.000865139 0.0402276)
(0.000770337 -0.000672555 0.0402276)
(0.00125938 0.000101053 0.0402276)
(0.00124473 -0.000509285 0.0402276)
(0.000958037 0.000572491 0.0402276)
(0.000686355 0.000952739 0.0402276)
(-0.000411913 0.00127783 0.0402276)
(-0.000825269 0.00111784 0.0402276)
(-0.00123669 0.00096972 0.0402276)
(-0.00123618 0.000501918 0.0402276)
(-0.001253 -0.000113418 0.0402276)
(-0.000948072 -0.000585007 0.0402276)
(-0.000674808 -0.00096061 0.0402276)
(0.00042228 -0.00128137 0.0402276)
(0.000835044 -0.00111994 0.0402276)
(0.00124319 -0.000970525 0.0402276)
(0.00179085 -1.04206e-05 0.0402276)
(0.00171829 -0.000477546 0.0402276)
(0.00187476 0.000371798 0.0402276)
(0.00162034 0.000620692 0.0402276)
(0.00134491 0.00097979 0.0402276)
(0.00104133 0.00131953 0.0402276)
(-0.000474052 0.00171834 0.0402276)
(-0.000892307 0.00156068 0.0402276)
(-0.00127007 0.00137295 0.0402276)
(-0.00155767 0.00123196 0.0402276)
(-0.00162963 0.000909759 0.0402276)
(-0.00171542 0.00047213 0.0402276)
(-0.00178736 -2.795e-06 0.0402276)
(-0.00186768 -0.000378077 0.0402276)
(-0.00161808 -0.000630614 0.0402276)
(-0.00133982 -0.00098645 0.0402276)
(-0.00103397 -0.0013242 0.0402276)
(0.000481683 -0.00171763 0.0402276)
(0.000900412 -0.00155787 0.0402276)
(0.00127442 -0.00137161 0.0402276)
(0.00156003 -0.0012307 0.0402276)
(0.00163249 -0.000910091 0.0402276)
(0.00221309 0.000505123 0.0402276)
(0.00227 0 0.0402276)
(0.0020452 0.000984916 0.0402276)
(0.00177476 0.00141532 0.0402276)
(0.00141532 0.00177476 0.0402276)
(0.000984916 0.0020452 0.0402276)
(0.000505123 0.00221309 0.0402276)
(1.38997e-19 0.00227 0.0402276)
(-0.000505123 0.00221309 0.0402276)
(-0.000984916 0.0020452 0.0402276)
(-0.00141532 0.00177476 0.0402276)
(-0.00177476 0.00141532 0.0402276)
(-0.0020452 0.000984916 0.0402276)
(-0.00221309 0.000505123 0.0402276)
(-0.00227 2.77995e-19 0.0402276)
(-0.00221309 -0.000505123 0.0402276)
(-0.0020452 -0.000984916 0.0402276)
(-0.00177476 -0.00141532 0.0402276)
(-0.00141532 -0.00177476 0.0402276)
(-0.000984916 -0.0020452 0.0402276)
(-0.000505123 -0.00221309 0.0402276)
(4.17133e-18 -0.00227 0.0402276)
(0.000505123 -0.00221309 0.0402276)
(0.000984916 -0.0020452 0.0402276)
(0.00141532 -0.00177476 0.0402276)
(0.00177476 -0.00141532 0.0402276)
(0.0020452 -0.000984916 0.0402276)
(0.00221309 -0.000505123 0.0402276)
(0.000254978 0.00148823 0.0407277)
(0.000352341 0.00178374 0.0407277)
(0.000706634 0.00160009 0.0407277)
(0.000446052 0.00126652 0.0407277)
(-3.43612e-05 0.00140735 0.0407277)
(-4.50004e-05 0.00179745 0.0407277)
(9.8468e-05 0.00105354 0.0407277)
(-0.000243801 -0.00149233 0.0407277)
(-0.000343709 -0.00178639 0.0407277)
(-0.000698232 -0.0016031 0.0407277)
(-0.000433895 -0.00127144 0.0407277)
(4.58617e-05 -0.00141182 0.0407277)
(5.27853e-05 -0.00179973 0.0407277)
(-8.62642e-05 -0.00106024 0.0407277)
(5.33056e-06 -7.56965e-06 0.0407277)
(-0.000170637 0.000423889 0.0407277)
(0.000276728 0.000671224 0.0407277)
(0.000479026 0.000254696 0.0407277)
(0.000666744 -0.00019532 0.0407277)
(0.000181917 -0.000438581 0.0407277)
(-0.000311617 0.000857308 0.0407277)
(-0.000656337 0.000182064 0.0407277)
(-0.000759557 0.000664251 0.0407277)
(-0.000468886 -0.000270451 0.0407277)
(-0.000264037 -0.00068208 0.0407277)
(0.000324441 -0.000865139 0.0407277)
(0.000770337 -0.000672555 0.0407277)
(0.00125938 0.000101053 0.0407277)
(0.00124473 -0.000509285 0.0407277)
(0.000958037 0.000572491 0.0407277)
(0.000686355 0.000952739 0.0407277)
(-0.000411913 0.00127783 0.0407277)
(-0.000825269 0.00111784 0.0407277)
(-0.00123669 0.00096972 0.0407277)
(-0.00123618 0.000501918 0.0407277)
(-0.001253 -0.000113418 0.0407277)
(-0.000948072 -0.000585007 0.0407277)
(-0.000674808 -0.00096061 0.0407277)
(0.00042228 -0.00128137 0.0407277)
(0.000835044 -0.00111994 0.0407277)
(0.00124319 -0.000970525 0.0407277)
(0.00179085 -1.04206e-05 0.0407277)
(0.00171829 -0.000477546 0.0407277)
(0.00187476 0.000371798 0.0407277)
(0.00162034 0.000620692 0.0407277)
(0.00134491 0.00097979 0.0407277)
(0.00104133 0.00131953 0.0407277)
(-0.000474052 0.00171834 0.0407277)
(-0.000892307 0.00156068 0.0407277)
(-0.00127007 0.00137295 0.0407277)
(-0.00155767 0.00123196 0.0407277)
(-0.00162963 0.000909759 0.0407277)
(-0.00171542 0.00047213 0.0407277)
(-0.00178736 -2.795e-06 0.0407277)
(-0.00186768 -0.000378077 0.0407277)
(-0.00161808 -0.000630614 0.0407277)
(-0.00133982 -0.00098645 0.0407277)
(-0.00103397 -0.0013242 0.0407277)
(0.000481683 -0.00171763 0.0407277)
(0.000900412 -0.00155787 0.0407277)
(0.00127442 -0.00137161 0.0407277)
(0.00156003 -0.0012307 0.0407277)
(0.00163249 -0.000910091 0.0407277)
(0.00221309 0.000505123 0.0407277)
(0.00227 0 0.0407277)
(0.0020452 0.000984916 0.0407277)
(0.00177476 0.00141532 0.0407277)
(0.00141532 0.00177476 0.0407277)
(0.000984916 0.0020452 0.0407277)
(0.000505123 0.00221309 0.0407277)
(4.17133e-18 0.00227 0.0407277)
(-0.000505123 0.00221309 0.0407277)
(-0.000984916 0.0020452 0.0407277)
(-0.00141532 0.00177476 0.0407277)
(-0.00177476 0.00141532 0.0407277)
(-0.0020452 0.000984916 0.0407277)
(-0.00221309 0.000505123 0.0407277)
(-0.00227 2.77995e-19 0.0407277)
(-0.00221309 -0.000505123 0.0407277)
(-0.0020452 -0.000984916 0.0407277)
(-0.00177476 -0.00141532 0.0407277)
(-0.00141532 -0.00177476 0.0407277)
(-0.000984916 -0.0020452 0.0407277)
(-0.000505123 -0.00221309 0.0407277)
(2.15516e-18 -0.00227 0.0407277)
(0.000505123 -0.00221309 0.0407277)
(0.000984916 -0.0020452 0.0407277)
(0.00141532 -0.00177476 0.0407277)
(0.00177476 -0.00141532 0.0407277)
(0.0020452 -0.000984916 0.0407277)
(0.00221309 -0.000505123 0.0407277)
(0.000254978 0.00148823 0.0412278)
(0.000352341 0.00178374 0.0412278)
(0.000706634 0.00160009 0.0412278)
(0.000446052 0.00126652 0.0412278)
(-3.43612e-05 0.00140735 0.0412278)
(-4.50004e-05 0.00179745 0.0412278)
(9.8468e-05 0.00105354 0.0412278)
(-0.000243801 -0.00149233 0.0412278)
(-0.000343709 -0.00178639 0.0412278)
(-0.000698232 -0.0016031 0.0412278)
(-0.000433895 -0.00127144 0.0412278)
(4.58617e-05 -0.00141182 0.0412278)
(5.27853e-05 -0.00179973 0.0412278)
(-8.62642e-05 -0.00106024 0.0412278)
(5.33056e-06 -7.56965e-06 0.0412278)
(-0.000170637 0.000423889 0.0412278)
(0.000276728 0.000671224 0.0412278)
(0.000479026 0.000254696 0.0412278)
(0.000666744 -0.00019532 0.0412278)
(0.000181917 -0.000438581 0.0412278)
(-0.000311617 0.000857308 0.0412278)
(-0.000656337 0.000182064 0.0412278)
(-0.000759557 0.000664251 0.0412278)
(-0.000468886 -0.000270451 0.0412278)
(-0.000264037 -0.00068208 0.0412278)
(0.000324441 -0.000865139 0.0412278)
(0.000770337 -0.000672555 0.0412278)
(0.00125938 0.000101053 0.0412278)
(0.00124473 -0.000509285 0.0412278)
(0.000958037 0.000572491 0.0412278)
(0.000686355 0.000952739 0.0412278)
(-0.000411913 0.00127783 0.0412278)
(-0.000825269 0.00111784 0.0412278)
(-0.00123669 0.00096972 0.0412278)
(-0.00123618 0.000501918 0.0412278)
(-0.001253 -0.000113418 0.0412278)
(-0.000948072 -0.000585007 0.0412278)
(-0.000674808 -0.00096061 0.0412278)
(0.00042228 -0.00128137 0.0412278)
(0.000835044 -0.00111994 0.0412278)
(0.00124319 -0.000970525 0.0412278)
(0.00179085 -1.04206e-05 0.0412278)
(0.00171829 -0.000477546 0.0412278)
(0.00187476 0.000371798 0.0412278)
(0.00162034 0.000620692 0.0412278)
(0.00134491 0.00097979 0.0412278)
(0.00104133 0.00131953 0.0412278)
(-0.000474052 0.00171834 0.0412278)
(-0.000892307 0.00156068 0.0412278)
(-0.00127007 0.00137295 0.0412278)
(-0.00155767 0.00123196 0.0412278)
(-0.00162963 0.000909759 0.0412278)
(-0.00171542 0.00047213 0.0412278)
(-0.00178736 -2.795e-06 0.0412278)
(-0.00186768 -0.000378077 0.0412278)
(-0.00161808 -0.000630614 0.0412278)
(-0.00133982 -0.00098645 0.0412278)
(-0.00103397 -0.0013242 0.0412278)
(0.000481683 -0.00171763 0.0412278)
(0.000900412 -0.00155787 0.0412278)
(0.00127442 -0.00137161 0.0412278)
(0.00156003 -0.0012307 0.0412278)
(0.00163249 -0.000910091 0.0412278)
(0.00221309 0.000505123 0.0412278)
(0.00227 0 0.0412278)
(0.0020452 0.000984916 0.0412278)
(0.00177476 0.00141532 0.0412278)
(0.00141532 0.00177476 0.0412278)
(0.000984916 0.0020452 0.0412278)
(0.000505123 0.00221309 0.0412278)
(4.17133e-18 0.00227 0.0412278)
(-0.000505123 0.00221309 0.0412278)
(-0.000984916 0.0020452 0.0412278)
(-0.00141532 0.00177476 0.0412278)
(-0.00177476 0.00141532 0.0412278)
(-0.0020452 0.000984916 0.0412278)
(-0.00221309 0.000505123 0.0412278)
(-0.00227 2.77995e-19 0.0412278)
(-0.00221309 -0.000505123 0.0412278)
(-0.0020452 -0.000984916 0.0412278)
(-0.00177476 -0.00141532 0.0412278)
(-0.00141532 -0.00177476 0.0412278)
(-0.000984916 -0.0020452 0.0412278)
(-0.000505123 -0.00221309 0.0412278)
(-1.87717e-18 -0.00227 0.0412278)
(0.000505123 -0.00221309 0.0412278)
(0.000984916 -0.0020452 0.0412278)
(0.00141532 -0.00177476 0.0412278)
(0.00177476 -0.00141532 0.0412278)
(0.0020452 -0.000984916 0.0412278)
(0.00221309 -0.000505123 0.0412278)
(0.000254978 0.00148823 0.0417279)
(0.000352341 0.00178374 0.0417279)
(0.000706634 0.00160009 0.0417279)
(0.000446052 0.00126652 0.0417279)
(-3.43612e-05 0.00140735 0.0417279)
(-4.50004e-05 0.00179745 0.0417279)
(9.8468e-05 0.00105354 0.0417279)
(-0.000243801 -0.00149233 0.0417279)
(-0.000343709 -0.00178639 0.0417279)
(-0.000698232 -0.0016031 0.0417279)
(-0.000433895 -0.00127144 0.0417279)
(4.58617e-05 -0.00141182 0.0417279)
(5.27853e-05 -0.00179973 0.0417279)
(-8.62642e-05 -0.00106024 0.0417279)
(5.33056e-06 -7.56965e-06 0.0417279)
(-0.000170637 0.000423889 0.0417279)
(0.000276728 0.000671224 0.0417279)
(0.000479026 0.000254696 0.0417279)
(0.000666744 -0.00019532 0.0417279)
(0.000181917 -0.000438581 0.0417279)
(-0.000311617 0.000857308 0.0417279)
(-0.000656337 0.000182064 0.0417279)
(-0.000759557 0.000664251 0.0417279)
(-0.000468886 -0.000270451 0.0417279)
(-0.000264037 -0.00068208 0.0417279)
(0.000324441 -0.000865139 0.0417279)
(0.000770337 -0.000672555 0.0417279)
(0.00125938 0.000101053 0.0417279)
(0.00124473 -0.000509285 0.0417279)
(0.000958037 0.000572491 0.0417279)
(0.000686355 0.000952739 0.0417279)
(-0.000411913 0.00127783 0.0417279)
(-0.000825269 0.00111784 0.0417279)
(-0.00123669 0.00096972 0.0417279)
(-0.00123618 0.000501918 0.0417279)
(-0.001253 -0.000113418 0.0417279)
(-0.000948072 -0.000585007 0.0417279)
(-0.000674808 -0.00096061 0.0417279)
(0.00042228 -0.00128137 0.0417279)
(0.000835044 -0.00111994 0.0417279)
(0.00124319 -0.000970525 0.0417279)
(0.00179085 -1.04206e-05 0.0417279)
(0.00171829 -0.000477546 0.0417279)
(0.00187476 0.000371798 0.0417279)
(0.00162034 0.000620692 0.0417279)
(0.00134491 0.00097979 0.0417279)
(0.00104133 0.00131953 0.0417279)
(-0.000474052 0.00171834 0.0417279)
(-0.000892307 0.00156068 0.0417279)
(-0.00127007 0.00137295 0.0417279)
(-0.00155767 0.00123196 0.0417279)
(-0.00162963 0.000909759 0.0417279)
(-0.00171542 0.00047213 0.0417279)
(-0.00178736 -2.795e-06 0.0417279)
(-0.00186768 -0.000378077 0.0417279)
(-0.00161808 -0.000630614 0.0417279)
(-0.00133982 -0.00098645 0.0417279)
(-0.00103397 -0.0013242 0.0417279)
(0.000481683 -0.00171763 0.0417279)
(0.000900412 -0.00155787 0.0417279)
(0.00127442 -0.00137161 0.0417279)
(0.00156003 -0.0012307 0.0417279)
(0.00163249 -0.000910091 0.0417279)
(0.00221309 0.000505123 0.0417279)
(0.00227 0 0.0417279)
(0.0020452 0.000984916 0.0417279)
(0.00177476 0.00141532 0.0417279)
(0.00141532 0.00177476 0.0417279)
(0.000984916 0.0020452 0.0417279)
(0.000505123 0.00221309 0.0417279)
(-3.89333e-18 0.00227 0.0417279)
(-0.000505123 0.00221309 0.0417279)
(-0.000984916 0.0020452 0.0417279)
(-0.00141532 0.00177476 0.0417279)
(-0.00177476 0.00141532 0.0417279)
(-0.0020452 0.000984916 0.0417279)
(-0.00221309 0.000505123 0.0417279)
(-0.00227 2.77995e-19 0.0417279)
(-0.00221309 -0.000505123 0.0417279)
(-0.0020452 -0.000984916 0.0417279)
(-0.00177476 -0.00141532 0.0417279)
(-0.00141532 -0.00177476 0.0417279)
(-0.000984916 -0.0020452 0.0417279)
(-0.000505123 -0.00221309 0.0417279)
(1.38997e-19 -0.00227 0.0417279)
(0.000505123 -0.00221309 0.0417279)
(0.000984916 -0.0020452 0.0417279)
(0.00141532 -0.00177476 0.0417279)
(0.00177476 -0.00141532 0.0417279)
(0.0020452 -0.000984916 0.0417279)
(0.00221309 -0.000505123 0.0417279)
(0.000254978 0.00148823 0.042228)
(0.000352341 0.00178374 0.042228)
(0.000706634 0.00160009 0.042228)
(0.000446052 0.00126652 0.042228)
(-3.43612e-05 0.00140735 0.042228)
(-4.50004e-05 0.00179745 0.042228)
(9.8468e-05 0.00105354 0.042228)
(-0.000243801 -0.00149233 0.042228)
(-0.000343709 -0.00178639 0.042228)
(-0.000698232 -0.0016031 0.042228)
(-0.000433895 -0.00127144 0.042228)
(4.58617e-05 -0.00141182 0.042228)
(5.27853e-05 -0.00179973 0.042228)
(-8.62642e-05 -0.00106024 0.042228)
(5.33056e-06 -7.56965e-06 0.042228)
(-0.000170637 0.000423889 0.042228)
(0.000276728 0.000671224 0.042228)
(0.000479026 0.000254696 0.042228)
(0.000666744 -0.00019532 0.042228)
(0.000181917 -0.000438581 0.042228)
(-0.000311617 0.000857308 0.042228)
(-0.000656337 0.000182064 0.042228)
(-0.000759557 0.000664251 0.042228)
(-0.000468886 -0.000270451 0.042228)
(-0.000264037 -0.00068208 0.042228)
(0.000324441 -0.000865139 0.042228)
(0.000770337 -0.000672555 0.042228)
(0.00125938 0.000101053 0.042228)
(0.00124473 -0.000509285 0.042228)
(0.000958037 0.000572491 0.042228)
(0.000686355 0.000952739 0.042228)
(-0.000411913 0.00127783 0.042228)
(-0.000825269 0.00111784 0.042228)
(-0.00123669 0.00096972 0.042228)
(-0.00123618 0.000501918 0.042228)
(-0.001253 -0.000113418 0.042228)
(-0.000948072 -0.000585007 0.042228)
(-0.000674808 -0.00096061 0.042228)
(0.00042228 -0.00128137 0.042228)
(0.000835044 -0.00111994 0.042228)
(0.00124319 -0.000970525 0.042228)
(0.00179085 -1.04206e-05 0.042228)
(0.00171829 -0.000477546 0.042228)
(0.00187476 0.000371798 0.042228)
(0.00162034 0.000620692 0.042228)
(0.00134491 0.00097979 0.042228)
(0.00104133 0.00131953 0.042228)
(-0.000474052 0.00171834 0.042228)
(-0.000892307 0.00156068 0.042228)
(-0.00127007 0.00137295 0.042228)
(-0.00155767 0.00123196 0.042228)
(-0.00162963 0.000909759 0.042228)
(-0.00171542 0.00047213 0.042228)
(-0.00178736 -2.795e-06 0.042228)
(-0.00186768 -0.000378077 0.042228)
(-0.00161808 -0.000630614 0.042228)
(-0.00133982 -0.00098645 0.042228)
(-0.00103397 -0.0013242 0.042228)
(0.000481683 -0.00171763 0.042228)
(0.000900412 -0.00155787 0.042228)
(0.00127442 -0.00137161 0.042228)
(0.00156003 -0.0012307 0.042228)
(0.00163249 -0.000910091 0.042228)
(0.00221309 0.000505123 0.042228)
(0.00227 0 0.042228)
(0.0020452 0.000984916 0.042228)
(0.00177476 0.00141532 0.042228)
(0.00141532 0.00177476 0.042228)
(0.000984916 0.0020452 0.042228)
(0.000505123 0.00221309 0.042228)
(1.38997e-19 0.00227 0.042228)
(-0.000505123 0.00221309 0.042228)
(-0.000984916 0.0020452 0.042228)
(-0.00141532 0.00177476 0.042228)
(-0.00177476 0.00141532 0.042228)
(-0.0020452 0.000984916 0.042228)
(-0.00221309 0.000505123 0.042228)
(-0.00227 2.77995e-19 0.042228)
(-0.00221309 -0.000505123 0.042228)
(-0.0020452 -0.000984916 0.042228)
(-0.00177476 -0.00141532 0.042228)
(-0.00141532 -0.00177476 0.042228)
(-0.000984916 -0.0020452 0.042228)
(-0.000505123 -0.00221309 0.042228)
(1.38997e-19 -0.00227 0.042228)
(0.000505123 -0.00221309 0.042228)
(0.000984916 -0.0020452 0.042228)
(0.00141532 -0.00177476 0.042228)
(0.00177476 -0.00141532 0.042228)
(0.0020452 -0.000984916 0.042228)
(0.00221309 -0.000505123 0.042228)
(0.000254978 0.00148823 0.0427281)
(0.000352341 0.00178374 0.0427281)
(0.000706634 0.00160009 0.0427281)
(0.000446052 0.00126652 0.0427281)
(-3.43612e-05 0.00140735 0.0427281)
(-4.50004e-05 0.00179745 0.0427281)
(9.8468e-05 0.00105354 0.0427281)
(-0.000243801 -0.00149233 0.0427281)
(-0.000343709 -0.00178639 0.0427281)
(-0.000698232 -0.0016031 0.0427281)
(-0.000433895 -0.00127144 0.0427281)
(4.58617e-05 -0.00141182 0.0427281)
(5.27853e-05 -0.00179973 0.0427281)
(-8.62642e-05 -0.00106024 0.0427281)
(5.33056e-06 -7.56965e-06 0.0427281)
(-0.000170637 0.000423889 0.0427281)
(0.000276728 0.000671224 0.0427281)
(0.000479026 0.000254696 0.0427281)
(0.000666744 -0.00019532 0.0427281)
(0.000181917 -0.000438581 0.0427281)
(-0.000311617 0.000857308 0.0427281)
(-0.000656337 0.000182064 0.0427281)
(-0.000759557 0.000664251 0.0427281)
(-0.000468886 -0.000270451 0.0427281)
(-0.000264037 -0.00068208 0.0427281)
(0.000324441 -0.000865139 0.0427281)
(0.000770337 -0.000672555 0.0427281)
(0.00125938 0.000101053 0.0427281)
(0.00124473 -0.000509285 0.0427281)
(0.000958037 0.000572491 0.0427281)
(0.000686355 0.000952739 0.0427281)
(-0.000411913 0.00127783 0.0427281)
(-0.000825269 0.00111784 0.0427281)
(-0.00123669 0.00096972 0.0427281)
(-0.00123618 0.000501918 0.0427281)
(-0.001253 -0.000113418 0.0427281)
(-0.000948072 -0.000585007 0.0427281)
(-0.000674808 -0.00096061 0.0427281)
(0.00042228 -0.00128137 0.0427281)
(0.000835044 -0.00111994 0.0427281)
(0.00124319 -0.000970525 0.0427281)
(0.00179085 -1.04206e-05 0.0427281)
(0.00171829 -0.000477546 0.0427281)
(0.00187476 0.000371798 0.0427281)
(0.00162034 0.000620692 0.0427281)
(0.00134491 0.00097979 0.0427281)
(0.00104133 0.00131953 0.0427281)
(-0.000474052 0.00171834 0.0427281)
(-0.000892307 0.00156068 0.0427281)
(-0.00127007 0.00137295 0.0427281)
(-0.00155767 0.00123196 0.0427281)
(-0.00162963 0.000909759 0.0427281)
(-0.00171542 0.00047213 0.0427281)
(-0.00178736 -2.795e-06 0.0427281)
(-0.00186768 -0.000378077 0.0427281)
(-0.00161808 -0.000630614 0.0427281)
(-0.00133982 -0.00098645 0.0427281)
(-0.00103397 -0.0013242 0.0427281)
(0.000481683 -0.00171763 0.0427281)
(0.000900412 -0.00155787 0.0427281)
(0.00127442 -0.00137161 0.0427281)
(0.00156003 -0.0012307 0.0427281)
(0.00163249 -0.000910091 0.0427281)
(0.00221309 0.000505123 0.0427281)
(0.00227 0 0.0427281)
(0.0020452 0.000984916 0.0427281)
(0.00177476 0.00141532 0.0427281)
(0.00141532 0.00177476 0.0427281)
(0.000984916 0.0020452 0.0427281)
(0.000505123 0.00221309 0.0427281)
(1.38997e-19 0.00227 0.0427281)
(-0.000505123 0.00221309 0.0427281)
(-0.000984916 0.0020452 0.0427281)
(-0.00141532 0.00177476 0.0427281)
(-0.00177476 0.00141532 0.0427281)
(-0.0020452 0.000984916 0.0427281)
(-0.00221309 0.000505123 0.0427281)
(-0.00227 2.77995e-19 0.0427281)
(-0.00221309 -0.000505123 0.0427281)
(-0.0020452 -0.000984916 0.0427281)
(-0.00177476 -0.00141532 0.0427281)
(-0.00141532 -0.00177476 0.0427281)
(-0.000984916 -0.0020452 0.0427281)
(-0.000505123 -0.00221309 0.0427281)
(4.17133e-18 -0.00227 0.0427281)
(0.000505123 -0.00221309 0.0427281)
(0.000984916 -0.0020452 0.0427281)
(0.00141532 -0.00177476 0.0427281)
(0.00177476 -0.00141532 0.0427281)
(0.0020452 -0.000984916 0.0427281)
(0.00221309 -0.000505123 0.0427281)
(0.000254978 0.00148823 0.0432282)
(0.000352341 0.00178374 0.0432282)
(0.000706634 0.00160009 0.0432282)
(0.000446052 0.00126652 0.0432282)
(-3.43612e-05 0.00140735 0.0432282)
(-4.50004e-05 0.00179745 0.0432282)
(9.8468e-05 0.00105354 0.0432282)
(-0.000243801 -0.00149233 0.0432282)
(-0.000343709 -0.00178639 0.0432282)
(-0.000698232 -0.0016031 0.0432282)
(-0.000433895 -0.00127144 0.0432282)
(4.58617e-05 -0.00141182 0.0432282)
(5.27853e-05 -0.00179973 0.0432282)
(-8.62642e-05 -0.00106024 0.0432282)
(5.33056e-06 -7.56965e-06 0.0432282)
(-0.000170637 0.000423889 0.0432282)
(0.000276728 0.000671224 0.0432282)
(0.000479026 0.000254696 0.0432282)
(0.000666744 -0.00019532 0.0432282)
(0.000181917 -0.000438581 0.0432282)
(-0.000311617 0.000857308 0.0432282)
(-0.000656337 0.000182064 0.0432282)
(-0.000759557 0.000664251 0.0432282)
(-0.000468886 -0.000270451 0.0432282)
(-0.000264037 -0.00068208 0.0432282)
(0.000324441 -0.000865139 0.0432282)
(0.000770337 -0.000672555 0.0432282)
(0.00125938 0.000101053 0.0432282)
(0.00124473 -0.000509285 0.0432282)
(0.000958037 0.000572491 0.0432282)
(0.000686355 0.000952739 0.0432282)
(-0.000411913 0.00127783 0.0432282)
(-0.000825269 0.00111784 0.0432282)
(-0.00123669 0.00096972 0.0432282)
(-0.00123618 0.000501918 0.0432282)
(-0.001253 -0.000113418 0.0432282)
(-0.000948072 -0.000585007 0.0432282)
(-0.000674808 -0.00096061 0.0432282)
(0.00042228 -0.00128137 0.0432282)
(0.000835044 -0.00111994 0.0432282)
(0.00124319 -0.000970525 0.0432282)
(0.00179085 -1.04206e-05 0.0432282)
(0.00171829 -0.000477546 0.0432282)
(0.00187476 0.000371798 0.0432282)
(0.00162034 0.000620692 0.0432282)
(0.00134491 0.00097979 0.0432282)
(0.00104133 0.00131953 0.0432282)
(-0.000474052 0.00171834 0.0432282)
(-0.000892307 0.00156068 0.0432282)
(-0.00127007 0.00137295 0.0432282)
(-0.00155767 0.00123196 0.0432282)
(-0.00162963 0.000909759 0.0432282)
(-0.00171542 0.00047213 0.0432282)
(-0.00178736 -2.795e-06 0.0432282)
(-0.00186768 -0.000378077 0.0432282)
(-0.00161808 -0.000630614 0.0432282)
(-0.00133982 -0.00098645 0.0432282)
(-0.00103397 -0.0013242 0.0432282)
(0.000481683 -0.00171763 0.0432282)
(0.000900412 -0.00155787 0.0432282)
(0.00127442 -0.00137161 0.0432282)
(0.00156003 -0.0012307 0.0432282)
(0.00163249 -0.000910091 0.0432282)
(0.00221309 0.000505123 0.0432282)
(0.00227 0 0.0432282)
(0.0020452 0.000984916 0.0432282)
(0.00177476 0.00141532 0.0432282)
(0.00141532 0.00177476 0.0432282)
(0.000984916 0.0020452 0.0432282)
(0.000505123 0.00221309 0.0432282)
(4.17133e-18 0.00227 0.0432282)
(-0.000505123 0.00221309 0.0432282)
(-0.000984916 0.0020452 0.0432282)
(-0.00141532 0.00177476 0.0432282)
(-0.00177476 0.00141532 0.0432282)
(-0.0020452 0.000984916 0.0432282)
(-0.00221309 0.000505123 0.0432282)
(-0.00227 2.77995e-19 0.0432282)
(-0.00221309 -0.000505123 0.0432282)
(-0.0020452 -0.000984916 0.0432282)
(-0.00177476 -0.00141532 0.0432282)
(-0.00141532 -0.00177476 0.0432282)
(-0.000984916 -0.0020452 0.0432282)
(-0.000505123 -0.00221309 0.0432282)
(1.38997e-19 -0.00227 0.0432282)
(0.000505123 -0.00221309 0.0432282)
(0.000984916 -0.0020452 0.0432282)
(0.00141532 -0.00177476 0.0432282)
(0.00177476 -0.00141532 0.0432282)
(0.0020452 -0.000984916 0.0432282)
(0.00221309 -0.000505123 0.0432282)
(0.000254978 0.00148823 0.0437283)
(0.000352341 0.00178374 0.0437283)
(0.000706634 0.00160009 0.0437283)
(0.000446052 0.00126652 0.0437283)
(-3.43612e-05 0.00140735 0.0437283)
(-4.50004e-05 0.00179745 0.0437283)
(9.8468e-05 0.00105354 0.0437283)
(-0.000243801 -0.00149233 0.0437283)
(-0.000343709 -0.00178639 0.0437283)
(-0.000698232 -0.0016031 0.0437283)
(-0.000433895 -0.00127144 0.0437283)
(4.58617e-05 -0.00141182 0.0437283)
(5.27853e-05 -0.00179973 0.0437283)
(-8.62642e-05 -0.00106024 0.0437283)
(5.33056e-06 -7.56965e-06 0.0437283)
(-0.000170637 0.000423889 0.0437283)
(0.000276728 0.000671224 0.0437283)
(0.000479026 0.000254696 0.0437283)
(0.000666744 -0.00019532 0.0437283)
(0.000181917 -0.000438581 0.0437283)
(-0.000311617 0.000857308 0.0437283)
(-0.000656337 0.000182064 0.0437283)
(-0.000759557 0.000664251 0.0437283)
(-0.000468886 -0.000270451 0.0437283)
(-0.000264037 -0.00068208 0.0437283)
(0.000324441 -0.000865139 0.0437283)
(0.000770337 -0.000672555 0.0437283)
(0.00125938 0.000101053 0.0437283)
(0.00124473 -0.000509285 0.0437283)
(0.000958037 0.000572491 0.0437283)
(0.000686355 0.000952739 0.0437283)
(-0.000411913 0.00127783 0.0437283)
(-0.000825269 0.00111784 0.0437283)
(-0.00123669 0.00096972 0.0437283)
(-0.00123618 0.000501918 0.0437283)
(-0.001253 -0.000113418 0.0437283)
(-0.000948072 -0.000585007 0.0437283)
(-0.000674808 -0.00096061 0.0437283)
(0.00042228 -0.00128137 0.0437283)
(0.000835044 -0.00111994 0.0437283)
(0.00124319 -0.000970525 0.0437283)
(0.00179085 -1.04206e-05 0.0437283)
(0.00171829 -0.000477546 0.0437283)
(0.00187476 0.000371798 0.0437283)
(0.00162034 0.000620692 0.0437283)
(0.00134491 0.00097979 0.0437283)
(0.00104133 0.00131953 0.0437283)
(-0.000474052 0.00171834 0.0437283)
(-0.000892307 0.00156068 0.0437283)
(-0.00127007 0.00137295 0.0437283)
(-0.00155767 0.00123196 0.0437283)
(-0.00162963 0.000909759 0.0437283)
(-0.00171542 0.00047213 0.0437283)
(-0.00178736 -2.795e-06 0.0437283)
(-0.00186768 -0.000378077 0.0437283)
(-0.00161808 -0.000630614 0.0437283)
(-0.00133982 -0.00098645 0.0437283)
(-0.00103397 -0.0013242 0.0437283)
(0.000481683 -0.00171763 0.0437283)
(0.000900412 -0.00155787 0.0437283)
(0.00127442 -0.00137161 0.0437283)
(0.00156003 -0.0012307 0.0437283)
(0.00163249 -0.000910091 0.0437283)
(0.00221309 0.000505123 0.0437283)
(0.00227 0 0.0437283)
(0.0020452 0.000984916 0.0437283)
(0.00177476 0.00141532 0.0437283)
(0.00141532 0.00177476 0.0437283)
(0.000984916 0.0020452 0.0437283)
(0.000505123 0.00221309 0.0437283)
(-3.89333e-18 0.00227 0.0437283)
(-0.000505123 0.00221309 0.0437283)
(-0.000984916 0.0020452 0.0437283)
(-0.00141532 0.00177476 0.0437283)
(-0.00177476 0.00141532 0.0437283)
(-0.0020452 0.000984916 0.0437283)
(-0.00221309 0.000505123 0.0437283)
(-0.00227 2.77995e-19 0.0437283)
(-0.00221309 -0.000505123 0.0437283)
(-0.0020452 -0.000984916 0.0437283)
(-0.00177476 -0.00141532 0.0437283)
(-0.00141532 -0.00177476 0.0437283)
(-0.000984916 -0.0020452 0.0437283)
(-0.000505123 -0.00221309 0.0437283)
(-1.87717e-18 -0.00227 0.0437283)
(0.000505123 -0.00221309 0.0437283)
(0.000984916 -0.0020452 0.0437283)
(0.00141532 -0.00177476 0.0437283)
(0.00177476 -0.00141532 0.0437283)
(0.0020452 -0.000984916 0.0437283)
(0.00221309 -0.000505123 0.0437283)
(0.000254978 0.00148823 0.0442284)
(0.000352341 0.00178374 0.0442284)
(0.000706634 0.00160009 0.0442284)
(0.000446052 0.00126652 0.0442284)
(-3.43612e-05 0.00140735 0.0442284)
(-4.50004e-05 0.00179745 0.0442284)
(9.8468e-05 0.00105354 0.0442284)
(-0.000243801 -0.00149233 0.0442284)
(-0.000343709 -0.00178639 0.0442284)
(-0.000698232 -0.0016031 0.0442284)
(-0.000433895 -0.00127144 0.0442284)
(4.58617e-05 -0.00141182 0.0442284)
(5.27853e-05 -0.00179973 0.0442284)
(-8.62642e-05 -0.00106024 0.0442284)
(5.33056e-06 -7.56965e-06 0.0442284)
(-0.000170637 0.000423889 0.0442284)
(0.000276728 0.000671224 0.0442284)
(0.000479026 0.000254696 0.0442284)
(0.000666744 -0.00019532 0.0442284)
(0.000181917 -0.000438581 0.0442284)
(-0.000311617 0.000857308 0.0442284)
(-0.000656337 0.000182064 0.0442284)
(-0.000759557 0.000664251 0.0442284)
(-0.000468886 -0.000270451 0.0442284)
(-0.000264037 -0.00068208 0.0442284)
(0.000324441 -0.000865139 0.0442284)
(0.000770337 -0.000672555 0.0442284)
(0.00125938 0.000101053 0.0442284)
(0.00124473 -0.000509285 0.0442284)
(0.000958037 0.000572491 0.0442284)
(0.000686355 0.000952739 0.0442284)
(-0.000411913 0.00127783 0.0442284)
(-0.000825269 0.00111784 0.0442284)
(-0.00123669 0.00096972 0.0442284)
(-0.00123618 0.000501918 0.0442284)
(-0.001253 -0.000113418 0.0442284)
(-0.000948072 -0.000585007 0.0442284)
(-0.000674808 -0.00096061 0.0442284)
(0.00042228 -0.00128137 0.0442284)
(0.000835044 -0.00111994 0.0442284)
(0.00124319 -0.000970525 0.0442284)
(0.00179085 -1.04206e-05 0.0442284)
(0.00171829 -0.000477546 0.0442284)
(0.00187476 0.000371798 0.0442284)
(0.00162034 0.000620692 0.0442284)
(0.00134491 0.00097979 0.0442284)
(0.00104133 0.00131953 0.0442284)
(-0.000474052 0.00171834 0.0442284)
(-0.000892307 0.00156068 0.0442284)
(-0.00127007 0.00137295 0.0442284)
(-0.00155767 0.00123196 0.0442284)
(-0.00162963 0.000909759 0.0442284)
(-0.00171542 0.00047213 0.0442284)
(-0.00178736 -2.795e-06 0.0442284)
(-0.00186768 -0.000378077 0.0442284)
(-0.00161808 -0.000630614 0.0442284)
(-0.00133982 -0.00098645 0.0442284)
(-0.00103397 -0.0013242 0.0442284)
(0.000481683 -0.00171763 0.0442284)
(0.000900412 -0.00155787 0.0442284)
(0.00127442 -0.00137161 0.0442284)
(0.00156003 -0.0012307 0.0442284)
(0.00163249 -0.000910091 0.0442284)
(0.00221309 0.000505123 0.0442284)
(0.00227 0 0.0442284)
(0.0020452 0.000984916 0.0442284)
(0.00177476 0.00141532 0.0442284)
(0.00141532 0.00177476 0.0442284)
(0.000984916 0.0020452 0.0442284)
(0.000505123 0.00221309 0.0442284)
(-3.89333e-18 0.00227 0.0442284)
(-0.000505123 0.00221309 0.0442284)
(-0.000984916 0.0020452 0.0442284)
(-0.00141532 0.00177476 0.0442284)
(-0.00177476 0.00141532 0.0442284)
(-0.0020452 0.000984916 0.0442284)
(-0.00221309 0.000505123 0.0442284)
(-0.00227 2.77995e-19 0.0442284)
(-0.00221309 -0.000505123 0.0442284)
(-0.0020452 -0.000984916 0.0442284)
(-0.00177476 -0.00141532 0.0442284)
(-0.00141532 -0.00177476 0.0442284)
(-0.000984916 -0.0020452 0.0442284)
(-0.000505123 -0.00221309 0.0442284)
(2.15516e-18 -0.00227 0.0442284)
(0.000505123 -0.00221309 0.0442284)
(0.000984916 -0.0020452 0.0442284)
(0.00141532 -0.00177476 0.0442284)
(0.00177476 -0.00141532 0.0442284)
(0.0020452 -0.000984916 0.0442284)
(0.00221309 -0.000505123 0.0442284)
(0.000254978 0.00148823 0.0447285)
(0.000352341 0.00178374 0.0447285)
(0.000706634 0.00160009 0.0447285)
(0.000446052 0.00126652 0.0447285)
(-3.43612e-05 0.00140735 0.0447285)
(-4.50004e-05 0.00179745 0.0447285)
(9.8468e-05 0.00105354 0.0447285)
(-0.000243801 -0.00149233 0.0447285)
(-0.000343709 -0.00178639 0.0447285)
(-0.000698232 -0.0016031 0.0447285)
(-0.000433895 -0.00127144 0.0447285)
(4.58617e-05 -0.00141182 0.0447285)
(5.27853e-05 -0.00179973 0.0447285)
(-8.62642e-05 -0.00106024 0.0447285)
(5.33056e-06 -7.56965e-06 0.0447285)
(-0.000170637 0.000423889 0.0447285)
(0.000276728 0.000671224 0.0447285)
(0.000479026 0.000254696 0.0447285)
(0.000666744 -0.00019532 0.0447285)
(0.000181917 -0.000438581 0.0447285)
(-0.000311617 0.000857308 0.0447285)
(-0.000656337 0.000182064 0.0447285)
(-0.000759557 0.000664251 0.0447285)
(-0.000468886 -0.000270451 0.0447285)
(-0.000264037 -0.00068208 0.0447285)
(0.000324441 -0.000865139 0.0447285)
(0.000770337 -0.000672555 0.0447285)
(0.00125938 0.000101053 0.0447285)
(0.00124473 -0.000509285 0.0447285)
(0.000958037 0.000572491 0.0447285)
(0.000686355 0.000952739 0.0447285)
(-0.000411913 0.00127783 0.0447285)
(-0.000825269 0.00111784 0.0447285)
(-0.00123669 0.00096972 0.0447285)
(-0.00123618 0.000501918 0.0447285)
(-0.001253 -0.000113418 0.0447285)
(-0.000948072 -0.000585007 0.0447285)
(-0.000674808 -0.00096061 0.0447285)
(0.00042228 -0.00128137 0.0447285)
(0.000835044 -0.00111994 0.0447285)
(0.00124319 -0.000970525 0.0447285)
(0.00179085 -1.04206e-05 0.0447285)
(0.00171829 -0.000477546 0.0447285)
(0.00187476 0.000371798 0.0447285)
(0.00162034 0.000620692 0.0447285)
(0.00134491 0.00097979 0.0447285)
(0.00104133 0.00131953 0.0447285)
(-0.000474052 0.00171834 0.0447285)
(-0.000892307 0.00156068 0.0447285)
(-0.00127007 0.00137295 0.0447285)
(-0.00155767 0.00123196 0.0447285)
(-0.00162963 0.000909759 0.0447285)
(-0.00171542 0.00047213 0.0447285)
(-0.00178736 -2.795e-06 0.0447285)
(-0.00186768 -0.000378077 0.0447285)
(-0.00161808 -0.000630614 0.0447285)
(-0.00133982 -0.00098645 0.0447285)
(-0.00103397 -0.0013242 0.0447285)
(0.000481683 -0.00171763 0.0447285)
(0.000900412 -0.00155787 0.0447285)
(0.00127442 -0.00137161 0.0447285)
(0.00156003 -0.0012307 0.0447285)
(0.00163249 -0.000910091 0.0447285)
(0.00221309 0.000505123 0.0447285)
(0.00227 0 0.0447285)
(0.0020452 0.000984916 0.0447285)
(0.00177476 0.00141532 0.0447285)
(0.00141532 0.00177476 0.0447285)
(0.000984916 0.0020452 0.0447285)
(0.000505123 0.00221309 0.0447285)
(1.38997e-19 0.00227 0.0447285)
(-0.000505123 0.00221309 0.0447285)
(-0.000984916 0.0020452 0.0447285)
(-0.00141532 0.00177476 0.0447285)
(-0.00177476 0.00141532 0.0447285)
(-0.0020452 0.000984916 0.0447285)
(-0.00221309 0.000505123 0.0447285)
(-0.00227 2.77995e-19 0.0447285)
(-0.00221309 -0.000505123 0.0447285)
(-0.0020452 -0.000984916 0.0447285)
(-0.00177476 -0.00141532 0.0447285)
(-0.00141532 -0.00177476 0.0447285)
(-0.000984916 -0.0020452 0.0447285)
(-0.000505123 -0.00221309 0.0447285)
(2.15516e-18 -0.00227 0.0447285)
(0.000505123 -0.00221309 0.0447285)
(0.000984916 -0.0020452 0.0447285)
(0.00141532 -0.00177476 0.0447285)
(0.00177476 -0.00141532 0.0447285)
(0.0020452 -0.000984916 0.0447285)
(0.00221309 -0.000505123 0.0447285)
(0.000254978 0.00148823 0.0452286)
(0.000352341 0.00178374 0.0452286)
(0.000706634 0.00160009 0.0452286)
(0.000446052 0.00126652 0.0452286)
(-3.43612e-05 0.00140735 0.0452286)
(-4.50004e-05 0.00179745 0.0452286)
(9.8468e-05 0.00105354 0.0452286)
(-0.000243801 -0.00149233 0.0452286)
(-0.000343709 -0.00178639 0.0452286)
(-0.000698232 -0.0016031 0.0452286)
(-0.000433895 -0.00127144 0.0452286)
(4.58617e-05 -0.00141182 0.0452286)
(5.27853e-05 -0.00179973 0.0452286)
(-8.62642e-05 -0.00106024 0.0452286)
(5.33056e-06 -7.56965e-06 0.0452286)
(-0.000170637 0.000423889 0.0452286)
(0.000276728 0.000671224 0.0452286)
(0.000479026 0.000254696 0.0452286)
(0.000666744 -0.00019532 0.0452286)
(0.000181917 -0.000438581 0.0452286)
(-0.000311617 0.000857308 0.0452286)
(-0.000656337 0.000182064 0.0452286)
(-0.000759557 0.000664251 0.0452286)
(-0.000468886 -0.000270451 0.0452286)
(-0.000264037 -0.00068208 0.0452286)
(0.000324441 -0.000865139 0.0452286)
(0.000770337 -0.000672555 0.0452286)
(0.00125938 0.000101053 0.0452286)
(0.00124473 -0.000509285 0.0452286)
(0.000958037 0.000572491 0.0452286)
(0.000686355 0.000952739 0.0452286)
(-0.000411913 0.00127783 0.0452286)
(-0.000825269 0.00111784 0.0452286)
(-0.00123669 0.00096972 0.0452286)
(-0.00123618 0.000501918 0.0452286)
(-0.001253 -0.000113418 0.0452286)
(-0.000948072 -0.000585007 0.0452286)
(-0.000674808 -0.00096061 0.0452286)
(0.00042228 -0.00128137 0.0452286)
(0.000835044 -0.00111994 0.0452286)
(0.00124319 -0.000970525 0.0452286)
(0.00179085 -1.04206e-05 0.0452286)
(0.00171829 -0.000477546 0.0452286)
(0.00187476 0.000371798 0.0452286)
(0.00162034 0.000620692 0.0452286)
(0.00134491 0.00097979 0.0452286)
(0.00104133 0.00131953 0.0452286)
(-0.000474052 0.00171834 0.0452286)
(-0.000892307 0.00156068 0.0452286)
(-0.00127007 0.00137295 0.0452286)
(-0.00155767 0.00123196 0.0452286)
(-0.00162963 0.000909759 0.0452286)
(-0.00171542 0.00047213 0.0452286)
(-0.00178736 -2.795e-06 0.0452286)
(-0.00186768 -0.000378077 0.0452286)
(-0.00161808 -0.000630614 0.0452286)
(-0.00133982 -0.00098645 0.0452286)
(-0.00103397 -0.0013242 0.0452286)
(0.000481683 -0.00171763 0.0452286)
(0.000900412 -0.00155787 0.0452286)
(0.00127442 -0.00137161 0.0452286)
(0.00156003 -0.0012307 0.0452286)
(0.00163249 -0.000910091 0.0452286)
(0.00221309 0.000505123 0.0452286)
(0.00227 -2.01617e-18 0.0452286)
(0.0020452 0.000984916 0.0452286)
(0.00177476 0.00141532 0.0452286)
(0.00141532 0.00177476 0.0452286)
(0.000984916 0.0020452 0.0452286)
(0.000505123 0.00221309 0.0452286)
(4.17133e-18 0.00227 0.0452286)
(-0.000505123 0.00221309 0.0452286)
(-0.000984916 0.0020452 0.0452286)
(-0.00141532 0.00177476 0.0452286)
(-0.00177476 0.00141532 0.0452286)
(-0.0020452 0.000984916 0.0452286)
(-0.00221309 0.000505123 0.0452286)
(-0.00227 2.77995e-19 0.0452286)
(-0.00221309 -0.000505123 0.0452286)
(-0.0020452 -0.000984916 0.0452286)
(-0.00177476 -0.00141532 0.0452286)
(-0.00141532 -0.00177476 0.0452286)
(-0.000984916 -0.0020452 0.0452286)
(-0.000505123 -0.00221309 0.0452286)
(-1.87717e-18 -0.00227 0.0452286)
(0.000505123 -0.00221309 0.0452286)
(0.000984916 -0.0020452 0.0452286)
(0.00141532 -0.00177476 0.0452286)
(0.00177476 -0.00141532 0.0452286)
(0.0020452 -0.000984916 0.0452286)
(0.00221309 -0.000505123 0.0452286)
(0.000254978 0.00148823 0.0457287)
(0.000352341 0.00178374 0.0457287)
(0.000706634 0.00160009 0.0457287)
(0.000446052 0.00126652 0.0457287)
(-3.43612e-05 0.00140735 0.0457287)
(-4.50004e-05 0.00179745 0.0457287)
(9.8468e-05 0.00105354 0.0457287)
(-0.000243801 -0.00149233 0.0457287)
(-0.000343709 -0.00178639 0.0457287)
(-0.000698232 -0.0016031 0.0457287)
(-0.000433895 -0.00127144 0.0457287)
(4.58617e-05 -0.00141182 0.0457287)
(5.27853e-05 -0.00179973 0.0457287)
(-8.62642e-05 -0.00106024 0.0457287)
(5.33056e-06 -7.56965e-06 0.0457287)
(-0.000170637 0.000423889 0.0457287)
(0.000276728 0.000671224 0.0457287)
(0.000479026 0.000254696 0.0457287)
(0.000666744 -0.00019532 0.0457287)
(0.000181917 -0.000438581 0.0457287)
(-0.000311617 0.000857308 0.0457287)
(-0.000656337 0.000182064 0.0457287)
(-0.000759557 0.000664251 0.0457287)
(-0.000468886 -0.000270451 0.0457287)
(-0.000264037 -0.00068208 0.0457287)
(0.000324441 -0.000865139 0.0457287)
(0.000770337 -0.000672555 0.0457287)
(0.00125938 0.000101053 0.0457287)
(0.00124473 -0.000509285 0.0457287)
(0.000958037 0.000572491 0.0457287)
(0.000686355 0.000952739 0.0457287)
(-0.000411913 0.00127783 0.0457287)
(-0.000825269 0.00111784 0.0457287)
(-0.00123669 0.00096972 0.0457287)
(-0.00123618 0.000501918 0.0457287)
(-0.001253 -0.000113418 0.0457287)
(-0.000948072 -0.000585007 0.0457287)
(-0.000674808 -0.00096061 0.0457287)
(0.00042228 -0.00128137 0.0457287)
(0.000835044 -0.00111994 0.0457287)
(0.00124319 -0.000970525 0.0457287)
(0.00179085 -1.04206e-05 0.0457287)
(0.00171829 -0.000477546 0.0457287)
(0.00187476 0.000371798 0.0457287)
(0.00162034 0.000620692 0.0457287)
(0.00134491 0.00097979 0.0457287)
(0.00104133 0.00131953 0.0457287)
(-0.000474052 0.00171834 0.0457287)
(-0.000892307 0.00156068 0.0457287)
(-0.00127007 0.00137295 0.0457287)
(-0.00155767 0.00123196 0.0457287)
(-0.00162963 0.000909759 0.0457287)
(-0.00171542 0.00047213 0.0457287)
(-0.00178736 -2.795e-06 0.0457287)
(-0.00186768 -0.000378077 0.0457287)
(-0.00161808 -0.000630614 0.0457287)
(-0.00133982 -0.00098645 0.0457287)
(-0.00103397 -0.0013242 0.0457287)
(0.000481683 -0.00171763 0.0457287)
(0.000900412 -0.00155787 0.0457287)
(0.00127442 -0.00137161 0.0457287)
(0.00156003 -0.0012307 0.0457287)
(0.00163249 -0.000910091 0.0457287)
(0.00221309 0.000505123 0.0457287)
(0.00227 0 0.0457287)
(0.0020452 0.000984916 0.0457287)
(0.00177476 0.00141532 0.0457287)
(0.00141532 0.00177476 0.0457287)
(0.000984916 0.0020452 0.0457287)
(0.000505123 0.00221309 0.0457287)
(-3.89333e-18 0.00227 0.0457287)
(-0.000505123 0.00221309 0.0457287)
(-0.000984916 0.0020452 0.0457287)
(-0.00141532 0.00177476 0.0457287)
(-0.00177476 0.00141532 0.0457287)
(-0.0020452 0.000984916 0.0457287)
(-0.00221309 0.000505123 0.0457287)
(-0.00227 2.77995e-19 0.0457287)
(-0.00221309 -0.000505123 0.0457287)
(-0.0020452 -0.000984916 0.0457287)
(-0.00177476 -0.00141532 0.0457287)
(-0.00141532 -0.00177476 0.0457287)
(-0.000984916 -0.0020452 0.0457287)
(-0.000505123 -0.00221309 0.0457287)
(-3.89333e-18 -0.00227 0.0457287)
(0.000505123 -0.00221309 0.0457287)
(0.000984916 -0.0020452 0.0457287)
(0.00141532 -0.00177476 0.0457287)
(0.00177476 -0.00141532 0.0457287)
(0.0020452 -0.000984916 0.0457287)
(0.00221309 -0.000505123 0.0457287)
(0.000254978 0.00148823 0.0462288)
(0.000352341 0.00178374 0.0462288)
(0.000706634 0.00160009 0.0462288)
(0.000446052 0.00126652 0.0462288)
(-3.43612e-05 0.00140735 0.0462288)
(-4.50004e-05 0.00179745 0.0462288)
(9.8468e-05 0.00105354 0.0462288)
(-0.000243801 -0.00149233 0.0462288)
(-0.000343709 -0.00178639 0.0462288)
(-0.000698232 -0.0016031 0.0462288)
(-0.000433895 -0.00127144 0.0462288)
(4.58617e-05 -0.00141182 0.0462288)
(5.27853e-05 -0.00179973 0.0462288)
(-8.62642e-05 -0.00106024 0.0462288)
(5.33056e-06 -7.56965e-06 0.0462288)
(-0.000170637 0.000423889 0.0462288)
(0.000276728 0.000671224 0.0462288)
(0.000479026 0.000254696 0.0462288)
(0.000666744 -0.00019532 0.0462288)
(0.000181917 -0.000438581 0.0462288)
(-0.000311617 0.000857308 0.0462288)
(-0.000656337 0.000182064 0.0462288)
(-0.000759557 0.000664251 0.0462288)
(-0.000468886 -0.000270451 0.0462288)
(-0.000264037 -0.00068208 0.0462288)
(0.000324441 -0.000865139 0.0462288)
(0.000770337 -0.000672555 0.0462288)
(0.00125938 0.000101053 0.0462288)
(0.00124473 -0.000509285 0.0462288)
(0.000958037 0.000572491 0.0462288)
(0.000686355 0.000952739 0.0462288)
(-0.000411913 0.00127783 0.0462288)
(-0.000825269 0.00111784 0.0462288)
(-0.00123669 0.00096972 0.0462288)
(-0.00123618 0.000501918 0.0462288)
(-0.001253 -0.000113418 0.0462288)
(-0.000948072 -0.000585007 0.0462288)
(-0.000674808 -0.00096061 0.0462288)
(0.00042228 -0.00128137 0.0462288)
(0.000835044 -0.00111994 0.0462288)
(0.00124319 -0.000970525 0.0462288)
(0.00179085 -1.04206e-05 0.0462288)
(0.00171829 -0.000477546 0.0462288)
(0.00187476 0.000371798 0.0462288)
(0.00162034 0.000620692 0.0462288)
(0.00134491 0.00097979 0.0462288)
(0.00104133 0.00131953 0.0462288)
(-0.000474052 0.00171834 0.0462288)
(-0.000892307 0.00156068 0.0462288)
(-0.00127007 0.00137295 0.0462288)
(-0.00155767 0.00123196 0.0462288)
(-0.00162963 0.000909759 0.0462288)
(-0.00171542 0.00047213 0.0462288)
(-0.00178736 -2.795e-06 0.0462288)
(-0.00186768 -0.000378077 0.0462288)
(-0.00161808 -0.000630614 0.0462288)
(-0.00133982 -0.00098645 0.0462288)
(-0.00103397 -0.0013242 0.0462288)
(0.000481683 -0.00171763 0.0462288)
(0.000900412 -0.00155787 0.0462288)
(0.00127442 -0.00137161 0.0462288)
(0.00156003 -0.0012307 0.0462288)
(0.00163249 -0.000910091 0.0462288)
(0.00221309 0.000505123 0.0462288)
(0.00227 -2.01617e-18 0.0462288)
(0.0020452 0.000984916 0.0462288)
(0.00177476 0.00141532 0.0462288)
(0.00141532 0.00177476 0.0462288)
(0.000984916 0.0020452 0.0462288)
(0.000505123 0.00221309 0.0462288)
(1.38997e-19 0.00227 0.0462288)
(-0.000505123 0.00221309 0.0462288)
(-0.000984916 0.0020452 0.0462288)
(-0.00141532 0.00177476 0.0462288)
(-0.00177476 0.00141532 0.0462288)
(-0.0020452 0.000984916 0.0462288)
(-0.00221309 0.000505123 0.0462288)
(-0.00227 2.77995e-19 0.0462288)
(-0.00221309 -0.000505123 0.0462288)
(-0.0020452 -0.000984916 0.0462288)
(-0.00177476 -0.00141532 0.0462288)
(-0.00141532 -0.00177476 0.0462288)
(-0.000984916 -0.0020452 0.0462288)
(-0.000505123 -0.00221309 0.0462288)
(2.15516e-18 -0.00227 0.0462288)
(0.000505123 -0.00221309 0.0462288)
(0.000984916 -0.0020452 0.0462288)
(0.00141532 -0.00177476 0.0462288)
(0.00177476 -0.00141532 0.0462288)
(0.0020452 -0.000984916 0.0462288)
(0.00221309 -0.000505123 0.0462288)
(0.000254978 0.00148823 0.0467289)
(0.000352341 0.00178374 0.0467289)
(0.000706634 0.00160009 0.0467289)
(0.000446052 0.00126652 0.0467289)
(-3.43612e-05 0.00140735 0.0467289)
(-4.50004e-05 0.00179745 0.0467289)
(9.8468e-05 0.00105354 0.0467289)
(-0.000243801 -0.00149233 0.0467289)
(-0.000343709 -0.00178639 0.0467289)
(-0.000698232 -0.0016031 0.0467289)
(-0.000433895 -0.00127144 0.0467289)
(4.58617e-05 -0.00141182 0.0467289)
(5.27853e-05 -0.00179973 0.0467289)
(-8.62642e-05 -0.00106024 0.0467289)
(5.33056e-06 -7.56965e-06 0.0467289)
(-0.000170637 0.000423889 0.0467289)
(0.000276728 0.000671224 0.0467289)
(0.000479026 0.000254696 0.0467289)
(0.000666744 -0.00019532 0.0467289)
(0.000181917 -0.000438581 0.0467289)
(-0.000311617 0.000857308 0.0467289)
(-0.000656337 0.000182064 0.0467289)
(-0.000759557 0.000664251 0.0467289)
(-0.000468886 -0.000270451 0.0467289)
(-0.000264037 -0.00068208 0.0467289)
(0.000324441 -0.000865139 0.0467289)
(0.000770337 -0.000672555 0.0467289)
(0.00125938 0.000101053 0.0467289)
(0.00124473 -0.000509285 0.0467289)
(0.000958037 0.000572491 0.0467289)
(0.000686355 0.000952739 0.0467289)
(-0.000411913 0.00127783 0.0467289)
(-0.000825269 0.00111784 0.0467289)
(-0.00123669 0.00096972 0.0467289)
(-0.00123618 0.000501918 0.0467289)
(-0.001253 -0.000113418 0.0467289)
(-0.000948072 -0.000585007 0.0467289)
(-0.000674808 -0.00096061 0.0467289)
(0.00042228 -0.00128137 0.0467289)
(0.000835044 -0.00111994 0.0467289)
(0.00124319 -0.000970525 0.0467289)
(0.00179085 -1.04206e-05 0.0467289)
(0.00171829 -0.000477546 0.0467289)
(0.00187476 0.000371798 0.0467289)
(0.00162034 0.000620692 0.0467289)
(0.00134491 0.00097979 0.0467289)
(0.00104133 0.00131953 0.0467289)
(-0.000474052 0.00171834 0.0467289)
(-0.000892307 0.00156068 0.0467289)
(-0.00127007 0.00137295 0.0467289)
(-0.00155767 0.00123196 0.0467289)
(-0.00162963 0.000909759 0.0467289)
(-0.00171542 0.00047213 0.0467289)
(-0.00178736 -2.795e-06 0.0467289)
(-0.00186768 -0.000378077 0.0467289)
(-0.00161808 -0.000630614 0.0467289)
(-0.00133982 -0.00098645 0.0467289)
(-0.00103397 -0.0013242 0.0467289)
(0.000481683 -0.00171763 0.0467289)
(0.000900412 -0.00155787 0.0467289)
(0.00127442 -0.00137161 0.0467289)
(0.00156003 -0.0012307 0.0467289)
(0.00163249 -0.000910091 0.0467289)
(0.00221309 0.000505123 0.0467289)
(0.00227 0 0.0467289)
(0.0020452 0.000984916 0.0467289)
(0.00177476 0.00141532 0.0467289)
(0.00141532 0.00177476 0.0467289)
(0.000984916 0.0020452 0.0467289)
(0.000505123 0.00221309 0.0467289)
(1.38997e-19 0.00227 0.0467289)
(-0.000505123 0.00221309 0.0467289)
(-0.000984916 0.0020452 0.0467289)
(-0.00141532 0.00177476 0.0467289)
(-0.00177476 0.00141532 0.0467289)
(-0.0020452 0.000984916 0.0467289)
(-0.00221309 0.000505123 0.0467289)
(-0.00227 2.77995e-19 0.0467289)
(-0.00221309 -0.000505123 0.0467289)
(-0.0020452 -0.000984916 0.0467289)
(-0.00177476 -0.00141532 0.0467289)
(-0.00141532 -0.00177476 0.0467289)
(-0.000984916 -0.0020452 0.0467289)
(-0.000505123 -0.00221309 0.0467289)
(2.15516e-18 -0.00227 0.0467289)
(0.000505123 -0.00221309 0.0467289)
(0.000984916 -0.0020452 0.0467289)
(0.00141532 -0.00177476 0.0467289)
(0.00177476 -0.00141532 0.0467289)
(0.0020452 -0.000984916 0.0467289)
(0.00221309 -0.000505123 0.0467289)
(0.000254978 0.00148823 0.047229)
(0.000352341 0.00178374 0.047229)
(0.000706634 0.00160009 0.047229)
(0.000446052 0.00126652 0.047229)
(-3.43612e-05 0.00140735 0.047229)
(-4.50004e-05 0.00179745 0.047229)
(9.8468e-05 0.00105354 0.047229)
(-0.000243801 -0.00149233 0.047229)
(-0.000343709 -0.00178639 0.047229)
(-0.000698232 -0.0016031 0.047229)
(-0.000433895 -0.00127144 0.047229)
(4.58617e-05 -0.00141182 0.047229)
(5.27853e-05 -0.00179973 0.047229)
(-8.62642e-05 -0.00106024 0.047229)
(5.33056e-06 -7.56965e-06 0.047229)
(-0.000170637 0.000423889 0.047229)
(0.000276728 0.000671224 0.047229)
(0.000479026 0.000254696 0.047229)
(0.000666744 -0.00019532 0.047229)
(0.000181917 -0.000438581 0.047229)
(-0.000311617 0.000857308 0.047229)
(-0.000656337 0.000182064 0.047229)
(-0.000759557 0.000664251 0.047229)
(-0.000468886 -0.000270451 0.047229)
(-0.000264037 -0.00068208 0.047229)
(0.000324441 -0.000865139 0.047229)
(0.000770337 -0.000672555 0.047229)
(0.00125938 0.000101053 0.047229)
(0.00124473 -0.000509285 0.047229)
(0.000958037 0.000572491 0.047229)
(0.000686355 0.000952739 0.047229)
(-0.000411913 0.00127783 0.047229)
(-0.000825269 0.00111784 0.047229)
(-0.00123669 0.00096972 0.047229)
(-0.00123618 0.000501918 0.047229)
(-0.001253 -0.000113418 0.047229)
(-0.000948072 -0.000585007 0.047229)
(-0.000674808 -0.00096061 0.047229)
(0.00042228 -0.00128137 0.047229)
(0.000835044 -0.00111994 0.047229)
(0.00124319 -0.000970525 0.047229)
(0.00179085 -1.04206e-05 0.047229)
(0.00171829 -0.000477546 0.047229)
(0.00187476 0.000371798 0.047229)
(0.00162034 0.000620692 0.047229)
(0.00134491 0.00097979 0.047229)
(0.00104133 0.00131953 0.047229)
(-0.000474052 0.00171834 0.047229)
(-0.000892307 0.00156068 0.047229)
(-0.00127007 0.00137295 0.047229)
(-0.00155767 0.00123196 0.047229)
(-0.00162963 0.000909759 0.047229)
(-0.00171542 0.00047213 0.047229)
(-0.00178736 -2.795e-06 0.047229)
(-0.00186768 -0.000378077 0.047229)
(-0.00161808 -0.000630614 0.047229)
(-0.00133982 -0.00098645 0.047229)
(-0.00103397 -0.0013242 0.047229)
(0.000481683 -0.00171763 0.047229)
(0.000900412 -0.00155787 0.047229)
(0.00127442 -0.00137161 0.047229)
(0.00156003 -0.0012307 0.047229)
(0.00163249 -0.000910091 0.047229)
(0.00221309 0.000505123 0.047229)
(0.00227 -2.01617e-18 0.047229)
(0.0020452 0.000984916 0.047229)
(0.00177476 0.00141532 0.047229)
(0.00141532 0.00177476 0.047229)
(0.000984916 0.0020452 0.047229)
(0.000505123 0.00221309 0.047229)
(4.17133e-18 0.00227 0.047229)
(-0.000505123 0.00221309 0.047229)
(-0.000984916 0.0020452 0.047229)
(-0.00141532 0.00177476 0.047229)
(-0.00177476 0.00141532 0.047229)
(-0.0020452 0.000984916 0.047229)
(-0.00221309 0.000505123 0.047229)
(-0.00227 2.77995e-19 0.047229)
(-0.00221309 -0.000505123 0.047229)
(-0.0020452 -0.000984916 0.047229)
(-0.00177476 -0.00141532 0.047229)
(-0.00141532 -0.00177476 0.047229)
(-0.000984916 -0.0020452 0.047229)
(-0.000505123 -0.00221309 0.047229)
(1.38997e-19 -0.00227 0.047229)
(0.000505123 -0.00221309 0.047229)
(0.000984916 -0.0020452 0.047229)
(0.00141532 -0.00177476 0.047229)
(0.00177476 -0.00141532 0.047229)
(0.0020452 -0.000984916 0.047229)
(0.00221309 -0.000505123 0.047229)
(0.000254978 0.00148823 0.0477292)
(0.000352341 0.00178374 0.0477292)
(0.000706634 0.00160009 0.0477292)
(0.000446052 0.00126652 0.0477292)
(-3.43612e-05 0.00140735 0.0477292)
(-4.50004e-05 0.00179745 0.0477292)
(9.8468e-05 0.00105354 0.0477292)
(-0.000243801 -0.00149233 0.0477292)
(-0.000343709 -0.00178639 0.0477292)
(-0.000698232 -0.0016031 0.0477292)
(-0.000433895 -0.00127144 0.0477292)
(4.58617e-05 -0.00141182 0.0477292)
(5.27853e-05 -0.00179973 0.0477292)
(-8.62642e-05 -0.00106024 0.0477292)
(5.33056e-06 -7.56965e-06 0.0477292)
(-0.000170637 0.000423889 0.0477292)
(0.000276728 0.000671224 0.0477292)
(0.000479026 0.000254696 0.0477292)
(0.000666744 -0.00019532 0.0477292)
(0.000181917 -0.000438581 0.0477292)
(-0.000311617 0.000857308 0.0477292)
(-0.000656337 0.000182064 0.0477292)
(-0.000759557 0.000664251 0.0477292)
(-0.000468886 -0.000270451 0.0477292)
(-0.000264037 -0.00068208 0.0477292)
(0.000324441 -0.000865139 0.0477292)
(0.000770337 -0.000672555 0.0477292)
(0.00125938 0.000101053 0.0477292)
(0.00124473 -0.000509285 0.0477292)
(0.000958037 0.000572491 0.0477292)
(0.000686355 0.000952739 0.0477292)
(-0.000411913 0.00127783 0.0477292)
(-0.000825269 0.00111784 0.0477292)
(-0.00123669 0.00096972 0.0477292)
(-0.00123618 0.000501918 0.0477292)
(-0.001253 -0.000113418 0.0477292)
(-0.000948072 -0.000585007 0.0477292)
(-0.000674808 -0.00096061 0.0477292)
(0.00042228 -0.00128137 0.0477292)
(0.000835044 -0.00111994 0.0477292)
(0.00124319 -0.000970525 0.0477292)
(0.00179085 -1.04206e-05 0.0477292)
(0.00171829 -0.000477546 0.0477292)
(0.00187476 0.000371798 0.0477292)
(0.00162034 0.000620692 0.0477292)
(0.00134491 0.00097979 0.0477292)
(0.00104133 0.00131953 0.0477292)
(-0.000474052 0.00171834 0.0477292)
(-0.000892307 0.00156068 0.0477292)
(-0.00127007 0.00137295 0.0477292)
(-0.00155767 0.00123196 0.0477292)
(-0.00162963 0.000909759 0.0477292)
(-0.00171542 0.00047213 0.0477292)
(-0.00178736 -2.795e-06 0.0477292)
(-0.00186768 -0.000378077 0.0477292)
(-0.00161808 -0.000630614 0.0477292)
(-0.00133982 -0.00098645 0.0477292)
(-0.00103397 -0.0013242 0.0477292)
(0.000481683 -0.00171763 0.0477292)
(0.000900412 -0.00155787 0.0477292)
(0.00127442 -0.00137161 0.0477292)
(0.00156003 -0.0012307 0.0477292)
(0.00163249 -0.000910091 0.0477292)
(0.00221309 0.000505123 0.0477292)
(0.00227 0 0.0477292)
(0.0020452 0.000984916 0.0477292)
(0.00177476 0.00141532 0.0477292)
(0.00141532 0.00177476 0.0477292)
(0.000984916 0.0020452 0.0477292)
(0.000505123 0.00221309 0.0477292)
(4.17133e-18 0.00227 0.0477292)
(-0.000505123 0.00221309 0.0477292)
(-0.000984916 0.0020452 0.0477292)
(-0.00141532 0.00177476 0.0477292)
(-0.00177476 0.00141532 0.0477292)
(-0.0020452 0.000984916 0.0477292)
(-0.00221309 0.000505123 0.0477292)
(-0.00227 2.77995e-19 0.0477292)
(-0.00221309 -0.000505123 0.0477292)
(-0.0020452 -0.000984916 0.0477292)
(-0.00177476 -0.00141532 0.0477292)
(-0.00141532 -0.00177476 0.0477292)
(-0.000984916 -0.0020452 0.0477292)
(-0.000505123 -0.00221309 0.0477292)
(-1.87717e-18 -0.00227 0.0477292)
(0.000505123 -0.00221309 0.0477292)
(0.000984916 -0.0020452 0.0477292)
(0.00141532 -0.00177476 0.0477292)
(0.00177476 -0.00141532 0.0477292)
(0.0020452 -0.000984916 0.0477292)
(0.00221309 -0.000505123 0.0477292)
(0.000254978 0.00148823 0.0482293)
(0.000352341 0.00178374 0.0482293)
(0.000706634 0.00160009 0.0482293)
(0.000446052 0.00126652 0.0482293)
(-3.43612e-05 0.00140735 0.0482293)
(-4.50004e-05 0.00179745 0.0482293)
(9.8468e-05 0.00105354 0.0482293)
(-0.000243801 -0.00149233 0.0482293)
(-0.000343709 -0.00178639 0.0482293)
(-0.000698232 -0.0016031 0.0482293)
(-0.000433895 -0.00127144 0.0482293)
(4.58617e-05 -0.00141182 0.0482293)
(5.27853e-05 -0.00179973 0.0482293)
(-8.62642e-05 -0.00106024 0.0482293)
(5.33056e-06 -7.56965e-06 0.0482293)
(-0.000170637 0.000423889 0.0482293)
(0.000276728 0.000671224 0.0482293)
(0.000479026 0.000254696 0.0482293)
(0.000666744 -0.00019532 0.0482293)
(0.000181917 -0.000438581 0.0482293)
(-0.000311617 0.000857308 0.0482293)
(-0.000656337 0.000182064 0.0482293)
(-0.000759557 0.000664251 0.0482293)
(-0.000468886 -0.000270451 0.0482293)
(-0.000264037 -0.00068208 0.0482293)
(0.000324441 -0.000865139 0.0482293)
(0.000770337 -0.000672555 0.0482293)
(0.00125938 0.000101053 0.0482293)
(0.00124473 -0.000509285 0.0482293)
(0.000958037 0.000572491 0.0482293)
(0.000686355 0.000952739 0.0482293)
(-0.000411913 0.00127783 0.0482293)
(-0.000825269 0.00111784 0.0482293)
(-0.00123669 0.00096972 0.0482293)
(-0.00123618 0.000501918 0.0482293)
(-0.001253 -0.000113418 0.0482293)
(-0.000948072 -0.000585007 0.0482293)
(-0.000674808 -0.00096061 0.0482293)
(0.00042228 -0.00128137 0.0482293)
(0.000835044 -0.00111994 0.0482293)
(0.00124319 -0.000970525 0.0482293)
(0.00179085 -1.04206e-05 0.0482293)
(0.00171829 -0.000477546 0.0482293)
(0.00187476 0.000371798 0.0482293)
(0.00162034 0.000620692 0.0482293)
(0.00134491 0.00097979 0.0482293)
(0.00104133 0.00131953 0.0482293)
(-0.000474052 0.00171834 0.0482293)
(-0.000892307 0.00156068 0.0482293)
(-0.00127007 0.00137295 0.0482293)
(-0.00155767 0.00123196 0.0482293)
(-0.00162963 0.000909759 0.0482293)
(-0.00171542 0.00047213 0.0482293)
(-0.00178736 -2.795e-06 0.0482293)
(-0.00186768 -0.000378077 0.0482293)
(-0.00161808 -0.000630614 0.0482293)
(-0.00133982 -0.00098645 0.0482293)
(-0.00103397 -0.0013242 0.0482293)
(0.000481683 -0.00171763 0.0482293)
(0.000900412 -0.00155787 0.0482293)
(0.00127442 -0.00137161 0.0482293)
(0.00156003 -0.0012307 0.0482293)
(0.00163249 -0.000910091 0.0482293)
(0.00221309 0.000505123 0.0482293)
(0.00227 0 0.0482293)
(0.0020452 0.000984916 0.0482293)
(0.00177476 0.00141532 0.0482293)
(0.00141532 0.00177476 0.0482293)
(0.000984916 0.0020452 0.0482293)
(0.000505123 0.00221309 0.0482293)
(-3.89333e-18 0.00227 0.0482293)
(-0.000505123 0.00221309 0.0482293)
(-0.000984916 0.0020452 0.0482293)
(-0.00141532 0.00177476 0.0482293)
(-0.00177476 0.00141532 0.0482293)
(-0.0020452 0.000984916 0.0482293)
(-0.00221309 0.000505123 0.0482293)
(-0.00227 2.77995e-19 0.0482293)
(-0.00221309 -0.000505123 0.0482293)
(-0.0020452 -0.000984916 0.0482293)
(-0.00177476 -0.00141532 0.0482293)
(-0.00141532 -0.00177476 0.0482293)
(-0.000984916 -0.0020452 0.0482293)
(-0.000505123 -0.00221309 0.0482293)
(1.38997e-19 -0.00227 0.0482293)
(0.000505123 -0.00221309 0.0482293)
(0.000984916 -0.0020452 0.0482293)
(0.00141532 -0.00177476 0.0482293)
(0.00177476 -0.00141532 0.0482293)
(0.0020452 -0.000984916 0.0482293)
(0.00221309 -0.000505123 0.0482293)
(0.000254978 0.00148823 0.0487294)
(0.000352341 0.00178374 0.0487294)
(0.000706634 0.00160009 0.0487294)
(0.000446052 0.00126652 0.0487294)
(-3.43612e-05 0.00140735 0.0487294)
(-4.50004e-05 0.00179745 0.0487294)
(9.8468e-05 0.00105354 0.0487294)
(-0.000243801 -0.00149233 0.0487294)
(-0.000343709 -0.00178639 0.0487294)
(-0.000698232 -0.0016031 0.0487294)
(-0.000433895 -0.00127144 0.0487294)
(4.58617e-05 -0.00141182 0.0487294)
(5.27853e-05 -0.00179973 0.0487294)
(-8.62642e-05 -0.00106024 0.0487294)
(5.33056e-06 -7.56965e-06 0.0487294)
(-0.000170637 0.000423889 0.0487294)
(0.000276728 0.000671224 0.0487294)
(0.000479026 0.000254696 0.0487294)
(0.000666744 -0.00019532 0.0487294)
(0.000181917 -0.000438581 0.0487294)
(-0.000311617 0.000857308 0.0487294)
(-0.000656337 0.000182064 0.0487294)
(-0.000759557 0.000664251 0.0487294)
(-0.000468886 -0.000270451 0.0487294)
(-0.000264037 -0.00068208 0.0487294)
(0.000324441 -0.000865139 0.0487294)
(0.000770337 -0.000672555 0.0487294)
(0.00125938 0.000101053 0.0487294)
(0.00124473 -0.000509285 0.0487294)
(0.000958037 0.000572491 0.0487294)
(0.000686355 0.000952739 0.0487294)
(-0.000411913 0.00127783 0.0487294)
(-0.000825269 0.00111784 0.0487294)
(-0.00123669 0.00096972 0.0487294)
(-0.00123618 0.000501918 0.0487294)
(-0.001253 -0.000113418 0.0487294)
(-0.000948072 -0.000585007 0.0487294)
(-0.000674808 -0.00096061 0.0487294)
(0.00042228 -0.00128137 0.0487294)
(0.000835044 -0.00111994 0.0487294)
(0.00124319 -0.000970525 0.0487294)
(0.00179085 -1.04206e-05 0.0487294)
(0.00171829 -0.000477546 0.0487294)
(0.00187476 0.000371798 0.0487294)
(0.00162034 0.000620692 0.0487294)
(0.00134491 0.00097979 0.0487294)
(0.00104133 0.00131953 0.0487294)
(-0.000474052 0.00171834 0.0487294)
(-0.000892307 0.00156068 0.0487294)
(-0.00127007 0.00137295 0.0487294)
(-0.00155767 0.00123196 0.0487294)
(-0.00162963 0.000909759 0.0487294)
(-0.00171542 0.00047213 0.0487294)
(-0.00178736 -2.795e-06 0.0487294)
(-0.00186768 -0.000378077 0.0487294)
(-0.00161808 -0.000630614 0.0487294)
(-0.00133982 -0.00098645 0.0487294)
(-0.00103397 -0.0013242 0.0487294)
(0.000481683 -0.00171763 0.0487294)
(0.000900412 -0.00155787 0.0487294)
(0.00127442 -0.00137161 0.0487294)
(0.00156003 -0.0012307 0.0487294)
(0.00163249 -0.000910091 0.0487294)
(0.00221309 0.000505123 0.0487294)
(0.00227 2.01617e-18 0.0487294)
(0.0020452 0.000984916 0.0487294)
(0.00177476 0.00141532 0.0487294)
(0.00141532 0.00177476 0.0487294)
(0.000984916 0.0020452 0.0487294)
(0.000505123 0.00221309 0.0487294)
(1.38997e-19 0.00227 0.0487294)
(-0.000505123 0.00221309 0.0487294)
(-0.000984916 0.0020452 0.0487294)
(-0.00141532 0.00177476 0.0487294)
(-0.00177476 0.00141532 0.0487294)
(-0.0020452 0.000984916 0.0487294)
(-0.00221309 0.000505123 0.0487294)
(-0.00227 2.77995e-19 0.0487294)
(-0.00221309 -0.000505123 0.0487294)
(-0.0020452 -0.000984916 0.0487294)
(-0.00177476 -0.00141532 0.0487294)
(-0.00141532 -0.00177476 0.0487294)
(-0.000984916 -0.0020452 0.0487294)
(-0.000505123 -0.00221309 0.0487294)
(1.38997e-19 -0.00227 0.0487294)
(0.000505123 -0.00221309 0.0487294)
(0.000984916 -0.0020452 0.0487294)
(0.00141532 -0.00177476 0.0487294)
(0.00177476 -0.00141532 0.0487294)
(0.0020452 -0.000984916 0.0487294)
(0.00221309 -0.000505123 0.0487294)
(0.000254978 0.00148823 0.0492295)
(0.000352341 0.00178374 0.0492295)
(0.000706634 0.00160009 0.0492295)
(0.000446052 0.00126652 0.0492295)
(-3.43612e-05 0.00140735 0.0492295)
(-4.50004e-05 0.00179745 0.0492295)
(9.8468e-05 0.00105354 0.0492295)
(-0.000243801 -0.00149233 0.0492295)
(-0.000343709 -0.00178639 0.0492295)
(-0.000698232 -0.0016031 0.0492295)
(-0.000433895 -0.00127144 0.0492295)
(4.58617e-05 -0.00141182 0.0492295)
(5.27853e-05 -0.00179973 0.0492295)
(-8.62642e-05 -0.00106024 0.0492295)
(5.33056e-06 -7.56965e-06 0.0492295)
(-0.000170637 0.000423889 0.0492295)
(0.000276728 0.000671224 0.0492295)
(0.000479026 0.000254696 0.0492295)
(0.000666744 -0.00019532 0.0492295)
(0.000181917 -0.000438581 0.0492295)
(-0.000311617 0.000857308 0.0492295)
(-0.000656337 0.000182064 0.0492295)
(-0.000759557 0.000664251 0.0492295)
(-0.000468886 -0.000270451 0.0492295)
(-0.000264037 -0.00068208 0.0492295)
(0.000324441 -0.000865139 0.0492295)
(0.000770337 -0.000672555 0.0492295)
(0.00125938 0.000101053 0.0492295)
(0.00124473 -0.000509285 0.0492295)
(0.000958037 0.000572491 0.0492295)
(0.000686355 0.000952739 0.0492295)
(-0.000411913 0.00127783 0.0492295)
(-0.000825269 0.00111784 0.0492295)
(-0.00123669 0.00096972 0.0492295)
(-0.00123618 0.000501918 0.0492295)
(-0.001253 -0.000113418 0.0492295)
(-0.000948072 -0.000585007 0.0492295)
(-0.000674808 -0.00096061 0.0492295)
(0.00042228 -0.00128137 0.0492295)
(0.000835044 -0.00111994 0.0492295)
(0.00124319 -0.000970525 0.0492295)
(0.00179085 -1.04206e-05 0.0492295)
(0.00171829 -0.000477546 0.0492295)
(0.00187476 0.000371798 0.0492295)
(0.00162034 0.000620692 0.0492295)
(0.00134491 0.00097979 0.0492295)
(0.00104133 0.00131953 0.0492295)
(-0.000474052 0.00171834 0.0492295)
(-0.000892307 0.00156068 0.0492295)
(-0.00127007 0.00137295 0.0492295)
(-0.00155767 0.00123196 0.0492295)
(-0.00162963 0.000909759 0.0492295)
(-0.00171542 0.00047213 0.0492295)
(-0.00178736 -2.795e-06 0.0492295)
(-0.00186768 -0.000378077 0.0492295)
(-0.00161808 -0.000630614 0.0492295)
(-0.00133982 -0.00098645 0.0492295)
(-0.00103397 -0.0013242 0.0492295)
(0.000481683 -0.00171763 0.0492295)
(0.000900412 -0.00155787 0.0492295)
(0.00127442 -0.00137161 0.0492295)
(0.00156003 -0.0012307 0.0492295)
(0.00163249 -0.000910091 0.0492295)
(0.00221309 0.000505123 0.0492295)
(0.00227 0 0.0492295)
(0.0020452 0.000984916 0.0492295)
(0.00177476 0.00141532 0.0492295)
(0.00141532 0.00177476 0.0492295)
(0.000984916 0.0020452 0.0492295)
(0.000505123 0.00221309 0.0492295)
(-3.89333e-18 0.00227 0.0492295)
(-0.000505123 0.00221309 0.0492295)
(-0.000984916 0.0020452 0.0492295)
(-0.00141532 0.00177476 0.0492295)
(-0.00177476 0.00141532 0.0492295)
(-0.0020452 0.000984916 0.0492295)
(-0.00221309 0.000505123 0.0492295)
(-0.00227 2.77995e-19 0.0492295)
(-0.00221309 -0.000505123 0.0492295)
(-0.0020452 -0.000984916 0.0492295)
(-0.00177476 -0.00141532 0.0492295)
(-0.00141532 -0.00177476 0.0492295)
(-0.000984916 -0.0020452 0.0492295)
(-0.000505123 -0.00221309 0.0492295)
(-1.87717e-18 -0.00227 0.0492295)
(0.000505123 -0.00221309 0.0492295)
(0.000984916 -0.0020452 0.0492295)
(0.00141532 -0.00177476 0.0492295)
(0.00177476 -0.00141532 0.0492295)
(0.0020452 -0.000984916 0.0492295)
(0.00221309 -0.000505123 0.0492295)
(0.000254978 0.00148823 0.0497296)
(0.000352341 0.00178374 0.0497296)
(0.000706634 0.00160009 0.0497296)
(0.000446052 0.00126652 0.0497296)
(-3.43612e-05 0.00140735 0.0497296)
(-4.50004e-05 0.00179745 0.0497296)
(9.8468e-05 0.00105354 0.0497296)
(-0.000243801 -0.00149233 0.0497296)
(-0.000343709 -0.00178639 0.0497296)
(-0.000698232 -0.0016031 0.0497296)
(-0.000433895 -0.00127144 0.0497296)
(4.58617e-05 -0.00141182 0.0497296)
(5.27853e-05 -0.00179973 0.0497296)
(-8.62642e-05 -0.00106024 0.0497296)
(5.33056e-06 -7.56965e-06 0.0497296)
(-0.000170637 0.000423889 0.0497296)
(0.000276728 0.000671224 0.0497296)
(0.000479026 0.000254696 0.0497296)
(0.000666744 -0.00019532 0.0497296)
(0.000181917 -0.000438581 0.0497296)
(-0.000311617 0.000857308 0.0497296)
(-0.000656337 0.000182064 0.0497296)
(-0.000759557 0.000664251 0.0497296)
(-0.000468886 -0.000270451 0.0497296)
(-0.000264037 -0.00068208 0.0497296)
(0.000324441 -0.000865139 0.0497296)
(0.000770337 -0.000672555 0.0497296)
(0.00125938 0.000101053 0.0497296)
(0.00124473 -0.000509285 0.0497296)
(0.000958037 0.000572491 0.0497296)
(0.000686355 0.000952739 0.0497296)
(-0.000411913 0.00127783 0.0497296)
(-0.000825269 0.00111784 0.0497296)
(-0.00123669 0.00096972 0.0497296)
(-0.00123618 0.000501918 0.0497296)
(-0.001253 -0.000113418 0.0497296)
(-0.000948072 -0.000585007 0.0497296)
(-0.000674808 -0.00096061 0.0497296)
(0.00042228 -0.00128137 0.0497296)
(0.000835044 -0.00111994 0.0497296)
(0.00124319 -0.000970525 0.0497296)
(0.00179085 -1.04206e-05 0.0497296)
(0.00171829 -0.000477546 0.0497296)
(0.00187476 0.000371798 0.0497296)
(0.00162034 0.000620692 0.0497296)
(0.00134491 0.00097979 0.0497296)
(0.00104133 0.00131953 0.0497296)
(-0.000474052 0.00171834 0.0497296)
(-0.000892307 0.00156068 0.0497296)
(-0.00127007 0.00137295 0.0497296)
(-0.00155767 0.00123196 0.0497296)
(-0.00162963 0.000909759 0.0497296)
(-0.00171542 0.00047213 0.0497296)
(-0.00178736 -2.795e-06 0.0497296)
(-0.00186768 -0.000378077 0.0497296)
(-0.00161808 -0.000630614 0.0497296)
(-0.00133982 -0.00098645 0.0497296)
(-0.00103397 -0.0013242 0.0497296)
(0.000481683 -0.00171763 0.0497296)
(0.000900412 -0.00155787 0.0497296)
(0.00127442 -0.00137161 0.0497296)
(0.00156003 -0.0012307 0.0497296)
(0.00163249 -0.000910091 0.0497296)
(0.00221309 0.000505123 0.0497296)
(0.00227 2.01617e-18 0.0497296)
(0.0020452 0.000984916 0.0497296)
(0.00177476 0.00141532 0.0497296)
(0.00141532 0.00177476 0.0497296)
(0.000984916 0.0020452 0.0497296)
(0.000505123 0.00221309 0.0497296)
(1.38997e-19 0.00227 0.0497296)
(-0.000505123 0.00221309 0.0497296)
(-0.000984916 0.0020452 0.0497296)
(-0.00141532 0.00177476 0.0497296)
(-0.00177476 0.00141532 0.0497296)
(-0.0020452 0.000984916 0.0497296)
(-0.00221309 0.000505123 0.0497296)
(-0.00227 2.77995e-19 0.0497296)
(-0.00221309 -0.000505123 0.0497296)
(-0.0020452 -0.000984916 0.0497296)
(-0.00177476 -0.00141532 0.0497296)
(-0.00141532 -0.00177476 0.0497296)
(-0.000984916 -0.0020452 0.0497296)
(-0.000505123 -0.00221309 0.0497296)
(4.17133e-18 -0.00227 0.0497296)
(0.000505123 -0.00221309 0.0497296)
(0.000984916 -0.0020452 0.0497296)
(0.00141532 -0.00177476 0.0497296)
(0.00177476 -0.00141532 0.0497296)
(0.0020452 -0.000984916 0.0497296)
(0.00221309 -0.000505123 0.0497296)
(0.000254978 0.00148823 0.0502297)
(0.000352341 0.00178374 0.0502297)
(0.000706634 0.00160009 0.0502297)
(0.000446052 0.00126652 0.0502297)
(-3.43612e-05 0.00140735 0.0502297)
(-4.50004e-05 0.00179745 0.0502297)
(9.8468e-05 0.00105354 0.0502297)
(-0.000243801 -0.00149233 0.0502297)
(-0.000343709 -0.00178639 0.0502297)
(-0.000698232 -0.0016031 0.0502297)
(-0.000433895 -0.00127144 0.0502297)
(4.58617e-05 -0.00141182 0.0502297)
(5.27853e-05 -0.00179973 0.0502297)
(-8.62642e-05 -0.00106024 0.0502297)
(5.33056e-06 -7.56965e-06 0.0502297)
(-0.000170637 0.000423889 0.0502297)
(0.000276728 0.000671224 0.0502297)
(0.000479026 0.000254696 0.0502297)
(0.000666744 -0.00019532 0.0502297)
(0.000181917 -0.000438581 0.0502297)
(-0.000311617 0.000857308 0.0502297)
(-0.000656337 0.000182064 0.0502297)
(-0.000759557 0.000664251 0.0502297)
(-0.000468886 -0.000270451 0.0502297)
(-0.000264037 -0.00068208 0.0502297)
(0.000324441 -0.000865139 0.0502297)
(0.000770337 -0.000672555 0.0502297)
(0.00125938 0.000101053 0.0502297)
(0.00124473 -0.000509285 0.0502297)
(0.000958037 0.000572491 0.0502297)
(0.000686355 0.000952739 0.0502297)
(-0.000411913 0.00127783 0.0502297)
(-0.000825269 0.00111784 0.0502297)
(-0.00123669 0.00096972 0.0502297)
(-0.00123618 0.000501918 0.0502297)
(-0.001253 -0.000113418 0.0502297)
(-0.000948072 -0.000585007 0.0502297)
(-0.000674808 -0.00096061 0.0502297)
(0.00042228 -0.00128137 0.0502297)
(0.000835044 -0.00111994 0.0502297)
(0.00124319 -0.000970525 0.0502297)
(0.00179085 -1.04206e-05 0.0502297)
(0.00171829 -0.000477546 0.0502297)
(0.00187476 0.000371798 0.0502297)
(0.00162034 0.000620692 0.0502297)
(0.00134491 0.00097979 0.0502297)
(0.00104133 0.00131953 0.0502297)
(-0.000474052 0.00171834 0.0502297)
(-0.000892307 0.00156068 0.0502297)
(-0.00127007 0.00137295 0.0502297)
(-0.00155767 0.00123196 0.0502297)
(-0.00162963 0.000909759 0.0502297)
(-0.00171542 0.00047213 0.0502297)
(-0.00178736 -2.795e-06 0.0502297)
(-0.00186768 -0.000378077 0.0502297)
(-0.00161808 -0.000630614 0.0502297)
(-0.00133982 -0.00098645 0.0502297)
(-0.00103397 -0.0013242 0.0502297)
(0.000481683 -0.00171763 0.0502297)
(0.000900412 -0.00155787 0.0502297)
(0.00127442 -0.00137161 0.0502297)
(0.00156003 -0.0012307 0.0502297)
(0.00163249 -0.000910091 0.0502297)
(0.00221309 0.000505123 0.0502297)
(0.00227 0 0.0502297)
(0.0020452 0.000984916 0.0502297)
(0.00177476 0.00141532 0.0502297)
(0.00141532 0.00177476 0.0502297)
(0.000984916 0.0020452 0.0502297)
(0.000505123 0.00221309 0.0502297)
(1.38997e-19 0.00227 0.0502297)
(-0.000505123 0.00221309 0.0502297)
(-0.000984916 0.0020452 0.0502297)
(-0.00141532 0.00177476 0.0502297)
(-0.00177476 0.00141532 0.0502297)
(-0.0020452 0.000984916 0.0502297)
(-0.00221309 0.000505123 0.0502297)
(-0.00227 2.77995e-19 0.0502297)
(-0.00221309 -0.000505123 0.0502297)
(-0.0020452 -0.000984916 0.0502297)
(-0.00177476 -0.00141532 0.0502297)
(-0.00141532 -0.00177476 0.0502297)
(-0.000984916 -0.0020452 0.0502297)
(-0.000505123 -0.00221309 0.0502297)
(4.17133e-18 -0.00227 0.0502297)
(0.000505123 -0.00221309 0.0502297)
(0.000984916 -0.0020452 0.0502297)
(0.00141532 -0.00177476 0.0502297)
(0.00177476 -0.00141532 0.0502297)
(0.0020452 -0.000984916 0.0502297)
(0.00221309 -0.000505123 0.0502297)
(0.000254978 0.00148823 0.0507298)
(0.000352341 0.00178374 0.0507298)
(0.000706634 0.00160009 0.0507298)
(0.000446052 0.00126652 0.0507298)
(-3.43612e-05 0.00140735 0.0507298)
(-4.50004e-05 0.00179745 0.0507298)
(9.8468e-05 0.00105354 0.0507298)
(-0.000243801 -0.00149233 0.0507298)
(-0.000343709 -0.00178639 0.0507298)
(-0.000698232 -0.0016031 0.0507298)
(-0.000433895 -0.00127144 0.0507298)
(4.58617e-05 -0.00141182 0.0507298)
(5.27853e-05 -0.00179973 0.0507298)
(-8.62642e-05 -0.00106024 0.0507298)
(5.33056e-06 -7.56965e-06 0.0507298)
(-0.000170637 0.000423889 0.0507298)
(0.000276728 0.000671224 0.0507298)
(0.000479026 0.000254696 0.0507298)
(0.000666744 -0.00019532 0.0507298)
(0.000181917 -0.000438581 0.0507298)
(-0.000311617 0.000857308 0.0507298)
(-0.000656337 0.000182064 0.0507298)
(-0.000759557 0.000664251 0.0507298)
(-0.000468886 -0.000270451 0.0507298)
(-0.000264037 -0.00068208 0.0507298)
(0.000324441 -0.000865139 0.0507298)
(0.000770337 -0.000672555 0.0507298)
(0.00125938 0.000101053 0.0507298)
(0.00124473 -0.000509285 0.0507298)
(0.000958037 0.000572491 0.0507298)
(0.000686355 0.000952739 0.0507298)
(-0.000411913 0.00127783 0.0507298)
(-0.000825269 0.00111784 0.0507298)
(-0.00123669 0.00096972 0.0507298)
(-0.00123618 0.000501918 0.0507298)
(-0.001253 -0.000113418 0.0507298)
(-0.000948072 -0.000585007 0.0507298)
(-0.000674808 -0.00096061 0.0507298)
(0.00042228 -0.00128137 0.0507298)
(0.000835044 -0.00111994 0.0507298)
(0.00124319 -0.000970525 0.0507298)
(0.00179085 -1.04206e-05 0.0507298)
(0.00171829 -0.000477546 0.0507298)
(0.00187476 0.000371798 0.0507298)
(0.00162034 0.000620692 0.0507298)
(0.00134491 0.00097979 0.0507298)
(0.00104133 0.00131953 0.0507298)
(-0.000474052 0.00171834 0.0507298)
(-0.000892307 0.00156068 0.0507298)
(-0.00127007 0.00137295 0.0507298)
(-0.00155767 0.00123196 0.0507298)
(-0.00162963 0.000909759 0.0507298)
(-0.00171542 0.00047213 0.0507298)
(-0.00178736 -2.795e-06 0.0507298)
(-0.00186768 -0.000378077 0.0507298)
(-0.00161808 -0.000630614 0.0507298)
(-0.00133982 -0.00098645 0.0507298)
(-0.00103397 -0.0013242 0.0507298)
(0.000481683 -0.00171763 0.0507298)
(0.000900412 -0.00155787 0.0507298)
(0.00127442 -0.00137161 0.0507298)
(0.00156003 -0.0012307 0.0507298)
(0.00163249 -0.000910091 0.0507298)
(0.00221309 0.000505123 0.0507298)
(0.00227 -2.01617e-18 0.0507298)
(0.0020452 0.000984916 0.0507298)
(0.00177476 0.00141532 0.0507298)
(0.00141532 0.00177476 0.0507298)
(0.000984916 0.0020452 0.0507298)
(0.000505123 0.00221309 0.0507298)
(1.38997e-19 0.00227 0.0507298)
(-0.000505123 0.00221309 0.0507298)
(-0.000984916 0.0020452 0.0507298)
(-0.00141532 0.00177476 0.0507298)
(-0.00177476 0.00141532 0.0507298)
(-0.0020452 0.000984916 0.0507298)
(-0.00221309 0.000505123 0.0507298)
(-0.00227 2.77995e-19 0.0507298)
(-0.00221309 -0.000505123 0.0507298)
(-0.0020452 -0.000984916 0.0507298)
(-0.00177476 -0.00141532 0.0507298)
(-0.00141532 -0.00177476 0.0507298)
(-0.000984916 -0.0020452 0.0507298)
(-0.000505123 -0.00221309 0.0507298)
(1.38997e-19 -0.00227 0.0507298)
(0.000505123 -0.00221309 0.0507298)
(0.000984916 -0.0020452 0.0507298)
(0.00141532 -0.00177476 0.0507298)
(0.00177476 -0.00141532 0.0507298)
(0.0020452 -0.000984916 0.0507298)
(0.00221309 -0.000505123 0.0507298)
(0.000254978 0.00148823 0.0512299)
(0.000352341 0.00178374 0.0512299)
(0.000706634 0.00160009 0.0512299)
(0.000446052 0.00126652 0.0512299)
(-3.43612e-05 0.00140735 0.0512299)
(-4.50004e-05 0.00179745 0.0512299)
(9.8468e-05 0.00105354 0.0512299)
(-0.000243801 -0.00149233 0.0512299)
(-0.000343709 -0.00178639 0.0512299)
(-0.000698232 -0.0016031 0.0512299)
(-0.000433895 -0.00127144 0.0512299)
(4.58617e-05 -0.00141182 0.0512299)
(5.27853e-05 -0.00179973 0.0512299)
(-8.62642e-05 -0.00106024 0.0512299)
(5.33056e-06 -7.56965e-06 0.0512299)
(-0.000170637 0.000423889 0.0512299)
(0.000276728 0.000671224 0.0512299)
(0.000479026 0.000254696 0.0512299)
(0.000666744 -0.00019532 0.0512299)
(0.000181917 -0.000438581 0.0512299)
(-0.000311617 0.000857308 0.0512299)
(-0.000656337 0.000182064 0.0512299)
(-0.000759557 0.000664251 0.0512299)
(-0.000468886 -0.000270451 0.0512299)
(-0.000264037 -0.00068208 0.0512299)
(0.000324441 -0.000865139 0.0512299)
(0.000770337 -0.000672555 0.0512299)
(0.00125938 0.000101053 0.0512299)
(0.00124473 -0.000509285 0.0512299)
(0.000958037 0.000572491 0.0512299)
(0.000686355 0.000952739 0.0512299)
(-0.000411913 0.00127783 0.0512299)
(-0.000825269 0.00111784 0.0512299)
(-0.00123669 0.00096972 0.0512299)
(-0.00123618 0.000501918 0.0512299)
(-0.001253 -0.000113418 0.0512299)
(-0.000948072 -0.000585007 0.0512299)
(-0.000674808 -0.00096061 0.0512299)
(0.00042228 -0.00128137 0.0512299)
(0.000835044 -0.00111994 0.0512299)
(0.00124319 -0.000970525 0.0512299)
(0.00179085 -1.04206e-05 0.0512299)
(0.00171829 -0.000477546 0.0512299)
(0.00187476 0.000371798 0.0512299)
(0.00162034 0.000620692 0.0512299)
(0.00134491 0.00097979 0.0512299)
(0.00104133 0.00131953 0.0512299)
(-0.000474052 0.00171834 0.0512299)
(-0.000892307 0.00156068 0.0512299)
(-0.00127007 0.00137295 0.0512299)
(-0.00155767 0.00123196 0.0512299)
(-0.00162963 0.000909759 0.0512299)
(-0.00171542 0.00047213 0.0512299)
(-0.00178736 -2.795e-06 0.0512299)
(-0.00186768 -0.000378077 0.0512299)
(-0.00161808 -0.000630614 0.0512299)
(-0.00133982 -0.00098645 0.0512299)
(-0.00103397 -0.0013242 0.0512299)
(0.000481683 -0.00171763 0.0512299)
(0.000900412 -0.00155787 0.0512299)
(0.00127442 -0.00137161 0.0512299)
(0.00156003 -0.0012307 0.0512299)
(0.00163249 -0.000910091 0.0512299)
(0.00221309 0.000505123 0.0512299)
(0.00227 0 0.0512299)
(0.0020452 0.000984916 0.0512299)
(0.00177476 0.00141532 0.0512299)
(0.00141532 0.00177476 0.0512299)
(0.000984916 0.0020452 0.0512299)
(0.000505123 0.00221309 0.0512299)
(4.17133e-18 0.00227 0.0512299)
(-0.000505123 0.00221309 0.0512299)
(-0.000984916 0.0020452 0.0512299)
(-0.00141532 0.00177476 0.0512299)
(-0.00177476 0.00141532 0.0512299)
(-0.0020452 0.000984916 0.0512299)
(-0.00221309 0.000505123 0.0512299)
(-0.00227 2.77995e-19 0.0512299)
(-0.00221309 -0.000505123 0.0512299)
(-0.0020452 -0.000984916 0.0512299)
(-0.00177476 -0.00141532 0.0512299)
(-0.00141532 -0.00177476 0.0512299)
(-0.000984916 -0.0020452 0.0512299)
(-0.000505123 -0.00221309 0.0512299)
(-1.87717e-18 -0.00227 0.0512299)
(0.000505123 -0.00221309 0.0512299)
(0.000984916 -0.0020452 0.0512299)
(0.00141532 -0.00177476 0.0512299)
(0.00177476 -0.00141532 0.0512299)
(0.0020452 -0.000984916 0.0512299)
(0.00221309 -0.000505123 0.0512299)
(0.000254978 0.00148823 0.05173)
(0.000352341 0.00178374 0.05173)
(0.000706634 0.00160009 0.05173)
(0.000446052 0.00126652 0.05173)
(-3.43612e-05 0.00140735 0.05173)
(-4.50004e-05 0.00179745 0.05173)
(9.8468e-05 0.00105354 0.05173)
(-0.000243801 -0.00149233 0.05173)
(-0.000343709 -0.00178639 0.05173)
(-0.000698232 -0.0016031 0.05173)
(-0.000433895 -0.00127144 0.05173)
(4.58617e-05 -0.00141182 0.05173)
(5.27853e-05 -0.00179973 0.05173)
(-8.62642e-05 -0.00106024 0.05173)
(5.33056e-06 -7.56965e-06 0.05173)
(-0.000170637 0.000423889 0.05173)
(0.000276728 0.000671224 0.05173)
(0.000479026 0.000254696 0.05173)
(0.000666744 -0.00019532 0.05173)
(0.000181917 -0.000438581 0.05173)
(-0.000311617 0.000857308 0.05173)
(-0.000656337 0.000182064 0.05173)
(-0.000759557 0.000664251 0.05173)
(-0.000468886 -0.000270451 0.05173)
(-0.000264037 -0.00068208 0.05173)
(0.000324441 -0.000865139 0.05173)
(0.000770337 -0.000672555 0.05173)
(0.00125938 0.000101053 0.05173)
(0.00124473 -0.000509285 0.05173)
(0.000958037 0.000572491 0.05173)
(0.000686355 0.000952739 0.05173)
(-0.000411913 0.00127783 0.05173)
(-0.000825269 0.00111784 0.05173)
(-0.00123669 0.00096972 0.05173)
(-0.00123618 0.000501918 0.05173)
(-0.001253 -0.000113418 0.05173)
(-0.000948072 -0.000585007 0.05173)
(-0.000674808 -0.00096061 0.05173)
(0.00042228 -0.00128137 0.05173)
(0.000835044 -0.00111994 0.05173)
(0.00124319 -0.000970525 0.05173)
(0.00179085 -1.04206e-05 0.05173)
(0.00171829 -0.000477546 0.05173)
(0.00187476 0.000371798 0.05173)
(0.00162034 0.000620692 0.05173)
(0.00134491 0.00097979 0.05173)
(0.00104133 0.00131953 0.05173)
(-0.000474052 0.00171834 0.05173)
(-0.000892307 0.00156068 0.05173)
(-0.00127007 0.00137295 0.05173)
(-0.00155767 0.00123196 0.05173)
(-0.00162963 0.000909759 0.05173)
(-0.00171542 0.00047213 0.05173)
(-0.00178736 -2.795e-06 0.05173)
(-0.00186768 -0.000378077 0.05173)
(-0.00161808 -0.000630614 0.05173)
(-0.00133982 -0.00098645 0.05173)
(-0.00103397 -0.0013242 0.05173)
(0.000481683 -0.00171763 0.05173)
(0.000900412 -0.00155787 0.05173)
(0.00127442 -0.00137161 0.05173)
(0.00156003 -0.0012307 0.05173)
(0.00163249 -0.000910091 0.05173)
(0.00221309 0.000505123 0.05173)
(0.00227 0 0.05173)
(0.0020452 0.000984916 0.05173)
(0.00177476 0.00141532 0.05173)
(0.00141532 0.00177476 0.05173)
(0.000984916 0.0020452 0.05173)
(0.000505123 0.00221309 0.05173)
(1.38997e-19 0.00227 0.05173)
(-0.000505123 0.00221309 0.05173)
(-0.000984916 0.0020452 0.05173)
(-0.00141532 0.00177476 0.05173)
(-0.00177476 0.00141532 0.05173)
(-0.0020452 0.000984916 0.05173)
(-0.00221309 0.000505123 0.05173)
(-0.00227 2.77995e-19 0.05173)
(-0.00221309 -0.000505123 0.05173)
(-0.0020452 -0.000984916 0.05173)
(-0.00177476 -0.00141532 0.05173)
(-0.00141532 -0.00177476 0.05173)
(-0.000984916 -0.0020452 0.05173)
(-0.000505123 -0.00221309 0.05173)
(-4.16992e-19 -0.00227 0.05173)
(0.000505123 -0.00221309 0.05173)
(0.000984916 -0.0020452 0.05173)
(0.00141532 -0.00177476 0.05173)
(0.00177476 -0.00141532 0.05173)
(0.0020452 -0.000984916 0.05173)
(0.00221309 -0.000505123 0.05173)
)


// ************************************************************************* //
